version,numRfBlocks,reserved0,spectrum_01,span_01,res_01,center_01,pga_01,reserved1_01,spectrum_02,span_02,res_02,center_02,pga_02,reserved1_02
0,2,0,"[41, 40, 39, 40, 39, 40, 39, 39, 39, 40, 41, 42, 39, 41, 40, 41, 41, 43, 43, 42, 42, 43, 44, 46, 44, 43, 48, 49, 47, 46, 54, 57, 98, 58, 69, 55, 57, 55, 53, 63, 56, 51, 53, 59, 62, 57, 58, 57, 61, 59, 64, 65, 64, 71, 70, 72, 74, 74, 78, 81, 84, 88, 95, 96, 103, 107, 111, 121, 121, 123, 128, 129, 131, 133, 133, 135, 145, 139, 138, 140, 141, 143, 143, 142, 141, 140, 138, 137, 138, 139, 137, 137, 138, 136, 136, 137, 138, 136, 137, 137, 138, 138, 138, 137, 138, 139, 139, 138, 141, 147, 149, 150, 150, 147, 144, 141, 142, 142, 142, 141, 143, 143, 143, 143, 143, 141, 143, 149, 144, 144, 143, 143, 142, 149, 144, 143, 142, 141, 143, 141, 141, 142, 140, 139, 139, 137, 138, 138, 138, 136, 136, 136, 136, 138, 136, 137, 137, 136, 137, 136, 140, 137, 140, 137, 135, 137, 136, 138, 138, 139, 138, 138, 138, 138, 138, 138, 138, 137, 138, 136, 135, 134, 132, 132, 131, 127, 125, 126, 122, 119, 116, 115, 111, 106, 104, 98, 95, 89, 86, 79, 74, 69, 64, 64, 60, 60, 58, 56, 56, 54, 53, 52, 52, 51, 51, 51, 51, 51, 48, 46, 52, 49, 49, 47, 49, 43, 46, 45, 44, 44, 42, 43, 48, 46, 43, 42, 40, 43, 42, 41, 42, 40, 41, 41, 41, 41, 39, 41, 39, 40, 40, 39, 41, 42, 41, 41]",128000000,500000,1583461250,45,0,"[35, 34, 36, 36, 43, 36, 62, 36, 63, 39, 42, 40, 42, 43, 43, 45, 44, 66, 47, 66, 49, 50, 55, 50, 54, 51, 54, 58, 61, 60, 69, 59, 66, 63, 62, 68, 66, 71, 72, 73, 75, 80, 80, 81, 82, 84, 86, 90, 91, 92, 96, 96, 97, 104, 104, 110, 114, 116, 112, 117, 115, 115, 117, 118, 120, 118, 121, 121, 123, 123, 125, 125, 126, 125, 125, 125, 124, 124, 123, 126, 126, 126, 128, 125, 127, 128, 129, 126, 132, 127, 130, 129, 130, 131, 132, 132, 129, 127, 126, 127, 123, 126, 127, 127, 124, 124, 124, 124, 125, 123, 125, 123, 127, 125, 127, 127, 127, 128, 130, 131, 133, 133, 132, 136, 135, 139, 138, 141, 140, 141, 142, 143, 139, 140, 143, 137, 138, 133, 133, 135, 132, 130, 127, 127, 125, 123, 121, 121, 119, 120, 119, 120, 117, 117, 117, 116, 116, 120, 119, 124, 113, 113, 113, 114, 114, 114, 112, 113, 152, 114, 152, 115, 119, 115, 115, 115, 116, 115, 116, 147, 116, 151, 117, 117, 117, 116, 115, 115, 113, 113, 148, 109, 146, 106, 108, 103, 100, 98, 96, 93, 90, 88, 85, 93, 84, 88, 77, 76, 73, 71, 69, 68, 65, 62, 73, 60, 76, 58, 68, 52, 52, 48, 48, 45, 45, 50, 45, 70, 41, 66, 40, 39, 38, 37, 36, 34, 36, 35, 65, 52, 65, 32, 86, 59, 39, 33, 32, 31, 34, 47, 32, 64, 32, 60, 34, 34]",128000000,500000,1224006250,39,0
0,2,0,"[40, 41, 39, 41, 40, 40, 39, 42, 43, 40, 41, 39, 41, 42, 42, 40, 42, 42, 42, 43, 43, 43, 43, 43, 43, 47, 44, 44, 49, 47, 47, 49, 99, 52, 70, 58, 50, 50, 56, 49, 53, 51, 59, 52, 57, 56, 64, 56, 65, 63, 67, 65, 66, 69, 71, 73, 72, 78, 77, 79, 82, 88, 93, 101, 104, 108, 112, 118, 122, 124, 126, 128, 132, 132, 136, 137, 160, 141, 139, 142, 141, 143, 144, 141, 142, 140, 136, 137, 138, 136, 137, 136, 137, 137, 136, 137, 139, 136, 137, 137, 136, 137, 138, 137, 138, 139, 141, 140, 141, 146, 149, 150, 150, 147, 144, 141, 142, 142, 142, 143, 143, 143, 142, 143, 142, 143, 144, 154, 143, 143, 142, 144, 144, 148, 142, 143, 139, 141, 143, 143, 143, 142, 141, 139, 139, 140, 138, 138, 139, 137, 139, 135, 137, 139, 139, 137, 136, 138, 137, 140, 139, 139, 138, 139, 137, 137, 139, 139, 140, 139, 139, 139, 139, 137, 139, 138, 136, 138, 137, 137, 133, 133, 132, 130, 130, 128, 126, 124, 123, 119, 116, 113, 112, 108, 103, 99, 95, 90, 85, 82, 75, 70, 65, 62, 60, 59, 59, 56, 55, 55, 54, 51, 52, 53, 51, 52, 52, 50, 50, 49, 52, 47, 48, 47, 50, 45, 46, 45, 44, 43, 44, 44, 50, 45, 43, 42, 42, 44, 43, 42, 39, 41, 41, 41, 42, 42, 40, 39, 42, 42, 41, 40, 38, 41, 39, 40]",128000000,500000,1583461250,45,0,"[33, 33, 37, 35, 45, 36, 45, 37, 43, 38, 41, 39, 40, 43, 43, 52, 44, 48, 47, 47, 49, 49, 48, 50, 51, 54, 58, 56, 58, 59, 61, 61, 63, 62, 63, 66, 68, 70, 69, 74, 75, 76, 80, 81, 82, 86, 89, 115, 92, 93, 96, 97, 99, 101, 105, 110, 111, 115, 112, 117, 114, 116, 117, 119, 121, 120, 123, 121, 123, 124, 123, 126, 123, 125, 125, 127, 126, 126, 125, 127, 127, 128, 128, 128, 129, 128, 149, 128, 128, 129, 129, 130, 131, 130, 133, 130, 130, 129, 128, 128, 127, 126, 129, 127, 127, 125, 126, 127, 126, 127, 125, 127, 127, 126, 129, 128, 129, 130, 131, 132, 132, 135, 135, 137, 136, 138, 137, 146, 140, 138, 140, 138, 139, 138, 139, 137, 135, 134, 130, 129, 129, 127, 125, 124, 123, 121, 122, 120, 120, 119, 118, 119, 116, 117, 117, 117, 117, 118, 119, 116, 115, 113, 116, 115, 115, 116, 144, 114, 147, 117, 116, 116, 115, 116, 118, 118, 117, 149, 117, 148, 116, 118, 117, 116, 116, 117, 115, 116, 139, 112, 143, 108, 108, 105, 103, 101, 99, 97, 95, 95, 90, 94, 87, 92, 80, 79, 77, 76, 75, 72, 69, 67, 70, 65, 69, 60, 61, 55, 54, 52, 53, 49, 48, 51, 45, 57, 45, 55, 41, 41, 41, 38, 37, 39, 38, 35, 46, 35, 46, 53, 33, 33, 49, 38, 31, 32, 35, 43, 31, 49, 33, 34, 32, 35, 34, 35]",128000000,500000,1224006250,39,0
0,2,0,"[39, 40, 39, 41, 40, 41, 39, 39, 41, 39, 41, 40, 40, 40, 42, 41, 42, 41, 42, 42, 44, 42, 43, 42, 42, 45, 46, 44, 48, 46, 48, 51, 93, 52, 74, 54, 50, 53, 61, 52, 56, 53, 60, 62, 55, 55, 56, 59, 61, 64, 66, 65, 68, 67, 69, 70, 78, 74, 78, 80, 83, 90, 94, 99, 104, 108, 112, 118, 122, 124, 127, 129, 131, 133, 135, 138, 154, 141, 140, 141, 142, 144, 143, 142, 142, 138, 138, 137, 137, 138, 137, 137, 137, 137, 137, 138, 137, 138, 137, 138, 138, 139, 138, 139, 140, 140, 139, 139, 142, 148, 151, 151, 152, 147, 144, 141, 143, 144, 142, 141, 143, 142, 143, 144, 144, 143, 144, 148, 145, 142, 144, 143, 143, 148, 142, 142, 142, 142, 141, 143, 142, 142, 140, 139, 140, 138, 138, 138, 140, 139, 140, 136, 136, 138, 138, 139, 138, 137, 138, 137, 138, 138, 141, 138, 138, 138, 138, 137, 138, 138, 139, 139, 138, 137, 139, 137, 139, 136, 138, 136, 136, 134, 135, 132, 130, 128, 127, 124, 120, 121, 117, 114, 111, 108, 104, 98, 95, 90, 84, 80, 74, 69, 65, 63, 61, 57, 57, 56, 56, 56, 55, 54, 52, 52, 51, 51, 49, 49, 49, 48, 53, 48, 49, 48, 50, 47, 47, 44, 44, 44, 43, 43, 49, 45, 42, 41, 44, 42, 42, 39, 40, 40, 41, 41, 40, 41, 39, 41, 40, 42, 40, 39, 39, 41, 41, 38]",128000000,500000,1583461250,45,0,"[38, 35, 51, 35, 44, 35, 35, 38, 37, 38, 39, 41, 41, 51, 41, 50, 46, 47, 48, 50, 48, 51, 48, 52, 57, 53, 81, 55, 59, 58, 59, 61, 64, 64, 64, 67, 67, 73, 72, 72, 76, 79, 79, 82, 84, 86, 87, 89, 91, 93, 96, 98, 101, 102, 105, 109, 110, 114, 112, 115, 115, 115, 117, 119, 119, 142, 120, 122, 122, 123, 122, 124, 123, 125, 126, 124, 126, 125, 125, 128, 127, 128, 127, 127, 126, 129, 131, 128, 129, 131, 130, 130, 130, 132, 130, 131, 129, 129, 129, 129, 128, 128, 128, 126, 126, 125, 126, 126, 127, 126, 127, 127, 127, 127, 129, 129, 129, 131, 132, 132, 134, 136, 136, 136, 138, 137, 138, 151, 139, 138, 137, 136, 137, 137, 141, 137, 133, 132, 132, 130, 129, 126, 126, 125, 124, 124, 123, 121, 119, 118, 119, 118, 118, 119, 118, 118, 118, 117, 120, 117, 117, 115, 116, 116, 149, 115, 151, 116, 117, 118, 117, 115, 116, 118, 118, 150, 116, 149, 117, 118, 119, 116, 117, 116, 116, 117, 149, 114, 146, 112, 114, 108, 108, 106, 104, 102, 97, 124, 94, 100, 89, 92, 87, 84, 82, 80, 78, 76, 74, 71, 75, 69, 71, 65, 62, 59, 57, 56, 55, 53, 51, 57, 47, 59, 46, 53, 44, 42, 40, 40, 41, 38, 39, 37, 51, 37, 53, 36, 34, 54, 47, 36, 32, 53, 32, 47, 32, 46, 33, 37, 33, 32, 33, 32, 33, 34]",128000000,500000,1224006250,39,0
0,2,0,"[39, 41, 41, 41, 42, 41, 41, 40, 41, 43, 40, 41, 41, 42, 43, 41, 44, 44, 42, 41, 42, 43, 45, 44, 45, 47, 46, 44, 54, 48, 49, 55, 96, 54, 69, 58, 60, 54, 49, 50, 55, 52, 54, 62, 56, 55, 57, 59, 66, 60, 65, 64, 67, 70, 69, 72, 72, 75, 79, 81, 85, 88, 92, 97, 104, 108, 111, 117, 122, 123, 128, 128, 132, 133, 135, 136, 140, 139, 140, 140, 142, 144, 143, 143, 143, 140, 138, 138, 138, 137, 137, 139, 139, 136, 139, 137, 138, 140, 137, 137, 141, 142, 142, 139, 141, 142, 141, 141, 145, 149, 150, 153, 152, 148, 145, 143, 143, 143, 143, 143, 145, 145, 144, 142, 143, 145, 145, 147, 145, 145, 143, 145, 142, 148, 144, 144, 143, 141, 144, 143, 145, 144, 141, 142, 140, 139, 140, 140, 139, 138, 138, 141, 138, 139, 139, 138, 140, 137, 138, 141, 143, 139, 139, 139, 136, 139, 140, 142, 141, 141, 140, 136, 140, 141, 143, 139, 138, 140, 139, 140, 139, 137, 136, 132, 132, 130, 129, 125, 123, 120, 118, 116, 111, 107, 104, 100, 96, 89, 84, 80, 77, 69, 65, 62, 61, 60, 60, 58, 56, 55, 56, 54, 53, 55, 52, 52, 50, 50, 50, 48, 52, 47, 47, 45, 52, 47, 49, 47, 45, 45, 45, 44, 50, 47, 44, 43, 44, 41, 43, 42, 43, 40, 40, 41, 41, 41, 40, 40, 41, 41, 42, 40, 42, 41, 41, 41]",128000000,500000,1583461250,45,0,"[67, 33, 48, 35, 36, 36, 36, 39, 37, 48, 39, 66, 42, 65, 43, 42, 45, 45, 48, 47, 48, 49, 63, 51, 69, 60, 55, 56, 59, 57, 59, 60, 60, 68, 65, 72, 66, 72, 71, 71, 75, 76, 79, 81, 83, 85, 87, 90, 90, 92, 97, 97, 99, 102, 104, 110, 111, 113, 111, 114, 114, 116, 117, 120, 120, 120, 123, 122, 123, 124, 123, 126, 127, 125, 126, 125, 128, 127, 128, 127, 127, 123, 126, 125, 128, 128, 128, 129, 128, 130, 128, 129, 128, 129, 129, 129, 127, 127, 126, 126, 126, 125, 125, 123, 125, 121, 123, 123, 123, 126, 123, 125, 125, 126, 124, 128, 126, 130, 128, 131, 133, 134, 135, 137, 136, 136, 138, 142, 140, 136, 140, 139, 138, 138, 138, 137, 135, 133, 130, 130, 129, 128, 126, 126, 126, 124, 124, 122, 120, 120, 121, 119, 118, 120, 117, 117, 116, 116, 119, 116, 115, 116, 151, 114, 150, 115, 114, 114, 115, 115, 114, 115, 115, 153, 116, 152, 116, 114, 116, 117, 116, 116, 118, 116, 151, 116, 149, 113, 113, 113, 109, 109, 107, 105, 103, 145, 99, 132, 94, 98, 89, 89, 86, 83, 81, 79, 78, 76, 85, 70, 81, 67, 69, 62, 62, 60, 58, 56, 55, 71, 51, 72, 49, 63, 46, 44, 43, 42, 41, 41, 48, 39, 69, 37, 66, 35, 36, 35, 34, 56, 42, 36, 31, 68, 33, 66, 33, 43, 30, 34, 32, 32, 33, 34, 52, 32]",128000000,500000,1224006250,39,0
0,2,0,"[40, 40, 41, 39, 41, 39, 41, 42, 40, 42, 40, 41, 39, 41, 41, 40, 41, 40, 42, 43, 42, 41, 44, 43, 44, 43, 47, 45, 51, 48, 47, 52, 94, 55, 69, 49, 60, 50, 49, 52, 53, 52, 51, 55, 62, 57, 57, 60, 59, 62, 62, 63, 66, 72, 70, 71, 70, 76, 78, 81, 84, 87, 96, 98, 102, 108, 112, 119, 124, 125, 126, 129, 132, 132, 134, 137, 148, 140, 139, 140, 141, 142, 142, 142, 143, 140, 138, 139, 138, 136, 137, 137, 138, 138, 137, 137, 138, 137, 138, 138, 139, 138, 139, 139, 139, 141, 139, 141, 142, 147, 149, 150, 150, 147, 144, 142, 143, 143, 142, 141, 140, 142, 143, 143, 143, 144, 144, 145, 143, 143, 143, 145, 143, 147, 143, 143, 142, 141, 143, 144, 141, 140, 140, 141, 141, 140, 140, 138, 139, 138, 138, 137, 138, 138, 137, 138, 137, 136, 138, 138, 140, 138, 141, 138, 137, 139, 138, 138, 137, 138, 137, 140, 138, 137, 136, 138, 137, 137, 138, 137, 136, 134, 134, 132, 130, 129, 127, 124, 124, 121, 119, 114, 112, 108, 102, 98, 95, 89, 84, 81, 75, 69, 66, 63, 59, 58, 57, 57, 56, 55, 55, 54, 52, 53, 53, 50, 52, 50, 50, 49, 51, 49, 48, 48, 49, 45, 47, 44, 46, 44, 44, 45, 49, 45, 42, 42, 43, 42, 42, 41, 43, 41, 40, 42, 41, 39, 41, 39, 39, 40, 40, 41, 41, 41, 39, 40]",128000000,500000,1583461250,45,0,"[51, 36, 36, 35, 36, 38, 37, 44, 38, 58, 40, 55, 43, 45, 42, 43, 48, 46, 46, 47, 63, 50, 63, 51, 52, 55, 54, 60, 63, 61, 58, 66, 62, 71, 66, 67, 67, 71, 71, 107, 77, 77, 80, 82, 83, 85, 87, 90, 91, 94, 96, 97, 98, 101, 104, 106, 111, 113, 112, 116, 115, 115, 118, 122, 118, 121, 122, 124, 122, 125, 125, 124, 126, 125, 127, 124, 128, 126, 158, 128, 127, 127, 129, 129, 129, 129, 128, 127, 130, 129, 127, 131, 130, 131, 131, 130, 129, 128, 126, 127, 126, 123, 125, 123, 124, 122, 124, 124, 124, 125, 125, 125, 124, 125, 127, 127, 127, 128, 132, 132, 132, 136, 134, 137, 140, 137, 140, 138, 140, 142, 140, 140, 142, 139, 141, 141, 135, 136, 130, 131, 130, 128, 129, 126, 125, 122, 122, 122, 120, 120, 118, 119, 118, 116, 115, 114, 114, 115, 118, 116, 131, 117, 151, 114, 116, 117, 117, 116, 114, 117, 115, 153, 118, 152, 116, 117, 115, 116, 115, 118, 117, 117, 152, 116, 151, 116, 116, 114, 114, 112, 111, 109, 109, 145, 104, 143, 99, 100, 97, 94, 91, 89, 87, 83, 85, 79, 88, 75, 82, 71, 69, 68, 65, 64, 61, 59, 59, 68, 54, 71, 53, 54, 49, 47, 47, 44, 44, 42, 55, 41, 63, 37, 59, 38, 51, 36, 35, 34, 35, 55, 34, 61, 33, 59, 37, 32, 32, 31, 33, 32, 32, 33, 55, 32, 69, 50]",128000000,500000,1224006250,39,0
0,2,0,"[40, 39, 39, 40, 40, 40, 40, 41, 40, 40, 40, 42, 42, 40, 41, 42, 42, 41, 41, 41, 41, 43, 44, 44, 43, 43, 46, 46, 49, 46, 47, 52, 97, 56, 70, 51, 50, 55, 65, 52, 58, 53, 55, 55, 60, 54, 63, 56, 66, 60, 67, 65, 69, 69, 69, 73, 73, 76, 77, 80, 83, 90, 94, 99, 103, 107, 112, 116, 123, 121, 126, 129, 130, 132, 135, 136, 154, 141, 139, 144, 143, 143, 145, 143, 142, 141, 137, 139, 137, 138, 138, 137, 136, 137, 136, 135, 138, 136, 139, 139, 138, 139, 139, 137, 141, 141, 140, 139, 143, 148, 149, 151, 151, 147, 143, 141, 143, 142, 141, 142, 141, 143, 142, 142, 141, 145, 141, 156, 144, 142, 141, 143, 142, 148, 143, 142, 141, 141, 142, 142, 140, 141, 141, 142, 140, 139, 140, 140, 137, 138, 138, 138, 137, 137, 137, 138, 138, 136, 138, 137, 138, 137, 137, 138, 136, 136, 136, 137, 139, 138, 137, 137, 138, 139, 139, 138, 138, 137, 135, 136, 136, 133, 133, 131, 128, 128, 125, 123, 123, 118, 118, 114, 109, 107, 102, 99, 95, 90, 84, 80, 75, 70, 65, 62, 60, 59, 59, 57, 55, 55, 54, 53, 53, 53, 51, 51, 49, 50, 49, 49, 50, 47, 47, 46, 48, 46, 46, 46, 44, 44, 44, 44, 48, 45, 43, 42, 40, 42, 41, 43, 43, 40, 41, 40, 40, 41, 40, 41, 40, 42, 39, 41, 39, 41, 40, 39]",128000000,500000,1583461250,45,0,"[33, 34, 35, 34, 35, 43, 36, 49, 37, 48, 40, 41, 42, 42, 43, 44, 45, 45, 74, 48, 53, 49, 50, 51, 55, 55, 54, 54, 56, 60, 58, 63, 62, 63, 64, 67, 69, 71, 71, 74, 75, 78, 80, 83, 82, 85, 88, 88, 91, 93, 97, 96, 98, 102, 103, 109, 112, 137, 111, 117, 115, 114, 116, 120, 118, 120, 121, 122, 122, 123, 124, 125, 126, 127, 124, 126, 128, 128, 128, 128, 128, 128, 128, 128, 129, 128, 129, 129, 129, 129, 129, 130, 129, 129, 129, 128, 129, 127, 129, 126, 126, 124, 125, 124, 125, 126, 126, 124, 125, 125, 124, 126, 127, 126, 128, 126, 130, 130, 131, 132, 134, 134, 136, 135, 138, 136, 140, 151, 140, 141, 141, 140, 138, 140, 140, 137, 133, 133, 130, 130, 129, 127, 126, 125, 125, 123, 123, 120, 120, 119, 120, 118, 118, 118, 117, 114, 115, 117, 122, 115, 129, 116, 115, 114, 113, 114, 115, 115, 115, 149, 116, 151, 115, 116, 117, 116, 117, 117, 116, 117, 148, 116, 149, 116, 117, 115, 115, 114, 114, 113, 111, 144, 108, 142, 104, 103, 99, 97, 95, 93, 91, 88, 87, 84, 87, 79, 80, 75, 72, 72, 70, 66, 66, 64, 61, 68, 58, 65, 53, 55, 51, 49, 50, 47, 46, 44, 51, 42, 56, 41, 49, 38, 39, 37, 38, 34, 35, 38, 35, 60, 38, 47, 32, 48, 34, 32, 34, 31, 33, 31, 47, 32, 45, 34, 35, 34]",128000000,500000,1224006250,39,0
0,2,0,"[40, 40, 39, 39, 39, 40, 40, 41, 39, 41, 41, 41, 41, 41, 41, 43, 41, 43, 42, 42, 42, 42, 42, 44, 43, 45, 44, 46, 48, 50, 56, 49, 98, 56, 70, 48, 52, 67, 51, 55, 52, 57, 59, 50, 55, 54, 55, 59, 62, 59, 62, 67, 65, 68, 71, 71, 72, 75, 79, 80, 84, 89, 94, 100, 103, 107, 113, 120, 124, 123, 125, 128, 130, 133, 135, 137, 158, 140, 140, 144, 142, 144, 144, 144, 142, 139, 138, 137, 136, 136, 137, 136, 136, 137, 136, 136, 138, 136, 138, 138, 138, 140, 138, 138, 139, 140, 138, 141, 140, 148, 149, 151, 152, 148, 144, 140, 142, 141, 141, 142, 142, 143, 143, 142, 142, 142, 144, 146, 144, 143, 141, 144, 141, 148, 142, 141, 141, 141, 142, 142, 143, 141, 141, 140, 141, 138, 140, 137, 138, 137, 139, 139, 137, 139, 136, 138, 137, 137, 138, 139, 140, 139, 139, 138, 137, 138, 136, 138, 140, 138, 136, 140, 139, 138, 137, 138, 137, 136, 136, 137, 135, 132, 132, 131, 129, 127, 126, 124, 121, 119, 117, 114, 112, 107, 105, 101, 95, 89, 84, 80, 75, 70, 65, 63, 59, 59, 58, 57, 55, 55, 54, 54, 53, 51, 50, 49, 50, 49, 49, 47, 52, 50, 49, 47, 49, 44, 47, 46, 45, 45, 42, 43, 48, 44, 42, 42, 42, 45, 42, 42, 41, 40, 41, 40, 44, 40, 41, 40, 40, 41, 41, 40, 41, 40, 39, 40]",128000000,500000,1583461250,45,0,"[36, 34, 34, 49, 36, 53, 36, 47, 38, 38, 39, 40, 41, 43, 44, 44, 55, 43, 51, 47, 51, 48, 50, 50, 51, 55, 53, 63, 58, 61, 58, 61, 62, 66, 69, 67, 70, 69, 75, 73, 76, 77, 78, 82, 83, 84, 85, 89, 91, 92, 94, 97, 98, 101, 103, 110, 113, 117, 112, 116, 115, 116, 117, 120, 119, 121, 122, 124, 123, 124, 126, 125, 126, 125, 127, 126, 127, 127, 127, 128, 127, 128, 130, 129, 128, 128, 127, 129, 127, 129, 129, 128, 131, 129, 130, 128, 127, 126, 126, 125, 124, 124, 124, 122, 121, 123, 122, 121, 123, 126, 124, 124, 126, 126, 128, 129, 131, 132, 132, 132, 133, 134, 136, 136, 138, 138, 138, 146, 140, 139, 141, 139, 139, 140, 139, 137, 135, 135, 132, 133, 131, 128, 128, 126, 125, 124, 123, 124, 121, 120, 121, 119, 118, 118, 117, 115, 118, 116, 123, 115, 119, 120, 119, 115, 117, 115, 114, 151, 119, 149, 115, 114, 114, 115, 117, 116, 116, 116, 151, 118, 151, 118, 117, 117, 117, 116, 113, 115, 114, 148, 110, 148, 107, 105, 103, 101, 98, 97, 96, 93, 96, 88, 93, 84, 86, 79, 76, 73, 73, 71, 69, 68, 65, 73, 61, 72, 58, 57, 55, 51, 52, 48, 49, 48, 59, 44, 60, 43, 46, 40, 40, 38, 39, 38, 37, 46, 36, 57, 35, 61, 34, 38, 53, 35, 31, 33, 32, 33, 51, 33, 50, 33, 32, 32, 32, 33]",128000000,500000,1224006250,39,0
0,2,0,"[40, 39, 39, 42, 39, 40, 40, 39, 39, 39, 39, 40, 40, 41, 42, 41, 42, 42, 41, 40, 41, 43, 43, 44, 42, 44, 46, 44, 48, 49, 47, 51, 92, 54, 69, 47, 52, 57, 54, 56, 53, 51, 61, 54, 62, 62, 59, 56, 56, 66, 70, 65, 66, 67, 69, 71, 74, 76, 77, 82, 84, 90, 96, 99, 103, 108, 112, 117, 121, 122, 125, 129, 131, 131, 134, 135, 142, 140, 139, 144, 140, 142, 145, 144, 141, 140, 138, 138, 135, 137, 136, 138, 136, 136, 135, 138, 138, 138, 138, 138, 139, 137, 138, 139, 138, 140, 140, 140, 140, 147, 149, 153, 151, 148, 143, 142, 143, 142, 141, 142, 142, 143, 141, 143, 143, 143, 142, 147, 144, 143, 141, 142, 141, 149, 141, 140, 141, 140, 141, 142, 140, 141, 142, 139, 139, 137, 138, 138, 138, 137, 138, 137, 137, 137, 138, 136, 138, 137, 137, 137, 140, 137, 140, 138, 137, 137, 137, 137, 137, 139, 135, 138, 139, 138, 137, 138, 138, 137, 136, 135, 135, 135, 133, 132, 130, 127, 126, 124, 122, 120, 116, 113, 110, 108, 103, 99, 94, 90, 84, 81, 74, 69, 65, 60, 61, 59, 57, 56, 57, 55, 54, 54, 51, 53, 52, 51, 52, 51, 50, 48, 50, 48, 49, 46, 48, 45, 47, 45, 45, 43, 44, 44, 49, 45, 43, 43, 42, 44, 42, 41, 43, 41, 40, 40, 42, 40, 41, 39, 39, 41, 42, 39, 41, 40, 41, 40]",128000000,500000,1583461250,45,0,"[32, 56, 35, 56, 36, 43, 36, 36, 39, 39, 39, 38, 49, 43, 57, 42, 57, 45, 45, 47, 48, 49, 51, 52, 54, 62, 55, 62, 58, 56, 61, 84, 67, 63, 69, 69, 71, 70, 74, 72, 76, 79, 80, 80, 82, 84, 86, 89, 90, 93, 96, 96, 99, 100, 104, 109, 113, 118, 112, 115, 113, 117, 117, 119, 119, 121, 123, 123, 123, 125, 145, 124, 126, 125, 127, 126, 126, 127, 126, 126, 127, 127, 127, 127, 126, 128, 127, 129, 127, 128, 128, 128, 129, 130, 131, 129, 129, 124, 126, 126, 127, 126, 126, 124, 124, 125, 123, 124, 123, 126, 125, 126, 125, 126, 128, 127, 128, 129, 129, 130, 132, 132, 134, 136, 137, 137, 138, 143, 140, 139, 140, 140, 139, 140, 141, 139, 135, 134, 133, 133, 130, 128, 126, 123, 124, 123, 123, 121, 120, 119, 121, 120, 118, 118, 119, 116, 119, 115, 120, 115, 116, 116, 117, 115, 115, 150, 114, 151, 117, 116, 115, 116, 117, 116, 115, 118, 151, 117, 152, 117, 116, 117, 116, 116, 116, 115, 115, 149, 112, 149, 109, 109, 107, 105, 103, 101, 100, 96, 108, 92, 99, 88, 89, 84, 82, 79, 78, 76, 72, 73, 68, 79, 66, 73, 62, 59, 58, 55, 54, 51, 52, 50, 63, 47, 65, 46, 58, 42, 42, 41, 40, 41, 37, 46, 36, 62, 36, 54, 35, 54, 41, 34, 35, 55, 39, 32, 55, 33, 54, 31, 32, 35, 32, 33, 85, 32]",128000000,500000,1224006250,39,0
0,2,0,"[39, 39, 39, 40, 41, 40, 41, 38, 38, 40, 39, 39, 41, 40, 42, 42, 42, 41, 43, 42, 41, 43, 44, 45, 43, 42, 47, 44, 47, 47, 46, 52, 94, 57, 69, 52, 50, 50, 51, 52, 60, 55, 57, 55, 52, 55, 58, 55, 62, 66, 67, 65, 71, 70, 72, 71, 74, 74, 76, 80, 85, 88, 94, 97, 102, 107, 111, 115, 123, 123, 126, 129, 131, 133, 134, 136, 142, 140, 140, 141, 141, 143, 143, 143, 141, 139, 137, 137, 138, 137, 137, 137, 137, 137, 136, 137, 137, 136, 136, 138, 139, 137, 139, 138, 138, 139, 140, 139, 140, 146, 150, 151, 150, 148, 141, 140, 140, 143, 142, 142, 141, 143, 142, 142, 142, 140, 143, 149, 144, 143, 141, 141, 144, 150, 144, 141, 141, 143, 142, 143, 141, 141, 142, 140, 140, 138, 140, 139, 138, 138, 138, 137, 138, 139, 138, 137, 137, 136, 136, 136, 140, 137, 138, 136, 135, 137, 137, 136, 138, 137, 138, 137, 137, 138, 138, 137, 137, 137, 136, 134, 135, 133, 134, 131, 130, 128, 124, 126, 122, 120, 117, 115, 112, 106, 103, 100, 95, 90, 85, 79, 75, 69, 65, 61, 60, 59, 57, 57, 57, 55, 54, 52, 54, 51, 51, 50, 50, 49, 49, 47, 51, 47, 47, 46, 50, 45, 48, 44, 43, 44, 44, 43, 49, 45, 42, 43, 42, 41, 42, 41, 41, 40, 39, 40, 40, 40, 39, 40, 39, 39, 39, 41, 40, 39, 40, 40]",128000000,500000,1583461250,45,0,"[34, 54, 35, 35, 34, 35, 37, 37, 37, 38, 66, 39, 57, 43, 54, 44, 45, 47, 47, 49, 49, 51, 51, 64, 55, 63, 56, 57, 58, 59, 66, 62, 63, 64, 69, 68, 72, 70, 72, 71, 74, 77, 79, 80, 82, 84, 85, 87, 90, 94, 95, 96, 99, 100, 102, 109, 114, 119, 111, 115, 113, 116, 118, 121, 119, 121, 121, 123, 124, 126, 126, 127, 125, 127, 126, 128, 127, 127, 127, 130, 128, 130, 127, 131, 129, 129, 131, 131, 151, 130, 130, 131, 129, 128, 130, 129, 129, 129, 128, 125, 125, 125, 123, 125, 122, 126, 123, 124, 123, 123, 125, 124, 125, 124, 125, 124, 126, 127, 129, 131, 130, 130, 134, 135, 136, 137, 139, 146, 139, 141, 140, 142, 142, 142, 143, 142, 140, 138, 136, 133, 133, 129, 130, 126, 129, 126, 124, 122, 123, 122, 121, 121, 119, 118, 118, 117, 118, 117, 119, 114, 116, 121, 115, 150, 118, 150, 116, 113, 114, 118, 115, 115, 113, 115, 151, 117, 150, 116, 116, 116, 117, 116, 115, 117, 115, 149, 114, 150, 112, 110, 108, 108, 107, 104, 103, 101, 141, 97, 109, 94, 90, 88, 87, 84, 82, 79, 77, 78, 74, 81, 67, 78, 65, 63, 60, 59, 58, 55, 53, 53, 70, 50, 66, 47, 49, 45, 44, 60, 41, 40, 39, 52, 38, 60, 37, 54, 36, 34, 36, 55, 34, 32, 44, 33, 58, 33, 55, 34, 32, 31, 32, 33, 33, 32, 32, 54]",128000000,500000,1224006250,39,0
0,2,0,"[40, 40, 41, 41, 39, 39, 39, 40, 40, 40, 40, 41, 38, 41, 43, 41, 40, 42, 44, 42, 42, 42, 44, 44, 43, 44, 44, 46, 48, 44, 47, 51, 95, 57, 69, 48, 49, 55, 52, 50, 60, 52, 61, 53, 53, 59, 63, 55, 58, 58, 63, 63, 66, 68, 68, 71, 72, 75, 79, 79, 84, 89, 93, 97, 104, 108, 113, 119, 120, 122, 126, 129, 131, 133, 135, 135, 144, 137, 138, 140, 141, 142, 143, 143, 141, 138, 136, 138, 137, 136, 137, 137, 137, 136, 136, 137, 137, 137, 138, 139, 139, 139, 139, 139, 139, 142, 139, 139, 142, 145, 150, 152, 149, 147, 142, 140, 141, 143, 141, 142, 140, 140, 140, 142, 142, 142, 143, 148, 145, 143, 142, 142, 144, 149, 143, 143, 142, 141, 144, 142, 144, 142, 141, 140, 139, 139, 139, 138, 138, 140, 137, 138, 137, 138, 136, 136, 138, 138, 137, 138, 138, 135, 139, 138, 137, 137, 137, 137, 136, 139, 137, 138, 137, 138, 137, 139, 138, 137, 136, 136, 134, 132, 133, 131, 130, 128, 126, 123, 121, 118, 117, 116, 110, 108, 102, 99, 95, 90, 86, 80, 74, 69, 66, 62, 58, 57, 58, 56, 55, 53, 53, 52, 53, 51, 52, 51, 51, 50, 48, 49, 53, 47, 47, 45, 49, 47, 47, 44, 44, 42, 42, 43, 48, 43, 40, 41, 42, 43, 41, 42, 41, 41, 41, 41, 40, 41, 39, 40, 41, 42, 40, 38, 39, 40, 40, 40]",128000000,500000,1583461250,45,0,"[33, 38, 35, 34, 34, 36, 38, 36, 58, 39, 60, 39, 50, 47, 41, 43, 44, 45, 47, 53, 47, 63, 52, 65, 52, 58, 54, 57, 57, 60, 60, 59, 68, 63, 71, 65, 69, 68, 72, 72, 74, 77, 79, 81, 84, 83, 85, 89, 90, 92, 93, 97, 99, 100, 102, 107, 112, 115, 111, 118, 114, 115, 118, 122, 121, 121, 122, 123, 126, 123, 126, 126, 127, 128, 128, 128, 129, 129, 127, 129, 126, 129, 131, 130, 129, 131, 129, 131, 130, 130, 130, 128, 131, 130, 131, 130, 128, 126, 126, 125, 125, 125, 122, 123, 119, 122, 121, 123, 123, 125, 124, 123, 125, 123, 128, 125, 126, 128, 130, 130, 131, 135, 135, 135, 136, 137, 136, 138, 138, 141, 143, 141, 142, 142, 144, 141, 138, 135, 136, 131, 132, 131, 128, 127, 127, 123, 124, 122, 122, 121, 118, 122, 120, 119, 117, 116, 116, 117, 121, 115, 115, 142, 115, 151, 118, 114, 113, 114, 116, 116, 116, 113, 151, 116, 151, 117, 115, 114, 116, 118, 117, 115, 117, 152, 115, 152, 115, 113, 112, 111, 111, 109, 107, 105, 145, 101, 143, 97, 94, 93, 91, 88, 86, 83, 81, 85, 77, 84, 73, 77, 69, 65, 64, 64, 60, 59, 56, 55, 73, 53, 70, 50, 49, 48, 47, 44, 45, 42, 42, 63, 41, 64, 38, 55, 38, 37, 35, 34, 35, 53, 41, 49, 60, 33, 55, 33, 34, 32, 32, 33, 32, 35, 33, 61, 33, 59]",128000000,500000,1224006250,39,0
0,2,0,"[40, 40, 41, 42, 40, 40, 40, 41, 40, 41, 40, 39, 40, 41, 40, 41, 41, 41, 42, 43, 41, 42, 44, 44, 43, 46, 45, 45, 48, 49, 46, 56, 97, 51, 70, 55, 50, 50, 56, 48, 51, 53, 52, 54, 55, 53, 59, 54, 55, 63, 64, 65, 66, 68, 71, 71, 72, 75, 76, 82, 84, 90, 93, 100, 103, 109, 112, 118, 123, 123, 126, 129, 130, 134, 135, 134, 139, 138, 138, 142, 140, 141, 141, 142, 140, 137, 137, 137, 137, 137, 135, 137, 137, 137, 136, 136, 137, 136, 138, 136, 137, 137, 138, 138, 141, 140, 140, 140, 143, 147, 150, 153, 152, 147, 145, 141, 142, 143, 142, 142, 142, 143, 143, 142, 144, 142, 143, 149, 143, 142, 143, 142, 141, 146, 141, 141, 141, 141, 143, 142, 140, 142, 141, 140, 139, 139, 137, 136, 137, 136, 138, 136, 137, 137, 136, 136, 136, 136, 139, 138, 140, 138, 138, 137, 139, 137, 138, 138, 140, 141, 140, 140, 141, 140, 140, 140, 137, 137, 136, 137, 135, 133, 133, 130, 128, 128, 125, 124, 122, 119, 116, 111, 109, 107, 103, 99, 95, 90, 85, 79, 74, 69, 65, 63, 60, 59, 57, 57, 57, 56, 53, 55, 52, 52, 52, 53, 52, 49, 49, 49, 52, 48, 49, 47, 51, 46, 47, 45, 44, 44, 44, 45, 47, 44, 42, 43, 41, 41, 41, 42, 40, 40, 42, 40, 41, 39, 40, 42, 39, 39, 39, 40, 41, 39, 40, 39]",128000000,500000,1583461250,45,0,"[47, 35, 33, 36, 34, 35, 48, 39, 55, 37, 40, 41, 41, 42, 41, 43, 46, 48, 46, 53, 48, 53, 53, 63, 53, 57, 57, 60, 62, 64, 65, 63, 67, 66, 69, 67, 71, 71, 74, 75, 76, 78, 81, 80, 83, 84, 85, 88, 89, 90, 93, 96, 96, 98, 100, 105, 107, 110, 110, 115, 111, 115, 138, 119, 118, 121, 124, 123, 123, 124, 125, 125, 126, 128, 126, 127, 128, 127, 127, 128, 128, 130, 128, 128, 128, 128, 129, 127, 126, 127, 127, 127, 128, 127, 129, 126, 126, 126, 126, 126, 126, 127, 126, 125, 127, 129, 129, 128, 126, 130, 129, 130, 133, 127, 129, 130, 131, 133, 133, 133, 133, 130, 132, 134, 134, 137, 132, 143, 135, 133, 138, 137, 133, 137, 138, 137, 135, 133, 135, 135, 131, 132, 128, 129, 131, 130, 126, 126, 125, 126, 123, 125, 124, 123, 120, 118, 120, 118, 121, 124, 117, 139, 117, 117, 117, 116, 114, 116, 115, 115, 149, 116, 150, 116, 115, 114, 115, 114, 116, 115, 116, 150, 114, 148, 116, 113, 114, 111, 112, 110, 112, 108, 144, 103, 144, 102, 98, 95, 95, 92, 90, 88, 86, 89, 83, 85, 78, 79, 74, 73, 70, 67, 65, 63, 65, 60, 69, 57, 73, 53, 53, 49, 51, 48, 46, 45, 46, 56, 42, 56, 41, 42, 36, 37, 37, 37, 40, 34, 43, 55, 69, 34, 51, 47, 33, 33, 34, 33, 31, 39, 31, 47, 33, 47, 33, 32]",128000000,500000,1224006250,39,0
0,2,0,"[41, 40, 41, 37, 39, 39, 40, 40, 39, 38, 41, 41, 40, 39, 40, 41, 40, 41, 41, 42, 41, 42, 44, 43, 42, 46, 46, 45, 46, 49, 50, 49, 93, 52, 70, 55, 58, 61, 56, 60, 59, 50, 54, 52, 54, 53, 54, 59, 64, 59, 64, 70, 66, 65, 69, 70, 74, 75, 77, 80, 82, 88, 93, 98, 104, 109, 113, 118, 123, 121, 127, 127, 130, 132, 134, 136, 138, 138, 137, 140, 138, 141, 141, 142, 140, 138, 137, 136, 137, 136, 137, 135, 136, 138, 136, 135, 136, 136, 137, 138, 138, 139, 139, 139, 139, 140, 141, 139, 141, 145, 151, 150, 150, 146, 143, 142, 142, 141, 142, 141, 141, 142, 143, 140, 142, 144, 142, 146, 143, 143, 142, 142, 141, 146, 141, 142, 141, 141, 142, 142, 141, 141, 139, 137, 138, 137, 136, 136, 136, 136, 136, 135, 136, 135, 137, 136, 137, 137, 138, 137, 140, 139, 141, 139, 140, 140, 139, 138, 138, 141, 139, 140, 139, 140, 139, 139, 137, 138, 137, 136, 135, 132, 133, 131, 128, 127, 125, 123, 119, 118, 115, 111, 111, 107, 104, 99, 95, 90, 84, 79, 76, 70, 66, 63, 59, 58, 57, 57, 55, 54, 54, 53, 51, 51, 52, 51, 49, 48, 50, 49, 50, 47, 47, 46, 50, 45, 45, 44, 45, 42, 45, 44, 47, 44, 41, 43, 42, 42, 41, 42, 43, 41, 40, 40, 39, 40, 40, 40, 39, 38, 40, 40, 39, 39, 39, 39]",128000000,500000,1583461250,45,0,"[36, 33, 48, 34, 44, 37, 46, 39, 40, 38, 38, 41, 40, 42, 42, 46, 47, 52, 46, 48, 49, 49, 50, 52, 60, 54, 55, 55, 60, 58, 64, 65, 64, 63, 65, 67, 70, 71, 73, 73, 76, 103, 79, 81, 82, 85, 85, 86, 87, 91, 92, 96, 96, 99, 101, 106, 108, 111, 110, 116, 112, 115, 117, 120, 120, 120, 120, 122, 122, 123, 125, 125, 124, 127, 126, 127, 126, 127, 127, 129, 130, 128, 129, 130, 127, 126, 128, 128, 127, 129, 129, 128, 129, 127, 129, 129, 127, 128, 126, 126, 124, 125, 127, 125, 125, 125, 124, 124, 124, 124, 125, 124, 123, 126, 126, 126, 128, 130, 128, 130, 130, 133, 135, 134, 136, 135, 136, 148, 139, 140, 139, 138, 138, 140, 144, 139, 136, 136, 133, 133, 132, 130, 129, 128, 124, 123, 123, 123, 122, 123, 121, 120, 119, 118, 117, 119, 117, 119, 120, 121, 117, 117, 117, 119, 117, 115, 114, 120, 150, 127, 149, 118, 117, 116, 117, 119, 117, 117, 116, 150, 116, 148, 115, 116, 116, 114, 113, 114, 115, 112, 140, 110, 137, 103, 103, 103, 98, 96, 94, 93, 91, 93, 87, 88, 82, 81, 77, 76, 73, 70, 69, 67, 69, 66, 67, 59, 63, 55, 54, 53, 50, 49, 48, 47, 46, 54, 45, 55, 41, 40, 39, 38, 38, 39, 38, 36, 41, 35, 46, 54, 44, 33, 75, 32, 31, 34, 31, 33, 31, 47, 31, 38, 33, 33, 33, 35]",128000000,500000,1224006250,39,0
0,2,0,"[39, 40, 39, 40, 40, 40, 41, 40, 40, 40, 40, 40, 43, 40, 40, 40, 41, 42, 41, 42, 42, 42, 42, 44, 43, 44, 45, 46, 51, 47, 48, 50, 99, 59, 70, 52, 53, 52, 56, 58, 52, 60, 54, 58, 53, 53, 55, 66, 59, 60, 68, 62, 65, 68, 68, 71, 72, 75, 75, 83, 84, 87, 96, 99, 104, 108, 110, 117, 122, 122, 126, 129, 130, 133, 134, 135, 136, 138, 138, 139, 138, 140, 142, 140, 140, 139, 135, 137, 137, 135, 134, 135, 137, 136, 136, 136, 139, 138, 137, 139, 138, 139, 139, 139, 140, 140, 140, 140, 143, 147, 149, 149, 149, 148, 142, 141, 139, 140, 140, 141, 140, 141, 142, 142, 141, 140, 142, 151, 144, 141, 142, 141, 142, 148, 144, 140, 142, 140, 142, 143, 142, 141, 142, 141, 139, 137, 138, 138, 138, 138, 137, 137, 137, 138, 136, 137, 136, 136, 135, 137, 140, 136, 139, 139, 139, 137, 140, 139, 139, 139, 139, 140, 140, 140, 139, 140, 136, 138, 136, 137, 134, 133, 132, 128, 129, 128, 126, 121, 122, 119, 116, 113, 110, 107, 104, 99, 94, 90, 85, 79, 75, 70, 66, 62, 58, 58, 57, 57, 56, 56, 53, 54, 53, 51, 52, 51, 50, 50, 49, 50, 51, 47, 46, 46, 50, 45, 47, 44, 45, 44, 42, 43, 47, 45, 43, 44, 42, 41, 40, 40, 42, 39, 39, 41, 40, 40, 41, 41, 40, 42, 41, 40, 41, 39, 40, 37]",128000000,500000,1583461250,45,0,"[34, 34, 41, 33, 41, 36, 36, 37, 38, 39, 40, 41, 43, 44, 43, 49, 44, 46, 46, 48, 50, 51, 52, 52, 54, 54, 58, 56, 61, 62, 61, 61, 63, 64, 63, 66, 67, 70, 70, 74, 73, 76, 79, 79, 83, 81, 85, 87, 89, 91, 94, 94, 96, 99, 100, 106, 108, 110, 109, 114, 113, 114, 115, 117, 118, 119, 120, 121, 121, 123, 126, 124, 126, 126, 126, 127, 127, 128, 127, 129, 128, 126, 128, 129, 128, 129, 130, 129, 129, 129, 128, 127, 129, 129, 128, 129, 127, 126, 127, 127, 127, 126, 125, 126, 122, 123, 124, 123, 123, 123, 124, 124, 124, 125, 125, 126, 127, 128, 127, 128, 131, 131, 133, 134, 135, 137, 139, 153, 140, 142, 140, 143, 142, 147, 147, 143, 140, 136, 137, 134, 132, 132, 128, 129, 127, 126, 125, 124, 122, 121, 122, 120, 120, 119, 117, 117, 116, 117, 119, 116, 116, 115, 114, 117, 115, 115, 147, 115, 147, 113, 114, 114, 115, 116, 116, 118, 115, 147, 117, 146, 114, 117, 116, 118, 115, 114, 116, 113, 144, 112, 140, 108, 108, 106, 104, 102, 99, 96, 95, 98, 91, 91, 86, 84, 83, 81, 76, 76, 75, 70, 69, 67, 70, 62, 63, 59, 58, 57, 55, 52, 51, 50, 49, 54, 45, 51, 45, 43, 40, 40, 40, 38, 37, 39, 42, 36, 46, 33, 38, 53, 34, 33, 33, 34, 33, 36, 32, 41, 32, 38, 32, 32, 31, 33, 47, 63]",128000000,500000,1224006250,39,0
0,2,0,"[41, 40, 40, 40, 40, 39, 40, 39, 40, 41, 41, 40, 40, 38, 41, 41, 42, 41, 42, 41, 42, 41, 43, 42, 45, 46, 44, 44, 48, 44, 47, 59, 95, 53, 70, 49, 50, 47, 52, 62, 53, 56, 52, 54, 55, 57, 54, 53, 57, 62, 63, 63, 66, 66, 69, 71, 74, 74, 78, 80, 84, 90, 94, 98, 105, 108, 113, 119, 123, 123, 126, 128, 131, 133, 135, 135, 137, 138, 138, 139, 140, 142, 143, 141, 139, 137, 136, 138, 137, 138, 135, 136, 137, 137, 137, 138, 139, 137, 140, 140, 138, 140, 138, 139, 140, 142, 140, 140, 144, 147, 151, 152, 149, 146, 141, 142, 141, 141, 142, 139, 140, 142, 140, 142, 141, 142, 141, 145, 143, 142, 142, 143, 143, 148, 143, 142, 140, 141, 142, 140, 141, 142, 141, 139, 141, 139, 138, 137, 137, 138, 137, 137, 137, 137, 136, 137, 137, 138, 136, 137, 139, 138, 138, 137, 136, 137, 138, 139, 141, 139, 140, 139, 140, 139, 140, 137, 139, 137, 136, 135, 134, 132, 131, 129, 127, 127, 124, 123, 120, 118, 115, 114, 111, 106, 104, 99, 95, 90, 85, 81, 76, 69, 65, 64, 59, 59, 58, 56, 56, 55, 53, 55, 52, 52, 50, 50, 50, 49, 49, 48, 52, 47, 48, 44, 50, 46, 45, 45, 43, 43, 44, 43, 49, 45, 43, 40, 40, 40, 42, 41, 41, 41, 40, 42, 40, 40, 42, 42, 40, 40, 41, 40, 38, 40, 39, 40]",128000000,500000,1583461250,45,0,"[48, 33, 46, 33, 37, 36, 38, 36, 39, 41, 39, 52, 41, 52, 43, 75, 47, 47, 45, 51, 50, 51, 52, 52, 57, 61, 56, 60, 57, 61, 61, 61, 65, 63, 63, 69, 69, 71, 71, 72, 74, 75, 79, 80, 81, 83, 84, 85, 89, 90, 93, 95, 97, 98, 144, 105, 108, 110, 109, 113, 112, 113, 116, 120, 118, 120, 122, 122, 123, 124, 125, 124, 125, 128, 127, 126, 126, 129, 127, 128, 129, 129, 127, 129, 129, 128, 129, 128, 128, 130, 129, 127, 128, 149, 129, 128, 126, 125, 127, 124, 126, 124, 124, 125, 126, 123, 124, 123, 123, 122, 124, 125, 125, 125, 125, 126, 128, 129, 128, 130, 131, 131, 133, 134, 138, 139, 137, 157, 140, 140, 144, 142, 142, 145, 145, 144, 140, 137, 135, 135, 131, 130, 128, 128, 127, 124, 123, 123, 122, 123, 121, 120, 119, 120, 118, 118, 117, 116, 120, 115, 124, 115, 117, 130, 149, 116, 151, 115, 126, 116, 117, 114, 116, 116, 117, 151, 117, 150, 116, 115, 116, 116, 116, 117, 116, 115, 148, 114, 149, 111, 110, 108, 107, 104, 104, 102, 99, 128, 95, 101, 91, 89, 86, 85, 81, 78, 78, 75, 79, 71, 77, 67, 70, 64, 62, 59, 57, 55, 53, 57, 52, 63, 49, 60, 46, 44, 45, 44, 42, 42, 39, 40, 54, 38, 55, 36, 38, 35, 36, 52, 34, 62, 33, 45, 32, 49, 33, 47, 34, 33, 31, 33, 34, 32, 35, 36]",128000000,500000,1224006250,39,0
0,2,0,"[39, 39, 41, 39, 38, 39, 40, 39, 40, 40, 41, 39, 41, 41, 40, 40, 41, 41, 42, 40, 42, 44, 44, 41, 44, 45, 44, 45, 47, 45, 50, 52, 100, 54, 69, 50, 51, 51, 49, 50, 54, 58, 55, 54, 59, 52, 57, 54, 63, 61, 63, 65, 65, 68, 71, 72, 72, 74, 80, 80, 83, 87, 94, 97, 104, 108, 113, 117, 121, 123, 126, 129, 131, 130, 134, 134, 141, 140, 137, 139, 140, 139, 142, 140, 139, 137, 136, 135, 137, 136, 135, 136, 136, 137, 138, 136, 137, 137, 139, 139, 139, 139, 139, 140, 139, 142, 141, 140, 142, 147, 150, 151, 150, 148, 143, 141, 141, 142, 142, 141, 140, 142, 143, 142, 140, 143, 143, 154, 143, 142, 142, 141, 143, 147, 142, 141, 142, 141, 143, 142, 142, 141, 141, 140, 141, 139, 137, 137, 136, 135, 136, 137, 138, 136, 135, 136, 136, 135, 137, 137, 139, 137, 137, 138, 139, 139, 140, 140, 139, 140, 140, 139, 140, 139, 138, 137, 139, 138, 137, 135, 133, 133, 131, 130, 128, 127, 126, 122, 123, 119, 115, 112, 111, 106, 102, 100, 96, 89, 85, 80, 73, 70, 66, 63, 60, 59, 58, 56, 56, 55, 52, 54, 53, 52, 52, 52, 50, 49, 49, 48, 51, 45, 48, 45, 50, 45, 46, 45, 43, 44, 43, 43, 48, 44, 43, 41, 42, 41, 42, 42, 42, 41, 39, 40, 40, 40, 39, 40, 39, 42, 41, 40, 39, 39, 39, 40]",128000000,500000,1583461250,45,0,"[46, 37, 35, 36, 36, 35, 35, 37, 37, 48, 39, 50, 42, 41, 43, 44, 47, 49, 47, 48, 56, 50, 55, 52, 58, 54, 55, 57, 59, 58, 60, 65, 63, 80, 64, 68, 68, 68, 69, 74, 75, 77, 79, 80, 80, 82, 86, 86, 87, 91, 92, 95, 97, 99, 101, 106, 107, 109, 108, 114, 113, 115, 116, 117, 119, 120, 123, 122, 121, 125, 124, 126, 147, 127, 127, 128, 127, 128, 128, 128, 129, 127, 129, 128, 129, 129, 130, 129, 128, 127, 129, 128, 128, 127, 128, 128, 128, 127, 126, 125, 125, 125, 125, 123, 124, 125, 122, 124, 123, 123, 124, 126, 126, 126, 125, 127, 128, 129, 129, 131, 130, 133, 133, 135, 137, 137, 138, 146, 140, 141, 143, 143, 142, 143, 146, 143, 138, 135, 135, 133, 131, 130, 129, 126, 125, 124, 122, 122, 123, 120, 120, 122, 119, 118, 119, 116, 115, 114, 118, 115, 122, 115, 148, 125, 150, 117, 118, 121, 121, 116, 116, 117, 116, 152, 115, 151, 116, 116, 116, 119, 116, 117, 120, 115, 147, 116, 149, 113, 111, 110, 109, 108, 107, 104, 102, 139, 99, 126, 95, 92, 90, 89, 85, 84, 82, 79, 81, 75, 78, 70, 72, 69, 64, 62, 61, 59, 57, 57, 54, 63, 51, 56, 47, 46, 46, 45, 45, 43, 42, 40, 54, 39, 53, 38, 41, 36, 35, 36, 36, 52, 53, 41, 34, 48, 50, 40, 31, 34, 33, 32, 66, 33, 36, 31, 70, 31]",128000000,500000,1224006250,39,0
0,2,0,"[39, 38, 40, 40, 39, 40, 39, 39, 40, 39, 41, 40, 40, 40, 40, 41, 41, 42, 40, 42, 41, 42, 43, 43, 42, 43, 45, 46, 46, 47, 46, 56, 95, 56, 73, 52, 50, 53, 54, 46, 49, 56, 50, 57, 54, 56, 54, 54, 58, 64, 64, 68, 67, 68, 70, 75, 72, 77, 78, 80, 85, 88, 93, 100, 103, 108, 112, 117, 123, 124, 126, 127, 132, 132, 134, 135, 140, 138, 138, 138, 139, 142, 142, 142, 140, 139, 137, 137, 136, 138, 137, 137, 138, 136, 137, 136, 139, 137, 138, 138, 137, 139, 139, 140, 141, 140, 139, 140, 143, 145, 150, 152, 150, 148, 143, 141, 141, 141, 142, 139, 142, 142, 142, 141, 140, 142, 141, 151, 143, 142, 141, 143, 141, 147, 143, 141, 141, 140, 142, 141, 141, 141, 140, 140, 139, 138, 137, 137, 139, 136, 137, 137, 136, 137, 138, 137, 137, 138, 137, 136, 138, 138, 138, 135, 138, 139, 139, 138, 141, 138, 139, 140, 140, 137, 138, 139, 137, 138, 135, 135, 134, 132, 131, 130, 128, 126, 124, 124, 121, 117, 116, 113, 110, 107, 103, 100, 96, 89, 85, 79, 74, 67, 66, 60, 61, 61, 58, 56, 55, 56, 55, 53, 51, 52, 51, 51, 51, 49, 48, 48, 51, 47, 48, 45, 47, 47, 46, 46, 43, 42, 44, 42, 49, 44, 43, 42, 40, 41, 41, 41, 39, 41, 40, 40, 40, 39, 39, 41, 39, 40, 39, 40, 41, 40, 39, 41]",128000000,500000,1583461250,45,0,"[35, 35, 36, 34, 34, 36, 34, 45, 38, 45, 40, 40, 42, 43, 44, 45, 47, 47, 49, 50, 51, 51, 53, 53, 53, 53, 56, 55, 56, 58, 59, 64, 64, 65, 64, 65, 70, 67, 71, 72, 75, 78, 80, 83, 81, 83, 86, 87, 88, 90, 93, 95, 99, 100, 101, 106, 107, 111, 110, 114, 112, 114, 115, 118, 119, 119, 120, 122, 124, 126, 125, 126, 125, 127, 127, 128, 127, 126, 128, 128, 128, 129, 127, 129, 128, 129, 130, 127, 128, 127, 128, 129, 129, 130, 130, 126, 126, 125, 126, 126, 123, 124, 124, 125, 126, 125, 124, 124, 123, 130, 123, 125, 125, 126, 126, 126, 128, 130, 130, 132, 133, 133, 136, 136, 137, 139, 139, 159, 140, 142, 140, 143, 143, 140, 144, 139, 137, 135, 133, 133, 129, 129, 126, 126, 127, 124, 122, 121, 119, 120, 121, 120, 119, 118, 117, 118, 116, 117, 121, 117, 136, 114, 116, 118, 117, 116, 117, 118, 128, 119, 116, 149, 117, 148, 118, 117, 116, 117, 116, 118, 118, 117, 146, 118, 120, 115, 114, 113, 112, 110, 109, 111, 107, 131, 103, 128, 99, 96, 96, 91, 90, 88, 85, 83, 84, 81, 80, 75, 73, 71, 69, 67, 66, 64, 61, 62, 58, 61, 55, 57, 50, 51, 49, 46, 47, 45, 46, 42, 50, 40, 49, 39, 38, 37, 36, 37, 36, 35, 36, 53, 40, 42, 33, 34, 50, 32, 32, 34, 32, 32, 37, 31, 40, 36, 37, 33]",128000000,500000,1224006250,39,0
0,2,0,"[44, 40, 39, 40, 41, 41, 40, 42, 42, 42, 41, 39, 42, 41, 41, 45, 48, 43, 42, 42, 43, 49, 45, 42, 44, 46, 45, 49, 50, 47, 48, 54, 93, 52, 69, 47, 53, 56, 51, 51, 56, 54, 51, 55, 59, 61, 59, 59, 59, 58, 62, 64, 74, 67, 71, 71, 72, 74, 78, 82, 86, 89, 95, 99, 102, 109, 113, 120, 125, 124, 126, 129, 131, 135, 134, 136, 141, 138, 139, 140, 140, 143, 142, 142, 138, 140, 139, 137, 137, 137, 137, 137, 136, 141, 140, 139, 139, 140, 141, 141, 140, 138, 140, 140, 140, 143, 144, 141, 141, 147, 151, 150, 151, 147, 143, 143, 141, 142, 142, 145, 140, 150, 144, 144, 144, 146, 142, 151, 142, 144, 145, 144, 148, 154, 144, 142, 143, 145, 148, 147, 142, 141, 141, 138, 144, 143, 139, 139, 141, 141, 139, 150, 142, 141, 144, 140, 137, 137, 157, 137, 148, 142, 139, 139, 142, 140, 144, 142, 140, 142, 140, 147, 147, 142, 141, 142, 140, 137, 138, 135, 135, 134, 132, 132, 129, 127, 125, 123, 122, 118, 116, 114, 112, 108, 103, 99, 95, 91, 85, 85, 75, 69, 68, 65, 60, 62, 58, 58, 56, 55, 59, 54, 54, 52, 55, 52, 50, 51, 49, 48, 52, 47, 48, 45, 53, 46, 47, 47, 44, 46, 45, 45, 50, 48, 42, 43, 43, 43, 49, 41, 40, 44, 41, 43, 43, 45, 42, 40, 41, 44, 41, 42, 42, 43, 42, 38]",128000000,500000,1583461250,45,0,"[34, 36, 36, 57, 37, 83, 40, 87, 38, 41, 41, 42, 43, 43, 44, 48, 82, 46, 83, 51, 62, 53, 52, 56, 55, 56, 57, 74, 59, 79, 62, 75, 65, 64, 67, 68, 72, 70, 77, 74, 83, 79, 83, 80, 82, 84, 90, 86, 88, 91, 95, 94, 97, 96, 103, 107, 107, 110, 112, 117, 113, 114, 117, 121, 117, 119, 120, 124, 125, 131, 127, 128, 128, 128, 131, 123, 130, 126, 129, 128, 128, 130, 131, 132, 128, 150, 125, 129, 126, 130, 129, 130, 131, 130, 128, 132, 129, 130, 131, 123, 127, 130, 128, 128, 125, 128, 126, 127, 130, 127, 125, 127, 126, 127, 129, 131, 130, 133, 132, 132, 135, 132, 140, 132, 137, 141, 139, 145, 141, 142, 145, 146, 141, 143, 144, 143, 141, 142, 137, 137, 135, 134, 133, 132, 129, 120, 127, 124, 126, 127, 122, 124, 123, 119, 122, 119, 120, 117, 123, 118, 138, 116, 118, 114, 116, 154, 140, 155, 115, 155, 118, 125, 123, 118, 117, 121, 117, 119, 125, 117, 153, 118, 152, 117, 118, 117, 116, 115, 114, 152, 111, 152, 108, 120, 103, 102, 99, 98, 96, 93, 91, 89, 99, 84, 98, 81, 81, 75, 75, 73, 70, 67, 65, 85, 64, 89, 59, 79, 56, 54, 54, 51, 50, 47, 56, 45, 82, 46, 84, 42, 41, 39, 42, 39, 39, 39, 37, 86, 40, 86, 47, 55, 34, 35, 36, 34, 36, 36, 65, 35, 83, 33, 76, 36, 33, 65]",128000000,500000,1224006250,39,0
0,2,0,"[38, 39, 43, 40, 41, 40, 41, 41, 42, 41, 41, 41, 40, 43, 41, 42, 41, 41, 40, 43, 44, 43, 42, 42, 44, 43, 47, 46, 47, 49, 46, 51, 92, 61, 72, 53, 59, 51, 51, 56, 50, 55, 51, 53, 56, 54, 56, 58, 58, 61, 71, 66, 70, 71, 69, 72, 71, 74, 76, 79, 85, 87, 95, 99, 104, 110, 112, 119, 123, 124, 127, 129, 131, 132, 134, 136, 138, 138, 139, 140, 141, 141, 144, 142, 141, 139, 138, 138, 137, 137, 137, 137, 139, 137, 137, 137, 138, 139, 137, 137, 140, 138, 138, 140, 139, 141, 140, 141, 142, 147, 149, 152, 148, 147, 142, 142, 144, 143, 142, 141, 142, 143, 143, 143, 142, 144, 147, 145, 142, 144, 145, 147, 145, 149, 143, 141, 146, 143, 144, 144, 142, 141, 144, 146, 142, 140, 145, 143, 147, 141, 146, 138, 137, 139, 143, 141, 138, 141, 138, 141, 141, 138, 139, 137, 139, 138, 140, 137, 139, 141, 142, 141, 139, 138, 137, 141, 138, 139, 136, 136, 135, 135, 135, 132, 131, 128, 127, 124, 122, 120, 116, 113, 110, 107, 103, 100, 96, 90, 85, 79, 76, 69, 64, 63, 60, 58, 58, 58, 56, 57, 55, 54, 53, 52, 53, 51, 49, 50, 49, 49, 51, 54, 48, 48, 51, 46, 46, 45, 46, 44, 43, 44, 49, 43, 42, 43, 43, 42, 41, 42, 42, 41, 40, 41, 42, 41, 41, 41, 42, 41, 40, 41, 40, 41, 40, 40]",128000000,500000,1583461250,45,0,"[33, 42, 34, 53, 34, 53, 37, 40, 37, 38, 40, 41, 42, 41, 57, 42, 59, 46, 46, 52, 47, 51, 50, 51, 53, 68, 53, 62, 61, 63, 60, 66, 65, 63, 67, 67, 68, 70, 73, 72, 77, 80, 81, 81, 82, 86, 86, 89, 91, 94, 94, 97, 99, 102, 104, 108, 108, 110, 111, 117, 114, 117, 115, 120, 139, 120, 122, 122, 124, 125, 124, 125, 126, 126, 126, 124, 128, 126, 126, 126, 126, 126, 127, 127, 127, 128, 128, 127, 127, 127, 127, 128, 129, 128, 131, 128, 129, 127, 127, 126, 127, 128, 129, 128, 127, 128, 127, 129, 128, 128, 127, 129, 129, 130, 131, 130, 128, 130, 131, 132, 132, 131, 133, 132, 134, 136, 136, 144, 135, 136, 137, 137, 134, 137, 139, 137, 134, 133, 131, 131, 131, 130, 127, 126, 126, 125, 124, 123, 122, 122, 120, 120, 120, 120, 120, 117, 121, 119, 121, 117, 117, 115, 118, 117, 120, 126, 119, 153, 115, 117, 115, 116, 116, 114, 119, 115, 149, 115, 150, 116, 123, 116, 117, 115, 115, 115, 113, 116, 111, 149, 110, 111, 105, 105, 102, 101, 101, 97, 102, 93, 100, 89, 92, 83, 82, 80, 77, 75, 73, 71, 69, 72, 65, 75, 62, 66, 57, 56, 54, 53, 52, 49, 54, 48, 64, 46, 63, 41, 42, 42, 40, 39, 38, 38, 38, 58, 34, 57, 35, 55, 34, 33, 42, 33, 36, 33, 47, 31, 57, 33, 55, 33, 32, 31, 47, 34]",128000000,500000,1224006250,39,0
0,2,0,"[41, 40, 43, 42, 40, 40, 39, 43, 41, 41, 41, 40, 40, 40, 41, 43, 43, 42, 42, 44, 42, 43, 46, 43, 44, 44, 46, 45, 51, 50, 48, 56, 92, 53, 70, 47, 55, 51, 54, 50, 58, 66, 54, 54, 58, 53, 58, 57, 60, 61, 67, 64, 67, 67, 69, 70, 73, 75, 77, 80, 84, 89, 91, 98, 103, 107, 112, 116, 122, 125, 128, 130, 131, 132, 135, 138, 139, 137, 139, 139, 141, 144, 143, 142, 140, 140, 137, 138, 141, 138, 137, 138, 138, 138, 139, 139, 141, 138, 139, 136, 141, 138, 139, 139, 138, 141, 139, 144, 145, 145, 148, 147, 148, 145, 144, 141, 142, 142, 142, 143, 143, 144, 143, 142, 144, 144, 144, 149, 143, 144, 143, 144, 143, 149, 146, 149, 143, 143, 144, 148, 141, 145, 142, 140, 140, 139, 161, 155, 145, 143, 143, 143, 139, 142, 143, 141, 138, 138, 144, 140, 141, 139, 138, 141, 138, 140, 139, 139, 142, 140, 143, 140, 142, 142, 143, 139, 138, 140, 142, 136, 138, 134, 134, 133, 129, 132, 128, 124, 123, 119, 119, 114, 110, 109, 104, 100, 95, 107, 87, 81, 76, 70, 67, 62, 59, 59, 57, 57, 56, 56, 56, 54, 55, 56, 51, 51, 51, 55, 48, 51, 52, 47, 47, 44, 52, 46, 49, 45, 45, 45, 44, 48, 48, 43, 43, 43, 41, 41, 46, 45, 40, 43, 40, 40, 42, 40, 41, 41, 41, 42, 40, 41, 42, 39, 41, 41]",128000000,500000,1583461250,45,0,"[33, 55, 33, 49, 35, 35, 38, 37, 38, 38, 39, 43, 52, 42, 51, 42, 46, 45, 43, 47, 46, 49, 50, 52, 54, 60, 54, 55, 56, 59, 61, 64, 64, 63, 65, 67, 72, 70, 72, 75, 77, 77, 80, 80, 86, 85, 85, 89, 91, 93, 94, 97, 99, 102, 102, 109, 107, 109, 111, 114, 114, 115, 117, 121, 119, 120, 122, 123, 124, 123, 124, 126, 126, 126, 127, 126, 126, 125, 126, 126, 127, 125, 125, 126, 127, 126, 126, 127, 127, 125, 128, 128, 127, 128, 130, 127, 128, 129, 128, 128, 128, 128, 128, 130, 129, 128, 129, 129, 130, 130, 128, 131, 131, 129, 131, 131, 132, 131, 132, 132, 133, 133, 134, 134, 136, 134, 134, 152, 136, 137, 135, 136, 135, 135, 138, 137, 135, 135, 132, 131, 131, 129, 130, 128, 128, 125, 126, 125, 123, 124, 124, 122, 120, 121, 121, 119, 120, 117, 121, 117, 117, 121, 117, 152, 118, 151, 122, 122, 115, 121, 117, 116, 115, 117, 152, 116, 151, 114, 117, 115, 114, 114, 115, 115, 113, 147, 112, 146, 113, 117, 109, 108, 107, 105, 104, 102, 142, 98, 109, 94, 96, 89, 86, 85, 82, 79, 79, 76, 73, 76, 68, 74, 65, 67, 61, 59, 56, 56, 53, 52, 59, 48, 63, 46, 56, 45, 44, 43, 42, 39, 40, 39, 39, 52, 38, 57, 36, 35, 34, 53, 34, 33, 33, 40, 47, 32, 51, 32, 42, 30, 31, 32, 31, 31, 59, 36]",128000000,500000,1224006250,39,0
0,2,0,"[42, 40, 40, 40, 40, 41, 40, 40, 41, 41, 41, 40, 40, 41, 41, 42, 42, 43, 40, 42, 42, 42, 45, 45, 46, 44, 52, 47, 47, 44, 46, 51, 93, 59, 70, 55, 53, 54, 51, 58, 55, 53, 59, 52, 54, 58, 54, 56, 59, 72, 64, 64, 68, 71, 71, 74, 74, 74, 75, 79, 84, 87, 94, 99, 101, 111, 112, 119, 123, 123, 126, 129, 135, 134, 134, 136, 147, 142, 139, 140, 141, 141, 142, 141, 140, 139, 139, 138, 137, 138, 137, 136, 141, 138, 137, 138, 139, 139, 139, 137, 140, 137, 138, 139, 146, 139, 141, 139, 141, 144, 146, 153, 148, 145, 144, 142, 143, 143, 144, 142, 145, 143, 144, 143, 144, 146, 144, 148, 145, 144, 145, 154, 143, 148, 143, 143, 145, 143, 143, 144, 142, 141, 140, 151, 145, 139, 144, 140, 140, 140, 153, 140, 138, 148, 138, 140, 142, 143, 137, 138, 142, 139, 138, 138, 137, 138, 138, 138, 139, 139, 147, 140, 142, 141, 139, 139, 138, 137, 138, 137, 134, 134, 134, 131, 130, 128, 126, 124, 122, 121, 118, 113, 110, 107, 103, 99, 95, 89, 85, 78, 75, 69, 66, 62, 64, 58, 58, 56, 56, 61, 55, 59, 54, 53, 51, 51, 51, 50, 49, 48, 51, 49, 50, 46, 53, 46, 47, 45, 47, 45, 43, 45, 49, 45, 45, 42, 42, 42, 40, 43, 42, 41, 42, 47, 41, 40, 44, 41, 44, 39, 48, 42, 41, 42, 40, 42]",128000000,500000,1583461250,45,0,"[33, 42, 35, 36, 36, 35, 37, 36, 41, 39, 43, 42, 44, 44, 42, 46, 45, 44, 46, 47, 47, 53, 52, 57, 53, 56, 56, 57, 56, 59, 61, 63, 64, 65, 67, 67, 69, 71, 87, 73, 76, 78, 81, 83, 84, 85, 87, 89, 92, 94, 97, 97, 97, 101, 106, 108, 107, 112, 110, 117, 113, 116, 117, 120, 121, 120, 122, 122, 124, 123, 125, 126, 125, 126, 125, 127, 126, 150, 126, 126, 126, 127, 126, 126, 126, 126, 126, 127, 127, 129, 128, 127, 128, 129, 129, 130, 129, 126, 129, 128, 128, 127, 130, 130, 126, 128, 128, 130, 129, 130, 130, 128, 129, 129, 130, 131, 130, 130, 131, 132, 133, 134, 133, 133, 135, 134, 136, 156, 135, 137, 138, 137, 138, 140, 139, 140, 136, 136, 135, 134, 133, 134, 134, 131, 130, 128, 128, 127, 127, 125, 123, 123, 125, 123, 123, 121, 119, 118, 120, 120, 121, 138, 130, 148, 118, 135, 119, 117, 118, 114, 114, 116, 147, 117, 149, 116, 115, 116, 116, 115, 116, 115, 113, 147, 114, 146, 113, 115, 112, 110, 109, 109, 108, 108, 143, 102, 142, 98, 98, 96, 93, 91, 88, 85, 81, 82, 78, 81, 74, 76, 71, 67, 64, 64, 60, 59, 57, 58, 58, 52, 56, 51, 49, 46, 46, 46, 45, 43, 42, 42, 40, 50, 39, 49, 36, 37, 36, 37, 38, 52, 36, 38, 38, 31, 40, 34, 35, 31, 34, 32, 32, 33, 32, 39, 32, 55]",128000000,500000,1224006250,39,0
0,2,0,"[40, 41, 41, 51, 43, 40, 43, 41, 42, 44, 43, 41, 40, 41, 43, 42, 53, 43, 42, 41, 44, 44, 46, 44, 43, 45, 49, 47, 49, 48, 55, 52, 96, 54, 70, 48, 54, 62, 62, 54, 56, 56, 61, 55, 61, 58, 54, 64, 62, 62, 64, 66, 69, 68, 71, 75, 72, 79, 76, 80, 83, 88, 92, 100, 105, 107, 113, 118, 123, 127, 127, 131, 132, 133, 135, 137, 144, 141, 141, 145, 141, 142, 143, 142, 142, 140, 141, 138, 139, 138, 136, 139, 137, 139, 139, 140, 138, 137, 140, 138, 141, 139, 138, 147, 139, 141, 141, 143, 148, 152, 148, 146, 147, 146, 148, 148, 144, 143, 145, 143, 145, 145, 144, 145, 144, 145, 146, 145, 150, 143, 151, 147, 148, 150, 150, 144, 143, 146, 145, 149, 146, 147, 156, 142, 145, 141, 157, 156, 142, 149, 152, 137, 141, 150, 161, 140, 138, 145, 139, 144, 145, 144, 140, 138, 139, 145, 140, 144, 139, 145, 141, 145, 140, 143, 140, 141, 140, 138, 136, 137, 136, 140, 135, 131, 129, 127, 127, 125, 121, 120, 118, 113, 112, 108, 105, 100, 95, 90, 85, 81, 76, 70, 64, 63, 63, 58, 61, 57, 61, 55, 59, 55, 62, 55, 58, 53, 51, 51, 50, 48, 65, 49, 48, 48, 49, 48, 49, 47, 47, 43, 45, 47, 49, 48, 44, 46, 43, 45, 47, 47, 44, 43, 42, 43, 41, 44, 41, 46, 42, 46, 43, 50, 44, 46, 43, 41]",128000000,500000,1583461250,45,0,"[35, 35, 34, 36, 36, 36, 35, 40, 40, 40, 41, 40, 41, 42, 43, 42, 43, 55, 55, 50, 56, 52, 50, 52, 52, 53, 55, 57, 57, 59, 62, 63, 65, 66, 65, 69, 70, 72, 73, 74, 77, 79, 80, 82, 84, 86, 88, 89, 92, 94, 95, 97, 99, 101, 103, 108, 148, 112, 109, 116, 114, 115, 117, 117, 120, 121, 123, 123, 122, 124, 125, 126, 124, 125, 126, 126, 125, 127, 125, 127, 125, 127, 125, 125, 127, 127, 128, 128, 127, 127, 128, 129, 130, 127, 130, 129, 129, 130, 130, 129, 130, 129, 130, 130, 129, 131, 130, 129, 132, 132, 133, 132, 133, 132, 132, 131, 134, 132, 136, 135, 136, 134, 136, 137, 137, 138, 136, 150, 137, 136, 137, 138, 135, 137, 137, 136, 133, 135, 132, 131, 133, 130, 129, 127, 128, 130, 126, 126, 125, 126, 124, 123, 123, 123, 120, 121, 120, 122, 123, 122, 119, 141, 126, 120, 121, 128, 125, 116, 117, 125, 147, 115, 145, 115, 116, 117, 116, 118, 115, 116, 114, 129, 115, 145, 115, 114, 115, 113, 113, 111, 111, 110, 128, 105, 115, 105, 101, 98, 95, 94, 92, 90, 87, 87, 85, 84, 79, 78, 73, 73, 72, 68, 65, 63, 61, 59, 61, 56, 55, 53, 53, 50, 49, 47, 45, 47, 46, 45, 42, 46, 41, 46, 39, 36, 42, 37, 36, 36, 37, 53, 39, 36, 36, 36, 39, 33, 32, 35, 33, 33, 33, 38, 33, 37, 51, 35]",128000000,500000,1224006250,39,0
0,2,0,"[41, 40, 40, 41, 40, 40, 42, 40, 40, 42, 42, 40, 41, 43, 41, 41, 43, 42, 42, 44, 42, 47, 44, 44, 44, 44, 47, 47, 51, 46, 51, 52, 98, 54, 68, 67, 50, 60, 59, 52, 59, 61, 51, 54, 61, 59, 60, 58, 58, 62, 63, 67, 66, 67, 69, 71, 77, 75, 79, 84, 84, 89, 92, 97, 102, 109, 112, 117, 118, 123, 127, 128, 133, 133, 135, 137, 143, 140, 140, 140, 144, 143, 145, 143, 142, 141, 139, 139, 139, 138, 138, 137, 138, 137, 139, 137, 138, 138, 138, 142, 138, 139, 138, 138, 139, 139, 143, 140, 141, 144, 145, 146, 145, 143, 143, 144, 144, 143, 144, 145, 145, 146, 144, 145, 147, 144, 146, 148, 145, 143, 143, 146, 142, 151, 144, 143, 141, 143, 147, 142, 142, 142, 140, 140, 138, 145, 138, 139, 145, 139, 143, 137, 138, 142, 138, 140, 137, 147, 137, 140, 141, 138, 138, 140, 139, 140, 139, 139, 140, 139, 139, 139, 140, 139, 138, 139, 139, 140, 138, 136, 136, 132, 134, 133, 131, 128, 125, 124, 122, 119, 118, 112, 111, 109, 103, 99, 95, 90, 85, 78, 75, 68, 67, 63, 61, 59, 58, 57, 57, 56, 54, 56, 52, 50, 51, 49, 51, 49, 50, 48, 50, 51, 49, 50, 51, 44, 48, 45, 45, 44, 46, 44, 49, 45, 42, 43, 43, 43, 45, 42, 40, 42, 40, 42, 40, 41, 40, 40, 42, 41, 40, 40, 41, 40, 40, 42]",128000000,500000,1583461250,45,0,"[45, 45, 46, 47, 48, 48, 49, 48, 50, 49, 49, 52, 51, 51, 54, 53, 59, 56, 56, 62, 60, 59, 60, 63, 62, 68, 65, 67, 73, 70, 71, 76, 75, 77, 78, 80, 83, 83, 85, 84, 86, 91, 91, 95, 96, 95, 99, 103, 103, 106, 107, 108, 111, 112, 115, 120, 120, 122, 122, 127, 125, 126, 128, 131, 131, 131, 133, 134, 135, 135, 135, 137, 135, 137, 137, 137, 137, 137, 136, 139, 136, 137, 136, 139, 138, 136, 139, 136, 137, 139, 138, 139, 139, 140, 142, 140, 139, 141, 140, 140, 140, 140, 140, 141, 141, 140, 141, 140, 143, 142, 142, 142, 143, 145, 145, 144, 144, 145, 145, 147, 145, 148, 147, 148, 148, 147, 149, 149, 150, 148, 148, 149, 148, 147, 152, 148, 146, 147, 144, 143, 143, 143, 141, 141, 139, 136, 137, 135, 138, 136, 136, 135, 133, 134, 131, 132, 131, 130, 132, 130, 131, 131, 131, 132, 128, 129, 128, 129, 143, 129, 143, 128, 126, 126, 127, 129, 128, 125, 127, 146, 126, 148, 126, 125, 126, 126, 126, 125, 125, 124, 141, 121, 139, 118, 119, 115, 114, 113, 109, 108, 107, 102, 101, 99, 97, 93, 91, 88, 86, 85, 83, 79, 78, 75, 81, 71, 70, 67, 65, 65, 63, 62, 59, 55, 57, 58, 55, 57, 53, 52, 49, 49, 49, 48, 48, 46, 47, 45, 49, 67, 48, 45, 45, 44, 44, 42, 43, 43, 42, 48, 42, 46, 44, 44, 41, 59]",128000000,500000,1224006250,42,0
0,2,0,"[42, 38, 40, 41, 42, 39, 40, 41, 39, 41, 40, 40, 39, 43, 42, 40, 43, 41, 42, 43, 43, 43, 44, 44, 43, 43, 44, 45, 47, 47, 49, 54, 102, 61, 71, 53, 51, 55, 50, 48, 53, 52, 52, 65, 59, 54, 55, 55, 61, 63, 63, 63, 66, 67, 69, 71, 73, 75, 78, 81, 84, 86, 93, 99, 105, 107, 111, 118, 123, 124, 127, 128, 131, 133, 134, 136, 139, 140, 138, 141, 141, 142, 146, 143, 141, 138, 138, 138, 139, 138, 137, 137, 138, 137, 137, 138, 138, 137, 139, 137, 138, 138, 138, 140, 139, 139, 140, 138, 140, 146, 148, 150, 148, 144, 143, 143, 144, 145, 143, 144, 142, 145, 143, 144, 143, 142, 143, 159, 145, 143, 143, 143, 143, 147, 141, 141, 140, 142, 143, 142, 142, 140, 142, 140, 140, 139, 139, 140, 141, 140, 139, 137, 138, 140, 138, 139, 139, 137, 139, 138, 141, 137, 138, 138, 139, 138, 136, 137, 140, 138, 138, 138, 137, 138, 136, 137, 137, 139, 137, 136, 136, 136, 134, 132, 132, 128, 128, 126, 122, 120, 118, 113, 112, 107, 104, 99, 93, 90, 83, 90, 73, 69, 65, 64, 59, 59, 57, 58, 56, 54, 55, 54, 54, 52, 51, 52, 50, 50, 49, 50, 52, 49, 47, 47, 48, 46, 48, 45, 43, 43, 44, 45, 49, 45, 42, 42, 43, 43, 42, 43, 42, 41, 39, 41, 41, 40, 41, 40, 40, 42, 40, 40, 40, 39, 40, 41]",128000000,500000,1583461250,45,0,"[43, 48, 55, 46, 54, 47, 53, 48, 48, 51, 50, 51, 51, 57, 54, 59, 54, 60, 58, 58, 59, 59, 61, 63, 65, 65, 71, 68, 72, 71, 85, 72, 76, 76, 80, 80, 83, 82, 86, 86, 88, 92, 90, 94, 94, 97, 99, 101, 102, 106, 106, 109, 109, 113, 114, 118, 118, 122, 120, 127, 125, 125, 127, 129, 132, 131, 132, 134, 134, 142, 136, 136, 136, 136, 135, 138, 136, 137, 139, 139, 139, 137, 139, 138, 137, 139, 139, 139, 139, 139, 139, 140, 143, 141, 144, 139, 140, 140, 141, 143, 142, 143, 144, 145, 144, 143, 143, 143, 143, 144, 144, 145, 145, 145, 146, 145, 146, 146, 145, 146, 144, 144, 143, 144, 146, 145, 147, 147, 144, 144, 145, 147, 145, 144, 146, 145, 143, 144, 144, 142, 143, 139, 138, 141, 138, 138, 137, 135, 136, 134, 134, 135, 135, 134, 134, 131, 133, 132, 135, 132, 131, 130, 130, 135, 129, 133, 151, 128, 150, 127, 129, 126, 129, 127, 127, 128, 129, 150, 127, 150, 129, 127, 127, 126, 128, 130, 126, 125, 141, 126, 141, 122, 120, 118, 115, 115, 114, 115, 109, 109, 103, 102, 100, 97, 96, 93, 90, 87, 86, 83, 79, 79, 79, 75, 77, 70, 70, 67, 67, 64, 63, 61, 60, 62, 58, 64, 56, 59, 53, 53, 51, 50, 51, 48, 52, 49, 61, 50, 65, 66, 44, 44, 45, 43, 59, 49, 43, 75, 47, 51, 42, 46, 45, 43, 74, 43]",128000000,500000,1224006250,42,0
0,2,0,"[41, 39, 39, 40, 40, 40, 40, 40, 39, 41, 41, 40, 40, 42, 40, 43, 41, 41, 42, 43, 42, 44, 43, 43, 44, 42, 46, 47, 48, 45, 49, 56, 97, 58, 69, 54, 49, 50, 53, 53, 58, 54, 54, 54, 56, 56, 55, 57, 61, 62, 66, 65, 67, 69, 70, 72, 74, 72, 81, 83, 85, 88, 93, 98, 104, 109, 111, 117, 120, 124, 126, 132, 133, 134, 136, 137, 141, 141, 138, 140, 141, 141, 141, 141, 141, 138, 140, 140, 138, 136, 135, 135, 137, 136, 139, 138, 137, 136, 138, 139, 138, 139, 138, 138, 140, 141, 140, 142, 143, 144, 149, 149, 147, 146, 143, 143, 143, 142, 142, 142, 141, 144, 143, 142, 142, 141, 147, 148, 144, 142, 141, 144, 142, 149, 143, 141, 142, 142, 141, 143, 141, 139, 140, 139, 140, 143, 140, 139, 139, 138, 139, 139, 139, 139, 138, 139, 140, 138, 138, 145, 142, 137, 139, 138, 137, 139, 135, 139, 138, 137, 138, 139, 139, 138, 137, 138, 137, 137, 136, 135, 136, 133, 133, 131, 130, 128, 126, 126, 124, 121, 118, 115, 111, 109, 103, 99, 94, 124, 86, 78, 74, 69, 64, 62, 60, 58, 59, 57, 56, 54, 55, 53, 53, 53, 50, 52, 49, 48, 49, 48, 52, 47, 47, 46, 48, 47, 47, 44, 43, 43, 44, 43, 48, 46, 43, 42, 41, 41, 43, 42, 40, 40, 39, 41, 40, 40, 42, 41, 41, 41, 42, 41, 40, 42, 40, 39]",128000000,500000,1583461250,45,0,"[68, 45, 72, 44, 57, 46, 45, 48, 49, 78, 48, 61, 55, 73, 51, 72, 59, 56, 59, 59, 59, 58, 63, 65, 80, 65, 78, 67, 69, 72, 72, 74, 75, 75, 77, 82, 79, 85, 83, 87, 90, 90, 91, 93, 95, 96, 98, 101, 120, 105, 105, 109, 110, 111, 113, 119, 122, 125, 122, 125, 126, 123, 128, 135, 130, 133, 133, 135, 133, 136, 134, 138, 135, 138, 137, 136, 138, 139, 138, 138, 136, 137, 137, 135, 138, 137, 138, 149, 138, 138, 140, 138, 139, 140, 138, 141, 137, 143, 141, 140, 140, 140, 144, 142, 141, 139, 139, 137, 140, 145, 145, 142, 145, 142, 142, 144, 144, 147, 144, 145, 144, 146, 147, 149, 149, 150, 150, 148, 150, 148, 149, 148, 151, 151, 150, 151, 155, 147, 147, 144, 139, 147, 140, 142, 140, 137, 136, 134, 141, 134, 133, 134, 132, 129, 131, 134, 133, 131, 132, 129, 128, 131, 132, 134, 153, 137, 154, 128, 133, 139, 129, 134, 128, 128, 129, 153, 130, 153, 128, 130, 130, 129, 128, 125, 129, 127, 151, 126, 152, 124, 122, 120, 119, 116, 117, 115, 112, 134, 106, 110, 103, 103, 101, 97, 94, 93, 90, 89, 85, 84, 94, 77, 89, 74, 72, 70, 69, 68, 65, 64, 59, 80, 61, 83, 58, 70, 87, 53, 54, 52, 50, 49, 56, 48, 79, 47, 70, 46, 44, 65, 47, 49, 45, 47, 43, 74, 45, 73, 47, 51, 42, 43, 43, 44, 43, 42]",128000000,500000,1224006250,42,0
0,2,0,"[39, 40, 39, 41, 40, 40, 39, 39, 41, 40, 41, 40, 40, 41, 42, 40, 40, 42, 42, 43, 43, 42, 44, 44, 43, 45, 43, 44, 49, 45, 47, 53, 97, 56, 67, 47, 52, 51, 49, 52, 51, 52, 53, 56, 57, 56, 58, 54, 58, 61, 65, 66, 67, 70, 74, 72, 74, 79, 78, 83, 85, 91, 97, 97, 105, 109, 113, 116, 121, 122, 125, 129, 134, 132, 134, 136, 136, 136, 138, 141, 141, 142, 141, 143, 140, 140, 137, 138, 138, 138, 138, 138, 140, 136, 138, 138, 138, 139, 138, 138, 137, 138, 138, 139, 138, 138, 141, 137, 140, 142, 147, 147, 147, 144, 141, 141, 140, 144, 142, 142, 141, 142, 143, 143, 142, 142, 142, 152, 143, 143, 143, 146, 144, 147, 142, 142, 143, 143, 143, 142, 142, 141, 141, 140, 139, 139, 140, 138, 139, 137, 137, 137, 137, 140, 137, 138, 138, 137, 140, 136, 140, 138, 138, 139, 137, 137, 136, 137, 138, 137, 140, 139, 138, 139, 139, 139, 137, 137, 137, 136, 135, 135, 131, 131, 131, 129, 128, 123, 123, 120, 116, 114, 112, 106, 103, 99, 100, 89, 85, 80, 73, 71, 67, 61, 61, 59, 57, 57, 56, 56, 54, 54, 53, 51, 51, 52, 49, 50, 48, 49, 49, 47, 48, 45, 50, 46, 48, 42, 43, 43, 45, 45, 48, 44, 42, 42, 43, 41, 40, 39, 41, 41, 41, 39, 42, 41, 40, 42, 41, 41, 39, 41, 39, 39, 38, 39]",128000000,500000,1583461250,45,0,"[51, 45, 44, 45, 44, 45, 48, 50, 48, 53, 49, 58, 54, 55, 53, 53, 59, 56, 62, 60, 60, 60, 65, 64, 70, 65, 66, 74, 72, 71, 71, 72, 76, 79, 78, 81, 79, 82, 85, 86, 87, 89, 93, 92, 96, 96, 99, 101, 102, 104, 106, 107, 110, 112, 115, 119, 124, 126, 123, 128, 125, 127, 127, 130, 131, 131, 133, 135, 135, 135, 135, 136, 135, 138, 138, 139, 138, 138, 137, 138, 137, 137, 138, 137, 136, 137, 137, 138, 140, 137, 139, 137, 138, 137, 143, 140, 139, 139, 139, 139, 140, 139, 141, 141, 141, 140, 141, 142, 141, 142, 142, 143, 144, 143, 141, 145, 142, 144, 142, 143, 144, 145, 145, 145, 148, 146, 146, 153, 146, 148, 147, 147, 147, 150, 150, 148, 147, 146, 144, 142, 143, 144, 142, 143, 140, 138, 137, 137, 137, 136, 136, 134, 132, 134, 133, 130, 133, 130, 134, 129, 130, 153, 155, 130, 156, 137, 143, 127, 131, 146, 129, 136, 129, 161, 126, 150, 128, 126, 129, 129, 126, 127, 126, 130, 146, 126, 145, 124, 125, 123, 123, 121, 120, 118, 116, 139, 111, 127, 108, 107, 107, 100, 99, 95, 95, 93, 90, 90, 88, 81, 83, 79, 78, 73, 73, 71, 68, 69, 67, 69, 62, 68, 59, 61, 60, 56, 55, 54, 53, 50, 52, 48, 55, 48, 52, 45, 46, 45, 45, 67, 45, 48, 43, 55, 43, 53, 44, 43, 41, 42, 42, 46, 43, 41, 48, 44]",128000000,500000,1224006250,42,0
0,2,0,"[40, 40, 40, 42, 39, 40, 39, 39, 42, 40, 41, 40, 42, 40, 41, 41, 40, 42, 43, 43, 42, 42, 44, 44, 43, 45, 43, 43, 51, 46, 46, 54, 98, 56, 69, 49, 49, 61, 54, 50, 55, 51, 53, 56, 58, 54, 54, 61, 58, 60, 64, 66, 67, 69, 68, 72, 76, 80, 83, 84, 84, 89, 101, 104, 106, 109, 113, 119, 124, 129, 129, 135, 136, 134, 136, 136, 136, 138, 138, 139, 142, 140, 142, 142, 142, 140, 139, 138, 138, 138, 139, 140, 140, 138, 139, 139, 140, 139, 140, 137, 139, 139, 137, 138, 138, 139, 141, 139, 142, 143, 143, 146, 145, 144, 141, 140, 142, 140, 140, 141, 140, 144, 144, 142, 142, 143, 143, 152, 143, 143, 144, 144, 142, 147, 144, 145, 143, 142, 143, 142, 143, 142, 141, 139, 140, 139, 139, 141, 138, 139, 136, 137, 138, 137, 137, 136, 137, 138, 137, 139, 139, 137, 139, 137, 137, 137, 137, 137, 138, 139, 137, 139, 137, 138, 138, 137, 138, 138, 137, 138, 135, 134, 133, 133, 131, 129, 127, 124, 121, 119, 118, 116, 110, 108, 103, 98, 95, 90, 86, 80, 73, 69, 67, 62, 61, 58, 59, 57, 54, 56, 54, 53, 53, 53, 51, 51, 49, 50, 50, 49, 50, 46, 48, 46, 51, 46, 46, 45, 44, 44, 42, 44, 48, 44, 41, 42, 41, 42, 41, 41, 41, 41, 42, 40, 40, 41, 42, 41, 41, 41, 40, 40, 38, 41, 40, 40]",128000000,500000,1583461250,45,0,"[47, 46, 43, 46, 47, 45, 48, 52, 48, 55, 51, 55, 52, 55, 55, 54, 57, 59, 58, 57, 61, 62, 85, 62, 63, 70, 67, 67, 69, 71, 74, 73, 78, 75, 80, 80, 81, 82, 84, 87, 86, 90, 92, 93, 94, 96, 100, 99, 102, 106, 107, 109, 111, 113, 114, 119, 123, 122, 122, 129, 127, 142, 129, 130, 132, 133, 133, 136, 135, 136, 138, 139, 139, 137, 137, 137, 139, 139, 139, 139, 138, 137, 139, 138, 138, 139, 139, 137, 136, 137, 137, 137, 138, 140, 138, 139, 137, 137, 138, 138, 137, 138, 139, 140, 139, 139, 139, 139, 140, 141, 141, 140, 141, 142, 141, 145, 143, 144, 145, 147, 145, 144, 146, 147, 148, 147, 148, 149, 149, 148, 151, 150, 151, 152, 151, 153, 147, 149, 148, 144, 147, 142, 141, 143, 139, 141, 138, 137, 137, 134, 136, 132, 133, 132, 131, 130, 131, 131, 133, 130, 131, 132, 150, 131, 129, 133, 128, 127, 127, 129, 128, 151, 125, 150, 126, 128, 126, 129, 130, 129, 127, 128, 146, 127, 148, 128, 126, 125, 124, 124, 124, 121, 120, 137, 117, 135, 113, 111, 108, 106, 104, 101, 98, 95, 95, 92, 91, 88, 87, 83, 81, 77, 76, 74, 71, 70, 70, 73, 66, 69, 62, 61, 60, 59, 58, 54, 55, 52, 59, 51, 57, 48, 54, 49, 49, 47, 47, 45, 46, 81, 44, 53, 72, 50, 43, 43, 42, 42, 41, 42, 42, 42, 52, 43, 52, 44]",128000000,500000,1224006250,42,0
0,2,0,"[40, 42, 40, 41, 40, 41, 39, 39, 41, 40, 40, 41, 42, 42, 39, 41, 43, 41, 41, 43, 44, 43, 43, 43, 48, 47, 44, 46, 53, 48, 50, 53, 97, 63, 69, 52, 48, 50, 54, 53, 52, 56, 62, 61, 59, 59, 58, 65, 60, 62, 63, 67, 67, 74, 71, 81, 77, 96, 81, 90, 86, 94, 99, 111, 118, 110, 123, 125, 133, 126, 128, 131, 133, 137, 138, 137, 141, 140, 139, 142, 141, 141, 144, 143, 143, 141, 140, 138, 137, 139, 137, 136, 137, 138, 137, 138, 137, 138, 139, 138, 139, 139, 139, 139, 140, 143, 140, 139, 141, 143, 147, 146, 145, 145, 139, 139, 140, 141, 141, 139, 140, 143, 142, 141, 142, 142, 144, 151, 145, 143, 143, 142, 144, 150, 143, 143, 142, 145, 142, 144, 143, 141, 141, 140, 142, 140, 139, 140, 139, 140, 138, 137, 140, 137, 139, 138, 138, 139, 137, 139, 140, 137, 138, 138, 139, 137, 138, 139, 138, 139, 137, 137, 142, 139, 140, 138, 140, 137, 137, 137, 136, 135, 134, 132, 131, 127, 126, 124, 123, 120, 116, 113, 111, 107, 105, 100, 94, 89, 85, 79, 76, 70, 65, 62, 60, 60, 56, 56, 56, 56, 54, 53, 54, 51, 51, 52, 49, 50, 49, 47, 52, 47, 46, 47, 50, 45, 47, 46, 43, 44, 46, 44, 48, 45, 43, 42, 41, 42, 42, 43, 42, 41, 40, 40, 42, 42, 40, 39, 40, 41, 39, 42, 40, 39, 39, 41]",128000000,500000,1583461250,45,0,"[47, 74, 43, 46, 48, 53, 47, 54, 49, 53, 52, 52, 53, 53, 54, 55, 61, 56, 63, 57, 64, 63, 62, 63, 64, 65, 68, 67, 70, 73, 72, 72, 77, 76, 76, 77, 79, 81, 83, 84, 101, 90, 91, 92, 96, 95, 97, 99, 101, 103, 107, 108, 111, 112, 116, 119, 121, 122, 123, 127, 127, 128, 129, 132, 132, 134, 135, 136, 135, 136, 138, 137, 137, 139, 137, 138, 138, 137, 137, 149, 137, 138, 138, 137, 137, 136, 137, 137, 137, 137, 137, 138, 139, 139, 155, 138, 140, 140, 137, 138, 140, 137, 139, 137, 138, 139, 139, 139, 138, 139, 138, 140, 138, 140, 139, 140, 141, 141, 143, 143, 143, 147, 147, 147, 147, 150, 147, 151, 154, 152, 152, 152, 152, 152, 154, 153, 151, 149, 146, 148, 145, 145, 144, 141, 141, 138, 140, 137, 136, 135, 134, 134, 131, 133, 131, 131, 132, 131, 135, 130, 134, 138, 132, 130, 129, 130, 131, 132, 135, 156, 131, 151, 133, 130, 130, 129, 128, 130, 128, 128, 148, 127, 150, 126, 128, 126, 126, 125, 125, 123, 122, 143, 120, 145, 116, 114, 112, 109, 107, 105, 105, 102, 98, 98, 95, 90, 91, 88, 85, 84, 81, 79, 76, 76, 72, 78, 68, 72, 76, 64, 61, 61, 60, 58, 56, 56, 57, 55, 65, 52, 55, 49, 49, 49, 48, 46, 47, 51, 47, 71, 45, 53, 70, 43, 43, 43, 42, 42, 41, 43, 55, 43, 56, 45, 73, 42]",128000000,500000,1224006250,42,0
0,2,0,"[40, 41, 38, 41, 44, 40, 40, 42, 41, 45, 40, 41, 41, 40, 42, 41, 42, 41, 42, 43, 42, 47, 45, 45, 43, 44, 47, 47, 49, 51, 48, 56, 98, 59, 69, 50, 55, 57, 56, 49, 54, 54, 52, 62, 63, 60, 62, 56, 60, 71, 65, 63, 72, 69, 69, 73, 78, 79, 93, 83, 113, 93, 101, 102, 106, 110, 117, 126, 126, 125, 137, 129, 148, 133, 133, 139, 142, 152, 140, 142, 141, 141, 147, 142, 141, 145, 139, 140, 139, 137, 139, 136, 139, 138, 136, 139, 138, 138, 138, 138, 137, 140, 138, 138, 141, 139, 140, 138, 140, 145, 147, 148, 150, 147, 143, 141, 142, 145, 143, 143, 143, 143, 143, 144, 144, 143, 145, 145, 144, 143, 143, 144, 142, 146, 142, 141, 143, 142, 142, 142, 141, 140, 141, 142, 139, 140, 139, 139, 140, 139, 138, 136, 140, 139, 141, 139, 142, 139, 137, 138, 141, 138, 140, 140, 136, 139, 138, 138, 139, 139, 139, 140, 138, 141, 140, 140, 138, 137, 136, 137, 135, 136, 138, 132, 130, 127, 127, 124, 122, 119, 117, 113, 111, 108, 103, 102, 94, 89, 84, 78, 78, 69, 65, 62, 62, 60, 58, 57, 56, 53, 56, 57, 53, 51, 50, 51, 52, 50, 48, 48, 51, 48, 47, 46, 51, 45, 48, 46, 44, 45, 45, 44, 49, 45, 43, 43, 43, 42, 44, 43, 41, 41, 40, 39, 41, 41, 42, 40, 41, 42, 45, 40, 39, 40, 39, 44]",128000000,500000,1583461250,45,0,"[49, 46, 44, 53, 45, 54, 47, 50, 49, 49, 50, 50, 49, 54, 56, 53, 58, 55, 62, 57, 61, 61, 60, 62, 63, 72, 66, 69, 68, 74, 72, 74, 77, 76, 77, 79, 82, 83, 85, 84, 88, 88, 93, 93, 97, 97, 100, 101, 103, 105, 106, 108, 111, 112, 115, 120, 121, 123, 123, 129, 125, 127, 128, 130, 130, 132, 134, 134, 134, 135, 137, 137, 136, 136, 137, 137, 137, 138, 138, 138, 138, 137, 138, 138, 138, 136, 138, 137, 138, 140, 139, 139, 140, 142, 144, 140, 140, 140, 141, 140, 141, 140, 142, 142, 140, 142, 141, 141, 142, 143, 141, 141, 142, 141, 143, 145, 143, 144, 146, 144, 146, 144, 145, 145, 146, 146, 147, 150, 146, 146, 146, 147, 147, 147, 149, 147, 146, 145, 142, 142, 143, 140, 140, 139, 138, 139, 136, 136, 136, 134, 133, 134, 133, 133, 131, 129, 130, 129, 134, 129, 143, 130, 133, 141, 130, 128, 127, 144, 134, 151, 129, 129, 130, 130, 129, 132, 128, 128, 151, 130, 150, 128, 129, 129, 128, 128, 128, 127, 126, 142, 123, 142, 120, 118, 114, 113, 113, 109, 108, 105, 104, 101, 100, 96, 94, 90, 90, 85, 84, 83, 81, 78, 75, 76, 73, 74, 70, 67, 66, 65, 63, 63, 59, 59, 64, 56, 64, 53, 54, 52, 51, 51, 49, 50, 47, 52, 47, 54, 46, 68, 45, 68, 120, 44, 44, 44, 44, 43, 56, 44, 49, 42, 43, 46, 43, 44]",128000000,500000,1224006250,42,0
0,2,0,"[41, 39, 40, 40, 41, 41, 40, 41, 39, 40, 41, 42, 41, 41, 42, 42, 42, 42, 49, 42, 44, 45, 44, 45, 43, 45, 43, 50, 48, 44, 47, 57, 98, 53, 71, 49, 51, 52, 53, 54, 53, 55, 51, 55, 56, 64, 63, 59, 59, 65, 67, 65, 65, 72, 71, 73, 80, 88, 88, 87, 88, 91, 105, 103, 107, 111, 114, 120, 123, 124, 131, 131, 135, 133, 137, 136, 135, 140, 138, 138, 138, 142, 144, 143, 142, 139, 138, 139, 139, 138, 138, 136, 138, 139, 138, 137, 139, 138, 138, 140, 137, 138, 138, 138, 141, 140, 138, 140, 140, 143, 147, 148, 148, 146, 142, 142, 142, 143, 141, 141, 143, 141, 143, 143, 142, 143, 142, 150, 144, 143, 142, 142, 143, 146, 143, 142, 142, 142, 143, 145, 143, 140, 141, 140, 139, 139, 141, 139, 140, 140, 138, 141, 139, 137, 137, 137, 137, 138, 139, 140, 138, 137, 137, 137, 138, 138, 138, 138, 138, 138, 138, 139, 140, 139, 138, 139, 139, 138, 139, 139, 136, 135, 134, 132, 130, 129, 127, 124, 122, 119, 117, 113, 111, 108, 104, 100, 94, 90, 86, 80, 75, 69, 65, 61, 60, 59, 57, 58, 56, 54, 54, 55, 53, 53, 50, 49, 49, 50, 49, 49, 52, 46, 47, 47, 51, 45, 46, 45, 46, 45, 43, 45, 49, 46, 43, 41, 41, 42, 41, 41, 42, 40, 40, 40, 42, 39, 41, 41, 40, 42, 41, 39, 39, 41, 40, 39]",128000000,500000,1583461250,45,0,"[43, 59, 46, 58, 48, 45, 47, 48, 51, 48, 51, 51, 54, 52, 86, 55, 57, 57, 59, 61, 59, 60, 60, 63, 62, 68, 66, 67, 68, 69, 70, 73, 73, 78, 78, 78, 81, 83, 84, 87, 89, 91, 93, 94, 97, 98, 99, 101, 103, 106, 107, 108, 112, 119, 116, 121, 119, 124, 124, 129, 126, 127, 128, 134, 132, 133, 135, 134, 135, 137, 136, 136, 137, 137, 137, 136, 138, 139, 138, 137, 137, 138, 138, 137, 136, 137, 137, 138, 137, 138, 136, 140, 145, 139, 141, 138, 140, 138, 140, 140, 140, 141, 141, 142, 140, 142, 139, 141, 141, 142, 141, 142, 143, 143, 143, 144, 145, 145, 144, 145, 145, 146, 145, 145, 147, 147, 147, 153, 146, 149, 146, 148, 149, 149, 151, 150, 148, 146, 146, 145, 142, 141, 141, 140, 139, 137, 138, 135, 134, 134, 134, 133, 132, 132, 130, 131, 130, 129, 132, 128, 127, 131, 130, 141, 133, 155, 140, 149, 130, 134, 139, 131, 132, 129, 130, 129, 149, 128, 149, 129, 129, 130, 129, 127, 128, 127, 127, 147, 126, 145, 123, 120, 120, 118, 116, 116, 112, 110, 112, 106, 106, 100, 98, 96, 95, 91, 89, 86, 84, 83, 79, 80, 75, 78, 73, 71, 69, 67, 65, 64, 65, 62, 66, 58, 64, 56, 57, 52, 53, 51, 51, 75, 48, 55, 47, 61, 48, 53, 46, 65, 45, 66, 47, 44, 45, 41, 49, 44, 52, 41, 43, 43, 41, 42, 86, 45]",128000000,500000,1224006250,42,0
0,2,0,"[40, 42, 40, 40, 40, 40, 40, 42, 42, 42, 40, 41, 39, 41, 44, 43, 42, 43, 42, 40, 43, 46, 44, 45, 44, 43, 45, 47, 48, 51, 48, 59, 97, 58, 69, 51, 52, 52, 54, 49, 54, 56, 57, 66, 61, 67, 55, 56, 63, 66, 63, 64, 66, 72, 71, 75, 76, 81, 81, 99, 103, 101, 103, 115, 113, 115, 120, 121, 128, 124, 132, 134, 138, 134, 135, 138, 140, 139, 139, 140, 144, 143, 145, 143, 143, 139, 139, 139, 139, 138, 138, 138, 138, 137, 138, 140, 139, 137, 139, 139, 138, 139, 139, 138, 140, 140, 138, 139, 141, 145, 146, 148, 148, 146, 142, 141, 141, 141, 143, 142, 142, 143, 147, 144, 142, 145, 144, 151, 146, 145, 145, 143, 144, 148, 143, 143, 143, 142, 144, 143, 143, 140, 141, 141, 139, 141, 139, 142, 139, 140, 140, 139, 139, 136, 137, 140, 137, 138, 144, 138, 139, 138, 138, 138, 138, 138, 138, 138, 140, 139, 138, 138, 142, 138, 139, 139, 141, 138, 138, 137, 135, 133, 134, 132, 130, 129, 126, 125, 122, 121, 116, 113, 111, 105, 103, 98, 95, 89, 86, 79, 75, 69, 65, 65, 61, 61, 57, 56, 57, 55, 57, 53, 54, 53, 53, 51, 50, 50, 49, 49, 51, 47, 48, 47, 50, 45, 48, 45, 45, 44, 43, 45, 49, 45, 45, 42, 44, 44, 42, 42, 41, 39, 42, 42, 40, 40, 42, 40, 43, 41, 40, 41, 39, 41, 41, 39]",128000000,500000,1583461250,45,0,"[43, 46, 46, 45, 47, 45, 48, 48, 50, 51, 52, 54, 55, 53, 55, 53, 56, 57, 61, 58, 62, 59, 61, 62, 63, 65, 67, 66, 67, 69, 73, 72, 114, 74, 76, 78, 79, 83, 82, 85, 86, 90, 92, 93, 96, 95, 99, 101, 103, 104, 107, 110, 110, 114, 116, 125, 121, 121, 124, 128, 125, 127, 129, 132, 131, 132, 134, 135, 134, 135, 136, 137, 138, 138, 138, 137, 137, 139, 138, 139, 139, 141, 139, 136, 140, 138, 139, 139, 139, 139, 139, 140, 140, 140, 142, 141, 140, 139, 141, 138, 140, 140, 138, 139, 138, 139, 138, 139, 138, 140, 140, 138, 141, 141, 142, 141, 142, 142, 143, 145, 147, 144, 145, 147, 148, 150, 151, 155, 151, 150, 149, 151, 149, 152, 152, 152, 149, 147, 147, 145, 145, 142, 140, 139, 137, 139, 138, 137, 136, 135, 134, 136, 133, 132, 132, 132, 129, 130, 133, 130, 135, 139, 132, 149, 130, 145, 128, 130, 129, 130, 129, 127, 127, 126, 149, 128, 147, 129, 127, 129, 127, 129, 127, 128, 126, 142, 126, 135, 124, 122, 120, 120, 119, 117, 116, 113, 120, 109, 109, 105, 103, 101, 96, 96, 94, 91, 90, 85, 86, 84, 84, 79, 75, 74, 74, 69, 69, 67, 66, 64, 65, 61, 63, 57, 58, 57, 56, 54, 52, 52, 50, 52, 49, 51, 48, 47, 48, 48, 45, 65, 45, 43, 47, 59, 47, 42, 44, 43, 42, 77, 42, 42, 44, 49, 45, 45]",128000000,500000,1224006250,42,0
0,2,0,"[40, 42, 41, 43, 41, 39, 40, 40, 40, 41, 41, 41, 42, 41, 42, 44, 41, 40, 43, 43, 44, 42, 43, 44, 43, 44, 45, 45, 50, 49, 55, 55, 97, 56, 69, 51, 49, 64, 61, 53, 55, 53, 53, 52, 59, 59, 59, 57, 58, 63, 67, 66, 65, 67, 73, 83, 72, 77, 85, 96, 86, 90, 96, 102, 119, 112, 112, 123, 130, 126, 129, 130, 134, 132, 136, 136, 141, 139, 138, 139, 140, 145, 144, 144, 142, 140, 137, 140, 137, 137, 137, 137, 136, 138, 136, 139, 140, 138, 139, 138, 139, 139, 138, 138, 140, 140, 139, 139, 141, 144, 148, 147, 146, 145, 142, 140, 140, 141, 141, 142, 142, 142, 142, 141, 142, 143, 145, 142, 144, 144, 145, 143, 143, 149, 143, 143, 142, 143, 143, 144, 143, 140, 141, 140, 139, 139, 147, 143, 138, 138, 137, 139, 138, 138, 137, 138, 139, 139, 137, 138, 141, 137, 137, 138, 137, 138, 136, 137, 136, 138, 137, 139, 139, 137, 139, 138, 139, 139, 138, 136, 137, 136, 134, 132, 130, 127, 127, 124, 122, 121, 116, 112, 112, 106, 102, 99, 93, 90, 84, 79, 74, 69, 65, 62, 61, 57, 58, 57, 56, 54, 52, 54, 53, 52, 52, 50, 49, 49, 48, 49, 53, 47, 49, 45, 49, 47, 47, 43, 45, 42, 43, 44, 49, 43, 43, 41, 44, 43, 40, 42, 41, 42, 42, 41, 40, 39, 41, 39, 40, 41, 40, 41, 40, 39, 41, 40]",128000000,500000,1583461250,45,0,"[43, 46, 44, 45, 47, 47, 48, 49, 59, 51, 58, 52, 53, 54, 55, 54, 56, 60, 58, 60, 59, 61, 61, 63, 63, 65, 65, 66, 67, 70, 71, 73, 76, 76, 78, 77, 81, 81, 81, 87, 88, 90, 90, 92, 93, 94, 98, 100, 101, 104, 105, 109, 111, 113, 116, 123, 120, 124, 124, 128, 126, 128, 130, 131, 131, 132, 134, 135, 135, 136, 137, 136, 138, 137, 139, 138, 138, 136, 137, 139, 137, 137, 137, 137, 137, 138, 137, 138, 137, 137, 139, 138, 139, 139, 141, 139, 140, 138, 140, 139, 139, 140, 138, 142, 140, 144, 141, 140, 140, 141, 143, 143, 142, 141, 142, 141, 142, 144, 143, 141, 144, 143, 146, 146, 146, 147, 148, 155, 147, 148, 152, 150, 149, 152, 153, 153, 152, 146, 150, 146, 148, 144, 140, 142, 141, 139, 135, 133, 134, 134, 135, 133, 130, 131, 131, 130, 131, 130, 132, 129, 147, 150, 133, 152, 129, 127, 132, 128, 130, 129, 134, 127, 148, 128, 151, 129, 130, 129, 130, 129, 128, 129, 129, 150, 127, 146, 128, 126, 126, 124, 122, 120, 119, 117, 140, 114, 128, 110, 107, 104, 104, 100, 98, 96, 94, 93, 88, 90, 85, 83, 81, 79, 77, 75, 72, 72, 69, 68, 69, 63, 69, 59, 60, 59, 58, 55, 57, 53, 52, 60, 52, 57, 48, 48, 48, 48, 48, 46, 46, 69, 48, 45, 87, 44, 49, 43, 43, 44, 43, 40, 42, 44, 42, 48, 44, 48]",128000000,500000,1224006250,42,0
0,2,0,"[40, 39, 41, 40, 39, 39, 41, 39, 42, 39, 41, 40, 40, 41, 40, 41, 42, 42, 43, 43, 42, 44, 44, 43, 44, 45, 45, 48, 49, 47, 48, 49, 98, 55, 70, 51, 48, 50, 54, 50, 53, 52, 59, 55, 61, 60, 56, 60, 57, 73, 64, 65, 65, 68, 70, 74, 72, 79, 83, 84, 84, 90, 97, 99, 108, 113, 116, 118, 125, 126, 129, 127, 133, 133, 137, 137, 139, 140, 140, 139, 139, 145, 144, 144, 142, 141, 140, 139, 140, 136, 138, 138, 137, 140, 137, 138, 139, 139, 138, 140, 139, 138, 139, 139, 140, 140, 141, 140, 141, 145, 148, 151, 149, 147, 142, 141, 141, 143, 141, 143, 141, 142, 143, 143, 143, 146, 145, 146, 145, 145, 145, 141, 146, 147, 142, 142, 142, 142, 147, 143, 143, 141, 140, 140, 139, 140, 141, 138, 137, 137, 140, 139, 137, 137, 135, 137, 137, 137, 136, 137, 140, 138, 137, 138, 137, 139, 139, 136, 138, 139, 138, 139, 140, 139, 138, 139, 138, 137, 137, 137, 135, 135, 133, 132, 129, 129, 127, 124, 122, 120, 117, 114, 113, 106, 103, 99, 94, 134, 83, 78, 75, 70, 66, 63, 61, 58, 58, 57, 56, 55, 54, 54, 52, 51, 52, 50, 51, 48, 48, 47, 51, 47, 48, 47, 50, 46, 47, 46, 45, 44, 46, 44, 50, 45, 45, 42, 42, 43, 41, 41, 42, 41, 40, 42, 42, 41, 42, 41, 40, 42, 41, 40, 39, 40, 40, 41]",128000000,500000,1583461250,45,0,"[44, 45, 45, 45, 47, 46, 87, 48, 67, 51, 51, 52, 51, 53, 53, 52, 55, 73, 57, 77, 60, 64, 63, 62, 65, 64, 63, 67, 71, 69, 79, 71, 80, 77, 77, 81, 80, 83, 83, 85, 88, 90, 92, 94, 96, 107, 100, 100, 102, 106, 108, 110, 112, 114, 113, 121, 122, 129, 121, 127, 126, 128, 130, 133, 132, 131, 134, 134, 135, 137, 137, 136, 138, 137, 138, 138, 134, 137, 135, 139, 137, 137, 138, 139, 153, 138, 138, 135, 138, 138, 140, 141, 140, 139, 142, 141, 139, 140, 139, 140, 138, 139, 141, 143, 141, 140, 139, 140, 142, 144, 141, 140, 141, 140, 143, 143, 142, 144, 142, 142, 143, 145, 143, 144, 143, 148, 146, 151, 148, 148, 150, 146, 148, 148, 149, 147, 147, 145, 145, 144, 143, 145, 142, 138, 137, 136, 133, 133, 135, 133, 133, 133, 131, 130, 132, 129, 129, 128, 132, 131, 146, 146, 131, 131, 133, 130, 133, 130, 129, 134, 153, 130, 153, 131, 132, 133, 129, 130, 130, 131, 133, 152, 129, 149, 130, 128, 126, 128, 125, 124, 123, 119, 150, 117, 144, 114, 112, 108, 106, 105, 102, 100, 98, 96, 92, 97, 89, 90, 85, 82, 79, 79, 76, 74, 79, 70, 81, 67, 78, 64, 63, 60, 59, 74, 57, 54, 56, 77, 53, 77, 52, 50, 49, 49, 49, 47, 45, 46, 65, 68, 70, 43, 63, 50, 44, 43, 42, 43, 42, 60, 41, 75, 42, 72, 58, 41]",128000000,500000,1224006250,42,0
0,2,0,"[41, 42, 40, 42, 41, 41, 41, 40, 45, 40, 39, 42, 41, 43, 42, 45, 41, 42, 45, 42, 48, 42, 43, 48, 44, 51, 46, 45, 51, 51, 56, 53, 98, 57, 71, 52, 51, 59, 49, 61, 54, 52, 69, 52, 55, 55, 53, 63, 58, 60, 64, 64, 69, 69, 76, 75, 80, 90, 88, 103, 88, 92, 116, 102, 131, 114, 116, 119, 126, 141, 130, 153, 132, 138, 150, 136, 154, 140, 141, 148, 142, 151, 144, 144, 144, 140, 141, 138, 139, 140, 138, 138, 138, 138, 137, 138, 141, 138, 139, 138, 138, 137, 138, 137, 137, 141, 138, 139, 140, 145, 147, 149, 147, 145, 141, 141, 141, 142, 140, 142, 141, 143, 142, 146, 144, 142, 142, 147, 145, 143, 146, 142, 142, 147, 142, 143, 140, 143, 143, 142, 144, 142, 140, 141, 140, 139, 140, 138, 139, 141, 139, 138, 139, 138, 136, 138, 139, 137, 139, 137, 141, 138, 142, 138, 138, 135, 135, 138, 138, 139, 137, 139, 139, 138, 139, 139, 139, 137, 137, 137, 136, 135, 133, 132, 130, 130, 128, 125, 123, 119, 117, 114, 110, 105, 102, 100, 94, 89, 84, 85, 75, 70, 65, 64, 61, 58, 60, 57, 58, 53, 55, 52, 53, 53, 53, 53, 51, 51, 51, 48, 52, 48, 48, 48, 49, 45, 48, 45, 45, 44, 47, 45, 53, 44, 44, 43, 41, 46, 41, 41, 47, 41, 43, 41, 40, 42, 40, 44, 39, 42, 41, 40, 41, 39, 45, 40]",128000000,500000,1583461250,45,0,"[46, 43, 44, 44, 51, 46, 52, 45, 48, 48, 47, 49, 51, 51, 53, 56, 54, 58, 57, 56, 59, 62, 61, 62, 111, 64, 64, 67, 71, 68, 71, 73, 74, 77, 78, 79, 80, 81, 84, 87, 88, 91, 92, 95, 95, 97, 98, 101, 102, 104, 107, 109, 112, 113, 117, 123, 119, 134, 123, 127, 126, 126, 129, 135, 132, 132, 133, 135, 134, 135, 136, 136, 138, 138, 137, 137, 137, 139, 137, 140, 138, 138, 138, 137, 137, 137, 136, 138, 138, 139, 140, 138, 140, 140, 151, 140, 139, 139, 139, 141, 140, 139, 141, 141, 140, 140, 142, 139, 142, 140, 141, 143, 142, 143, 141, 143, 143, 143, 143, 142, 142, 143, 142, 142, 144, 147, 146, 147, 147, 146, 147, 146, 149, 147, 148, 148, 146, 148, 144, 143, 143, 139, 141, 139, 136, 139, 135, 136, 133, 132, 132, 131, 133, 132, 131, 129, 130, 127, 131, 129, 130, 131, 128, 127, 126, 127, 145, 127, 149, 127, 147, 125, 126, 127, 128, 128, 129, 130, 129, 149, 129, 148, 128, 129, 130, 128, 126, 127, 124, 124, 144, 123, 140, 118, 115, 112, 111, 109, 108, 106, 102, 102, 98, 97, 95, 89, 90, 88, 84, 81, 78, 78, 77, 74, 76, 68, 71, 67, 66, 63, 62, 61, 59, 59, 56, 61, 55, 62, 53, 51, 50, 50, 49, 48, 46, 45, 52, 46, 55, 66, 46, 83, 66, 43, 42, 43, 41, 45, 41, 53, 42, 46, 43, 40, 42, 43]",128000000,500000,1224006250,42,0
0,2,0,"[40, 39, 40, 39, 40, 40, 40, 41, 41, 40, 41, 40, 41, 40, 42, 40, 41, 42, 42, 42, 42, 42, 43, 44, 45, 45, 43, 44, 49, 45, 48, 63, 100, 59, 70, 53, 52, 58, 50, 57, 63, 52, 50, 57, 55, 63, 56, 56, 58, 60, 64, 65, 69, 65, 72, 73, 74, 76, 77, 83, 84, 90, 94, 100, 103, 108, 112, 117, 123, 122, 125, 130, 129, 132, 134, 135, 149, 137, 140, 139, 141, 142, 143, 144, 143, 140, 139, 137, 140, 138, 139, 137, 139, 139, 139, 139, 139, 139, 138, 137, 140, 138, 138, 138, 138, 141, 138, 139, 141, 144, 148, 147, 147, 147, 141, 141, 141, 142, 142, 141, 144, 142, 143, 142, 144, 144, 143, 156, 145, 144, 145, 141, 144, 147, 142, 142, 143, 142, 143, 144, 141, 141, 141, 140, 139, 139, 141, 140, 139, 141, 137, 140, 143, 138, 137, 136, 140, 138, 137, 136, 138, 137, 135, 136, 136, 135, 138, 137, 138, 137, 137, 140, 138, 139, 139, 139, 138, 138, 139, 138, 137, 134, 134, 132, 131, 129, 127, 124, 120, 118, 117, 113, 109, 106, 103, 100, 95, 90, 93, 80, 76, 70, 65, 62, 60, 57, 57, 57, 56, 54, 53, 54, 54, 52, 49, 51, 50, 49, 49, 48, 51, 46, 48, 45, 51, 46, 46, 46, 44, 43, 44, 43, 49, 45, 42, 41, 42, 41, 41, 41, 42, 40, 41, 42, 40, 42, 40, 41, 40, 42, 40, 41, 40, 39, 40, 39]",128000000,500000,1583461250,45,0,"[45, 45, 49, 44, 49, 45, 45, 47, 48, 48, 48, 49, 51, 55, 55, 60, 56, 54, 56, 59, 62, 59, 61, 62, 66, 65, 66, 66, 73, 69, 71, 74, 73, 75, 77, 77, 80, 85, 85, 84, 86, 89, 91, 93, 98, 97, 99, 101, 103, 106, 108, 109, 110, 113, 114, 125, 121, 123, 124, 127, 126, 125, 129, 131, 130, 133, 134, 133, 133, 137, 136, 135, 136, 136, 138, 138, 138, 137, 139, 138, 137, 139, 139, 139, 139, 137, 137, 137, 138, 140, 138, 140, 140, 140, 141, 141, 140, 140, 141, 141, 140, 139, 141, 140, 141, 141, 140, 141, 141, 143, 142, 142, 143, 142, 142, 142, 142, 144, 143, 142, 142, 145, 142, 145, 146, 145, 145, 152, 147, 146, 146, 147, 146, 145, 150, 146, 145, 142, 144, 143, 141, 141, 139, 141, 137, 135, 137, 134, 134, 133, 132, 132, 132, 131, 131, 129, 129, 129, 131, 129, 129, 128, 129, 126, 127, 126, 147, 126, 126, 126, 126, 127, 126, 125, 127, 141, 126, 145, 127, 149, 127, 128, 129, 128, 126, 127, 126, 127, 146, 125, 123, 122, 120, 117, 115, 114, 110, 111, 107, 108, 101, 102, 96, 96, 94, 89, 89, 86, 84, 82, 81, 76, 77, 73, 73, 70, 68, 66, 64, 64, 60, 61, 60, 62, 54, 59, 56, 53, 51, 49, 49, 48, 47, 48, 55, 46, 54, 45, 45, 66, 44, 43, 43, 59, 42, 43, 41, 49, 42, 47, 40, 41, 40, 42, 43, 42]",128000000,500000,1224006250,42,0
0,2,0,"[41, 40, 39, 39, 40, 41, 42, 39, 40, 42, 41, 40, 38, 39, 39, 41, 41, 40, 42, 42, 40, 42, 42, 44, 43, 44, 44, 46, 55, 47, 52, 53, 94, 52, 71, 59, 48, 53, 49, 52, 56, 52, 55, 58, 54, 62, 56, 56, 60, 59, 64, 70, 69, 67, 71, 70, 78, 74, 78, 80, 83, 86, 95, 100, 105, 109, 113, 120, 124, 124, 126, 129, 130, 131, 133, 135, 141, 139, 138, 139, 141, 140, 144, 143, 141, 139, 138, 140, 138, 139, 138, 137, 140, 138, 137, 138, 137, 138, 139, 138, 137, 138, 138, 138, 138, 140, 137, 137, 139, 143, 145, 147, 147, 145, 141, 139, 140, 141, 141, 141, 143, 142, 142, 144, 142, 143, 143, 149, 144, 143, 142, 142, 142, 146, 142, 142, 142, 142, 142, 142, 143, 141, 140, 140, 140, 139, 140, 138, 138, 139, 136, 137, 138, 136, 136, 138, 136, 135, 135, 136, 139, 136, 138, 136, 135, 137, 135, 137, 136, 136, 138, 138, 139, 138, 138, 137, 139, 137, 138, 137, 135, 134, 135, 133, 130, 128, 126, 125, 122, 119, 116, 113, 109, 106, 101, 100, 95, 89, 83, 79, 75, 69, 65, 62, 61, 59, 58, 57, 55, 56, 55, 53, 53, 54, 50, 49, 51, 48, 50, 46, 51, 49, 48, 47, 48, 46, 47, 45, 45, 45, 44, 43, 47, 46, 42, 41, 41, 42, 43, 42, 42, 41, 40, 41, 41, 40, 41, 40, 39, 40, 39, 41, 40, 39, 40, 40]",128000000,500000,1583461250,45,0,"[58, 43, 47, 45, 45, 47, 47, 47, 49, 52, 50, 51, 49, 53, 53, 53, 54, 55, 55, 58, 59, 59, 63, 64, 64, 64, 64, 65, 70, 72, 72, 75, 75, 76, 78, 79, 80, 101, 83, 86, 88, 91, 92, 94, 96, 97, 99, 100, 103, 105, 107, 109, 111, 112, 116, 120, 122, 133, 121, 129, 126, 127, 129, 130, 130, 132, 134, 134, 134, 136, 137, 134, 137, 137, 137, 137, 136, 137, 138, 138, 139, 137, 137, 137, 137, 140, 137, 138, 137, 140, 139, 138, 139, 141, 141, 141, 140, 140, 141, 141, 142, 141, 140, 141, 141, 142, 141, 139, 141, 141, 141, 141, 143, 144, 142, 142, 141, 144, 143, 144, 144, 144, 144, 144, 145, 145, 145, 152, 145, 144, 147, 146, 146, 147, 150, 147, 143, 146, 144, 142, 143, 139, 141, 139, 138, 136, 136, 136, 133, 133, 133, 132, 132, 131, 130, 130, 129, 128, 131, 127, 131, 128, 142, 128, 143, 128, 141, 126, 126, 126, 127, 126, 127, 126, 125, 141, 127, 127, 126, 131, 127, 129, 128, 129, 135, 129, 141, 128, 143, 124, 124, 122, 120, 118, 117, 113, 113, 119, 107, 106, 104, 100, 98, 96, 92, 92, 89, 85, 84, 82, 82, 77, 75, 73, 73, 76, 69, 65, 65, 65, 62, 62, 59, 59, 56, 55, 56, 52, 52, 51, 49, 50, 51, 47, 50, 47, 47, 45, 45, 67, 44, 44, 109, 73, 42, 44, 39, 43, 41, 42, 42, 42, 42, 48, 71, 43]",128000000,500000,1224006250,42,0
0,2,0,"[40, 39, 40, 39, 39, 40, 40, 38, 40, 41, 39, 39, 41, 40, 40, 41, 42, 41, 40, 43, 42, 42, 42, 43, 42, 45, 48, 51, 47, 47, 48, 55, 97, 55, 72, 49, 63, 50, 55, 55, 52, 60, 53, 53, 56, 72, 54, 59, 63, 58, 62, 65, 68, 66, 71, 68, 75, 76, 76, 80, 84, 88, 94, 102, 103, 108, 113, 119, 122, 123, 126, 128, 130, 132, 132, 134, 138, 136, 136, 139, 140, 141, 143, 143, 140, 138, 138, 138, 139, 137, 136, 138, 139, 139, 138, 138, 139, 138, 138, 140, 140, 139, 139, 139, 140, 139, 140, 139, 141, 143, 147, 148, 147, 143, 141, 139, 140, 141, 140, 140, 139, 143, 142, 140, 143, 143, 144, 148, 144, 142, 142, 143, 143, 148, 142, 142, 142, 142, 144, 140, 143, 141, 140, 139, 139, 139, 140, 138, 138, 136, 138, 137, 138, 137, 135, 136, 137, 137, 137, 136, 137, 135, 137, 137, 135, 137, 137, 135, 139, 138, 139, 139, 139, 138, 138, 139, 139, 139, 138, 137, 137, 135, 133, 132, 130, 127, 127, 122, 123, 120, 116, 113, 109, 107, 102, 98, 94, 88, 83, 80, 74, 69, 65, 63, 60, 60, 57, 57, 55, 55, 55, 53, 52, 53, 51, 49, 49, 50, 49, 47, 51, 48, 47, 46, 49, 47, 47, 44, 45, 43, 43, 43, 48, 42, 42, 41, 43, 41, 43, 42, 39, 40, 41, 42, 39, 41, 40, 40, 38, 41, 38, 41, 39, 41, 42, 39]",128000000,500000,1583461250,45,0,"[53, 43, 44, 44, 45, 45, 46, 47, 47, 53, 48, 54, 49, 51, 54, 52, 83, 56, 55, 59, 60, 59, 63, 63, 64, 63, 63, 71, 69, 68, 71, 75, 74, 75, 76, 80, 81, 83, 84, 87, 86, 89, 93, 95, 95, 97, 98, 102, 104, 104, 107, 109, 113, 115, 118, 153, 121, 123, 124, 129, 126, 127, 127, 129, 132, 132, 134, 135, 133, 134, 136, 136, 136, 137, 137, 135, 137, 136, 136, 138, 137, 136, 136, 138, 137, 138, 138, 136, 137, 139, 138, 138, 140, 140, 142, 140, 139, 139, 141, 141, 141, 141, 140, 139, 141, 141, 141, 141, 142, 141, 141, 142, 142, 143, 143, 143, 142, 143, 145, 144, 144, 145, 144, 145, 145, 143, 145, 149, 146, 146, 147, 147, 145, 148, 149, 147, 146, 143, 142, 142, 141, 140, 138, 138, 137, 136, 135, 133, 134, 131, 132, 130, 130, 131, 129, 127, 127, 127, 131, 126, 132, 128, 150, 126, 125, 125, 125, 126, 125, 128, 126, 142, 125, 150, 127, 127, 126, 127, 127, 128, 128, 128, 148, 127, 148, 127, 127, 127, 125, 124, 123, 123, 121, 128, 116, 141, 113, 111, 107, 104, 102, 100, 97, 96, 94, 90, 90, 86, 87, 81, 80, 76, 74, 74, 71, 70, 67, 68, 64, 71, 61, 61, 57, 58, 56, 54, 54, 52, 53, 50, 60, 48, 60, 60, 46, 45, 46, 46, 46, 65, 44, 82, 59, 49, 42, 43, 41, 42, 42, 42, 40, 40, 49, 43, 70, 42]",128000000,500000,1224006250,42,0
0,2,0,"[40, 39, 40, 40, 39, 39, 40, 40, 41, 41, 41, 40, 42, 39, 41, 41, 43, 41, 41, 42, 42, 43, 43, 43, 42, 46, 47, 44, 51, 49, 49, 51, 96, 52, 68, 47, 47, 53, 51, 56, 50, 50, 59, 62, 56, 53, 53, 57, 59, 61, 67, 64, 67, 70, 69, 71, 72, 73, 80, 80, 85, 87, 94, 99, 103, 108, 112, 120, 122, 123, 125, 129, 130, 132, 132, 135, 140, 139, 139, 139, 140, 142, 146, 144, 142, 139, 140, 140, 139, 139, 138, 139, 139, 138, 137, 138, 138, 138, 137, 138, 136, 136, 138, 137, 138, 139, 138, 138, 141, 145, 146, 148, 148, 144, 142, 140, 142, 141, 140, 141, 143, 144, 143, 141, 144, 142, 143, 150, 143, 143, 144, 143, 141, 147, 143, 141, 142, 141, 142, 142, 143, 141, 138, 140, 140, 140, 138, 139, 137, 137, 137, 136, 135, 137, 136, 137, 135, 136, 137, 135, 138, 136, 137, 136, 136, 137, 136, 137, 137, 138, 138, 140, 139, 139, 139, 141, 139, 139, 137, 136, 137, 135, 134, 132, 130, 128, 125, 123, 120, 118, 116, 111, 109, 105, 102, 99, 94, 122, 86, 78, 74, 69, 66, 62, 62, 57, 58, 56, 56, 55, 53, 52, 53, 51, 51, 51, 51, 49, 48, 48, 52, 48, 47, 47, 50, 46, 47, 44, 44, 43, 44, 44, 50, 45, 41, 42, 42, 43, 42, 40, 41, 40, 41, 42, 39, 39, 38, 40, 40, 40, 39, 41, 39, 39, 41, 40]",128000000,500000,1583461250,45,0,"[42, 45, 44, 42, 43, 46, 43, 55, 46, 54, 50, 50, 49, 54, 52, 51, 54, 57, 64, 60, 63, 60, 64, 63, 65, 65, 66, 66, 71, 70, 72, 74, 74, 76, 77, 80, 81, 81, 84, 86, 90, 92, 92, 95, 96, 96, 98, 101, 102, 105, 107, 108, 111, 111, 114, 122, 124, 135, 123, 126, 125, 126, 128, 129, 130, 131, 132, 132, 135, 135, 136, 134, 135, 136, 137, 137, 136, 134, 137, 138, 138, 137, 135, 137, 137, 138, 137, 137, 137, 138, 138, 139, 141, 142, 145, 141, 139, 141, 140, 139, 141, 139, 142, 141, 140, 142, 140, 141, 141, 141, 140, 142, 141, 141, 142, 143, 143, 143, 144, 143, 144, 145, 144, 144, 145, 145, 147, 150, 147, 146, 146, 145, 145, 149, 148, 147, 142, 143, 143, 140, 141, 139, 140, 137, 135, 135, 135, 133, 132, 131, 132, 130, 128, 129, 131, 129, 129, 129, 132, 129, 135, 127, 127, 129, 128, 128, 127, 128, 129, 151, 128, 150, 128, 129, 128, 129, 126, 127, 128, 130, 138, 127, 151, 126, 127, 127, 127, 125, 124, 123, 123, 148, 119, 144, 116, 115, 112, 110, 107, 105, 102, 101, 99, 95, 94, 88, 92, 86, 85, 83, 81, 77, 76, 74, 72, 75, 69, 72, 65, 65, 62, 60, 57, 56, 56, 54, 59, 53, 63, 52, 58, 49, 48, 49, 46, 45, 46, 43, 48, 69, 43, 78, 84, 41, 44, 43, 42, 41, 41, 41, 53, 41, 56, 42, 48, 41]",128000000,500000,1224006250,42,0
0,2,0,"[40, 39, 41, 39, 39, 40, 41, 38, 41, 41, 40, 40, 41, 40, 41, 40, 42, 41, 42, 43, 43, 39, 43, 44, 43, 44, 44, 45, 49, 46, 47, 54, 101, 58, 70, 49, 58, 53, 62, 51, 53, 53, 50, 53, 52, 60, 56, 56, 67, 67, 62, 66, 66, 67, 70, 70, 72, 75, 78, 80, 83, 88, 99, 100, 107, 107, 111, 118, 121, 124, 125, 129, 130, 132, 133, 135, 139, 138, 137, 140, 140, 142, 145, 144, 141, 140, 140, 140, 139, 138, 138, 138, 138, 137, 138, 137, 138, 138, 139, 137, 138, 138, 137, 138, 139, 140, 139, 139, 140, 145, 147, 149, 148, 145, 143, 141, 142, 140, 141, 142, 141, 143, 142, 141, 142, 140, 142, 153, 144, 144, 141, 142, 142, 146, 142, 142, 140, 142, 143, 143, 144, 143, 143, 139, 140, 139, 140, 141, 139, 139, 139, 137, 136, 137, 138, 137, 136, 134, 135, 137, 139, 136, 136, 137, 136, 134, 136, 138, 138, 139, 138, 138, 138, 138, 140, 140, 138, 138, 137, 139, 136, 136, 133, 131, 130, 128, 128, 123, 122, 118, 114, 112, 109, 106, 100, 98, 94, 89, 85, 78, 75, 70, 66, 63, 60, 58, 57, 56, 55, 55, 54, 52, 52, 53, 51, 51, 51, 49, 49, 48, 50, 48, 48, 45, 49, 47, 48, 45, 44, 44, 43, 44, 47, 43, 42, 43, 42, 41, 41, 43, 40, 41, 41, 42, 42, 40, 40, 42, 40, 40, 41, 40, 39, 42, 40, 39]",128000000,500000,1583461250,45,0,"[42, 44, 45, 54, 44, 57, 47, 63, 47, 48, 51, 50, 51, 53, 54, 53, 64, 55, 64, 59, 59, 60, 63, 63, 62, 65, 65, 71, 72, 101, 70, 75, 76, 75, 80, 78, 85, 84, 84, 87, 88, 89, 92, 93, 96, 97, 99, 99, 102, 104, 107, 107, 112, 111, 115, 125, 129, 131, 124, 128, 125, 127, 127, 130, 130, 130, 132, 134, 147, 133, 135, 136, 137, 137, 137, 135, 137, 135, 137, 138, 137, 137, 137, 137, 136, 138, 139, 139, 138, 138, 139, 140, 141, 140, 145, 142, 139, 139, 140, 140, 140, 139, 141, 140, 140, 142, 141, 138, 141, 141, 139, 142, 143, 143, 143, 143, 143, 143, 145, 143, 143, 145, 145, 145, 146, 150, 147, 148, 149, 148, 149, 146, 148, 148, 147, 147, 143, 144, 143, 144, 143, 139, 139, 136, 136, 137, 132, 134, 132, 132, 131, 132, 133, 132, 130, 129, 128, 129, 132, 129, 126, 128, 127, 129, 129, 128, 128, 151, 127, 150, 127, 126, 126, 127, 128, 128, 126, 129, 151, 129, 152, 126, 129, 129, 130, 127, 125, 124, 124, 148, 123, 149, 119, 117, 116, 114, 111, 108, 107, 104, 104, 100, 101, 95, 98, 90, 87, 90, 83, 81, 79, 77, 76, 79, 71, 77, 69, 69, 66, 63, 61, 61, 60, 58, 62, 55, 74, 53, 60, 51, 50, 47, 47, 49, 45, 49, 45, 59, 44, 73, 44, 71, 44, 42, 43, 43, 71, 42, 58, 40, 61, 43, 46, 41, 42, 43]",128000000,500000,1224006250,42,0
0,2,0,"[40, 38, 40, 40, 40, 39, 40, 40, 39, 40, 40, 41, 41, 41, 41, 40, 42, 42, 40, 42, 42, 40, 43, 44, 44, 46, 44, 45, 49, 45, 47, 52, 98, 58, 69, 50, 52, 52, 47, 50, 63, 59, 63, 51, 65, 54, 61, 56, 61, 66, 73, 66, 66, 71, 69, 75, 74, 79, 81, 80, 83, 88, 96, 100, 103, 107, 111, 119, 123, 122, 126, 128, 130, 131, 134, 134, 140, 136, 138, 139, 142, 143, 144, 145, 142, 141, 138, 139, 137, 139, 139, 138, 139, 137, 137, 136, 140, 137, 137, 139, 137, 137, 136, 137, 139, 138, 137, 139, 140, 145, 147, 147, 149, 147, 142, 141, 139, 143, 140, 141, 141, 142, 141, 143, 142, 142, 140, 157, 142, 142, 144, 141, 142, 148, 142, 142, 140, 141, 143, 143, 142, 143, 140, 139, 140, 138, 137, 138, 137, 137, 137, 137, 136, 136, 135, 137, 136, 136, 136, 135, 139, 136, 135, 136, 135, 136, 137, 137, 136, 137, 138, 138, 139, 139, 139, 140, 140, 139, 137, 137, 136, 134, 133, 131, 129, 129, 126, 125, 121, 119, 114, 111, 108, 105, 101, 98, 93, 90, 85, 78, 74, 68, 65, 64, 60, 58, 57, 57, 55, 55, 54, 54, 52, 52, 51, 51, 49, 48, 49, 50, 52, 47, 46, 46, 50, 45, 45, 44, 43, 44, 44, 45, 48, 44, 42, 41, 44, 42, 42, 42, 40, 41, 39, 41, 41, 39, 41, 40, 40, 39, 39, 39, 39, 41, 39, 40]",128000000,500000,1583461250,45,0,"[43, 59, 43, 59, 44, 52, 47, 46, 75, 48, 51, 50, 53, 51, 56, 54, 59, 56, 55, 63, 65, 62, 58, 62, 63, 68, 65, 70, 70, 69, 71, 73, 74, 75, 77, 78, 80, 81, 86, 87, 86, 89, 93, 93, 95, 97, 99, 142, 102, 103, 105, 109, 110, 113, 115, 121, 122, 125, 122, 126, 124, 126, 126, 131, 131, 132, 132, 133, 135, 135, 136, 135, 135, 135, 136, 137, 137, 135, 137, 137, 136, 137, 135, 137, 135, 136, 136, 138, 138, 140, 139, 139, 140, 140, 147, 141, 141, 139, 140, 140, 141, 140, 141, 141, 140, 142, 139, 142, 139, 141, 140, 142, 144, 141, 143, 142, 144, 143, 141, 143, 143, 143, 145, 147, 146, 146, 148, 150, 147, 148, 145, 147, 145, 148, 149, 147, 144, 144, 143, 141, 140, 139, 139, 137, 137, 135, 135, 135, 132, 132, 130, 130, 129, 128, 128, 129, 130, 127, 131, 127, 125, 128, 129, 129, 128, 148, 127, 153, 127, 131, 128, 127, 127, 127, 129, 128, 152, 127, 150, 131, 129, 128, 128, 129, 128, 128, 126, 145, 125, 150, 124, 119, 118, 115, 114, 113, 110, 108, 111, 104, 105, 100, 97, 95, 92, 90, 88, 87, 83, 82, 80, 80, 76, 83, 72, 72, 68, 67, 65, 63, 60, 61, 66, 58, 64, 78, 60, 53, 52, 51, 49, 49, 48, 50, 50, 69, 45, 59, 44, 65, 43, 68, 42, 43, 49, 42, 50, 46, 48, 40, 45, 41, 42, 43, 58, 43]",128000000,500000,1224006250,42,0
0,2,0,"[40, 40, 39, 39, 39, 40, 39, 41, 41, 38, 40, 40, 42, 42, 39, 41, 41, 42, 41, 43, 43, 41, 42, 45, 43, 44, 44, 45, 47, 47, 49, 50, 96, 55, 71, 48, 54, 55, 51, 50, 70, 54, 60, 54, 58, 60, 58, 60, 59, 61, 63, 66, 72, 71, 69, 72, 74, 74, 79, 81, 85, 88, 94, 99, 103, 108, 113, 118, 124, 123, 127, 128, 128, 132, 132, 133, 137, 136, 136, 139, 141, 142, 144, 144, 142, 139, 137, 138, 138, 139, 140, 140, 140, 137, 139, 140, 138, 137, 139, 137, 137, 139, 137, 136, 138, 139, 138, 138, 139, 145, 147, 149, 148, 145, 142, 139, 139, 142, 141, 142, 141, 143, 143, 143, 143, 141, 143, 150, 143, 143, 143, 142, 142, 148, 143, 142, 141, 144, 142, 142, 142, 142, 142, 140, 139, 138, 139, 138, 136, 137, 138, 136, 136, 136, 137, 135, 136, 134, 136, 135, 137, 134, 136, 136, 136, 137, 136, 138, 137, 139, 139, 138, 140, 139, 139, 139, 140, 138, 137, 137, 136, 134, 132, 132, 130, 128, 126, 125, 120, 118, 116, 112, 109, 105, 101, 99, 94, 93, 84, 80, 72, 69, 66, 63, 61, 59, 57, 57, 55, 55, 54, 53, 53, 53, 51, 51, 52, 49, 49, 49, 51, 46, 48, 46, 50, 46, 49, 44, 44, 43, 44, 43, 48, 43, 43, 45, 41, 39, 41, 42, 40, 40, 41, 41, 40, 39, 40, 40, 39, 41, 40, 39, 41, 39, 39, 40]",128000000,500000,1583461250,45,0,"[42, 63, 44, 51, 44, 46, 46, 45, 50, 48, 61, 51, 66, 52, 67, 55, 56, 59, 55, 55, 59, 61, 63, 69, 64, 73, 63, 66, 70, 68, 72, 72, 73, 77, 79, 81, 82, 83, 85, 86, 87, 90, 93, 93, 95, 96, 98, 101, 102, 104, 108, 107, 111, 114, 116, 123, 126, 126, 119, 129, 125, 129, 128, 129, 130, 132, 132, 133, 134, 134, 135, 133, 135, 137, 135, 136, 136, 136, 137, 137, 137, 137, 136, 137, 134, 137, 137, 137, 137, 138, 139, 138, 140, 139, 142, 141, 139, 140, 139, 139, 141, 138, 141, 139, 139, 140, 136, 141, 139, 142, 141, 142, 143, 141, 141, 141, 141, 141, 143, 142, 149, 145, 145, 145, 146, 149, 145, 148, 145, 147, 148, 145, 147, 149, 152, 150, 143, 144, 142, 142, 143, 136, 138, 136, 135, 134, 137, 135, 132, 132, 131, 131, 129, 129, 130, 132, 129, 127, 130, 130, 128, 125, 127, 153, 126, 153, 129, 128, 128, 128, 126, 128, 127, 129, 153, 129, 152, 127, 129, 128, 129, 127, 127, 129, 127, 151, 126, 153, 125, 123, 123, 120, 118, 119, 116, 112, 146, 109, 116, 104, 104, 99, 97, 95, 92, 90, 88, 86, 84, 90, 81, 87, 77, 72, 72, 69, 68, 67, 64, 64, 72, 59, 74, 58, 66, 54, 56, 52, 52, 49, 49, 57, 48, 74, 45, 63, 44, 45, 44, 68, 44, 43, 109, 41, 68, 40, 68, 41, 48, 43, 39, 41, 41, 44, 73, 59]",128000000,500000,1224006250,42,0
0,2,0,"[40, 42, 39, 39, 40, 42, 40, 39, 40, 40, 40, 40, 40, 40, 40, 41, 40, 42, 43, 41, 42, 42, 42, 44, 43, 43, 44, 45, 48, 49, 49, 54, 95, 53, 69, 60, 54, 54, 50, 59, 56, 52, 50, 52, 54, 57, 55, 56, 58, 62, 64, 65, 65, 66, 70, 72, 75, 75, 77, 81, 84, 86, 95, 99, 103, 108, 112, 118, 122, 123, 126, 129, 131, 132, 134, 134, 137, 137, 136, 136, 142, 143, 142, 142, 141, 138, 138, 138, 138, 138, 140, 138, 139, 139, 138, 139, 137, 138, 139, 136, 138, 137, 137, 137, 139, 139, 138, 139, 141, 143, 149, 150, 147, 146, 141, 141, 140, 141, 140, 141, 140, 141, 141, 141, 142, 141, 141, 145, 144, 142, 141, 143, 142, 149, 144, 143, 141, 142, 144, 145, 143, 143, 142, 141, 139, 139, 141, 141, 140, 140, 137, 137, 136, 137, 136, 135, 137, 136, 134, 136, 139, 137, 136, 135, 134, 136, 137, 135, 136, 138, 139, 137, 139, 140, 139, 140, 138, 137, 139, 139, 139, 135, 133, 132, 130, 129, 126, 125, 123, 118, 115, 111, 110, 106, 101, 97, 92, 90, 83, 79, 75, 69, 65, 61, 60, 56, 58, 56, 56, 54, 54, 54, 53, 52, 51, 52, 49, 49, 49, 48, 52, 48, 48, 45, 50, 45, 48, 45, 44, 41, 44, 42, 48, 43, 44, 43, 43, 41, 40, 40, 40, 42, 39, 40, 40, 41, 40, 42, 41, 41, 40, 38, 41, 40, 38, 39]",128000000,500000,1583461250,45,0,"[48, 50, 44, 46, 46, 44, 48, 47, 60, 49, 66, 54, 60, 53, 53, 57, 57, 55, 57, 59, 59, 93, 62, 69, 68, 67, 68, 67, 68, 69, 71, 72, 79, 75, 80, 78, 80, 83, 84, 86, 89, 88, 90, 92, 94, 96, 97, 101, 103, 103, 107, 107, 111, 112, 115, 125, 119, 123, 122, 128, 142, 127, 129, 131, 132, 132, 134, 131, 135, 133, 137, 136, 136, 136, 136, 136, 137, 136, 136, 137, 135, 135, 135, 135, 136, 137, 136, 137, 136, 136, 136, 138, 138, 137, 141, 138, 139, 137, 138, 137, 138, 137, 136, 140, 139, 139, 139, 138, 142, 141, 142, 142, 142, 141, 141, 140, 142, 143, 143, 144, 144, 145, 146, 146, 149, 149, 147, 152, 148, 151, 151, 150, 150, 151, 155, 152, 148, 146, 146, 142, 143, 141, 141, 138, 138, 135, 132, 135, 131, 133, 132, 130, 129, 129, 127, 128, 129, 128, 131, 126, 128, 143, 127, 151, 127, 127, 126, 128, 127, 127, 126, 125, 151, 127, 149, 130, 130, 128, 127, 128, 129, 129, 130, 153, 129, 150, 126, 125, 126, 125, 122, 121, 118, 118, 142, 111, 144, 107, 107, 103, 102, 98, 98, 93, 92, 91, 88, 92, 84, 86, 79, 77, 77, 74, 73, 69, 69, 66, 73, 63, 74, 62, 61, 57, 56, 55, 55, 52, 53, 60, 50, 64, 49, 61, 45, 45, 46, 45, 82, 67, 43, 43, 113, 43, 63, 45, 44, 41, 41, 42, 42, 41, 41, 64, 42, 58]",128000000,500000,1224006250,42,0
0,2,0,"[39, 41, 40, 39, 41, 39, 41, 40, 40, 40, 39, 40, 39, 40, 40, 41, 41, 41, 41, 42, 42, 43, 43, 44, 41, 43, 44, 45, 48, 51, 49, 48, 95, 57, 69, 51, 50, 51, 55, 50, 50, 53, 52, 52, 53, 67, 56, 63, 66, 59, 62, 70, 65, 69, 71, 72, 73, 74, 80, 80, 83, 88, 94, 99, 104, 109, 112, 119, 123, 122, 126, 128, 130, 132, 132, 134, 136, 135, 138, 139, 142, 140, 141, 142, 142, 139, 138, 138, 140, 137, 138, 139, 138, 137, 138, 139, 139, 138, 138, 138, 139, 138, 137, 139, 138, 139, 140, 138, 140, 146, 148, 149, 147, 146, 142, 140, 142, 141, 142, 140, 141, 141, 141, 142, 143, 142, 143, 148, 142, 142, 143, 143, 142, 148, 142, 142, 142, 142, 144, 143, 143, 141, 141, 142, 140, 140, 139, 137, 139, 137, 137, 137, 137, 137, 135, 137, 134, 137, 135, 134, 138, 136, 134, 138, 135, 135, 137, 136, 138, 138, 141, 139, 141, 138, 139, 139, 139, 139, 138, 138, 139, 136, 136, 132, 132, 128, 126, 123, 120, 118, 115, 112, 109, 106, 100, 97, 92, 107, 85, 77, 75, 72, 65, 61, 60, 59, 58, 55, 55, 55, 54, 54, 53, 52, 51, 50, 51, 49, 51, 47, 50, 47, 47, 47, 48, 45, 48, 44, 45, 44, 42, 44, 47, 45, 42, 41, 42, 43, 43, 41, 40, 41, 39, 40, 41, 40, 39, 40, 40, 40, 41, 39, 39, 39, 39, 41]",128000000,500000,1583461250,45,0,"[70, 45, 43, 45, 45, 45, 66, 47, 77, 49, 58, 53, 52, 50, 55, 54, 55, 63, 56, 76, 58, 80, 61, 60, 64, 65, 67, 66, 69, 69, 81, 72, 79, 76, 78, 79, 81, 84, 86, 102, 87, 90, 92, 94, 93, 96, 97, 99, 102, 104, 104, 108, 110, 112, 115, 128, 119, 121, 120, 126, 125, 127, 129, 128, 129, 128, 131, 130, 135, 135, 135, 136, 136, 137, 136, 136, 135, 137, 135, 137, 136, 138, 137, 137, 136, 137, 136, 137, 138, 134, 137, 136, 139, 141, 143, 141, 142, 141, 139, 141, 138, 140, 136, 142, 140, 139, 140, 142, 143, 143, 142, 141, 142, 140, 144, 142, 145, 144, 143, 145, 145, 145, 144, 146, 144, 147, 142, 153, 148, 147, 151, 149, 148, 149, 151, 149, 147, 143, 144, 142, 143, 142, 137, 138, 136, 134, 135, 137, 132, 131, 131, 130, 131, 130, 129, 131, 128, 127, 132, 131, 127, 146, 129, 129, 126, 128, 127, 138, 131, 142, 155, 127, 153, 129, 128, 131, 128, 127, 128, 128, 130, 151, 128, 153, 126, 128, 124, 126, 124, 122, 121, 121, 149, 116, 150, 111, 110, 108, 106, 104, 101, 99, 98, 96, 93, 96, 88, 95, 85, 84, 81, 78, 76, 74, 72, 72, 88, 67, 86, 64, 64, 61, 59, 56, 55, 55, 55, 69, 52, 80, 50, 70, 49, 49, 47, 47, 46, 47, 53, 64, 83, 81, 79, 43, 43, 42, 42, 43, 43, 42, 39, 74, 42, 78, 77, 53]",128000000,500000,1224006250,42,0
0,2,0,"[40, 39, 39, 38, 41, 39, 41, 39, 39, 40, 41, 39, 40, 39, 42, 41, 41, 41, 40, 41, 43, 43, 43, 42, 43, 44, 45, 45, 49, 47, 49, 51, 96, 58, 70, 46, 48, 52, 60, 54, 52, 61, 61, 59, 58, 55, 58, 53, 61, 65, 68, 64, 68, 67, 69, 73, 73, 75, 80, 83, 84, 88, 93, 99, 105, 108, 113, 118, 122, 122, 125, 129, 130, 131, 133, 135, 136, 137, 137, 138, 140, 141, 143, 141, 140, 139, 139, 137, 138, 137, 136, 138, 139, 137, 138, 138, 138, 139, 137, 138, 138, 136, 138, 137, 139, 138, 138, 137, 141, 143, 147, 148, 147, 146, 141, 141, 141, 141, 142, 139, 142, 141, 141, 142, 142, 142, 143, 147, 141, 142, 143, 141, 142, 147, 143, 141, 140, 142, 143, 143, 141, 141, 142, 141, 139, 138, 138, 138, 138, 138, 137, 138, 135, 136, 135, 135, 136, 135, 134, 135, 138, 135, 134, 135, 135, 135, 135, 137, 138, 139, 139, 139, 140, 140, 139, 137, 141, 138, 138, 136, 139, 136, 135, 131, 129, 128, 126, 123, 121, 117, 114, 111, 108, 106, 101, 99, 94, 90, 84, 79, 75, 69, 66, 63, 62, 58, 57, 57, 56, 55, 55, 52, 53, 51, 52, 49, 51, 50, 49, 48, 51, 47, 50, 46, 51, 43, 47, 44, 43, 44, 43, 44, 50, 43, 42, 41, 40, 42, 41, 41, 40, 40, 41, 40, 40, 40, 40, 40, 39, 41, 39, 39, 39, 40, 40, 40]",128000000,500000,1583461250,45,0,"[45, 44, 43, 46, 55, 45, 59, 46, 56, 50, 49, 48, 51, 50, 53, 61, 54, 65, 63, 66, 61, 60, 61, 63, 63, 68, 65, 70, 75, 71, 75, 75, 75, 75, 76, 78, 80, 82, 83, 88, 89, 91, 91, 92, 96, 96, 98, 100, 103, 103, 105, 108, 109, 114, 115, 126, 121, 132, 121, 127, 126, 127, 128, 129, 130, 129, 132, 133, 134, 136, 135, 134, 136, 137, 135, 137, 136, 137, 138, 139, 139, 139, 137, 137, 137, 136, 140, 136, 138, 138, 139, 138, 139, 138, 142, 138, 140, 140, 139, 140, 139, 139, 140, 141, 140, 142, 140, 140, 143, 140, 140, 139, 141, 143, 140, 143, 142, 144, 143, 146, 144, 144, 143, 145, 146, 144, 146, 153, 147, 146, 144, 147, 148, 146, 147, 145, 145, 147, 143, 142, 140, 138, 138, 137, 137, 135, 132, 134, 132, 132, 133, 130, 133, 130, 132, 128, 130, 131, 133, 133, 130, 129, 129, 130, 130, 130, 127, 128, 150, 129, 153, 128, 131, 130, 130, 129, 129, 131, 130, 150, 129, 153, 127, 129, 127, 126, 126, 126, 124, 122, 147, 120, 147, 114, 115, 112, 111, 108, 107, 104, 100, 101, 98, 98, 94, 92, 89, 85, 84, 84, 81, 77, 74, 73, 79, 70, 77, 67, 66, 64, 62, 59, 59, 57, 55, 66, 54, 70, 51, 57, 49, 50, 48, 46, 45, 47, 54, 46, 62, 65, 62, 42, 44, 41, 48, 41, 42, 43, 42, 63, 42, 59, 42, 48, 42, 43]",128000000,500000,1224006250,42,0
0,2,0,"[38, 39, 41, 41, 40, 40, 40, 39, 40, 40, 41, 40, 39, 40, 42, 41, 39, 40, 41, 41, 42, 43, 44, 42, 43, 44, 43, 42, 48, 45, 46, 52, 98, 53, 73, 54, 46, 50, 48, 52, 59, 55, 76, 53, 55, 52, 54, 56, 57, 63, 63, 69, 69, 67, 70, 73, 75, 74, 78, 82, 84, 88, 93, 99, 105, 108, 113, 117, 123, 122, 126, 129, 129, 133, 133, 135, 142, 137, 136, 138, 142, 142, 144, 141, 142, 139, 138, 137, 139, 136, 138, 137, 136, 137, 137, 137, 138, 136, 137, 139, 138, 138, 137, 137, 139, 139, 139, 138, 141, 147, 148, 150, 152, 147, 142, 140, 140, 142, 142, 142, 141, 143, 142, 141, 140, 141, 142, 146, 142, 142, 143, 142, 142, 147, 143, 141, 141, 142, 144, 145, 143, 142, 141, 141, 139, 140, 139, 141, 138, 138, 138, 136, 137, 136, 135, 136, 135, 135, 135, 136, 138, 137, 136, 137, 135, 136, 136, 136, 137, 137, 138, 139, 139, 139, 139, 138, 139, 139, 137, 137, 135, 135, 134, 131, 131, 127, 127, 124, 121, 118, 115, 114, 108, 106, 101, 98, 93, 88, 92, 80, 75, 68, 66, 62, 60, 60, 57, 57, 54, 55, 54, 55, 52, 51, 51, 51, 49, 50, 49, 48, 51, 49, 48, 46, 50, 45, 47, 46, 44, 43, 42, 43, 48, 44, 42, 43, 44, 42, 41, 40, 41, 40, 39, 39, 40, 39, 39, 39, 41, 41, 40, 39, 39, 39, 40, 38]",128000000,500000,1583461250,45,0,"[43, 44, 78, 45, 84, 44, 69, 49, 51, 48, 48, 48, 51, 88, 55, 72, 57, 71, 57, 62, 63, 59, 63, 62, 67, 64, 79, 68, 85, 71, 72, 77, 76, 74, 78, 79, 81, 85, 84, 87, 87, 90, 92, 93, 94, 96, 100, 100, 101, 105, 105, 107, 129, 112, 114, 121, 120, 121, 121, 127, 124, 123, 128, 129, 130, 132, 133, 133, 134, 136, 137, 137, 133, 137, 134, 139, 137, 137, 138, 139, 136, 135, 140, 136, 140, 135, 138, 136, 139, 140, 141, 151, 140, 140, 142, 141, 136, 141, 138, 141, 141, 139, 141, 143, 141, 140, 142, 137, 141, 139, 143, 141, 142, 142, 142, 143, 143, 144, 142, 145, 141, 145, 143, 145, 145, 146, 147, 148, 147, 145, 145, 142, 147, 144, 148, 146, 144, 145, 144, 140, 140, 139, 136, 139, 133, 135, 133, 134, 134, 134, 132, 131, 130, 130, 131, 130, 130, 131, 133, 128, 131, 130, 129, 132, 128, 130, 154, 130, 153, 127, 128, 128, 127, 130, 128, 130, 129, 154, 126, 154, 129, 128, 129, 127, 127, 126, 125, 126, 151, 123, 151, 117, 118, 115, 114, 112, 110, 109, 106, 110, 101, 106, 96, 99, 93, 90, 88, 85, 86, 81, 80, 76, 90, 73, 88, 70, 69, 66, 65, 63, 64, 61, 58, 79, 55, 81, 56, 70, 50, 51, 84, 49, 46, 48, 71, 46, 80, 45, 74, 65, 44, 42, 94, 41, 42, 44, 43, 78, 44, 74, 42, 43, 40, 43, 43, 41]",128000000,500000,1224006250,42,0
0,2,0,"[40, 40, 40, 40, 40, 40, 39, 39, 42, 41, 40, 39, 41, 41, 41, 41, 40, 41, 41, 43, 43, 41, 42, 42, 43, 46, 41, 45, 49, 51, 49, 52, 100, 57, 67, 51, 49, 55, 50, 50, 54, 64, 55, 65, 55, 56, 60, 55, 58, 61, 61, 68, 68, 67, 73, 71, 73, 78, 77, 80, 84, 88, 93, 97, 103, 107, 113, 117, 123, 123, 127, 129, 130, 133, 133, 134, 137, 136, 136, 137, 139, 141, 143, 142, 141, 138, 138, 138, 138, 137, 139, 137, 138, 138, 138, 138, 139, 137, 137, 138, 139, 138, 137, 138, 139, 139, 139, 139, 140, 145, 148, 148, 148, 144, 143, 139, 139, 143, 140, 139, 139, 141, 141, 140, 142, 140, 141, 152, 142, 141, 142, 141, 143, 147, 141, 143, 141, 142, 143, 143, 142, 144, 141, 140, 140, 139, 139, 140, 138, 139, 139, 139, 139, 137, 136, 137, 136, 135, 134, 136, 139, 136, 135, 135, 135, 136, 134, 136, 138, 137, 139, 136, 138, 140, 140, 138, 138, 138, 138, 136, 135, 135, 133, 132, 129, 128, 126, 123, 121, 116, 115, 112, 111, 106, 102, 100, 98, 90, 84, 79, 75, 70, 66, 63, 61, 59, 57, 56, 56, 55, 53, 52, 53, 51, 50, 51, 50, 49, 48, 48, 52, 46, 47, 47, 49, 46, 47, 44, 45, 45, 45, 45, 47, 45, 41, 41, 42, 42, 42, 42, 41, 40, 41, 41, 41, 40, 40, 40, 41, 40, 41, 39, 40, 39, 39, 39]",128000000,500000,1583461250,45,0,"[37, 34, 36, 35, 34, 34, 38, 37, 38, 39, 39, 45, 41, 45, 42, 47, 44, 46, 46, 53, 48, 49, 50, 50, 59, 53, 54, 55, 57, 57, 58, 92, 61, 65, 66, 68, 71, 72, 72, 74, 75, 78, 80, 81, 82, 86, 87, 89, 90, 94, 95, 95, 100, 100, 104, 112, 112, 111, 111, 116, 114, 116, 118, 118, 118, 119, 120, 123, 124, 125, 124, 125, 125, 125, 126, 125, 125, 125, 125, 126, 125, 126, 125, 125, 126, 125, 125, 125, 125, 126, 127, 128, 146, 127, 132, 129, 127, 127, 127, 127, 128, 126, 126, 129, 129, 128, 128, 129, 128, 128, 129, 129, 130, 129, 129, 131, 129, 133, 131, 131, 134, 132, 136, 133, 135, 136, 135, 141, 135, 136, 137, 135, 137, 136, 138, 137, 132, 131, 130, 129, 129, 127, 126, 123, 123, 123, 121, 122, 119, 119, 117, 120, 117, 118, 119, 116, 116, 116, 121, 118, 117, 117, 116, 117, 147, 118, 146, 117, 118, 119, 116, 116, 117, 119, 116, 147, 116, 145, 116, 116, 116, 116, 115, 116, 114, 112, 142, 111, 143, 110, 108, 107, 105, 104, 103, 100, 98, 114, 93, 97, 90, 89, 85, 83, 81, 78, 77, 75, 74, 71, 72, 66, 67, 64, 60, 59, 57, 57, 53, 52, 51, 54, 49, 51, 45, 45, 46, 41, 41, 40, 41, 38, 42, 37, 42, 35, 38, 36, 35, 53, 32, 39, 33, 35, 34, 38, 32, 38, 60, 31, 32, 33, 31, 32, 31, 33]",128000000,500000,1224006250,39,0
0,2,0,"[38, 41, 39, 42, 40, 40, 40, 41, 39, 40, 40, 40, 41, 41, 43, 39, 41, 40, 42, 41, 42, 42, 43, 44, 45, 44, 43, 43, 48, 49, 48, 50, 97, 52, 70, 49, 52, 57, 54, 54, 54, 63, 52, 52, 53, 57, 55, 57, 66, 59, 65, 61, 65, 67, 69, 70, 73, 76, 78, 79, 82, 86, 94, 99, 103, 107, 113, 119, 125, 122, 126, 130, 129, 132, 132, 135, 135, 136, 137, 138, 139, 141, 143, 141, 141, 138, 139, 139, 137, 138, 138, 138, 137, 138, 137, 137, 137, 139, 137, 138, 139, 138, 137, 138, 140, 139, 137, 139, 140, 145, 147, 150, 148, 147, 141, 139, 140, 141, 142, 141, 141, 144, 142, 142, 141, 143, 143, 158, 143, 143, 141, 142, 141, 146, 142, 143, 141, 141, 141, 144, 142, 141, 140, 140, 138, 139, 139, 137, 136, 137, 136, 135, 137, 136, 135, 136, 134, 135, 136, 134, 138, 135, 135, 135, 135, 138, 139, 137, 138, 138, 139, 137, 139, 139, 140, 142, 139, 138, 138, 137, 136, 135, 131, 132, 130, 127, 125, 122, 122, 118, 115, 111, 109, 105, 102, 99, 93, 89, 83, 80, 75, 69, 66, 62, 61, 59, 57, 56, 57, 54, 54, 54, 54, 51, 52, 48, 49, 49, 51, 49, 51, 48, 48, 46, 52, 45, 46, 44, 45, 43, 44, 43, 49, 45, 42, 42, 42, 42, 43, 41, 42, 39, 41, 39, 40, 40, 38, 41, 39, 42, 39, 39, 40, 39, 40, 40]",128000000,500000,1583461250,45,0,"[47, 44, 44, 43, 44, 45, 46, 45, 46, 56, 48, 58, 53, 52, 52, 53, 56, 55, 55, 56, 59, 58, 63, 61, 64, 62, 66, 66, 70, 72, 69, 74, 78, 77, 78, 79, 80, 81, 84, 89, 88, 90, 90, 95, 97, 96, 97, 98, 102, 103, 107, 109, 111, 113, 114, 121, 121, 120, 122, 127, 125, 127, 129, 132, 130, 131, 129, 135, 133, 134, 135, 137, 135, 137, 136, 136, 137, 138, 138, 138, 137, 138, 137, 136, 137, 137, 137, 140, 137, 139, 139, 138, 138, 139, 140, 139, 140, 139, 139, 139, 139, 138, 141, 141, 139, 138, 138, 140, 139, 142, 141, 140, 142, 143, 140, 143, 142, 143, 144, 144, 144, 144, 145, 144, 148, 149, 147, 147, 147, 147, 148, 150, 146, 146, 147, 147, 144, 142, 143, 142, 138, 139, 137, 136, 137, 135, 133, 133, 132, 131, 131, 132, 130, 129, 130, 131, 130, 129, 132, 128, 128, 131, 148, 130, 151, 129, 126, 128, 128, 130, 132, 129, 128, 148, 128, 152, 128, 130, 129, 129, 127, 127, 127, 127, 147, 126, 147, 124, 124, 120, 121, 118, 116, 114, 114, 135, 110, 128, 105, 103, 99, 100, 98, 95, 92, 92, 90, 88, 88, 84, 82, 78, 76, 74, 74, 69, 70, 68, 65, 71, 60, 66, 59, 58, 57, 55, 54, 52, 53, 50, 54, 49, 52, 48, 51, 46, 46, 45, 45, 65, 45, 52, 75, 55, 41, 52, 41, 42, 41, 41, 42, 41, 42, 42, 48, 43]",128000000,500000,1224006250,39,0
0,2,0,"[39, 39, 41, 39, 38, 40, 40, 39, 39, 39, 41, 41, 41, 41, 40, 40, 42, 42, 41, 42, 42, 41, 41, 44, 43, 43, 44, 44, 47, 48, 45, 54, 98, 60, 69, 47, 46, 52, 56, 52, 62, 54, 54, 62, 59, 61, 58, 57, 56, 64, 68, 67, 66, 71, 68, 72, 72, 75, 78, 81, 83, 89, 94, 99, 102, 107, 112, 116, 122, 121, 125, 128, 130, 131, 134, 135, 142, 137, 138, 140, 142, 143, 143, 145, 143, 139, 137, 138, 138, 138, 138, 136, 138, 135, 137, 136, 136, 137, 135, 135, 137, 137, 138, 136, 138, 138, 139, 138, 141, 146, 149, 152, 150, 147, 142, 141, 142, 143, 142, 142, 142, 143, 141, 142, 143, 142, 143, 150, 144, 144, 141, 141, 141, 145, 142, 141, 139, 140, 140, 140, 143, 140, 141, 140, 139, 140, 138, 137, 137, 137, 138, 135, 135, 137, 137, 136, 136, 135, 134, 135, 139, 134, 136, 135, 135, 136, 136, 137, 138, 137, 139, 138, 140, 139, 140, 139, 139, 139, 138, 137, 136, 133, 133, 132, 129, 128, 125, 123, 120, 119, 114, 113, 108, 105, 103, 98, 94, 90, 86, 77, 75, 70, 67, 61, 60, 58, 57, 56, 56, 55, 53, 53, 53, 52, 50, 51, 51, 49, 49, 49, 49, 47, 47, 47, 52, 47, 47, 44, 45, 45, 42, 44, 48, 45, 41, 42, 43, 42, 42, 39, 43, 42, 40, 40, 40, 42, 40, 41, 38, 41, 39, 39, 40, 40, 39, 40]",128000000,500000,1583461250,45,0,"[42, 42, 44, 45, 43, 80, 46, 66, 47, 76, 50, 51, 50, 51, 51, 52, 58, 56, 69, 56, 82, 60, 75, 62, 64, 66, 65, 67, 71, 70, 73, 83, 76, 79, 76, 79, 81, 82, 87, 86, 87, 92, 92, 94, 105, 97, 98, 99, 102, 104, 107, 108, 111, 110, 114, 119, 124, 119, 121, 127, 125, 125, 127, 134, 130, 130, 129, 135, 133, 134, 137, 136, 137, 136, 139, 139, 137, 133, 136, 135, 137, 138, 139, 147, 139, 138, 138, 140, 137, 138, 137, 140, 141, 141, 144, 141, 140, 139, 139, 139, 141, 138, 141, 137, 140, 141, 142, 139, 140, 141, 140, 143, 139, 144, 142, 144, 143, 143, 142, 146, 147, 147, 145, 143, 147, 145, 148, 142, 146, 147, 147, 146, 145, 146, 145, 145, 137, 139, 140, 140, 138, 139, 137, 135, 135, 135, 133, 131, 133, 129, 133, 133, 132, 133, 132, 132, 130, 130, 135, 131, 136, 133, 153, 131, 130, 131, 131, 130, 129, 131, 127, 153, 132, 155, 131, 129, 128, 129, 127, 128, 127, 126, 153, 126, 152, 125, 126, 125, 125, 122, 121, 119, 119, 148, 115, 147, 110, 110, 106, 105, 102, 100, 96, 95, 98, 90, 97, 86, 90, 83, 81, 79, 82, 74, 71, 71, 69, 86, 65, 82, 63, 59, 76, 56, 56, 54, 57, 54, 79, 52, 80, 50, 63, 49, 48, 47, 44, 44, 45, 72, 55, 75, 43, 65, 43, 42, 42, 50, 47, 42, 55, 43, 77, 41, 77, 100]",128000000,500000,1224006250,42,0
0,2,0,"[39, 39, 38, 41, 40, 42, 39, 40, 38, 40, 39, 41, 41, 40, 39, 40, 41, 41, 42, 41, 42, 41, 43, 45, 43, 43, 44, 45, 55, 44, 46, 51, 96, 52, 69, 52, 59, 50, 57, 60, 50, 51, 65, 52, 67, 57, 56, 57, 58, 63, 61, 65, 66, 67, 70, 71, 72, 75, 77, 83, 84, 90, 95, 100, 104, 108, 112, 119, 123, 123, 126, 128, 130, 132, 134, 135, 136, 136, 138, 139, 140, 144, 145, 143, 142, 140, 138, 138, 139, 138, 137, 138, 138, 138, 136, 137, 138, 136, 137, 136, 137, 137, 138, 137, 138, 139, 139, 140, 141, 146, 150, 152, 150, 147, 143, 140, 141, 143, 142, 140, 141, 142, 143, 141, 141, 141, 141, 144, 142, 142, 142, 140, 142, 147, 141, 142, 141, 141, 142, 142, 145, 142, 142, 140, 139, 140, 139, 139, 138, 140, 138, 137, 138, 135, 136, 137, 138, 135, 136, 137, 136, 138, 136, 136, 133, 136, 135, 136, 139, 136, 137, 136, 139, 140, 137, 138, 139, 138, 139, 139, 136, 135, 134, 133, 131, 128, 127, 122, 122, 119, 117, 112, 109, 104, 102, 100, 95, 89, 83, 79, 77, 69, 66, 63, 62, 59, 57, 57, 55, 55, 53, 52, 51, 53, 50, 52, 50, 49, 48, 47, 51, 48, 47, 47, 49, 45, 47, 44, 44, 43, 43, 44, 48, 44, 45, 42, 41, 40, 41, 42, 42, 41, 40, 40, 39, 41, 42, 41, 40, 40, 39, 40, 40, 40, 41, 40]",128000000,500000,1583461250,45,0,"[44, 44, 43, 46, 43, 65, 45, 65, 48, 53, 50, 49, 49, 51, 52, 53, 72, 56, 74, 60, 66, 59, 62, 88, 62, 65, 66, 71, 69, 76, 71, 78, 75, 75, 76, 80, 79, 84, 85, 87, 89, 89, 93, 93, 94, 96, 99, 100, 101, 105, 107, 107, 111, 112, 117, 126, 120, 127, 121, 128, 126, 127, 127, 129, 129, 132, 131, 133, 135, 135, 135, 136, 135, 135, 137, 135, 137, 134, 138, 137, 139, 138, 136, 137, 139, 138, 136, 138, 134, 137, 137, 140, 140, 142, 142, 140, 141, 139, 142, 137, 141, 137, 140, 141, 141, 143, 142, 141, 141, 143, 139, 143, 141, 143, 141, 141, 142, 142, 143, 145, 145, 142, 147, 143, 145, 146, 147, 152, 146, 147, 146, 146, 147, 146, 144, 145, 141, 140, 144, 139, 140, 139, 138, 136, 138, 133, 134, 132, 133, 134, 134, 132, 131, 131, 132, 129, 129, 129, 134, 130, 134, 131, 129, 134, 132, 128, 132, 129, 128, 155, 128, 152, 127, 128, 128, 130, 128, 130, 127, 128, 151, 127, 153, 129, 126, 125, 126, 123, 124, 122, 122, 151, 119, 149, 114, 111, 111, 108, 108, 102, 102, 98, 100, 96, 100, 93, 92, 87, 84, 82, 81, 78, 76, 80, 72, 83, 70, 80, 65, 64, 63, 60, 60, 57, 56, 54, 69, 53, 80, 50, 54, 48, 49, 48, 46, 46, 45, 65, 44, 76, 71, 61, 44, 42, 44, 42, 41, 42, 44, 42, 78, 42, 73, 42, 68, 43]",128000000,500000,1224006250,42,0
0,2,0,"[39, 40, 38, 38, 39, 39, 40, 39, 39, 42, 40, 41, 41, 41, 41, 41, 41, 41, 41, 42, 42, 43, 43, 43, 43, 44, 45, 48, 49, 57, 46, 50, 96, 51, 73, 59, 51, 50, 55, 54, 54, 57, 60, 53, 54, 62, 63, 59, 58, 60, 62, 66, 67, 66, 71, 70, 70, 73, 77, 81, 83, 89, 93, 98, 103, 109, 112, 117, 120, 121, 124, 128, 131, 132, 132, 136, 137, 137, 138, 139, 139, 141, 144, 143, 142, 141, 138, 137, 137, 139, 139, 137, 138, 137, 137, 137, 137, 137, 137, 138, 137, 138, 137, 138, 138, 138, 139, 137, 140, 145, 147, 149, 148, 147, 143, 141, 141, 141, 142, 141, 142, 141, 142, 141, 143, 143, 143, 151, 143, 141, 141, 141, 141, 148, 141, 141, 142, 140, 143, 141, 143, 142, 142, 141, 140, 140, 139, 139, 139, 137, 139, 139, 140, 138, 138, 137, 136, 140, 137, 138, 140, 136, 135, 136, 137, 137, 138, 136, 139, 138, 138, 139, 140, 138, 139, 137, 139, 138, 138, 136, 136, 133, 132, 131, 131, 127, 125, 124, 120, 119, 116, 114, 110, 105, 103, 98, 93, 89, 84, 79, 75, 69, 65, 61, 60, 59, 57, 57, 56, 55, 54, 54, 54, 51, 51, 51, 49, 50, 50, 47, 51, 49, 49, 46, 48, 45, 47, 45, 45, 44, 45, 42, 51, 45, 41, 42, 42, 40, 41, 43, 42, 42, 41, 41, 42, 41, 41, 41, 39, 38, 41, 41, 40, 40, 40, 40]",128000000,500000,1583461250,45,0,"[42, 44, 42, 65, 44, 67, 44, 46, 47, 50, 48, 50, 52, 51, 66, 53, 72, 53, 61, 60, 57, 58, 62, 61, 62, 68, 66, 73, 68, 76, 72, 73, 76, 75, 76, 79, 80, 85, 87, 85, 89, 89, 92, 92, 96, 96, 98, 102, 103, 104, 106, 107, 112, 115, 116, 127, 121, 123, 122, 127, 124, 127, 125, 130, 132, 132, 134, 133, 135, 134, 135, 137, 136, 134, 137, 133, 137, 137, 137, 138, 137, 137, 137, 137, 135, 136, 136, 138, 137, 138, 139, 138, 140, 141, 142, 140, 140, 138, 140, 138, 139, 140, 140, 139, 140, 140, 139, 140, 137, 142, 140, 142, 141, 141, 141, 143, 142, 144, 144, 143, 143, 145, 146, 146, 148, 147, 147, 151, 148, 147, 144, 147, 142, 146, 147, 146, 143, 142, 140, 141, 139, 137, 138, 136, 136, 133, 132, 133, 131, 132, 131, 132, 129, 131, 130, 131, 128, 130, 132, 127, 130, 130, 131, 130, 130, 128, 130, 153, 129, 155, 134, 126, 129, 127, 128, 130, 131, 128, 153, 128, 153, 130, 128, 127, 127, 126, 125, 124, 122, 148, 120, 147, 118, 115, 112, 111, 109, 107, 106, 105, 106, 100, 101, 95, 96, 91, 89, 87, 85, 83, 81, 82, 75, 85, 72, 78, 70, 68, 65, 64, 62, 61, 59, 57, 77, 54, 73, 51, 51, 49, 51, 48, 48, 48, 44, 68, 45, 69, 44, 69, 42, 42, 44, 42, 41, 41, 57, 43, 69, 41, 67, 41, 42, 43, 41, 46]",128000000,500000,1224006250,42,0
0,2,0,"[40, 39, 40, 40, 39, 40, 41, 39, 39, 41, 40, 40, 41, 40, 40, 42, 41, 41, 42, 41, 42, 43, 43, 43, 43, 47, 46, 45, 48, 45, 45, 50, 99, 56, 68, 48, 46, 57, 53, 55, 53, 59, 51, 57, 59, 52, 66, 60, 58, 64, 62, 67, 71, 67, 72, 72, 73, 76, 77, 81, 84, 88, 96, 100, 101, 108, 112, 118, 123, 124, 127, 130, 131, 132, 134, 137, 141, 138, 138, 138, 140, 143, 144, 144, 141, 141, 138, 138, 138, 138, 138, 137, 139, 137, 138, 136, 140, 138, 138, 139, 139, 139, 139, 139, 138, 140, 138, 139, 142, 146, 148, 150, 148, 146, 142, 141, 141, 143, 142, 141, 141, 142, 141, 141, 141, 142, 142, 146, 144, 142, 141, 142, 142, 147, 143, 143, 141, 141, 141, 142, 142, 141, 141, 141, 139, 140, 138, 138, 138, 139, 138, 137, 137, 136, 137, 137, 136, 135, 136, 136, 136, 135, 135, 136, 133, 136, 137, 138, 137, 138, 139, 137, 138, 138, 139, 139, 139, 138, 138, 138, 135, 136, 132, 132, 130, 127, 126, 123, 122, 119, 115, 112, 110, 105, 104, 98, 106, 89, 84, 78, 75, 69, 64, 63, 60, 57, 59, 57, 55, 56, 56, 53, 51, 53, 51, 50, 49, 50, 50, 47, 52, 48, 46, 46, 52, 45, 47, 45, 45, 46, 43, 43, 49, 45, 43, 43, 42, 42, 43, 42, 42, 41, 41, 39, 40, 41, 40, 39, 40, 41, 40, 39, 40, 39, 42, 39]",128000000,500000,1583461250,45,0,"[43, 77, 45, 78, 44, 44, 48, 47, 49, 49, 49, 50, 72, 53, 73, 54, 67, 55, 58, 57, 59, 60, 61, 71, 67, 80, 66, 73, 67, 70, 71, 72, 75, 76, 76, 79, 130, 83, 89, 86, 88, 91, 93, 94, 94, 97, 99, 102, 103, 105, 106, 108, 113, 113, 116, 124, 123, 130, 123, 127, 123, 126, 128, 130, 132, 131, 133, 133, 135, 134, 136, 132, 135, 136, 137, 151, 136, 136, 137, 137, 136, 137, 134, 137, 135, 137, 137, 137, 138, 138, 139, 138, 141, 140, 143, 137, 139, 138, 139, 139, 141, 140, 138, 141, 139, 140, 137, 143, 138, 143, 142, 141, 143, 142, 142, 143, 144, 141, 145, 143, 145, 145, 146, 145, 148, 149, 147, 154, 147, 149, 145, 148, 148, 146, 150, 149, 143, 143, 140, 143, 140, 137, 138, 135, 136, 135, 135, 133, 133, 131, 133, 133, 128, 129, 128, 130, 128, 130, 133, 129, 132, 129, 130, 131, 130, 155, 130, 133, 129, 132, 130, 131, 128, 129, 131, 126, 153, 128, 152, 130, 128, 127, 127, 126, 128, 127, 126, 151, 123, 126, 120, 119, 117, 116, 113, 111, 111, 108, 114, 104, 106, 100, 97, 95, 93, 93, 88, 87, 84, 86, 81, 91, 78, 84, 78, 70, 69, 67, 67, 64, 66, 60, 81, 57, 79, 55, 56, 51, 51, 48, 48, 48, 49, 71, 47, 77, 45, 59, 47, 64, 46, 44, 41, 51, 68, 42, 73, 43, 70, 43, 41, 42, 43, 77, 41, 64]",128000000,500000,1224006250,42,0
0,2,0,"[40, 39, 40, 40, 40, 39, 41, 39, 41, 42, 41, 41, 40, 42, 42, 39, 42, 42, 41, 43, 42, 42, 42, 44, 43, 43, 46, 45, 48, 49, 47, 49, 93, 54, 69, 48, 54, 50, 56, 51, 50, 52, 56, 54, 57, 66, 60, 63, 62, 65, 66, 65, 66, 68, 68, 71, 72, 73, 78, 82, 84, 90, 95, 101, 103, 109, 113, 119, 124, 123, 125, 126, 130, 132, 133, 135, 140, 141, 141, 138, 141, 143, 145, 143, 142, 139, 137, 136, 137, 136, 137, 138, 138, 137, 138, 137, 139, 138, 138, 137, 138, 137, 138, 138, 138, 142, 140, 139, 140, 146, 149, 150, 150, 145, 143, 142, 142, 141, 142, 141, 142, 143, 142, 142, 143, 140, 143, 148, 142, 142, 142, 142, 142, 147, 141, 142, 140, 141, 141, 143, 141, 140, 139, 140, 142, 139, 140, 139, 139, 138, 137, 136, 139, 138, 137, 137, 137, 137, 138, 137, 139, 138, 138, 137, 135, 137, 138, 138, 137, 138, 138, 140, 139, 140, 139, 139, 138, 138, 139, 135, 134, 133, 133, 131, 129, 127, 127, 124, 120, 118, 116, 113, 109, 105, 103, 100, 93, 91, 84, 89, 76, 68, 66, 65, 60, 59, 58, 57, 56, 55, 53, 53, 54, 52, 51, 50, 51, 50, 48, 48, 51, 47, 47, 46, 51, 45, 47, 45, 45, 44, 43, 43, 47, 46, 43, 42, 42, 42, 42, 40, 41, 41, 40, 40, 41, 40, 41, 39, 39, 40, 41, 40, 40, 41, 39, 40]",128000000,500000,1583461250,45,0,"[41, 70, 44, 44, 46, 45, 45, 46, 48, 49, 67, 48, 69, 41, 53, 82, 55, 58, 46, 58, 60, 68, 60, 76, 62, 69, 65, 66, 71, 73, 62, 73, 75, 75, 81, 68, 85, 81, 85, 87, 88, 90, 92, 93, 95, 96, 100, 100, 103, 105, 105, 109, 100, 112, 115, 120, 121, 111, 121, 129, 124, 126, 128, 130, 132, 133, 133, 133, 136, 124, 136, 135, 135, 137, 126, 137, 146, 138, 137, 138, 134, 137, 135, 137, 138, 137, 136, 139, 139, 138, 139, 126, 139, 140, 144, 140, 128, 141, 139, 139, 140, 140, 139, 142, 137, 140, 139, 141, 129, 142, 141, 141, 141, 130, 140, 138, 144, 141, 131, 145, 143, 143, 147, 144, 144, 145, 144, 148, 141, 148, 134, 146, 147, 146, 146, 134, 146, 141, 142, 138, 141, 137, 137, 139, 136, 135, 133, 120, 135, 132, 131, 132, 119, 132, 131, 128, 130, 120, 133, 130, 132, 135, 127, 154, 134, 154, 128, 127, 129, 118, 130, 128, 128, 128, 150, 130, 131, 129, 129, 129, 127, 126, 125, 128, 128, 150, 114, 152, 121, 124, 120, 106, 118, 115, 115, 112, 135, 110, 113, 104, 102, 99, 98, 96, 92, 92, 88, 91, 74, 92, 80, 86, 77, 63, 74, 69, 69, 68, 67, 64, 79, 60, 76, 58, 58, 54, 53, 52, 54, 51, 38, 76, 67, 73, 46, 36, 46, 43, 45, 63, 44, 43, 66, 66, 69, 42, 61, 31, 43, 41, 41, 44, 31, 51, 42, 71]",128000000,500000,1224006250,42,0
0,2,0,"[40, 40, 41, 39, 40, 40, 39, 41, 41, 40, 41, 40, 41, 41, 41, 41, 41, 41, 42, 42, 41, 42, 43, 43, 44, 42, 44, 45, 48, 51, 47, 50, 95, 53, 69, 53, 50, 67, 50, 51, 53, 53, 59, 63, 58, 64, 59, 54, 57, 59, 62, 63, 67, 69, 72, 68, 75, 74, 77, 80, 83, 87, 95, 99, 104, 108, 112, 117, 124, 122, 127, 128, 132, 131, 132, 136, 145, 137, 138, 141, 142, 142, 143, 143, 141, 139, 138, 137, 138, 137, 139, 138, 137, 137, 138, 136, 140, 139, 138, 140, 139, 137, 140, 139, 140, 141, 140, 139, 141, 146, 148, 150, 150, 148, 141, 141, 140, 141, 140, 141, 142, 143, 142, 141, 141, 142, 142, 146, 143, 143, 141, 142, 141, 149, 141, 139, 141, 139, 142, 142, 141, 143, 141, 139, 140, 139, 141, 138, 138, 138, 138, 139, 136, 136, 137, 135, 137, 137, 137, 135, 137, 136, 137, 137, 136, 138, 136, 137, 137, 138, 140, 139, 138, 139, 139, 140, 139, 138, 136, 135, 135, 134, 132, 131, 130, 128, 126, 123, 122, 118, 115, 114, 109, 107, 101, 98, 95, 90, 85, 79, 74, 70, 66, 61, 61, 60, 57, 57, 56, 56, 54, 54, 52, 51, 52, 51, 50, 51, 50, 49, 52, 47, 49, 47, 52, 45, 46, 44, 45, 46, 43, 45, 49, 45, 43, 42, 43, 41, 40, 42, 40, 43, 40, 42, 40, 41, 39, 40, 39, 40, 40, 39, 39, 42, 40, 40]",128000000,500000,1583461250,45,0,"[44, 33, 44, 45, 35, 47, 38, 48, 65, 40, 63, 39, 51, 52, 43, 53, 43, 56, 46, 49, 61, 48, 61, 54, 66, 63, 56, 69, 58, 72, 73, 60, 77, 63, 78, 68, 69, 82, 73, 87, 77, 88, 91, 82, 94, 88, 98, 100, 91, 106, 93, 111, 113, 102, 114, 111, 123, 121, 111, 129, 114, 128, 117, 131, 131, 119, 132, 122, 137, 134, 123, 139, 125, 135, 126, 124, 136, 124, 136, 126, 136, 138, 125, 138, 126, 137, 136, 126, 136, 126, 141, 138, 128, 140, 131, 140, 129, 130, 139, 128, 141, 128, 139, 140, 126, 140, 129, 141, 141, 129, 141, 128, 141, 130, 132, 140, 132, 143, 131, 147, 147, 133, 147, 135, 148, 151, 138, 154, 136, 149, 151, 137, 150, 135, 151, 137, 132, 142, 130, 142, 127, 141, 140, 125, 137, 123, 136, 135, 123, 131, 120, 133, 132, 120, 132, 119, 128, 118, 132, 132, 118, 146, 120, 133, 130, 119, 131, 118, 129, 134, 118, 128, 138, 127, 147, 115, 127, 116, 126, 115, 127, 151, 113, 148, 113, 128, 123, 111, 121, 109, 119, 118, 105, 116, 133, 113, 132, 96, 107, 93, 104, 91, 98, 96, 81, 95, 77, 92, 85, 73, 80, 69, 78, 62, 60, 72, 61, 68, 61, 65, 74, 48, 59, 47, 58, 56, 45, 53, 42, 63, 49, 44, 47, 38, 48, 37, 35, 45, 34, 66, 40, 42, 87, 33, 51, 31, 42, 41, 31, 41, 32, 49, 36, 38, 43, 36]",128000000,500000,1224006250,39,0
0,2,0,"[41, 40, 40, 40, 39, 39, 40, 39, 40, 40, 41, 41, 42, 42, 42, 40, 42, 40, 42, 42, 43, 42, 42, 44, 45, 47, 43, 47, 49, 46, 48, 50, 94, 57, 69, 54, 53, 53, 48, 56, 50, 49, 59, 66, 53, 54, 55, 58, 60, 59, 63, 69, 65, 66, 68, 71, 75, 77, 78, 81, 82, 89, 96, 100, 105, 108, 111, 117, 121, 123, 125, 129, 130, 133, 133, 136, 139, 137, 137, 140, 143, 142, 144, 143, 142, 139, 137, 137, 139, 137, 138, 135, 137, 136, 136, 137, 138, 137, 138, 138, 140, 139, 139, 140, 139, 142, 140, 141, 142, 147, 147, 150, 148, 149, 142, 142, 141, 142, 141, 141, 142, 142, 141, 142, 141, 141, 141, 149, 143, 141, 141, 142, 141, 148, 143, 142, 142, 142, 143, 144, 143, 143, 141, 141, 139, 139, 140, 139, 138, 139, 138, 138, 137, 136, 135, 135, 135, 136, 136, 136, 137, 137, 133, 136, 135, 135, 137, 137, 138, 138, 139, 139, 140, 140, 139, 139, 139, 138, 137, 137, 135, 136, 133, 130, 128, 126, 125, 122, 120, 118, 113, 111, 108, 105, 103, 99, 96, 89, 84, 79, 74, 69, 65, 61, 61, 59, 58, 57, 55, 57, 52, 53, 52, 53, 52, 50, 51, 49, 49, 47, 51, 47, 46, 46, 50, 47, 46, 44, 44, 45, 44, 43, 49, 45, 44, 42, 41, 41, 39, 41, 40, 39, 41, 41, 41, 39, 41, 40, 38, 39, 39, 42, 41, 39, 40, 41]",128000000,500000,1583461250,45,0,"[45, 43, 46, 44, 46, 46, 56, 45, 56, 49, 49, 52, 51, 52, 53, 55, 57, 69, 56, 72, 58, 63, 61, 63, 62, 65, 67, 68, 89, 69, 72, 71, 75, 76, 76, 78, 79, 81, 82, 88, 87, 88, 91, 95, 95, 96, 100, 99, 102, 105, 107, 110, 111, 114, 116, 125, 124, 131, 125, 128, 127, 130, 130, 130, 132, 133, 134, 149, 136, 136, 137, 139, 136, 137, 140, 138, 137, 138, 135, 139, 137, 137, 138, 139, 136, 137, 135, 137, 137, 136, 138, 137, 139, 141, 149, 140, 139, 138, 137, 139, 137, 138, 137, 140, 138, 138, 138, 139, 139, 140, 140, 139, 141, 141, 142, 141, 141, 144, 144, 143, 144, 143, 143, 146, 145, 147, 146, 147, 147, 147, 149, 149, 148, 147, 149, 147, 144, 146, 143, 143, 142, 139, 141, 137, 138, 137, 132, 133, 131, 133, 132, 132, 134, 130, 130, 130, 131, 131, 135, 131, 132, 131, 129, 133, 130, 130, 128, 129, 152, 130, 154, 129, 134, 128, 128, 127, 129, 128, 128, 129, 126, 149, 126, 128, 123, 125, 124, 123, 122, 121, 146, 120, 146, 114, 116, 111, 108, 107, 104, 103, 101, 100, 99, 98, 94, 95, 91, 87, 84, 84, 83, 79, 78, 77, 77, 72, 75, 69, 70, 62, 64, 61, 60, 58, 57, 56, 55, 69, 52, 69, 49, 49, 48, 49, 46, 47, 44, 45, 61, 65, 57, 56, 46, 43, 45, 73, 40, 42, 41, 55, 41, 65, 41, 61, 43, 61]",128000000,500000,1224006250,42,0
0,2,0,"[38, 40, 40, 39, 39, 38, 41, 40, 39, 39, 39, 40, 40, 41, 42, 42, 41, 41, 41, 42, 41, 43, 44, 44, 43, 43, 45, 46, 48, 45, 47, 56, 97, 54, 72, 52, 48, 50, 54, 56, 63, 53, 51, 59, 59, 54, 60, 58, 59, 60, 67, 63, 66, 68, 70, 73, 71, 75, 78, 81, 84, 88, 95, 99, 103, 109, 113, 119, 121, 122, 126, 128, 130, 132, 134, 136, 137, 138, 139, 140, 141, 141, 142, 142, 140, 139, 137, 137, 137, 137, 137, 136, 137, 138, 138, 137, 139, 139, 138, 138, 138, 140, 139, 141, 139, 141, 142, 141, 142, 146, 148, 149, 147, 147, 143, 141, 140, 142, 141, 142, 142, 139, 142, 140, 139, 143, 142, 157, 144, 142, 142, 144, 144, 150, 141, 141, 140, 142, 143, 142, 143, 141, 141, 140, 140, 141, 139, 139, 139, 138, 140, 136, 137, 136, 138, 138, 136, 137, 138, 135, 136, 135, 135, 134, 135, 137, 138, 137, 138, 138, 140, 140, 143, 141, 140, 140, 137, 139, 137, 138, 136, 135, 133, 131, 132, 127, 126, 123, 120, 119, 116, 114, 110, 108, 103, 97, 95, 89, 84, 82, 75, 69, 63, 62, 61, 58, 58, 57, 55, 55, 53, 54, 54, 52, 51, 51, 51, 50, 49, 47, 51, 47, 47, 46, 48, 45, 48, 46, 45, 43, 43, 43, 48, 44, 42, 43, 43, 42, 42, 41, 42, 40, 42, 42, 40, 41, 41, 39, 40, 41, 40, 41, 40, 39, 40, 39]",128000000,500000,1583461250,45,0,"[42, 42, 52, 45, 69, 45, 65, 69, 48, 47, 48, 51, 53, 50, 50, 64, 57, 66, 56, 59, 57, 59, 65, 61, 67, 63, 75, 67, 76, 74, 76, 74, 75, 77, 77, 78, 82, 84, 84, 87, 87, 90, 93, 95, 95, 99, 99, 101, 104, 107, 106, 109, 111, 113, 115, 124, 119, 125, 124, 128, 126, 126, 130, 129, 129, 132, 132, 134, 155, 135, 135, 139, 136, 136, 137, 137, 135, 139, 138, 137, 137, 137, 136, 135, 139, 134, 138, 136, 136, 138, 140, 137, 138, 141, 139, 138, 136, 141, 137, 138, 141, 138, 139, 142, 140, 138, 141, 137, 142, 142, 141, 140, 142, 145, 142, 141, 146, 142, 144, 147, 143, 147, 147, 146, 147, 147, 148, 149, 148, 150, 148, 147, 150, 147, 151, 149, 146, 144, 147, 144, 143, 143, 140, 139, 138, 137, 134, 133, 135, 133, 132, 133, 130, 130, 130, 129, 127, 129, 131, 128, 134, 129, 130, 131, 127, 127, 152, 127, 154, 131, 128, 127, 128, 128, 128, 129, 127, 153, 127, 151, 128, 130, 128, 127, 127, 125, 125, 123, 149, 120, 147, 119, 120, 116, 113, 113, 110, 107, 105, 105, 103, 104, 98, 99, 94, 91, 90, 87, 86, 82, 80, 79, 82, 74, 82, 72, 78, 67, 66, 64, 61, 60, 60, 61, 76, 69, 55, 65, 52, 52, 49, 49, 46, 47, 49, 45, 69, 44, 70, 65, 51, 43, 45, 43, 43, 42, 42, 55, 42, 61, 42, 50, 41, 42, 43, 44]",128000000,500000,1224006250,42,0
0,2,0,"[40, 39, 40, 39, 40, 40, 41, 40, 41, 39, 41, 42, 43, 40, 40, 41, 42, 42, 39, 41, 42, 41, 43, 42, 42, 44, 44, 47, 47, 43, 49, 52, 97, 54, 69, 50, 52, 52, 51, 49, 51, 54, 53, 57, 66, 58, 55, 55, 64, 65, 67, 67, 66, 68, 70, 73, 74, 75, 77, 82, 83, 87, 93, 100, 103, 108, 113, 118, 123, 122, 128, 128, 131, 132, 133, 135, 138, 137, 139, 138, 140, 141, 142, 142, 139, 138, 136, 136, 137, 135, 135, 135, 137, 137, 137, 136, 139, 137, 138, 138, 139, 139, 142, 139, 140, 140, 141, 140, 142, 146, 149, 149, 149, 146, 142, 140, 140, 140, 140, 139, 140, 139, 140, 141, 140, 140, 139, 150, 144, 139, 139, 140, 141, 148, 140, 141, 141, 140, 142, 142, 142, 144, 141, 141, 139, 141, 141, 138, 140, 138, 138, 137, 139, 138, 137, 137, 135, 137, 136, 136, 139, 136, 137, 135, 136, 137, 136, 137, 136, 138, 137, 138, 140, 140, 140, 140, 139, 139, 139, 138, 137, 134, 133, 132, 131, 128, 126, 124, 121, 118, 115, 111, 109, 105, 101, 98, 94, 90, 84, 80, 74, 70, 65, 61, 61, 59, 60, 56, 55, 55, 54, 54, 52, 53, 51, 52, 50, 50, 49, 49, 51, 47, 47, 47, 49, 45, 46, 44, 45, 43, 43, 42, 48, 45, 43, 43, 42, 41, 41, 43, 42, 40, 39, 40, 41, 40, 39, 40, 40, 39, 39, 40, 40, 40, 38, 40]",128000000,500000,1583461250,45,0,"[51, 42, 55, 45, 51, 45, 47, 48, 49, 51, 50, 53, 51, 54, 54, 57, 56, 56, 56, 58, 58, 62, 62, 65, 69, 66, 69, 67, 69, 70, 73, 73, 76, 79, 76, 79, 83, 83, 84, 87, 87, 90, 94, 95, 94, 99, 98, 101, 103, 106, 105, 110, 112, 113, 117, 126, 121, 122, 126, 129, 127, 129, 129, 131, 134, 135, 133, 134, 140, 135, 136, 139, 136, 137, 139, 137, 138, 138, 138, 138, 137, 139, 136, 135, 137, 135, 136, 138, 136, 135, 138, 136, 136, 139, 138, 137, 137, 138, 135, 138, 140, 138, 138, 142, 139, 140, 142, 138, 140, 141, 140, 141, 142, 144, 143, 141, 145, 141, 142, 145, 143, 143, 145, 144, 146, 147, 147, 147, 147, 148, 150, 151, 150, 152, 155, 153, 149, 146, 152, 149, 147, 148, 143, 143, 145, 141, 140, 137, 137, 133, 133, 134, 132, 129, 129, 129, 130, 128, 131, 127, 128, 127, 126, 126, 141, 126, 127, 125, 127, 126, 124, 127, 127, 126, 126, 148, 126, 148, 125, 128, 125, 128, 125, 125, 125, 125, 132, 122, 136, 121, 119, 120, 118, 117, 117, 112, 110, 125, 106, 108, 103, 102, 98, 97, 93, 92, 91, 87, 85, 84, 81, 78, 79, 75, 75, 71, 71, 69, 66, 63, 63, 65, 60, 61, 56, 54, 55, 54, 51, 50, 48, 49, 48, 47, 55, 47, 55, 44, 44, 65, 44, 42, 41, 43, 41, 48, 48, 43, 41, 42, 42, 42, 41, 49, 42, 92]",128000000,500000,1224006250,42,0
0,2,0,"[41, 41, 40, 39, 39, 40, 39, 38, 40, 40, 41, 40, 41, 41, 40, 39, 40, 41, 41, 41, 43, 43, 43, 43, 43, 46, 47, 51, 49, 48, 46, 51, 98, 53, 74, 53, 58, 48, 50, 51, 58, 51, 55, 54, 56, 51, 62, 56, 63, 67, 60, 69, 66, 67, 70, 71, 74, 76, 84, 84, 83, 89, 93, 100, 104, 108, 112, 117, 123, 123, 127, 127, 131, 133, 133, 136, 138, 139, 138, 140, 143, 141, 141, 141, 138, 137, 137, 137, 138, 135, 137, 136, 138, 137, 136, 139, 138, 138, 139, 139, 139, 139, 138, 140, 140, 140, 140, 140, 142, 146, 148, 146, 147, 146, 143, 140, 142, 140, 140, 141, 140, 142, 142, 141, 142, 143, 143, 149, 143, 142, 140, 143, 142, 149, 142, 141, 141, 141, 142, 142, 141, 142, 142, 139, 140, 141, 139, 139, 139, 137, 138, 137, 139, 138, 135, 136, 135, 136, 136, 135, 138, 136, 134, 136, 136, 137, 136, 137, 137, 138, 140, 139, 138, 139, 140, 140, 138, 140, 140, 138, 137, 136, 133, 132, 130, 128, 124, 122, 121, 118, 115, 112, 110, 104, 101, 99, 95, 89, 84, 80, 74, 69, 65, 63, 60, 59, 57, 57, 56, 54, 55, 53, 54, 52, 51, 51, 49, 50, 48, 49, 52, 46, 47, 45, 51, 46, 47, 45, 43, 44, 43, 43, 49, 44, 44, 41, 41, 42, 42, 41, 42, 41, 41, 40, 39, 40, 38, 40, 40, 41, 39, 39, 40, 39, 39, 40]",128000000,500000,1583461250,45,0,"[43, 43, 45, 45, 46, 45, 45, 47, 49, 48, 50, 49, 49, 51, 52, 56, 54, 57, 59, 57, 91, 59, 62, 63, 65, 65, 69, 67, 69, 72, 71, 72, 76, 76, 78, 80, 80, 82, 84, 87, 89, 92, 92, 95, 96, 97, 99, 102, 106, 107, 109, 110, 113, 115, 116, 127, 129, 128, 126, 132, 128, 128, 128, 130, 131, 133, 133, 134, 137, 137, 137, 139, 136, 138, 139, 138, 136, 139, 137, 139, 136, 138, 137, 137, 138, 136, 136, 139, 136, 136, 140, 137, 138, 140, 169, 141, 139, 141, 140, 139, 140, 140, 139, 144, 140, 140, 142, 139, 141, 143, 143, 142, 141, 144, 141, 140, 144, 144, 142, 145, 144, 144, 146, 147, 145, 145, 146, 153, 148, 149, 148, 147, 150, 149, 149, 150, 145, 148, 145, 147, 144, 143, 143, 138, 140, 136, 135, 135, 133, 134, 131, 132, 130, 128, 132, 129, 128, 127, 132, 126, 127, 129, 137, 127, 142, 128, 128, 128, 131, 128, 129, 128, 126, 146, 127, 132, 129, 127, 128, 130, 129, 126, 127, 126, 135, 124, 131, 122, 123, 122, 120, 120, 118, 116, 115, 118, 112, 114, 108, 104, 103, 101, 99, 96, 94, 92, 88, 87, 85, 84, 81, 78, 76, 74, 73, 73, 70, 67, 66, 65, 62, 61, 60, 58, 56, 56, 57, 53, 51, 51, 50, 49, 50, 47, 49, 47, 47, 71, 44, 64, 56, 85, 42, 42, 42, 43, 42, 41, 44, 43, 40, 41, 42, 43, 73, 42]",128000000,500000,1224006250,42,0
0,2,0,"[40, 40, 39, 41, 39, 41, 39, 41, 40, 41, 40, 40, 40, 40, 40, 41, 39, 42, 42, 41, 43, 43, 44, 43, 44, 44, 45, 46, 50, 46, 48, 50, 99, 53, 68, 50, 49, 48, 51, 50, 53, 48, 59, 52, 60, 57, 60, 57, 60, 64, 60, 64, 66, 67, 68, 73, 73, 74, 78, 82, 83, 90, 93, 99, 104, 107, 111, 118, 124, 123, 126, 128, 130, 132, 133, 135, 146, 136, 138, 138, 142, 141, 143, 142, 141, 138, 137, 138, 139, 137, 137, 136, 137, 136, 140, 135, 138, 136, 137, 138, 135, 138, 137, 139, 138, 137, 139, 139, 141, 144, 145, 148, 148, 144, 141, 140, 142, 142, 141, 141, 141, 142, 142, 141, 142, 142, 142, 151, 142, 142, 140, 141, 142, 147, 142, 141, 140, 141, 141, 140, 142, 144, 142, 141, 139, 138, 138, 138, 138, 138, 138, 137, 137, 136, 136, 137, 138, 136, 135, 135, 140, 136, 137, 136, 136, 138, 137, 138, 138, 138, 139, 139, 138, 139, 140, 139, 139, 140, 138, 136, 134, 134, 132, 131, 129, 129, 126, 124, 121, 117, 115, 113, 110, 106, 101, 99, 94, 90, 85, 80, 74, 69, 65, 63, 61, 59, 58, 57, 55, 54, 54, 53, 52, 50, 50, 51, 49, 48, 48, 48, 52, 45, 46, 46, 51, 46, 47, 46, 44, 44, 44, 43, 50, 43, 41, 42, 42, 42, 42, 41, 42, 41, 39, 40, 41, 40, 41, 40, 40, 40, 40, 39, 38, 40, 41, 40]",128000000,500000,1583461250,45,0,"[45, 44, 44, 45, 45, 45, 44, 47, 46, 55, 50, 54, 50, 52, 53, 54, 52, 55, 62, 58, 60, 62, 61, 64, 68, 67, 66, 69, 69, 70, 74, 75, 75, 79, 81, 81, 82, 85, 84, 87, 90, 91, 94, 94, 96, 97, 98, 100, 104, 105, 106, 108, 112, 113, 116, 121, 125, 129, 125, 127, 129, 128, 129, 131, 132, 133, 131, 135, 136, 136, 137, 138, 137, 137, 140, 140, 137, 139, 138, 139, 139, 139, 139, 138, 138, 136, 138, 140, 137, 139, 139, 139, 138, 140, 141, 139, 141, 141, 138, 140, 141, 140, 140, 142, 141, 141, 143, 140, 140, 141, 141, 143, 143, 146, 141, 142, 146, 142, 143, 145, 144, 144, 146, 144, 144, 144, 144, 160, 146, 146, 144, 145, 147, 146, 147, 147, 144, 144, 141, 142, 142, 143, 140, 140, 138, 139, 135, 137, 136, 134, 135, 133, 131, 132, 134, 131, 130, 129, 132, 130, 135, 130, 150, 131, 130, 128, 128, 129, 130, 133, 128, 146, 128, 145, 128, 127, 128, 126, 126, 129, 127, 126, 147, 125, 148, 126, 125, 123, 124, 121, 120, 119, 117, 136, 114, 133, 112, 110, 108, 105, 103, 101, 98, 98, 94, 92, 91, 88, 87, 84, 80, 80, 79, 75, 72, 72, 76, 68, 65, 68, 63, 61, 58, 57, 55, 55, 56, 52, 57, 51, 57, 50, 52, 48, 46, 46, 46, 45, 45, 63, 44, 46, 43, 55, 43, 41, 43, 43, 42, 42, 43, 41, 50, 41, 47, 78]",128000000,500000,1224006250,42,0
0,2,0,"[41, 39, 40, 40, 39, 40, 41, 40, 42, 40, 40, 39, 41, 41, 42, 40, 41, 43, 40, 43, 42, 43, 40, 43, 43, 45, 44, 46, 49, 47, 47, 53, 96, 55, 68, 51, 54, 51, 51, 55, 52, 57, 59, 51, 54, 54, 54, 59, 58, 64, 63, 62, 67, 68, 73, 72, 73, 74, 77, 81, 83, 91, 96, 99, 105, 108, 111, 117, 124, 122, 126, 128, 130, 132, 135, 136, 138, 137, 138, 140, 140, 142, 142, 143, 141, 139, 138, 138, 138, 137, 137, 136, 137, 137, 139, 137, 138, 138, 138, 139, 138, 138, 139, 139, 139, 138, 138, 140, 140, 143, 145, 147, 147, 144, 141, 140, 140, 140, 140, 139, 141, 141, 141, 142, 140, 141, 142, 149, 142, 143, 141, 141, 142, 146, 142, 142, 142, 142, 143, 142, 142, 142, 142, 140, 138, 138, 139, 139, 140, 139, 137, 137, 137, 137, 136, 136, 137, 137, 136, 136, 138, 137, 138, 136, 135, 138, 137, 138, 139, 137, 138, 139, 140, 140, 140, 139, 139, 138, 138, 137, 135, 135, 132, 130, 129, 127, 126, 123, 120, 118, 115, 113, 110, 107, 104, 100, 95, 89, 84, 79, 75, 69, 66, 62, 60, 58, 56, 57, 57, 55, 54, 53, 53, 52, 51, 51, 49, 47, 49, 47, 52, 48, 48, 47, 49, 44, 46, 44, 42, 44, 45, 43, 49, 44, 43, 41, 41, 42, 41, 40, 41, 41, 41, 41, 40, 40, 39, 41, 41, 40, 40, 38, 40, 40, 40, 39]",128000000,500000,1583461250,45,0,"[42, 46, 44, 44, 45, 46, 48, 52, 49, 48, 48, 51, 50, 50, 50, 52, 55, 55, 57, 61, 60, 58, 60, 63, 65, 63, 66, 67, 72, 72, 72, 73, 75, 77, 77, 80, 81, 82, 84, 87, 88, 91, 93, 95, 94, 97, 99, 101, 102, 106, 107, 109, 111, 112, 114, 121, 125, 124, 123, 127, 124, 128, 128, 130, 131, 133, 132, 133, 135, 135, 138, 136, 136, 138, 139, 137, 139, 137, 139, 140, 137, 137, 138, 138, 140, 138, 137, 138, 137, 137, 139, 138, 138, 141, 141, 139, 139, 140, 140, 140, 141, 137, 140, 141, 141, 141, 142, 140, 140, 142, 142, 142, 142, 143, 142, 144, 145, 143, 145, 147, 144, 144, 146, 147, 144, 144, 146, 153, 147, 146, 147, 148, 146, 146, 144, 145, 141, 142, 143, 140, 140, 139, 139, 141, 137, 137, 134, 135, 133, 132, 134, 132, 132, 133, 133, 130, 132, 132, 135, 130, 130, 130, 130, 131, 130, 129, 129, 128, 127, 149, 127, 146, 127, 127, 127, 127, 128, 127, 128, 128, 147, 127, 137, 126, 127, 126, 124, 121, 122, 122, 119, 139, 118, 129, 113, 111, 112, 109, 107, 103, 101, 100, 99, 96, 94, 91, 90, 85, 85, 83, 81, 78, 77, 75, 73, 72, 70, 70, 67, 64, 62, 60, 60, 59, 57, 54, 54, 51, 55, 50, 53, 48, 47, 48, 46, 47, 45, 45, 45, 65, 43, 63, 42, 41, 43, 43, 43, 44, 40, 43, 45, 41, 43, 46, 44, 41]",128000000,500000,1224006250,42,0
0,2,0,"[39, 40, 41, 39, 39, 39, 42, 38, 40, 39, 40, 40, 40, 41, 41, 40, 41, 41, 42, 43, 41, 41, 42, 44, 44, 42, 43, 46, 47, 52, 45, 51, 97, 65, 71, 53, 53, 56, 63, 63, 60, 57, 58, 61, 53, 68, 63, 58, 68, 60, 65, 65, 69, 69, 69, 74, 72, 75, 78, 80, 82, 87, 94, 100, 103, 107, 112, 116, 123, 124, 125, 130, 130, 132, 134, 135, 138, 141, 140, 139, 141, 141, 143, 141, 141, 140, 140, 138, 138, 138, 135, 139, 138, 138, 138, 137, 139, 138, 139, 137, 137, 137, 139, 138, 139, 139, 140, 140, 141, 144, 147, 150, 147, 146, 144, 143, 141, 140, 141, 140, 142, 142, 141, 141, 141, 143, 142, 143, 142, 142, 143, 142, 142, 147, 141, 142, 141, 141, 142, 143, 141, 141, 140, 141, 138, 139, 141, 139, 138, 138, 138, 140, 137, 135, 136, 136, 137, 136, 136, 135, 139, 135, 136, 136, 136, 135, 137, 137, 137, 140, 140, 140, 139, 139, 141, 140, 139, 138, 138, 137, 136, 134, 134, 132, 129, 130, 124, 123, 120, 119, 115, 113, 112, 106, 102, 98, 95, 89, 85, 79, 74, 70, 65, 63, 59, 58, 57, 57, 57, 54, 53, 52, 53, 51, 52, 50, 49, 49, 49, 50, 52, 47, 48, 45, 48, 45, 48, 44, 43, 42, 43, 43, 48, 44, 42, 42, 42, 41, 41, 41, 41, 40, 40, 39, 41, 40, 40, 39, 41, 41, 40, 40, 40, 41, 38, 38]",128000000,500000,1583461250,45,0,"[46, 47, 45, 48, 46, 51, 45, 51, 47, 48, 50, 49, 77, 54, 53, 57, 57, 56, 60, 57, 59, 64, 61, 66, 66, 66, 67, 69, 68, 73, 73, 73, 76, 76, 78, 80, 82, 83, 86, 88, 88, 90, 94, 92, 95, 98, 98, 100, 102, 105, 106, 135, 110, 111, 113, 126, 121, 124, 125, 126, 125, 127, 129, 131, 131, 134, 132, 135, 137, 137, 138, 140, 137, 137, 139, 136, 137, 138, 138, 138, 138, 140, 137, 138, 138, 137, 138, 139, 139, 139, 140, 139, 139, 139, 141, 139, 139, 138, 139, 137, 141, 141, 138, 141, 139, 139, 142, 140, 140, 147, 140, 142, 142, 141, 142, 142, 144, 141, 141, 144, 142, 143, 146, 144, 143, 145, 145, 152, 146, 147, 147, 146, 147, 149, 147, 150, 147, 145, 144, 143, 144, 143, 142, 139, 140, 137, 135, 137, 135, 133, 133, 132, 132, 132, 131, 131, 130, 127, 133, 128, 130, 129, 128, 128, 128, 127, 128, 147, 128, 149, 128, 127, 127, 126, 129, 126, 128, 127, 148, 128, 147, 126, 126, 126, 123, 124, 124, 122, 120, 141, 118, 139, 116, 116, 114, 113, 113, 110, 107, 105, 102, 101, 100, 97, 94, 91, 90, 88, 86, 83, 80, 79, 77, 76, 72, 75, 69, 69, 66, 65, 63, 61, 60, 57, 59, 55, 60, 53, 55, 72, 50, 47, 48, 48, 46, 47, 53, 55, 44, 66, 53, 43, 41, 68, 42, 42, 44, 40, 48, 42, 49, 42, 41, 41, 42, 41]",128000000,500000,1224006250,42,0
0,2,0,"[40, 41, 38, 39, 40, 40, 40, 39, 40, 40, 40, 39, 41, 41, 41, 41, 42, 42, 42, 42, 42, 44, 44, 45, 43, 46, 45, 48, 49, 47, 47, 53, 96, 51, 70, 51, 51, 49, 49, 53, 57, 52, 65, 55, 54, 54, 52, 55, 59, 58, 63, 64, 68, 69, 71, 73, 72, 76, 79, 82, 83, 89, 95, 98, 103, 107, 110, 116, 121, 123, 126, 129, 130, 131, 136, 135, 137, 143, 139, 138, 142, 141, 141, 143, 141, 140, 138, 138, 137, 138, 137, 137, 138, 135, 138, 137, 140, 139, 138, 139, 138, 139, 138, 139, 140, 139, 138, 140, 139, 144, 147, 149, 147, 144, 141, 141, 141, 141, 140, 141, 141, 140, 140, 141, 140, 140, 142, 149, 143, 140, 141, 141, 140, 148, 141, 142, 141, 141, 143, 143, 142, 142, 144, 140, 140, 139, 139, 141, 139, 139, 138, 137, 139, 138, 139, 136, 136, 136, 134, 137, 138, 137, 136, 135, 134, 135, 136, 138, 138, 138, 138, 138, 139, 139, 140, 141, 140, 140, 139, 138, 137, 136, 134, 133, 130, 129, 126, 124, 121, 118, 115, 112, 111, 106, 101, 99, 94, 88, 84, 77, 73, 69, 66, 61, 61, 59, 57, 58, 54, 55, 54, 54, 53, 54, 51, 51, 49, 49, 48, 47, 51, 46, 47, 46, 50, 44, 46, 46, 45, 44, 44, 44, 48, 44, 41, 43, 40, 41, 42, 41, 41, 43, 41, 41, 40, 41, 40, 40, 39, 40, 40, 40, 41, 39, 40, 39]",128000000,500000,1583461250,45,0,"[44, 49, 43, 49, 46, 49, 47, 48, 48, 50, 49, 51, 51, 61, 55, 57, 59, 59, 57, 59, 60, 60, 62, 64, 64, 68, 68, 71, 70, 73, 75, 76, 79, 77, 78, 79, 82, 85, 83, 87, 90, 88, 93, 92, 95, 99, 100, 102, 103, 106, 107, 109, 146, 113, 117, 128, 138, 134, 126, 127, 126, 128, 128, 130, 131, 132, 133, 135, 138, 135, 136, 140, 137, 135, 139, 138, 137, 138, 137, 140, 136, 138, 136, 136, 139, 136, 136, 138, 137, 137, 139, 144, 138, 140, 140, 138, 138, 138, 137, 138, 141, 136, 140, 141, 138, 139, 142, 139, 139, 142, 141, 143, 143, 145, 141, 142, 146, 143, 145, 148, 145, 144, 148, 146, 147, 151, 146, 150, 148, 150, 149, 152, 154, 151, 152, 153, 149, 150, 148, 147, 147, 146, 144, 141, 141, 141, 138, 137, 135, 132, 135, 133, 134, 130, 130, 129, 129, 131, 131, 127, 127, 127, 125, 127, 128, 145, 125, 141, 126, 124, 125, 126, 126, 127, 127, 126, 146, 126, 133, 126, 127, 126, 125, 126, 125, 123, 123, 139, 122, 144, 121, 119, 117, 116, 115, 114, 111, 109, 108, 105, 103, 101, 99, 97, 95, 92, 90, 87, 88, 82, 81, 81, 78, 77, 72, 72, 69, 69, 66, 64, 62, 60, 61, 57, 58, 55, 57, 54, 52, 51, 51, 49, 48, 50, 49, 51, 45, 48, 46, 65, 43, 43, 68, 42, 45, 44, 45, 64, 46, 43, 42, 41, 42, 42, 44, 46]",128000000,500000,1224006250,42,0
0,2,0,"[39, 40, 39, 40, 40, 41, 40, 40, 38, 41, 39, 39, 41, 40, 41, 42, 41, 42, 43, 42, 42, 42, 43, 44, 42, 43, 45, 50, 47, 54, 52, 53, 98, 56, 70, 49, 47, 53, 56, 49, 58, 58, 50, 59, 55, 60, 58, 71, 59, 61, 62, 64, 67, 68, 68, 70, 72, 76, 78, 79, 83, 87, 96, 99, 103, 106, 112, 117, 121, 123, 125, 126, 130, 131, 135, 136, 159, 139, 139, 139, 141, 142, 142, 141, 141, 138, 138, 138, 137, 138, 137, 139, 136, 138, 136, 138, 137, 137, 137, 137, 139, 139, 137, 139, 140, 139, 139, 140, 143, 145, 149, 148, 147, 145, 141, 140, 141, 141, 140, 141, 142, 141, 141, 140, 142, 142, 144, 148, 143, 141, 143, 142, 143, 147, 141, 141, 141, 142, 140, 143, 142, 141, 140, 140, 139, 138, 139, 138, 138, 137, 136, 137, 138, 136, 136, 137, 137, 136, 134, 136, 140, 135, 135, 135, 136, 135, 138, 138, 137, 139, 138, 138, 141, 140, 139, 139, 140, 139, 138, 138, 137, 134, 135, 131, 131, 128, 126, 123, 122, 118, 114, 113, 110, 104, 102, 100, 93, 90, 82, 79, 75, 70, 65, 62, 61, 58, 58, 56, 56, 55, 54, 53, 52, 51, 50, 52, 49, 50, 51, 48, 51, 46, 48, 47, 49, 45, 47, 46, 43, 46, 44, 42, 50, 44, 43, 43, 43, 42, 41, 43, 41, 40, 41, 39, 39, 40, 40, 42, 38, 41, 39, 41, 40, 38, 40, 37]",128000000,500000,1583461250,45,0,"[44, 53, 44, 47, 45, 46, 47, 47, 47, 48, 53, 51, 53, 53, 54, 54, 58, 55, 58, 56, 60, 60, 62, 67, 62, 66, 66, 68, 72, 71, 69, 73, 75, 78, 77, 81, 83, 85, 85, 87, 88, 90, 94, 95, 96, 97, 99, 100, 103, 105, 108, 108, 112, 113, 117, 126, 135, 134, 128, 129, 126, 129, 130, 131, 131, 132, 134, 134, 138, 133, 137, 137, 137, 135, 139, 138, 137, 138, 138, 138, 137, 140, 138, 137, 137, 138, 136, 140, 137, 138, 141, 138, 138, 141, 143, 140, 139, 140, 139, 138, 141, 138, 139, 141, 140, 140, 143, 140, 141, 143, 141, 142, 141, 143, 142, 141, 144, 142, 143, 147, 144, 143, 146, 145, 147, 147, 148, 149, 149, 151, 149, 150, 150, 149, 151, 151, 148, 147, 146, 144, 142, 143, 140, 139, 138, 138, 135, 135, 134, 133, 132, 131, 130, 130, 130, 128, 128, 128, 131, 126, 128, 127, 127, 147, 128, 143, 126, 128, 126, 128, 127, 126, 126, 127, 150, 127, 146, 128, 125, 128, 125, 125, 125, 124, 124, 141, 124, 132, 121, 120, 120, 119, 118, 116, 114, 113, 133, 109, 109, 105, 103, 102, 99, 96, 93, 93, 90, 89, 85, 84, 81, 80, 76, 75, 75, 71, 70, 66, 66, 64, 68, 61, 65, 58, 55, 55, 55, 53, 53, 51, 49, 48, 49, 50, 47, 54, 45, 45, 45, 65, 44, 46, 44, 42, 54, 42, 46, 42, 42, 42, 42, 43, 42, 42, 43, 50]",128000000,500000,1224006250,42,0
0,2,0,"[42, 41, 40, 40, 39, 40, 40, 40, 39, 40, 42, 40, 40, 41, 41, 41, 42, 41, 42, 41, 43, 41, 44, 45, 41, 44, 44, 49, 49, 49, 44, 49, 98, 51, 69, 49, 55, 60, 56, 53, 53, 52, 55, 52, 59, 58, 54, 55, 57, 58, 65, 64, 67, 68, 71, 71, 73, 75, 77, 80, 85, 88, 94, 99, 103, 108, 113, 119, 121, 122, 126, 129, 130, 133, 135, 135, 151, 139, 137, 138, 140, 141, 142, 142, 141, 137, 136, 138, 139, 137, 138, 138, 137, 138, 137, 138, 138, 140, 139, 139, 139, 140, 141, 141, 139, 142, 141, 140, 141, 145, 149, 147, 147, 144, 140, 139, 140, 140, 139, 140, 140, 140, 141, 141, 141, 139, 139, 145, 142, 140, 143, 140, 140, 148, 142, 141, 142, 142, 142, 143, 143, 142, 143, 141, 141, 139, 141, 141, 138, 140, 140, 137, 137, 137, 137, 136, 136, 136, 136, 136, 138, 135, 136, 135, 135, 135, 136, 136, 137, 137, 137, 138, 139, 140, 140, 139, 140, 141, 139, 138, 135, 135, 134, 132, 131, 130, 124, 123, 122, 119, 116, 113, 108, 106, 103, 98, 94, 89, 83, 79, 74, 69, 66, 62, 59, 59, 58, 56, 55, 55, 55, 53, 54, 52, 51, 52, 50, 49, 49, 47, 50, 48, 49, 48, 48, 45, 46, 45, 45, 43, 43, 45, 47, 43, 43, 42, 41, 41, 40, 43, 41, 42, 42, 41, 41, 42, 40, 39, 39, 41, 42, 39, 40, 40, 41, 39]",128000000,500000,1583461250,45,0,"[43, 45, 46, 46, 84, 47, 46, 47, 51, 51, 54, 51, 54, 56, 53, 56, 56, 56, 59, 61, 61, 63, 63, 66, 67, 67, 71, 68, 69, 71, 72, 74, 78, 80, 79, 77, 82, 82, 85, 88, 87, 90, 93, 129, 95, 98, 98, 100, 102, 106, 106, 108, 114, 113, 116, 124, 130, 132, 127, 130, 125, 130, 131, 132, 131, 135, 134, 135, 138, 135, 137, 141, 137, 137, 140, 136, 138, 139, 138, 139, 136, 138, 145, 136, 140, 136, 135, 140, 135, 137, 140, 136, 136, 140, 177, 140, 139, 140, 138, 138, 140, 137, 137, 142, 138, 138, 141, 139, 139, 142, 139, 139, 140, 142, 138, 139, 143, 142, 144, 142, 143, 142, 145, 143, 145, 149, 146, 149, 148, 150, 151, 151, 152, 153, 156, 153, 153, 150, 154, 149, 152, 149, 146, 146, 145, 145, 144, 139, 137, 136, 136, 135, 134, 131, 131, 131, 128, 128, 132, 129, 129, 143, 127, 148, 128, 127, 128, 127, 126, 130, 127, 126, 144, 127, 150, 126, 125, 126, 126, 127, 126, 125, 124, 140, 124, 144, 126, 122, 123, 121, 120, 119, 118, 115, 138, 112, 141, 108, 107, 105, 103, 101, 99, 97, 95, 94, 88, 90, 88, 84, 82, 80, 77, 75, 73, 71, 70, 67, 68, 65, 67, 78, 60, 59, 58, 57, 56, 53, 53, 55, 51, 54, 47, 52, 47, 45, 46, 46, 46, 66, 45, 69, 99, 43, 47, 42, 44, 42, 45, 42, 41, 43, 44, 49, 42, 59]",128000000,500000,1224006250,42,0
0,2,0,"[40, 39, 40, 40, 40, 41, 40, 41, 40, 41, 40, 40, 40, 40, 41, 41, 42, 40, 41, 41, 41, 43, 44, 43, 41, 43, 47, 43, 49, 48, 48, 50, 94, 52, 69, 48, 52, 57, 56, 65, 49, 52, 54, 52, 52, 61, 57, 62, 63, 64, 63, 61, 65, 66, 68, 72, 72, 74, 79, 80, 85, 87, 93, 100, 104, 109, 112, 117, 122, 121, 124, 127, 131, 131, 134, 135, 143, 137, 136, 139, 140, 141, 141, 142, 140, 138, 138, 139, 139, 138, 137, 136, 137, 139, 137, 138, 139, 136, 138, 140, 139, 139, 139, 140, 138, 140, 140, 139, 142, 145, 147, 149, 148, 145, 141, 140, 142, 141, 141, 140, 140, 140, 140, 142, 142, 141, 141, 157, 141, 141, 142, 142, 141, 147, 143, 141, 141, 141, 142, 143, 142, 143, 140, 141, 140, 139, 140, 139, 138, 139, 137, 138, 137, 139, 137, 136, 137, 136, 136, 136, 140, 137, 137, 135, 136, 138, 137, 137, 138, 139, 140, 140, 140, 139, 140, 139, 139, 139, 139, 137, 136, 135, 134, 131, 130, 128, 125, 123, 121, 118, 116, 112, 108, 105, 104, 99, 94, 88, 84, 81, 73, 69, 64, 61, 60, 57, 58, 56, 55, 55, 53, 53, 53, 52, 51, 50, 51, 50, 48, 47, 51, 48, 47, 47, 49, 45, 45, 46, 43, 43, 42, 44, 48, 45, 43, 44, 41, 40, 42, 41, 40, 40, 41, 41, 39, 40, 40, 38, 39, 40, 40, 40, 39, 39, 40, 39]",128000000,500000,1583461250,45,0,"[42, 43, 44, 44, 45, 48, 47, 48, 51, 48, 51, 48, 56, 51, 55, 54, 57, 58, 58, 61, 59, 61, 63, 61, 66, 66, 68, 68, 68, 70, 72, 75, 75, 78, 80, 80, 80, 83, 83, 86, 88, 88, 91, 93, 138, 99, 101, 99, 103, 105, 108, 109, 112, 114, 115, 126, 121, 122, 126, 129, 126, 128, 129, 131, 131, 133, 133, 134, 137, 136, 136, 140, 136, 137, 139, 136, 137, 140, 137, 140, 138, 139, 137, 139, 139, 137, 137, 140, 137, 137, 141, 139, 139, 142, 144, 140, 139, 140, 140, 140, 140, 139, 138, 140, 139, 139, 142, 139, 139, 140, 141, 141, 141, 142, 140, 141, 141, 140, 142, 143, 142, 143, 143, 145, 145, 146, 147, 147, 149, 150, 149, 151, 150, 153, 153, 153, 149, 148, 147, 148, 146, 145, 147, 141, 141, 141, 136, 134, 134, 137, 132, 132, 131, 131, 133, 127, 129, 128, 133, 130, 128, 141, 130, 129, 132, 130, 128, 128, 126, 128, 143, 127, 139, 127, 127, 127, 126, 128, 125, 126, 126, 148, 125, 147, 126, 125, 123, 123, 122, 121, 117, 119, 139, 116, 123, 112, 111, 109, 107, 105, 103, 101, 100, 98, 94, 94, 91, 88, 85, 83, 80, 78, 77, 74, 73, 72, 72, 68, 67, 65, 63, 60, 60, 57, 57, 55, 57, 60, 52, 60, 49, 55, 48, 48, 46, 45, 46, 46, 46, 82, 51, 53, 92, 43, 42, 43, 43, 43, 42, 44, 41, 52, 42, 48, 51, 43]",128000000,500000,1224006250,42,0
0,2,0,"[40, 39, 38, 40, 40, 40, 40, 40, 41, 40, 41, 41, 41, 41, 42, 41, 41, 41, 41, 41, 42, 43, 42, 42, 42, 43, 45, 45, 48, 45, 47, 51, 98, 53, 69, 51, 50, 50, 49, 49, 55, 55, 54, 52, 59, 57, 56, 65, 60, 61, 61, 64, 69, 68, 71, 73, 74, 73, 79, 78, 85, 88, 95, 98, 103, 107, 112, 116, 121, 125, 124, 129, 130, 131, 133, 136, 140, 139, 139, 139, 142, 143, 144, 142, 142, 139, 139, 137, 139, 137, 138, 136, 139, 138, 138, 138, 139, 137, 140, 138, 138, 139, 139, 138, 140, 139, 138, 140, 139, 144, 148, 151, 148, 145, 141, 140, 141, 142, 141, 141, 141, 143, 142, 142, 141, 142, 143, 149, 143, 142, 141, 141, 142, 147, 142, 141, 141, 140, 141, 143, 142, 141, 140, 139, 139, 140, 137, 139, 136, 138, 137, 136, 137, 136, 135, 135, 136, 136, 135, 135, 139, 137, 135, 135, 135, 136, 135, 136, 138, 139, 139, 139, 141, 140, 140, 139, 139, 140, 139, 137, 136, 133, 132, 131, 130, 126, 126, 122, 120, 118, 116, 113, 110, 107, 103, 99, 93, 90, 83, 79, 75, 69, 65, 62, 61, 58, 57, 57, 56, 55, 55, 52, 54, 53, 53, 52, 51, 50, 49, 47, 49, 48, 48, 46, 47, 46, 46, 44, 45, 44, 43, 43, 50, 45, 42, 42, 42, 41, 42, 41, 41, 41, 41, 41, 41, 40, 39, 40, 40, 41, 39, 40, 39, 41, 39, 40]",128000000,500000,1583461250,45,0,"[43, 44, 44, 46, 52, 44, 52, 47, 51, 48, 48, 51, 51, 55, 55, 60, 56, 65, 59, 63, 58, 59, 62, 67, 64, 65, 66, 67, 72, 73, 72, 72, 75, 75, 79, 80, 81, 83, 84, 89, 87, 93, 93, 94, 94, 98, 99, 102, 102, 103, 105, 108, 113, 114, 115, 122, 122, 121, 123, 129, 125, 127, 127, 132, 131, 133, 133, 135, 137, 136, 136, 139, 137, 139, 138, 139, 136, 138, 139, 139, 138, 140, 137, 139, 138, 138, 138, 139, 138, 137, 140, 138, 140, 141, 143, 141, 139, 141, 139, 139, 141, 139, 139, 145, 140, 140, 143, 140, 139, 142, 140, 140, 144, 143, 142, 144, 144, 141, 142, 145, 143, 143, 144, 144, 145, 146, 144, 146, 148, 149, 148, 148, 149, 149, 149, 152, 148, 145, 148, 145, 146, 143, 145, 142, 139, 139, 139, 137, 135, 133, 132, 133, 131, 132, 133, 128, 129, 130, 132, 129, 127, 129, 127, 128, 129, 127, 128, 129, 153, 128, 150, 128, 127, 127, 127, 128, 128, 125, 126, 149, 126, 149, 125, 126, 126, 126, 124, 124, 123, 122, 144, 119, 144, 118, 115, 113, 112, 110, 107, 104, 103, 102, 100, 98, 95, 94, 90, 88, 86, 85, 81, 79, 79, 77, 79, 70, 73, 67, 65, 64, 64, 61, 60, 58, 56, 62, 56, 69, 52, 53, 50, 48, 47, 48, 47, 45, 52, 45, 54, 64, 54, 76, 42, 40, 42, 44, 43, 44, 41, 63, 42, 57, 42, 41, 68, 41]",128000000,500000,1224006250,42,0
0,2,0,"[41, 40, 40, 40, 39, 39, 41, 41, 40, 39, 41, 39, 41, 39, 41, 42, 41, 42, 41, 42, 42, 43, 43, 44, 44, 44, 43, 45, 50, 46, 47, 62, 98, 53, 69, 55, 53, 59, 64, 50, 54, 58, 56, 54, 56, 54, 60, 59, 59, 60, 62, 66, 69, 70, 70, 71, 73, 75, 84, 79, 85, 90, 96, 98, 104, 108, 112, 117, 122, 122, 126, 127, 130, 132, 133, 137, 141, 139, 136, 139, 141, 142, 143, 142, 141, 138, 139, 138, 139, 138, 137, 136, 138, 137, 136, 135, 139, 137, 139, 138, 138, 136, 139, 139, 139, 138, 138, 139, 141, 144, 149, 149, 148, 144, 141, 141, 140, 142, 142, 141, 141, 143, 142, 143, 141, 140, 142, 145, 144, 143, 143, 141, 143, 148, 142, 142, 142, 140, 143, 141, 142, 140, 141, 140, 138, 139, 139, 139, 138, 138, 137, 136, 137, 138, 136, 136, 136, 136, 136, 135, 138, 136, 137, 137, 136, 137, 136, 138, 138, 138, 139, 140, 139, 138, 141, 140, 139, 140, 137, 135, 136, 133, 132, 132, 130, 127, 126, 122, 122, 118, 114, 112, 111, 106, 103, 97, 93, 89, 84, 80, 73, 69, 65, 61, 60, 57, 57, 57, 56, 54, 53, 54, 53, 52, 52, 51, 50, 50, 49, 48, 51, 47, 48, 47, 50, 46, 47, 44, 44, 44, 43, 43, 49, 45, 42, 41, 43, 42, 41, 42, 40, 41, 40, 40, 41, 41, 40, 39, 40, 40, 40, 41, 40, 40, 42, 40]",128000000,500000,1583461250,45,0,"[47, 43, 70, 46, 68, 46, 47, 47, 49, 48, 51, 50, 51, 64, 51, 66, 55, 59, 57, 57, 60, 61, 64, 66, 69, 68, 75, 67, 75, 74, 73, 73, 78, 77, 77, 98, 82, 83, 84, 89, 89, 90, 92, 93, 94, 97, 99, 102, 101, 104, 104, 107, 110, 112, 115, 122, 122, 122, 124, 129, 125, 127, 128, 128, 134, 133, 133, 134, 136, 135, 136, 138, 135, 138, 146, 140, 139, 139, 139, 142, 139, 140, 138, 137, 140, 136, 138, 139, 137, 136, 139, 139, 138, 142, 142, 140, 138, 140, 138, 139, 141, 139, 138, 143, 139, 140, 140, 137, 140, 140, 141, 141, 143, 142, 141, 142, 143, 143, 139, 145, 140, 142, 145, 143, 144, 146, 145, 152, 147, 146, 147, 144, 149, 148, 149, 148, 148, 148, 148, 146, 144, 145, 142, 139, 140, 138, 138, 138, 136, 136, 135, 136, 133, 129, 134, 129, 131, 131, 133, 128, 132, 129, 129, 129, 132, 137, 152, 129, 153, 128, 129, 128, 126, 128, 127, 126, 126, 153, 131, 153, 126, 126, 125, 128, 125, 125, 125, 123, 149, 122, 146, 121, 117, 116, 115, 114, 113, 111, 106, 111, 104, 104, 98, 97, 95, 93, 91, 87, 85, 83, 81, 79, 86, 78, 83, 70, 70, 68, 66, 63, 61, 62, 60, 76, 57, 75, 56, 53, 52, 51, 50, 51, 48, 50, 66, 48, 73, 46, 61, 66, 49, 45, 42, 52, 42, 48, 44, 66, 41, 61, 40, 43, 73, 43, 42, 42]",128000000,500000,1224006250,42,0
0,2,0,"[39, 42, 39, 41, 39, 40, 40, 40, 40, 40, 40, 39, 41, 41, 39, 41, 42, 41, 41, 43, 42, 42, 43, 43, 43, 45, 45, 46, 57, 45, 49, 54, 97, 57, 71, 49, 49, 51, 51, 50, 56, 54, 54, 55, 56, 55, 54, 57, 56, 62, 67, 65, 68, 67, 70, 74, 73, 74, 77, 79, 83, 89, 94, 98, 104, 107, 110, 116, 123, 122, 126, 128, 129, 131, 135, 136, 146, 139, 138, 139, 141, 141, 144, 142, 141, 139, 138, 138, 138, 138, 137, 137, 138, 138, 138, 137, 139, 138, 139, 139, 138, 137, 139, 138, 139, 140, 139, 139, 140, 145, 148, 150, 149, 147, 142, 141, 141, 140, 142, 141, 141, 143, 143, 141, 142, 142, 143, 148, 144, 142, 143, 142, 142, 149, 143, 141, 141, 143, 144, 143, 142, 141, 141, 140, 138, 140, 140, 139, 139, 138, 137, 137, 138, 139, 138, 136, 136, 136, 135, 138, 140, 136, 136, 135, 136, 136, 136, 136, 136, 137, 138, 138, 140, 139, 138, 138, 140, 138, 138, 137, 135, 136, 133, 131, 130, 127, 124, 123, 121, 118, 116, 112, 111, 106, 102, 98, 94, 89, 84, 80, 74, 69, 64, 62, 60, 58, 57, 56, 55, 55, 55, 53, 53, 52, 51, 50, 50, 49, 48, 48, 53, 46, 47, 47, 48, 46, 47, 45, 45, 42, 44, 44, 49, 45, 41, 43, 42, 40, 40, 42, 42, 42, 42, 40, 41, 41, 40, 41, 40, 41, 41, 41, 41, 39, 40, 40]",128000000,500000,1583461250,45,0,"[61, 43, 54, 44, 45, 45, 47, 46, 48, 49, 48, 56, 53, 58, 52, 59, 55, 57, 57, 58, 59, 60, 63, 63, 69, 67, 69, 70, 69, 71, 73, 75, 76, 77, 80, 80, 111, 84, 84, 87, 89, 92, 90, 93, 95, 97, 98, 101, 102, 104, 106, 109, 112, 113, 116, 122, 131, 131, 123, 128, 126, 126, 130, 132, 131, 131, 133, 136, 136, 137, 138, 137, 138, 138, 138, 147, 139, 137, 139, 141, 137, 137, 138, 138, 138, 137, 139, 138, 138, 141, 139, 140, 141, 141, 145, 144, 139, 140, 142, 141, 139, 141, 140, 139, 138, 140, 140, 140, 141, 141, 141, 141, 141, 141, 141, 141, 142, 143, 141, 144, 143, 145, 143, 143, 146, 145, 145, 149, 147, 146, 148, 150, 147, 151, 151, 151, 149, 146, 148, 147, 145, 146, 145, 143, 142, 139, 139, 137, 136, 135, 134, 133, 131, 128, 133, 131, 130, 129, 134, 129, 130, 134, 129, 130, 152, 130, 152, 129, 128, 134, 129, 133, 132, 129, 126, 148, 127, 148, 127, 128, 126, 126, 126, 124, 125, 123, 144, 124, 145, 123, 121, 120, 116, 117, 114, 112, 112, 120, 107, 107, 103, 103, 100, 96, 95, 93, 90, 87, 87, 84, 87, 80, 79, 74, 73, 71, 70, 68, 65, 65, 61, 67, 58, 65, 57, 55, 56, 52, 52, 50, 50, 81, 55, 48, 60, 48, 50, 45, 44, 65, 44, 44, 82, 47, 43, 53, 41, 55, 45, 43, 42, 42, 43, 43, 43, 47]",128000000,500000,1224006250,42,0
0,2,0,"[39, 41, 39, 40, 39, 40, 40, 41, 41, 39, 41, 41, 41, 39, 42, 41, 42, 41, 43, 42, 42, 43, 43, 44, 44, 44, 44, 48, 46, 47, 46, 50, 98, 57, 68, 49, 48, 49, 51, 68, 52, 58, 63, 53, 53, 54, 57, 59, 56, 62, 64, 71, 68, 68, 69, 71, 73, 74, 78, 80, 83, 90, 95, 101, 104, 108, 112, 115, 125, 124, 125, 127, 130, 132, 136, 135, 138, 138, 139, 140, 142, 143, 144, 143, 141, 141, 137, 138, 140, 139, 137, 138, 138, 138, 137, 137, 138, 136, 137, 136, 138, 138, 138, 139, 137, 140, 139, 138, 142, 145, 151, 152, 149, 145, 141, 141, 142, 143, 141, 140, 142, 142, 142, 144, 143, 141, 142, 147, 145, 142, 141, 143, 142, 147, 143, 142, 142, 143, 143, 144, 143, 141, 142, 141, 140, 140, 141, 139, 140, 137, 138, 138, 138, 137, 137, 137, 136, 137, 136, 136, 139, 137, 137, 136, 135, 135, 136, 136, 138, 137, 137, 137, 137, 139, 139, 140, 139, 138, 137, 136, 135, 135, 133, 132, 130, 130, 126, 123, 120, 121, 116, 113, 110, 107, 102, 99, 95, 89, 84, 78, 74, 70, 67, 62, 60, 60, 57, 57, 55, 54, 54, 54, 52, 51, 52, 51, 51, 51, 49, 48, 51, 47, 48, 46, 49, 44, 45, 45, 44, 44, 43, 42, 48, 44, 43, 43, 41, 41, 41, 41, 43, 41, 41, 42, 39, 39, 42, 41, 40, 40, 40, 41, 40, 40, 39, 39]",128000000,500000,1583461250,45,0,"[76, 44, 45, 43, 45, 45, 47, 48, 49, 71, 51, 74, 52, 54, 53, 53, 58, 58, 57, 58, 73, 62, 81, 68, 71, 67, 67, 69, 70, 70, 70, 77, 74, 85, 81, 86, 81, 82, 84, 85, 86, 89, 92, 93, 95, 96, 98, 102, 104, 104, 106, 108, 111, 115, 117, 122, 132, 136, 127, 128, 128, 127, 131, 130, 131, 133, 135, 134, 135, 137, 136, 138, 139, 139, 139, 139, 140, 140, 139, 139, 138, 133, 139, 140, 139, 138, 139, 138, 140, 142, 139, 139, 139, 141, 141, 143, 140, 140, 140, 142, 140, 140, 141, 135, 141, 137, 139, 141, 141, 141, 139, 142, 141, 143, 139, 142, 140, 142, 143, 143, 142, 145, 144, 144, 146, 143, 147, 145, 146, 146, 149, 148, 149, 150, 149, 150, 147, 149, 145, 148, 146, 144, 145, 143, 143, 140, 139, 138, 137, 133, 135, 132, 132, 133, 132, 128, 130, 128, 130, 129, 126, 129, 151, 128, 153, 127, 126, 127, 127, 126, 127, 125, 129, 151, 127, 150, 126, 127, 125, 127, 126, 125, 125, 125, 152, 125, 151, 122, 122, 122, 121, 118, 118, 114, 114, 146, 111, 133, 107, 105, 103, 102, 99, 98, 95, 92, 96, 88, 95, 82, 88, 79, 77, 76, 73, 75, 70, 70, 66, 79, 62, 80, 59, 58, 57, 57, 56, 54, 53, 51, 78, 51, 81, 48, 63, 47, 45, 44, 46, 65, 50, 66, 44, 77, 43, 66, 42, 40, 43, 42, 45, 43, 48, 43, 81, 44]",128000000,500000,1224006250,42,0
0,2,0,"[40, 41, 40, 40, 39, 39, 40, 41, 42, 38, 38, 40, 42, 40, 42, 40, 42, 42, 41, 41, 42, 43, 45, 42, 46, 45, 44, 46, 51, 49, 50, 54, 98, 60, 70, 49, 51, 56, 62, 70, 55, 61, 61, 61, 55, 54, 64, 55, 74, 62, 61, 65, 67, 70, 69, 72, 72, 76, 77, 80, 84, 89, 94, 99, 102, 106, 111, 115, 122, 121, 125, 128, 130, 133, 135, 136, 139, 140, 140, 141, 141, 143, 144, 144, 141, 140, 138, 138, 139, 138, 138, 136, 139, 137, 138, 136, 139, 139, 137, 138, 138, 139, 139, 138, 139, 139, 141, 139, 142, 147, 151, 150, 150, 148, 144, 142, 141, 142, 142, 140, 142, 143, 142, 141, 141, 143, 143, 150, 144, 143, 142, 143, 142, 148, 144, 143, 143, 142, 144, 144, 144, 145, 142, 142, 141, 141, 140, 141, 140, 140, 139, 137, 139, 139, 138, 138, 137, 137, 136, 138, 139, 135, 136, 135, 135, 137, 137, 135, 138, 138, 138, 138, 140, 140, 140, 143, 139, 140, 137, 139, 141, 133, 133, 131, 132, 128, 128, 124, 122, 120, 115, 113, 112, 107, 102, 99, 94, 88, 84, 80, 74, 70, 66, 63, 60, 59, 59, 57, 56, 55, 54, 53, 53, 52, 51, 51, 51, 50, 50, 50, 50, 46, 47, 46, 50, 47, 45, 44, 43, 44, 43, 44, 48, 45, 42, 43, 42, 41, 42, 42, 42, 43, 41, 41, 41, 40, 40, 40, 40, 41, 42, 41, 41, 42, 39, 40]",128000000,500000,1583461250,45,0,"[48, 43, 46, 46, 45, 47, 47, 52, 48, 68, 51, 52, 52, 53, 55, 54, 58, 62, 69, 60, 71, 69, 66, 61, 64, 65, 68, 108, 69, 70, 71, 78, 76, 81, 79, 79, 82, 83, 86, 86, 88, 90, 93, 94, 95, 98, 98, 102, 105, 105, 109, 110, 112, 113, 117, 123, 136, 145, 126, 131, 127, 128, 130, 132, 131, 132, 141, 135, 135, 137, 138, 135, 139, 139, 137, 139, 141, 139, 139, 138, 138, 138, 138, 139, 139, 139, 140, 137, 139, 139, 140, 138, 141, 142, 145, 143, 139, 140, 141, 139, 140, 138, 140, 138, 140, 140, 139, 141, 142, 142, 140, 143, 142, 140, 140, 143, 144, 144, 143, 144, 143, 144, 146, 144, 145, 145, 145, 150, 148, 146, 148, 146, 147, 150, 150, 149, 147, 145, 144, 148, 144, 145, 143, 143, 141, 142, 140, 138, 139, 136, 138, 138, 133, 135, 132, 134, 131, 130, 135, 129, 137, 129, 149, 132, 131, 132, 126, 129, 127, 130, 130, 151, 131, 147, 130, 127, 127, 130, 129, 128, 135, 126, 150, 124, 147, 125, 123, 124, 122, 124, 121, 120, 116, 134, 115, 128, 111, 108, 106, 107, 105, 102, 100, 97, 98, 96, 95, 88, 88, 83, 83, 79, 77, 75, 74, 72, 72, 73, 65, 74, 63, 62, 60, 56, 56, 55, 56, 53, 72, 50, 68, 49, 51, 48, 47, 46, 48, 46, 46, 68, 43, 65, 43, 59, 87, 46, 41, 41, 43, 45, 52, 42, 60, 58, 55, 45]",128000000,500000,1224006250,42,0
0,2,0,"[40, 40, 41, 41, 41, 42, 41, 41, 41, 40, 42, 42, 42, 41, 40, 42, 42, 42, 43, 41, 43, 42, 42, 43, 43, 44, 45, 45, 51, 54, 49, 56, 95, 56, 70, 47, 54, 52, 54, 53, 53, 59, 55, 64, 53, 58, 58, 58, 60, 62, 64, 64, 65, 68, 72, 72, 78, 74, 76, 80, 83, 88, 97, 99, 102, 106, 112, 118, 121, 123, 127, 130, 130, 132, 136, 137, 141, 141, 140, 142, 140, 142, 145, 143, 143, 140, 140, 137, 138, 139, 138, 138, 137, 137, 137, 136, 138, 138, 139, 138, 139, 136, 138, 138, 138, 139, 139, 139, 142, 146, 148, 149, 151, 147, 142, 141, 140, 144, 144, 142, 142, 143, 141, 144, 143, 141, 143, 148, 144, 144, 142, 143, 143, 148, 141, 142, 143, 143, 142, 141, 142, 142, 142, 141, 141, 142, 141, 140, 139, 139, 139, 139, 138, 137, 138, 138, 136, 139, 137, 137, 139, 136, 138, 136, 135, 136, 135, 136, 136, 138, 138, 140, 139, 138, 140, 139, 137, 140, 138, 138, 136, 135, 133, 132, 134, 130, 126, 122, 122, 119, 116, 112, 110, 106, 102, 98, 96, 90, 84, 79, 74, 68, 64, 62, 59, 59, 59, 57, 54, 54, 55, 54, 53, 51, 53, 50, 49, 50, 49, 49, 52, 47, 46, 48, 51, 45, 46, 45, 46, 43, 42, 43, 49, 43, 43, 44, 41, 40, 41, 42, 41, 39, 42, 40, 40, 39, 39, 41, 41, 41, 41, 42, 41, 39, 39, 40]",128000000,500000,1583461250,45,0,"[43, 45, 44, 47, 47, 56, 47, 57, 47, 50, 53, 53, 53, 51, 53, 55, 63, 59, 66, 58, 66, 61, 62, 61, 67, 65, 68, 72, 122, 75, 72, 75, 74, 76, 79, 80, 82, 84, 84, 86, 90, 91, 92, 93, 96, 96, 101, 100, 103, 104, 108, 108, 110, 113, 117, 126, 135, 123, 126, 130, 127, 128, 129, 133, 131, 134, 134, 149, 137, 138, 138, 137, 139, 139, 138, 137, 139, 140, 140, 143, 139, 140, 142, 140, 139, 138, 138, 139, 137, 141, 140, 140, 140, 142, 144, 142, 140, 138, 141, 140, 139, 140, 138, 142, 139, 140, 139, 140, 141, 142, 140, 142, 142, 141, 141, 142, 142, 142, 144, 143, 144, 145, 146, 143, 145, 146, 145, 152, 147, 147, 149, 148, 150, 152, 151, 151, 147, 148, 147, 144, 146, 145, 143, 144, 142, 141, 140, 140, 138, 136, 136, 134, 136, 134, 136, 133, 135, 131, 134, 130, 131, 129, 130, 128, 129, 129, 127, 139, 126, 151, 126, 149, 127, 129, 128, 124, 126, 125, 124, 127, 149, 127, 126, 126, 123, 124, 123, 123, 123, 125, 119, 139, 118, 138, 116, 114, 112, 108, 108, 109, 105, 102, 101, 99, 97, 93, 93, 87, 86, 84, 82, 79, 78, 76, 73, 78, 70, 72, 66, 65, 63, 61, 59, 68, 57, 56, 67, 54, 61, 51, 50, 48, 50, 49, 48, 46, 46, 55, 45, 71, 44, 50, 42, 43, 45, 45, 42, 41, 47, 43, 58, 44, 56, 43, 67, 41]",128000000,500000,1224006250,42,0
0,2,0,"[39, 39, 39, 41, 41, 42, 39, 39, 40, 41, 43, 42, 40, 40, 41, 40, 42, 41, 42, 42, 42, 43, 45, 46, 43, 44, 45, 46, 47, 48, 46, 52, 99, 56, 68, 56, 53, 63, 49, 50, 49, 51, 58, 51, 53, 56, 56, 55, 58, 62, 67, 66, 69, 68, 70, 70, 74, 74, 78, 81, 84, 88, 96, 98, 103, 107, 111, 118, 122, 122, 125, 129, 130, 132, 135, 136, 147, 142, 140, 139, 143, 142, 145, 144, 142, 139, 139, 138, 139, 139, 139, 138, 138, 139, 138, 137, 139, 137, 138, 139, 140, 140, 140, 139, 140, 140, 138, 140, 143, 147, 150, 151, 152, 146, 142, 142, 141, 142, 141, 140, 140, 143, 143, 142, 142, 144, 143, 152, 146, 144, 143, 144, 143, 149, 143, 146, 141, 143, 144, 144, 146, 144, 142, 144, 141, 141, 141, 147, 141, 139, 141, 140, 140, 139, 138, 139, 137, 136, 137, 137, 140, 137, 137, 135, 137, 136, 135, 136, 138, 139, 141, 139, 139, 138, 143, 139, 139, 139, 138, 136, 136, 136, 138, 132, 131, 128, 128, 124, 122, 119, 117, 114, 111, 107, 103, 100, 94, 89, 84, 79, 74, 69, 65, 62, 61, 60, 57, 58, 57, 56, 54, 53, 53, 53, 50, 52, 51, 49, 48, 49, 52, 49, 48, 45, 51, 46, 46, 46, 46, 43, 42, 43, 49, 45, 42, 44, 42, 43, 42, 43, 42, 42, 41, 41, 39, 41, 40, 40, 42, 40, 42, 38, 40, 40, 41, 41]",128000000,500000,1583461250,45,0,"[44, 55, 44, 73, 46, 75, 48, 48, 49, 50, 51, 51, 52, 54, 75, 56, 81, 60, 57, 60, 60, 62, 65, 64, 64, 75, 66, 81, 69, 82, 73, 75, 77, 79, 78, 81, 83, 83, 89, 86, 89, 90, 92, 93, 95, 98, 98, 102, 103, 103, 107, 105, 111, 113, 117, 126, 134, 145, 126, 130, 125, 128, 127, 131, 131, 133, 134, 134, 136, 138, 137, 137, 139, 135, 137, 137, 138, 141, 137, 141, 139, 138, 138, 140, 137, 139, 136, 139, 139, 140, 140, 140, 141, 141, 142, 137, 141, 137, 140, 139, 139, 137, 140, 140, 140, 142, 139, 142, 138, 143, 137, 143, 142, 140, 142, 140, 141, 141, 143, 141, 143, 142, 144, 143, 147, 146, 146, 151, 148, 146, 149, 147, 148, 151, 154, 153, 150, 151, 151, 149, 150, 146, 145, 144, 145, 142, 142, 142, 137, 139, 141, 135, 135, 134, 134, 133, 131, 131, 133, 131, 129, 130, 129, 131, 128, 127, 128, 153, 127, 127, 127, 126, 126, 126, 125, 125, 135, 129, 153, 126, 152, 125, 127, 126, 125, 126, 123, 123, 121, 150, 120, 122, 118, 116, 114, 112, 114, 110, 108, 106, 110, 101, 106, 99, 97, 92, 92, 88, 87, 83, 82, 89, 78, 87, 75, 83, 73, 69, 65, 65, 63, 62, 65, 61, 84, 56, 78, 53, 53, 51, 50, 49, 49, 50, 47, 75, 46, 78, 45, 72, 45, 43, 45, 43, 43, 43, 66, 42, 77, 43, 66, 42, 45, 43, 43, 49]",128000000,500000,1224006250,42,0
0,2,0,"[38, 40, 39, 41, 40, 40, 41, 41, 41, 40, 41, 41, 39, 41, 42, 42, 42, 42, 41, 42, 43, 44, 45, 44, 43, 45, 45, 48, 49, 51, 47, 50, 95, 55, 69, 48, 53, 52, 51, 63, 53, 53, 50, 54, 57, 58, 56, 63, 57, 67, 63, 70, 68, 67, 72, 72, 72, 75, 80, 81, 84, 88, 95, 99, 104, 107, 111, 119, 122, 122, 125, 128, 129, 132, 133, 134, 143, 138, 139, 139, 141, 144, 142, 144, 141, 139, 140, 139, 138, 138, 139, 138, 140, 140, 139, 137, 138, 138, 138, 140, 139, 139, 138, 138, 139, 141, 141, 140, 142, 145, 148, 149, 151, 148, 142, 140, 140, 141, 143, 141, 142, 140, 143, 141, 142, 143, 142, 151, 143, 143, 144, 143, 145, 147, 143, 142, 143, 143, 143, 146, 144, 143, 143, 141, 142, 142, 142, 141, 140, 140, 140, 139, 138, 137, 138, 140, 138, 138, 137, 135, 141, 138, 137, 135, 137, 136, 138, 137, 137, 137, 138, 141, 140, 139, 139, 139, 140, 138, 140, 135, 137, 135, 134, 131, 131, 127, 127, 126, 122, 120, 116, 114, 110, 107, 103, 99, 94, 89, 84, 80, 73, 69, 66, 62, 61, 61, 58, 56, 56, 56, 55, 54, 53, 53, 51, 52, 53, 50, 49, 47, 52, 48, 46, 47, 51, 46, 47, 44, 43, 44, 44, 45, 47, 47, 42, 42, 42, 42, 43, 41, 42, 40, 41, 42, 42, 42, 39, 40, 41, 41, 39, 39, 40, 40, 40, 40]",128000000,500000,1583461250,45,0,"[34, 52, 41, 49, 35, 35, 37, 37, 37, 38, 39, 39, 50, 41, 51, 43, 46, 48, 52, 102, 47, 48, 51, 59, 56, 61, 57, 58, 59, 64, 62, 61, 64, 65, 69, 72, 71, 73, 72, 74, 77, 81, 81, 83, 82, 84, 88, 88, 90, 91, 95, 97, 99, 104, 105, 114, 123, 121, 129, 115, 114, 116, 118, 123, 121, 122, 122, 124, 126, 125, 127, 123, 126, 127, 128, 128, 128, 128, 127, 130, 128, 127, 127, 127, 127, 127, 128, 128, 127, 129, 127, 126, 128, 126, 131, 128, 127, 127, 128, 129, 127, 129, 128, 129, 128, 128, 128, 128, 130, 133, 129, 131, 131, 128, 130, 132, 129, 130, 130, 130, 131, 131, 132, 133, 134, 133, 136, 149, 134, 138, 136, 139, 137, 137, 143, 139, 138, 137, 137, 135, 136, 132, 133, 132, 130, 130, 129, 130, 126, 125, 126, 124, 123, 123, 124, 122, 120, 119, 122, 118, 118, 118, 116, 129, 115, 150, 115, 114, 114, 116, 114, 113, 113, 117, 149, 115, 150, 115, 118, 115, 112, 113, 114, 113, 112, 118, 111, 148, 109, 110, 108, 107, 107, 104, 103, 101, 143, 97, 111, 94, 98, 90, 88, 85, 83, 80, 78, 78, 75, 78, 70, 78, 65, 68, 62, 61, 60, 58, 55, 55, 58, 50, 63, 46, 57, 44, 45, 41, 41, 40, 40, 39, 36, 49, 39, 57, 70, 36, 44, 51, 34, 36, 82, 34, 50, 36, 49, 33, 42, 32, 31, 39, 33, 34, 58, 38]",128000000,500000,1224006250,42,0
0,2,0,"[39, 40, 40, 40, 40, 41, 41, 42, 40, 42, 40, 42, 41, 41, 40, 42, 42, 41, 42, 42, 44, 43, 44, 43, 44, 47, 45, 44, 50, 49, 48, 52, 93, 55, 68, 52, 52, 51, 53, 62, 53, 63, 59, 59, 54, 59, 60, 58, 60, 59, 63, 65, 66, 67, 70, 70, 75, 75, 77, 81, 84, 87, 96, 99, 105, 108, 111, 118, 120, 123, 125, 129, 132, 132, 136, 137, 148, 143, 140, 140, 142, 143, 142, 145, 143, 140, 138, 139, 137, 138, 139, 138, 139, 138, 139, 138, 138, 137, 139, 139, 139, 139, 138, 140, 139, 141, 139, 138, 141, 147, 149, 151, 150, 148, 144, 144, 142, 143, 143, 142, 143, 142, 144, 144, 144, 143, 144, 150, 145, 143, 143, 143, 143, 149, 144, 143, 143, 142, 144, 143, 143, 142, 142, 142, 140, 140, 139, 142, 138, 144, 147, 137, 140, 138, 138, 138, 138, 137, 136, 135, 139, 137, 138, 137, 136, 136, 138, 138, 138, 137, 139, 139, 140, 139, 140, 139, 139, 140, 138, 137, 136, 135, 134, 132, 131, 128, 127, 124, 123, 118, 116, 113, 109, 105, 102, 98, 95, 89, 84, 80, 75, 68, 63, 63, 61, 59, 57, 57, 56, 55, 56, 52, 53, 50, 52, 51, 51, 50, 48, 48, 51, 46, 48, 46, 48, 47, 47, 45, 46, 45, 46, 45, 50, 46, 42, 43, 43, 42, 41, 41, 42, 41, 43, 41, 42, 40, 40, 41, 41, 39, 42, 39, 40, 41, 41, 41]",128000000,500000,1583461250,45,0,"[32, 45, 35, 35, 36, 34, 36, 38, 38, 37, 54, 38, 56, 41, 43, 45, 44, 48, 45, 48, 69, 59, 50, 62, 53, 56, 56, 60, 63, 60, 61, 63, 65, 66, 73, 69, 73, 71, 74, 77, 78, 81, 80, 81, 84, 85, 87, 89, 92, 93, 96, 96, 99, 102, 105, 117, 118, 115, 110, 132, 114, 117, 117, 118, 119, 122, 121, 123, 125, 124, 127, 124, 125, 126, 127, 128, 126, 128, 126, 129, 125, 125, 125, 126, 125, 127, 127, 126, 127, 128, 127, 127, 127, 128, 132, 130, 128, 127, 128, 127, 126, 128, 128, 127, 127, 129, 127, 130, 131, 131, 130, 132, 133, 132, 132, 130, 132, 131, 134, 133, 134, 134, 131, 132, 135, 135, 134, 148, 136, 134, 137, 136, 135, 137, 140, 137, 134, 132, 132, 130, 131, 130, 127, 131, 126, 128, 127, 126, 125, 123, 122, 122, 125, 121, 122, 121, 118, 118, 122, 119, 119, 143, 119, 152, 117, 117, 117, 118, 115, 117, 116, 115, 128, 116, 148, 116, 115, 114, 114, 118, 115, 115, 114, 148, 114, 149, 113, 116, 111, 110, 109, 108, 107, 105, 111, 101, 139, 97, 100, 95, 91, 89, 86, 84, 83, 80, 79, 84, 75, 81, 69, 72, 68, 64, 63, 64, 59, 58, 62, 54, 64, 49, 57, 48, 45, 45, 45, 43, 41, 43, 40, 63, 38, 62, 37, 35, 35, 36, 35, 52, 37, 38, 50, 34, 55, 32, 47, 32, 32, 33, 31, 34, 32, 43, 33, 56]",128000000,500000,1224006250,39,0
0,2,0,"[40, 39, 42, 43, 40, 39, 39, 40, 40, 40, 41, 40, 42, 41, 42, 42, 42, 41, 41, 43, 43, 42, 44, 43, 44, 44, 47, 46, 47, 52, 49, 49, 98, 57, 71, 52, 51, 63, 51, 51, 52, 54, 55, 51, 56, 60, 64, 56, 62, 63, 68, 67, 66, 68, 69, 76, 72, 77, 78, 80, 84, 87, 95, 99, 104, 107, 112, 116, 121, 123, 125, 128, 131, 136, 133, 138, 142, 143, 142, 141, 141, 142, 144, 144, 142, 139, 138, 138, 138, 137, 138, 136, 139, 138, 138, 141, 136, 138, 138, 138, 140, 138, 139, 137, 138, 141, 139, 141, 142, 148, 149, 150, 151, 147, 143, 141, 140, 141, 142, 142, 139, 142, 143, 143, 141, 140, 142, 147, 143, 143, 142, 143, 143, 149, 145, 142, 141, 141, 143, 143, 144, 143, 144, 142, 143, 141, 145, 140, 139, 139, 140, 139, 138, 136, 139, 136, 137, 136, 137, 136, 140, 136, 135, 136, 136, 136, 136, 138, 138, 139, 139, 138, 140, 141, 138, 140, 141, 139, 138, 137, 136, 137, 133, 132, 130, 128, 126, 124, 123, 117, 115, 113, 110, 107, 102, 99, 94, 89, 83, 78, 74, 69, 64, 62, 61, 58, 58, 58, 57, 56, 55, 52, 55, 52, 52, 48, 50, 49, 49, 49, 53, 46, 47, 46, 49, 45, 48, 45, 44, 44, 44, 44, 48, 45, 43, 42, 42, 42, 42, 42, 42, 41, 41, 41, 40, 39, 43, 40, 40, 41, 41, 43, 39, 40, 39, 38]",128000000,500000,1583461250,45,0,"[33, 35, 34, 34, 36, 37, 39, 37, 55, 38, 56, 40, 42, 45, 41, 45, 46, 51, 49, 63, 46, 63, 51, 60, 55, 55, 58, 57, 58, 60, 63, 63, 69, 67, 69, 67, 71, 72, 75, 77, 78, 79, 81, 83, 86, 87, 89, 90, 92, 94, 96, 98, 99, 101, 105, 118, 116, 126, 113, 117, 114, 116, 117, 119, 120, 120, 122, 124, 124, 127, 125, 126, 129, 129, 128, 128, 129, 129, 127, 131, 126, 128, 128, 129, 127, 127, 128, 128, 128, 127, 127, 126, 129, 130, 129, 130, 128, 125, 128, 127, 126, 126, 127, 128, 127, 130, 127, 127, 129, 131, 130, 132, 132, 130, 131, 131, 131, 134, 136, 134, 134, 136, 135, 136, 136, 136, 135, 144, 138, 137, 139, 140, 138, 138, 140, 137, 135, 135, 134, 133, 133, 131, 132, 131, 132, 129, 127, 127, 125, 127, 123, 124, 124, 125, 123, 122, 122, 120, 122, 126, 118, 144, 119, 118, 115, 118, 116, 116, 115, 116, 151, 113, 152, 115, 116, 113, 114, 111, 114, 117, 113, 150, 113, 148, 112, 112, 112, 110, 111, 107, 108, 106, 147, 105, 145, 100, 105, 98, 96, 96, 93, 91, 88, 87, 85, 88, 78, 84, 74, 73, 71, 68, 67, 64, 62, 60, 64, 58, 71, 52, 59, 49, 50, 47, 46, 45, 45, 48, 43, 62, 40, 63, 38, 38, 38, 37, 37, 35, 35, 53, 55, 34, 55, 40, 33, 32, 33, 32, 33, 32, 31, 47, 33, 59, 37, 52]",128000000,500000,1224006250,39,0
0,2,0,"[42, 40, 40, 41, 39, 40, 42, 40, 40, 41, 41, 40, 40, 43, 42, 42, 42, 42, 41, 41, 45, 42, 45, 43, 44, 47, 44, 45, 47, 46, 47, 53, 98, 57, 69, 48, 48, 50, 49, 63, 54, 63, 52, 52, 59, 59, 62, 57, 58, 60, 63, 64, 67, 66, 69, 73, 74, 76, 77, 79, 83, 89, 94, 99, 103, 107, 113, 116, 121, 123, 126, 129, 130, 132, 135, 136, 143, 144, 142, 140, 140, 144, 145, 143, 142, 141, 139, 139, 139, 138, 138, 138, 137, 139, 137, 138, 138, 139, 139, 138, 140, 138, 139, 137, 139, 141, 141, 139, 141, 144, 151, 150, 150, 146, 144, 142, 141, 142, 143, 143, 144, 142, 142, 141, 144, 142, 144, 148, 142, 143, 142, 143, 146, 148, 142, 142, 143, 142, 141, 145, 142, 143, 143, 142, 142, 144, 140, 140, 140, 140, 139, 139, 138, 137, 137, 137, 137, 138, 138, 138, 139, 137, 138, 135, 137, 135, 137, 137, 136, 139, 138, 139, 141, 139, 140, 139, 138, 138, 138, 136, 136, 135, 133, 132, 132, 129, 126, 124, 120, 119, 116, 114, 111, 106, 102, 99, 94, 89, 85, 79, 74, 70, 66, 64, 59, 59, 58, 56, 55, 56, 55, 54, 53, 52, 50, 50, 49, 50, 49, 49, 52, 46, 47, 47, 50, 45, 46, 46, 43, 45, 45, 45, 48, 45, 43, 42, 42, 42, 43, 42, 42, 41, 41, 42, 41, 40, 40, 41, 41, 41, 41, 40, 39, 39, 39, 40]",128000000,500000,1583461250,45,0,"[33, 36, 35, 35, 41, 35, 56, 38, 59, 41, 40, 86, 39, 40, 42, 44, 51, 72, 49, 65, 49, 50, 51, 52, 50, 55, 56, 55, 61, 59, 65, 62, 64, 68, 66, 68, 69, 75, 75, 75, 78, 80, 81, 83, 85, 87, 89, 91, 91, 94, 126, 100, 101, 104, 104, 125, 114, 129, 111, 117, 114, 116, 118, 118, 120, 119, 123, 122, 125, 123, 125, 125, 125, 127, 127, 128, 127, 129, 125, 130, 127, 127, 130, 128, 129, 128, 128, 126, 127, 128, 127, 127, 128, 130, 131, 129, 128, 127, 128, 129, 124, 128, 126, 128, 128, 127, 128, 128, 129, 130, 128, 129, 130, 131, 131, 131, 132, 131, 132, 133, 132, 135, 132, 134, 135, 135, 134, 146, 136, 136, 136, 136, 136, 137, 141, 136, 135, 137, 133, 135, 133, 132, 131, 131, 129, 128, 127, 126, 127, 126, 124, 125, 124, 124, 132, 121, 121, 123, 123, 126, 118, 118, 117, 118, 117, 117, 116, 116, 151, 116, 151, 115, 116, 116, 117, 115, 114, 113, 113, 146, 114, 151, 113, 114, 112, 111, 111, 111, 108, 109, 146, 106, 144, 104, 106, 103, 100, 97, 98, 95, 91, 90, 88, 92, 84, 89, 78, 76, 75, 72, 71, 68, 66, 64, 69, 60, 71, 57, 63, 52, 51, 49, 51, 47, 46, 48, 45, 67, 68, 60, 39, 39, 39, 39, 36, 36, 37, 36, 59, 54, 55, 33, 33, 33, 34, 33, 33, 33, 33, 55, 32, 60, 32, 55, 59, 35]",128000000,500000,1224006250,39,0
0,2,0,"[39, 39, 39, 39, 40, 41, 40, 41, 39, 41, 41, 42, 41, 42, 41, 40, 42, 41, 44, 41, 42, 44, 44, 44, 44, 44, 44, 46, 50, 50, 50, 54, 96, 52, 68, 50, 56, 55, 58, 53, 49, 64, 57, 57, 59, 54, 60, 55, 56, 59, 64, 65, 65, 66, 72, 73, 73, 76, 79, 80, 84, 87, 93, 99, 104, 106, 112, 114, 121, 123, 127, 127, 132, 134, 136, 138, 146, 138, 139, 140, 143, 144, 145, 143, 142, 140, 139, 138, 136, 137, 137, 138, 138, 137, 138, 136, 140, 137, 138, 137, 138, 137, 137, 138, 139, 141, 138, 139, 142, 146, 149, 150, 150, 146, 143, 141, 142, 143, 142, 142, 142, 141, 142, 141, 142, 143, 143, 152, 146, 144, 143, 141, 142, 149, 144, 143, 141, 141, 143, 143, 143, 141, 143, 142, 141, 140, 140, 140, 140, 141, 138, 139, 141, 139, 139, 137, 137, 136, 136, 136, 138, 135, 137, 134, 136, 136, 136, 136, 140, 137, 138, 139, 139, 142, 142, 139, 138, 138, 138, 137, 135, 135, 133, 133, 131, 129, 126, 124, 122, 118, 117, 113, 110, 105, 103, 98, 96, 89, 85, 80, 74, 70, 65, 62, 59, 58, 60, 57, 56, 54, 55, 54, 53, 54, 52, 50, 51, 49, 48, 48, 51, 48, 47, 47, 49, 46, 48, 44, 45, 44, 43, 43, 48, 45, 44, 42, 40, 42, 40, 41, 42, 40, 41, 40, 40, 41, 42, 40, 39, 41, 41, 41, 40, 39, 41, 40]",128000000,500000,1583461250,45,0,"[32, 34, 38, 35, 46, 35, 45, 37, 37, 39, 43, 39, 92, 42, 42, 55, 45, 53, 47, 47, 51, 49, 50, 51, 53, 53, 57, 61, 64, 58, 61, 65, 65, 67, 66, 68, 70, 73, 74, 76, 78, 80, 81, 83, 85, 85, 87, 90, 92, 93, 95, 136, 99, 104, 109, 127, 120, 126, 113, 115, 116, 115, 117, 119, 121, 121, 122, 123, 123, 125, 126, 126, 127, 127, 127, 128, 128, 129, 128, 130, 129, 128, 127, 128, 127, 128, 128, 126, 127, 129, 149, 129, 128, 131, 132, 131, 128, 128, 128, 128, 127, 127, 128, 128, 127, 129, 127, 129, 130, 129, 128, 131, 132, 130, 130, 131, 130, 132, 132, 132, 133, 134, 131, 133, 135, 133, 134, 139, 134, 132, 135, 135, 135, 138, 139, 136, 134, 135, 133, 132, 132, 131, 131, 130, 129, 131, 126, 128, 127, 125, 125, 126, 124, 125, 130, 123, 119, 123, 121, 118, 118, 119, 119, 120, 117, 117, 150, 115, 151, 115, 116, 113, 115, 117, 115, 116, 114, 148, 115, 148, 115, 113, 113, 114, 113, 112, 111, 110, 139, 109, 141, 107, 106, 104, 104, 101, 99, 97, 96, 100, 92, 96, 87, 88, 83, 81, 79, 80, 75, 69, 72, 68, 71, 64, 67, 60, 61, 57, 54, 53, 53, 49, 48, 53, 46, 57, 45, 50, 40, 42, 40, 39, 39, 37, 39, 36, 48, 36, 48, 54, 33, 33, 68, 31, 33, 34, 32, 45, 32, 41, 33, 35, 31, 33, 33, 34]",128000000,500000,1224006250,39,0
0,2,0,"[40, 39, 39, 39, 41, 40, 41, 40, 39, 41, 40, 41, 41, 42, 44, 40, 43, 41, 43, 44, 42, 43, 45, 43, 44, 44, 45, 47, 51, 52, 49, 52, 99, 57, 68, 48, 50, 52, 52, 57, 50, 52, 59, 56, 54, 54, 54, 55, 63, 61, 67, 66, 64, 72, 70, 72, 74, 74, 78, 81, 83, 88, 93, 99, 104, 106, 111, 116, 119, 122, 124, 129, 131, 134, 133, 135, 138, 139, 139, 139, 143, 143, 147, 142, 142, 141, 139, 139, 140, 138, 139, 138, 140, 138, 139, 137, 138, 137, 137, 138, 138, 138, 139, 138, 139, 140, 138, 139, 141, 146, 150, 151, 150, 147, 143, 142, 143, 141, 144, 142, 141, 143, 143, 142, 143, 144, 143, 154, 146, 144, 144, 147, 143, 148, 144, 142, 142, 142, 144, 145, 142, 144, 140, 140, 139, 140, 140, 144, 140, 139, 138, 138, 137, 137, 137, 138, 136, 138, 138, 139, 141, 136, 137, 137, 137, 136, 139, 138, 138, 140, 140, 138, 141, 140, 140, 141, 139, 139, 137, 136, 136, 132, 133, 131, 129, 128, 124, 123, 121, 118, 117, 112, 111, 106, 103, 99, 93, 89, 84, 81, 75, 69, 64, 63, 61, 59, 57, 57, 55, 56, 53, 54, 55, 52, 49, 51, 51, 51, 49, 47, 50, 46, 49, 47, 51, 46, 47, 45, 44, 44, 45, 45, 47, 44, 43, 42, 43, 42, 42, 42, 42, 43, 40, 41, 43, 41, 40, 42, 41, 41, 41, 40, 40, 40, 39, 40]",128000000,500000,1583461250,45,0,"[47, 33, 52, 36, 42, 35, 38, 36, 38, 40, 39, 41, 42, 52, 44, 49, 45, 45, 46, 45, 51, 50, 52, 52, 60, 53, 60, 56, 60, 60, 62, 65, 66, 66, 67, 72, 71, 75, 75, 77, 77, 79, 82, 82, 84, 86, 86, 91, 92, 93, 95, 98, 99, 102, 108, 119, 115, 140, 112, 120, 114, 117, 117, 122, 120, 121, 122, 123, 124, 124, 126, 124, 125, 127, 126, 127, 128, 128, 127, 130, 128, 128, 129, 128, 128, 128, 126, 129, 130, 129, 130, 129, 128, 129, 129, 130, 129, 128, 129, 128, 127, 129, 131, 131, 129, 128, 129, 129, 129, 130, 129, 130, 133, 129, 131, 131, 131, 132, 131, 133, 131, 134, 131, 132, 135, 132, 134, 148, 135, 134, 137, 136, 135, 138, 142, 137, 136, 135, 135, 135, 133, 134, 130, 133, 132, 129, 130, 128, 126, 126, 126, 125, 125, 124, 122, 122, 121, 118, 119, 119, 116, 118, 118, 116, 150, 115, 147, 115, 116, 116, 114, 115, 115, 116, 117, 151, 116, 149, 114, 118, 115, 114, 113, 113, 114, 112, 147, 111, 146, 109, 108, 107, 106, 105, 104, 101, 100, 131, 95, 103, 90, 92, 88, 84, 82, 81, 78, 78, 75, 74, 74, 67, 74, 62, 64, 60, 59, 57, 54, 54, 52, 61, 47, 61, 45, 53, 45, 42, 40, 40, 39, 39, 42, 38, 54, 36, 52, 35, 37, 55, 34, 33, 33, 33, 32, 54, 37, 50, 33, 38, 33, 33, 32, 33, 35, 72]",128000000,500000,1224006250,39,0
0,2,0,"[40, 41, 40, 40, 43, 41, 40, 40, 40, 41, 41, 40, 40, 41, 42, 42, 41, 41, 42, 42, 42, 43, 44, 43, 45, 46, 46, 46, 48, 46, 48, 54, 99, 54, 69, 50, 58, 50, 53, 58, 61, 53, 57, 70, 64, 58, 57, 56, 60, 62, 63, 64, 65, 66, 70, 70, 75, 74, 78, 82, 83, 88, 94, 98, 104, 107, 113, 117, 121, 123, 127, 129, 131, 133, 135, 136, 141, 140, 145, 140, 142, 144, 145, 144, 141, 140, 139, 139, 139, 138, 137, 139, 137, 138, 137, 138, 138, 140, 138, 136, 138, 137, 138, 142, 138, 142, 139, 139, 141, 149, 149, 152, 152, 148, 143, 140, 143, 146, 143, 140, 141, 142, 142, 142, 142, 142, 143, 153, 143, 144, 142, 143, 142, 149, 143, 142, 145, 141, 143, 143, 143, 142, 145, 140, 146, 140, 140, 139, 152, 138, 140, 138, 138, 138, 137, 137, 140, 137, 137, 136, 139, 136, 137, 137, 139, 136, 136, 137, 138, 139, 138, 139, 140, 140, 141, 143, 139, 138, 139, 137, 136, 136, 133, 134, 131, 128, 125, 125, 123, 119, 116, 112, 110, 107, 103, 98, 94, 89, 84, 79, 76, 68, 65, 63, 61, 59, 56, 56, 58, 56, 55, 54, 52, 53, 54, 51, 51, 50, 48, 48, 51, 48, 51, 47, 50, 46, 49, 45, 45, 43, 43, 43, 50, 44, 44, 42, 41, 42, 43, 44, 43, 41, 42, 41, 42, 41, 39, 41, 43, 42, 40, 41, 39, 41, 41, 39]",128000000,500000,1583461250,45,0,"[45, 39, 37, 91, 34, 36, 37, 38, 37, 43, 38, 48, 42, 48, 43, 43, 53, 51, 46, 47, 48, 50, 57, 53, 58, 56, 58, 59, 59, 62, 64, 64, 65, 68, 68, 70, 69, 70, 74, 76, 78, 79, 103, 83, 82, 84, 88, 89, 90, 93, 96, 98, 100, 103, 110, 122, 111, 115, 111, 118, 114, 114, 117, 118, 118, 121, 123, 124, 124, 125, 124, 125, 125, 128, 127, 127, 127, 128, 128, 133, 128, 127, 128, 128, 127, 130, 128, 127, 126, 129, 128, 128, 129, 130, 131, 130, 128, 129, 127, 128, 127, 127, 130, 126, 129, 128, 127, 130, 129, 130, 129, 130, 133, 131, 132, 131, 130, 132, 132, 132, 133, 134, 132, 132, 136, 134, 133, 150, 134, 132, 136, 134, 134, 135, 137, 137, 134, 137, 133, 134, 133, 131, 132, 132, 130, 129, 129, 127, 126, 126, 126, 125, 124, 122, 124, 120, 120, 118, 122, 118, 118, 116, 148, 119, 149, 118, 115, 117, 117, 115, 115, 115, 114, 147, 114, 149, 114, 114, 114, 116, 115, 113, 114, 114, 146, 114, 147, 112, 111, 108, 109, 108, 106, 105, 102, 142, 97, 124, 95, 95, 92, 89, 86, 86, 81, 80, 79, 75, 80, 71, 76, 68, 62, 62, 62, 61, 58, 58, 55, 61, 62, 59, 48, 52, 47, 44, 45, 43, 42, 39, 46, 40, 52, 36, 47, 36, 36, 36, 34, 53, 33, 36, 33, 45, 46, 48, 32, 32, 35, 32, 31, 33, 32, 33, 91, 35]",128000000,500000,1224006250,39,0
0,2,0,"[40, 43, 41, 41, 42, 39, 40, 40, 42, 41, 41, 40, 41, 41, 41, 41, 41, 42, 42, 42, 44, 43, 46, 42, 43, 46, 46, 45, 50, 51, 48, 51, 96, 56, 69, 53, 57, 58, 56, 50, 53, 54, 56, 53, 60, 52, 53, 57, 61, 60, 66, 64, 67, 67, 69, 71, 70, 74, 76, 84, 84, 87, 93, 96, 102, 108, 110, 116, 119, 124, 126, 129, 131, 133, 136, 137, 137, 138, 140, 139, 140, 142, 143, 143, 141, 138, 138, 138, 137, 138, 137, 138, 137, 138, 138, 138, 140, 138, 138, 138, 139, 140, 139, 139, 138, 139, 140, 139, 141, 147, 152, 152, 153, 149, 142, 140, 141, 142, 142, 141, 141, 142, 141, 144, 142, 142, 144, 150, 146, 144, 144, 143, 143, 150, 142, 144, 145, 142, 144, 143, 147, 142, 143, 142, 142, 141, 139, 142, 141, 140, 141, 137, 145, 141, 138, 139, 136, 139, 136, 143, 140, 136, 137, 135, 135, 135, 137, 138, 138, 140, 139, 138, 138, 138, 142, 142, 138, 140, 138, 142, 134, 135, 133, 132, 131, 128, 128, 124, 122, 119, 116, 114, 112, 107, 101, 99, 95, 89, 85, 79, 75, 69, 64, 63, 60, 58, 57, 56, 57, 55, 55, 54, 51, 54, 52, 51, 50, 50, 52, 49, 52, 48, 48, 47, 49, 47, 49, 46, 45, 44, 44, 44, 48, 44, 42, 42, 41, 42, 41, 42, 41, 42, 42, 41, 41, 40, 39, 40, 39, 41, 39, 40, 44, 42, 41, 40]",128000000,500000,1583461250,45,0,"[40, 35, 35, 33, 99, 35, 35, 41, 38, 65, 39, 60, 40, 41, 42, 44, 44, 54, 50, 45, 60, 50, 59, 52, 55, 54, 54, 57, 60, 59, 63, 69, 66, 71, 69, 70, 70, 70, 73, 74, 78, 79, 81, 148, 85, 86, 87, 90, 91, 93, 95, 99, 100, 104, 108, 119, 129, 132, 116, 118, 115, 117, 118, 122, 120, 121, 122, 124, 125, 126, 127, 127, 128, 130, 127, 128, 128, 126, 127, 129, 126, 127, 149, 127, 128, 127, 128, 126, 127, 129, 129, 127, 127, 129, 129, 129, 128, 126, 129, 130, 128, 126, 129, 129, 129, 129, 128, 128, 130, 130, 130, 134, 133, 130, 128, 131, 134, 130, 132, 133, 133, 132, 132, 135, 134, 131, 133, 142, 135, 135, 135, 135, 134, 136, 140, 137, 133, 136, 133, 134, 132, 132, 131, 133, 130, 128, 129, 126, 125, 125, 125, 125, 122, 122, 123, 121, 118, 119, 120, 118, 128, 116, 151, 117, 116, 117, 115, 117, 114, 116, 116, 151, 117, 151, 116, 118, 116, 119, 116, 116, 113, 116, 151, 113, 150, 113, 110, 111, 111, 110, 107, 106, 106, 146, 104, 144, 100, 99, 95, 94, 90, 89, 87, 83, 87, 79, 86, 76, 81, 72, 69, 66, 65, 63, 61, 61, 59, 64, 54, 79, 52, 55, 48, 45, 44, 46, 43, 42, 57, 40, 58, 39, 54, 37, 37, 38, 36, 35, 35, 54, 41, 75, 33, 62, 47, 33, 31, 32, 31, 32, 32, 32, 55, 32, 52, 33]",128000000,500000,1224006250,39,0
0,2,0,"[41, 40, 40, 41, 43, 43, 41, 39, 42, 42, 40, 42, 41, 42, 44, 41, 42, 42, 43, 43, 48, 43, 45, 45, 44, 44, 46, 48, 46, 47, 51, 58, 100, 55, 68, 48, 50, 61, 59, 55, 55, 54, 55, 61, 57, 57, 54, 62, 60, 61, 67, 64, 71, 70, 69, 70, 73, 74, 78, 80, 82, 88, 93, 96, 103, 106, 112, 116, 118, 121, 127, 130, 131, 133, 136, 136, 140, 146, 140, 141, 142, 143, 144, 142, 141, 139, 139, 138, 138, 138, 137, 139, 139, 137, 140, 137, 138, 138, 139, 138, 139, 139, 138, 139, 141, 143, 138, 139, 142, 148, 151, 151, 152, 149, 143, 139, 142, 143, 141, 140, 143, 143, 142, 143, 144, 141, 144, 151, 144, 144, 145, 145, 148, 151, 144, 142, 143, 148, 143, 146, 143, 144, 142, 147, 150, 139, 147, 139, 140, 145, 147, 141, 140, 140, 139, 136, 146, 138, 140, 143, 141, 137, 138, 140, 138, 139, 136, 138, 138, 138, 139, 144, 141, 139, 139, 139, 141, 138, 139, 136, 136, 136, 134, 131, 131, 129, 127, 124, 121, 120, 117, 114, 110, 107, 103, 99, 95, 90, 84, 79, 74, 70, 66, 63, 61, 59, 57, 56, 57, 57, 58, 54, 52, 53, 52, 53, 49, 53, 48, 49, 52, 50, 52, 48, 49, 46, 48, 45, 46, 44, 44, 45, 50, 45, 42, 44, 45, 45, 42, 41, 43, 40, 42, 41, 42, 41, 40, 40, 42, 43, 42, 41, 40, 40, 42, 38]",128000000,500000,1583461250,45,0,"[34, 34, 35, 36, 36, 46, 38, 56, 38, 53, 40, 40, 42, 41, 42, 42, 50, 45, 67, 48, 61, 48, 51, 53, 53, 56, 57, 62, 58, 64, 61, 70, 65, 66, 67, 70, 71, 73, 74, 75, 79, 79, 83, 83, 84, 85, 88, 91, 93, 94, 96, 99, 100, 102, 109, 121, 119, 124, 112, 118, 114, 115, 118, 120, 119, 121, 121, 123, 127, 128, 126, 126, 126, 127, 130, 126, 128, 127, 128, 131, 128, 128, 129, 127, 127, 128, 127, 128, 125, 130, 128, 128, 130, 130, 134, 130, 131, 130, 131, 129, 129, 127, 129, 129, 129, 129, 131, 129, 133, 131, 128, 130, 130, 131, 131, 133, 131, 132, 131, 133, 132, 132, 133, 130, 133, 130, 132, 137, 133, 133, 133, 134, 132, 136, 137, 138, 132, 134, 133, 132, 134, 130, 131, 129, 129, 128, 127, 128, 127, 125, 126, 125, 124, 123, 128, 123, 121, 120, 128, 120, 133, 119, 118, 118, 118, 120, 118, 117, 118, 153, 117, 151, 116, 116, 118, 117, 115, 116, 115, 116, 150, 116, 150, 114, 113, 114, 113, 111, 110, 109, 107, 145, 105, 140, 103, 101, 99, 96, 95, 91, 90, 89, 90, 82, 93, 80, 85, 77, 74, 70, 68, 67, 67, 64, 61, 74, 57, 70, 56, 53, 51, 50, 48, 48, 46, 46, 65, 44, 70, 41, 58, 39, 38, 39, 39, 39, 37, 40, 35, 64, 36, 55, 93, 33, 33, 36, 34, 32, 36, 31, 70, 36, 68, 33, 54, 56]",128000000,500000,1224006250,39,0
0,2,0,"[41, 42, 40, 43, 43, 42, 40, 42, 42, 44, 42, 42, 41, 42, 44, 44, 44, 41, 43, 44, 44, 44, 44, 46, 45, 44, 45, 45, 49, 48, 50, 56, 102, 58, 68, 51, 56, 57, 52, 56, 55, 54, 62, 59, 55, 56, 55, 57, 61, 61, 64, 65, 66, 69, 70, 72, 73, 74, 77, 81, 83, 87, 91, 97, 103, 108, 112, 117, 120, 122, 128, 128, 131, 132, 135, 137, 142, 138, 140, 141, 144, 145, 144, 146, 143, 140, 139, 140, 144, 138, 138, 137, 138, 137, 137, 138, 139, 138, 139, 140, 140, 140, 139, 141, 140, 140, 140, 142, 142, 150, 151, 149, 150, 147, 144, 145, 142, 142, 142, 142, 145, 144, 146, 144, 143, 143, 144, 151, 145, 143, 143, 144, 144, 150, 145, 144, 142, 143, 145, 145, 148, 148, 150, 147, 141, 143, 142, 139, 147, 140, 144, 141, 137, 144, 144, 146, 143, 144, 137, 142, 142, 138, 136, 138, 136, 138, 140, 139, 139, 138, 139, 139, 140, 140, 139, 139, 139, 139, 138, 136, 137, 138, 135, 132, 131, 129, 127, 125, 123, 118, 117, 114, 112, 106, 103, 98, 95, 90, 85, 80, 76, 69, 66, 62, 61, 60, 59, 58, 57, 59, 56, 56, 54, 54, 54, 51, 50, 52, 51, 51, 55, 47, 48, 48, 50, 47, 50, 47, 45, 43, 45, 46, 50, 47, 43, 43, 43, 41, 44, 45, 44, 41, 42, 42, 42, 41, 42, 41, 41, 41, 41, 43, 40, 51, 41, 40]",128000000,500000,1583461250,45,0,"[35, 34, 33, 58, 35, 58, 36, 55, 39, 40, 40, 42, 41, 47, 43, 45, 63, 48, 64, 48, 50, 50, 51, 51, 53, 54, 57, 69, 57, 65, 63, 62, 64, 66, 128, 69, 71, 73, 75, 77, 79, 79, 81, 82, 84, 84, 89, 89, 91, 93, 95, 97, 100, 104, 110, 125, 114, 115, 113, 120, 115, 118, 115, 121, 120, 122, 122, 125, 128, 124, 125, 127, 127, 126, 125, 128, 128, 129, 128, 133, 128, 128, 128, 127, 124, 129, 131, 126, 126, 127, 126, 128, 128, 130, 130, 134, 128, 128, 135, 128, 130, 127, 129, 130, 130, 132, 130, 136, 129, 133, 128, 131, 134, 132, 133, 132, 133, 133, 139, 136, 132, 131, 133, 133, 134, 140, 135, 138, 134, 136, 135, 134, 134, 134, 133, 134, 133, 136, 132, 132, 130, 130, 128, 127, 127, 125, 131, 126, 126, 124, 124, 126, 126, 124, 124, 120, 123, 123, 129, 122, 120, 123, 120, 120, 122, 120, 123, 152, 117, 154, 116, 123, 117, 117, 117, 119, 117, 120, 153, 118, 149, 117, 115, 116, 117, 116, 113, 112, 110, 146, 108, 145, 106, 104, 101, 100, 101, 96, 96, 93, 92, 88, 89, 87, 86, 80, 78, 75, 72, 72, 69, 69, 77, 78, 62, 73, 60, 57, 55, 53, 51, 48, 49, 48, 59, 44, 66, 44, 51, 42, 42, 39, 39, 39, 38, 52, 38, 70, 36, 66, 36, 39, 35, 36, 32, 33, 33, 31, 61, 31, 65, 75, 33, 38, 44, 46]",128000000,500000,1224006250,39,0
0,2,0,"[41, 40, 42, 40, 40, 40, 42, 46, 40, 40, 41, 40, 42, 42, 40, 42, 42, 42, 42, 43, 43, 44, 44, 44, 45, 45, 45, 46, 47, 49, 47, 51, 97, 52, 69, 48, 48, 50, 64, 57, 61, 55, 53, 55, 51, 56, 56, 56, 62, 61, 63, 66, 66, 68, 70, 70, 75, 76, 78, 82, 86, 89, 93, 99, 104, 106, 111, 115, 121, 121, 126, 129, 131, 133, 135, 137, 139, 139, 141, 140, 144, 145, 146, 143, 142, 140, 139, 138, 139, 138, 138, 136, 139, 139, 138, 138, 137, 137, 140, 140, 139, 139, 139, 138, 141, 140, 141, 141, 143, 149, 152, 153, 153, 148, 144, 142, 143, 142, 142, 142, 142, 143, 142, 143, 141, 142, 143, 147, 144, 143, 143, 143, 143, 149, 143, 142, 142, 142, 145, 145, 144, 144, 142, 145, 142, 145, 146, 140, 143, 140, 142, 140, 143, 137, 141, 141, 140, 140, 152, 138, 142, 136, 140, 136, 134, 140, 136, 137, 138, 138, 138, 138, 139, 138, 138, 138, 138, 137, 137, 136, 135, 133, 134, 132, 132, 129, 128, 125, 123, 120, 118, 114, 112, 108, 103, 99, 95, 90, 85, 79, 73, 69, 65, 63, 62, 61, 58, 59, 56, 56, 55, 56, 54, 52, 51, 51, 52, 51, 50, 49, 51, 48, 48, 49, 52, 47, 48, 45, 45, 45, 44, 45, 48, 46, 46, 42, 43, 43, 42, 41, 41, 41, 42, 43, 41, 39, 42, 41, 42, 42, 42, 41, 41, 41, 40, 41]",128000000,500000,1583461250,45,0,"[37, 49, 35, 46, 37, 37, 35, 38, 38, 39, 41, 41, 44, 42, 47, 45, 50, 50, 48, 49, 51, 49, 52, 54, 56, 59, 57, 59, 60, 59, 62, 62, 65, 65, 67, 135, 74, 71, 74, 77, 76, 79, 81, 82, 84, 85, 88, 89, 91, 95, 95, 99, 101, 105, 110, 129, 119, 114, 114, 118, 116, 118, 117, 125, 121, 122, 124, 124, 124, 124, 126, 125, 125, 127, 154, 125, 126, 126, 125, 128, 125, 126, 126, 129, 126, 127, 128, 128, 127, 131, 131, 131, 131, 135, 138, 138, 131, 132, 132, 132, 129, 130, 132, 130, 130, 130, 129, 129, 130, 132, 131, 131, 131, 127, 132, 132, 131, 135, 133, 134, 133, 135, 135, 134, 136, 135, 136, 145, 137, 140, 136, 139, 135, 137, 140, 138, 136, 134, 136, 132, 132, 132, 129, 130, 128, 126, 127, 127, 124, 124, 122, 122, 119, 120, 123, 122, 124, 118, 126, 119, 120, 123, 120, 124, 120, 149, 119, 152, 124, 122, 123, 120, 119, 119, 121, 121, 148, 119, 149, 119, 117, 117, 117, 116, 113, 113, 114, 144, 110, 148, 108, 106, 106, 104, 102, 102, 98, 95, 103, 93, 95, 90, 86, 84, 81, 79, 80, 78, 75, 73, 71, 76, 66, 70, 62, 60, 58, 58, 54, 52, 51, 50, 57, 48, 54, 46, 47, 44, 41, 42, 39, 39, 39, 53, 37, 50, 36, 44, 36, 53, 34, 35, 33, 34, 35, 35, 43, 32, 42, 33, 33, 34, 100, 34, 32, 37]",128000000,500000,1224006250,39,0
0,2,0,"[45, 41, 44, 44, 43, 45, 42, 44, 42, 43, 46, 44, 44, 44, 46, 41, 43, 53, 46, 46, 43, 47, 47, 46, 49, 46, 48, 50, 53, 49, 52, 54, 97, 59, 74, 62, 57, 54, 73, 56, 63, 58, 58, 59, 62, 58, 68, 58, 61, 66, 66, 65, 68, 71, 71, 73, 77, 78, 80, 81, 85, 90, 94, 100, 105, 108, 113, 117, 120, 124, 129, 133, 132, 136, 137, 140, 140, 143, 144, 142, 144, 143, 143, 145, 141, 144, 140, 138, 141, 138, 140, 139, 139, 137, 139, 140, 139, 140, 139, 139, 139, 138, 143, 138, 140, 142, 139, 140, 145, 146, 149, 147, 149, 148, 145, 140, 143, 146, 143, 146, 141, 145, 151, 143, 145, 144, 145, 154, 146, 145, 147, 144, 144, 149, 148, 145, 146, 145, 149, 145, 143, 146, 144, 145, 142, 141, 147, 143, 156, 147, 141, 142, 142, 142, 143, 146, 145, 139, 145, 138, 143, 143, 138, 138, 137, 138, 139, 137, 141, 140, 139, 138, 140, 141, 140, 141, 139, 139, 139, 137, 136, 134, 134, 132, 130, 129, 126, 124, 124, 119, 117, 115, 112, 108, 102, 101, 95, 91, 85, 81, 78, 72, 67, 63, 64, 64, 59, 61, 61, 59, 58, 56, 59, 59, 60, 53, 57, 54, 51, 55, 53, 52, 54, 49, 56, 47, 49, 53, 51, 46, 48, 50, 50, 46, 50, 48, 47, 44, 44, 47, 44, 45, 43, 44, 46, 43, 43, 44, 44, 42, 41, 47, 44, 45, 42, 43]",128000000,500000,1583461250,45,0,"[37, 48, 38, 37, 39, 39, 39, 39, 43, 40, 48, 42, 49, 43, 52, 47, 49, 50, 48, 50, 53, 53, 52, 56, 54, 59, 59, 58, 58, 62, 62, 65, 66, 66, 70, 70, 76, 75, 73, 78, 78, 79, 81, 85, 86, 88, 89, 94, 93, 95, 95, 98, 100, 102, 106, 121, 109, 112, 112, 118, 117, 118, 117, 120, 121, 122, 126, 124, 126, 124, 126, 126, 126, 128, 128, 136, 129, 130, 128, 132, 129, 132, 130, 130, 130, 131, 136, 132, 132, 131, 132, 131, 133, 140, 139, 137, 131, 132, 135, 132, 134, 131, 132, 134, 131, 134, 132, 133, 132, 134, 133, 136, 137, 136, 146, 137, 134, 136, 136, 138, 146, 137, 137, 136, 138, 148, 139, 151, 136, 136, 134, 135, 147, 136, 140, 133, 134, 134, 134, 135, 133, 132, 129, 129, 128, 129, 128, 126, 127, 124, 128, 127, 125, 134, 124, 123, 120, 124, 128, 132, 126, 125, 124, 150, 130, 150, 123, 120, 120, 120, 121, 124, 121, 123, 148, 122, 147, 118, 121, 120, 118, 118, 117, 115, 117, 142, 117, 144, 113, 111, 111, 109, 113, 106, 104, 99, 138, 96, 108, 95, 92, 87, 86, 84, 83, 82, 79, 79, 74, 77, 72, 71, 66, 65, 62, 60, 59, 57, 58, 54, 60, 53, 60, 50, 49, 51, 46, 43, 44, 43, 41, 53, 42, 50, 40, 45, 38, 42, 38, 54, 36, 35, 42, 58, 48, 41, 47, 35, 34, 36, 36, 35, 34, 35, 36, 69]",128000000,500000,1224006250,39,0
0,2,0,"[40, 41, 41, 41, 40, 42, 41, 40, 41, 41, 42, 42, 40, 42, 41, 43, 43, 40, 43, 43, 43, 46, 46, 46, 46, 45, 45, 49, 50, 44, 52, 51, 96, 53, 69, 52, 48, 51, 55, 63, 57, 53, 60, 62, 54, 66, 69, 57, 60, 61, 62, 64, 67, 67, 70, 72, 73, 77, 77, 82, 86, 91, 93, 98, 103, 107, 110, 117, 118, 123, 125, 128, 131, 133, 133, 136, 139, 140, 139, 140, 144, 142, 143, 142, 141, 140, 138, 139, 139, 139, 139, 136, 138, 138, 139, 138, 139, 139, 139, 140, 141, 140, 139, 138, 139, 144, 141, 141, 140, 146, 151, 149, 151, 146, 143, 143, 141, 142, 142, 143, 144, 143, 144, 143, 144, 144, 143, 149, 146, 143, 144, 144, 145, 150, 146, 144, 143, 144, 145, 145, 147, 144, 143, 142, 144, 147, 158, 142, 140, 146, 139, 140, 139, 139, 143, 138, 143, 138, 143, 140, 139, 138, 140, 135, 138, 137, 139, 137, 138, 139, 138, 140, 139, 140, 139, 139, 138, 139, 140, 137, 137, 135, 133, 134, 130, 129, 127, 126, 123, 120, 115, 114, 110, 106, 103, 100, 93, 90, 85, 79, 75, 71, 65, 64, 60, 62, 59, 55, 57, 54, 56, 55, 56, 54, 53, 53, 52, 49, 51, 48, 52, 47, 50, 47, 51, 47, 46, 47, 45, 45, 44, 43, 51, 45, 43, 43, 42, 42, 42, 44, 44, 40, 41, 42, 43, 42, 40, 41, 40, 43, 40, 43, 45, 40, 43, 39]",128000000,500000,1583461250,45,0,"[51, 33, 35, 37, 35, 36, 40, 38, 44, 39, 46, 40, 41, 42, 45, 45, 48, 49, 50, 49, 48, 55, 52, 55, 58, 55, 129, 57, 60, 61, 63, 63, 67, 67, 67, 68, 71, 73, 75, 75, 79, 78, 82, 84, 82, 86, 87, 90, 92, 94, 95, 97, 100, 103, 105, 117, 116, 124, 114, 118, 116, 115, 118, 126, 123, 122, 124, 124, 124, 125, 127, 128, 126, 126, 128, 128, 127, 128, 128, 130, 126, 128, 128, 129, 129, 128, 127, 146, 128, 130, 131, 132, 131, 131, 134, 131, 131, 130, 132, 134, 130, 129, 130, 134, 129, 131, 134, 131, 132, 131, 133, 132, 131, 132, 131, 133, 132, 133, 134, 132, 133, 134, 135, 134, 137, 135, 136, 151, 134, 134, 137, 136, 135, 135, 137, 137, 135, 135, 138, 132, 132, 131, 135, 130, 127, 127, 123, 125, 124, 128, 125, 124, 121, 120, 121, 120, 121, 122, 126, 120, 120, 139, 121, 148, 120, 120, 118, 118, 120, 122, 120, 118, 145, 118, 144, 122, 119, 124, 116, 117, 116, 120, 119, 149, 116, 148, 115, 113, 117, 111, 110, 107, 105, 103, 137, 102, 133, 99, 94, 94, 91, 89, 88, 86, 89, 83, 78, 78, 76, 73, 70, 67, 65, 63, 61, 60, 63, 57, 61, 54, 59, 51, 48, 48, 45, 43, 46, 44, 43, 49, 42, 48, 39, 41, 38, 38, 40, 37, 35, 65, 40, 34, 46, 92, 36, 33, 34, 35, 34, 33, 38, 32, 31, 55, 36, 43]",128000000,500000,1224006250,39,0
0,2,0,"[39, 40, 41, 41, 40, 40, 40, 38, 40, 42, 42, 41, 41, 43, 39, 41, 41, 41, 42, 43, 42, 42, 42, 43, 45, 44, 48, 46, 47, 53, 49, 50, 104, 55, 69, 50, 48, 51, 63, 57, 51, 52, 58, 59, 51, 61, 64, 60, 57, 64, 63, 67, 67, 68, 70, 74, 73, 76, 80, 81, 84, 89, 93, 100, 102, 108, 111, 116, 119, 120, 124, 128, 131, 132, 135, 136, 138, 139, 140, 141, 141, 141, 144, 143, 142, 139, 140, 139, 138, 138, 138, 138, 136, 137, 138, 138, 137, 138, 137, 139, 136, 139, 140, 138, 140, 141, 139, 138, 142, 145, 151, 149, 148, 149, 143, 141, 142, 142, 142, 141, 142, 142, 142, 142, 144, 145, 142, 146, 144, 144, 143, 142, 142, 149, 143, 141, 144, 142, 147, 143, 143, 142, 139, 143, 141, 140, 140, 140, 142, 141, 140, 140, 143, 140, 137, 138, 142, 155, 137, 137, 138, 139, 135, 141, 136, 136, 135, 138, 139, 139, 139, 138, 139, 139, 138, 139, 138, 139, 137, 136, 135, 133, 134, 131, 130, 128, 127, 123, 121, 120, 115, 113, 110, 106, 102, 98, 93, 89, 84, 80, 74, 69, 66, 66, 60, 58, 58, 57, 56, 55, 53, 55, 53, 51, 52, 50, 52, 48, 50, 46, 50, 48, 47, 46, 51, 45, 47, 45, 45, 44, 45, 43, 49, 44, 44, 41, 42, 43, 41, 39, 42, 44, 41, 42, 38, 41, 40, 40, 43, 42, 40, 39, 40, 40, 40, 42]",128000000,500000,1583461250,45,0,"[34, 33, 36, 35, 34, 35, 51, 36, 51, 41, 39, 40, 40, 41, 43, 43, 44, 56, 46, 57, 49, 57, 50, 52, 54, 59, 56, 139, 61, 62, 69, 62, 68, 65, 67, 68, 72, 72, 71, 76, 77, 78, 80, 83, 83, 86, 85, 89, 91, 94, 96, 98, 99, 104, 105, 117, 113, 113, 114, 118, 114, 117, 116, 122, 120, 121, 148, 122, 124, 124, 125, 126, 125, 127, 127, 127, 124, 126, 126, 127, 126, 126, 124, 125, 125, 127, 127, 125, 126, 126, 126, 126, 127, 131, 131, 130, 129, 128, 129, 129, 131, 131, 130, 129, 130, 127, 130, 131, 129, 132, 131, 130, 131, 128, 136, 133, 130, 132, 131, 132, 132, 135, 131, 134, 133, 133, 133, 140, 135, 133, 135, 134, 131, 135, 136, 134, 134, 131, 131, 131, 132, 129, 126, 128, 123, 125, 125, 123, 124, 124, 121, 124, 121, 122, 122, 120, 120, 118, 122, 124, 118, 140, 117, 119, 119, 117, 117, 118, 118, 117, 150, 118, 151, 118, 123, 118, 116, 115, 117, 116, 116, 150, 116, 146, 114, 114, 113, 113, 111, 109, 107, 106, 145, 105, 144, 100, 100, 97, 96, 93, 89, 89, 86, 91, 82, 88, 78, 79, 73, 71, 69, 67, 66, 64, 66, 59, 70, 54, 67, 51, 51, 50, 48, 47, 45, 47, 44, 59, 42, 56, 39, 44, 39, 37, 39, 36, 36, 34, 50, 54, 56, 34, 42, 37, 87, 34, 33, 32, 33, 42, 32, 47, 33, 50, 30, 38]",128000000,500000,1224006250,39,0
0,2,0,"[39, 39, 41, 41, 42, 39, 39, 40, 38, 41, 42, 39, 40, 40, 40, 41, 41, 42, 41, 44, 42, 41, 43, 42, 42, 42, 44, 43, 47, 54, 50, 52, 93, 54, 70, 48, 49, 53, 49, 50, 51, 61, 54, 58, 56, 61, 58, 57, 65, 65, 62, 66, 70, 68, 70, 73, 72, 78, 79, 79, 84, 87, 93, 99, 103, 107, 111, 115, 119, 122, 126, 129, 130, 133, 135, 137, 140, 139, 138, 139, 141, 142, 145, 143, 141, 140, 138, 138, 140, 138, 137, 137, 138, 137, 138, 136, 138, 138, 139, 137, 138, 138, 139, 139, 139, 140, 139, 140, 142, 148, 151, 151, 150, 146, 144, 140, 142, 142, 141, 140, 141, 146, 141, 141, 141, 142, 143, 151, 143, 143, 142, 142, 143, 149, 143, 142, 142, 142, 143, 145, 144, 147, 142, 141, 140, 141, 145, 143, 150, 144, 143, 140, 138, 146, 139, 137, 140, 137, 139, 136, 145, 137, 135, 137, 134, 136, 135, 138, 138, 140, 139, 139, 139, 139, 138, 138, 138, 138, 137, 136, 138, 135, 133, 133, 131, 128, 125, 123, 125, 118, 117, 113, 110, 107, 100, 99, 95, 90, 85, 79, 75, 70, 66, 62, 60, 59, 58, 55, 55, 57, 54, 55, 52, 54, 52, 51, 50, 48, 49, 49, 52, 48, 49, 45, 49, 47, 47, 47, 44, 43, 44, 43, 48, 46, 43, 43, 43, 42, 42, 41, 41, 42, 41, 40, 38, 40, 39, 40, 41, 40, 40, 40, 38, 41, 40, 41]",128000000,500000,1583461250,45,0,"[32, 34, 35, 36, 43, 37, 49, 39, 40, 37, 37, 38, 39, 40, 42, 49, 44, 49, 47, 49, 47, 47, 49, 50, 53, 55, 55, 58, 60, 58, 63, 64, 65, 65, 67, 70, 70, 71, 73, 77, 77, 79, 80, 83, 84, 85, 87, 90, 89, 93, 95, 97, 99, 101, 105, 111, 115, 111, 110, 115, 115, 116, 116, 118, 120, 120, 122, 123, 124, 124, 124, 125, 127, 124, 125, 125, 126, 127, 126, 127, 125, 124, 126, 126, 125, 126, 129, 125, 127, 127, 126, 128, 128, 128, 130, 129, 129, 127, 128, 128, 127, 128, 128, 131, 129, 129, 129, 130, 130, 129, 131, 130, 129, 128, 131, 131, 132, 133, 131, 132, 131, 132, 130, 132, 134, 135, 133, 142, 131, 131, 132, 132, 132, 133, 133, 131, 131, 130, 129, 128, 129, 127, 128, 125, 124, 124, 124, 121, 122, 122, 123, 122, 121, 120, 121, 120, 121, 122, 122, 119, 118, 119, 117, 119, 119, 117, 119, 117, 150, 117, 149, 117, 116, 115, 119, 119, 117, 116, 116, 147, 117, 127, 116, 115, 114, 114, 114, 111, 113, 108, 140, 107, 141, 102, 103, 101, 98, 97, 93, 91, 89, 93, 85, 88, 80, 79, 77, 76, 74, 70, 69, 67, 67, 64, 67, 59, 61, 55, 53, 52, 52, 49, 49, 47, 46, 59, 44, 54, 41, 40, 40, 38, 38, 37, 36, 36, 44, 37, 46, 53, 44, 33, 82, 33, 32, 32, 33, 34, 33, 47, 31, 40, 35, 31, 32, 33]",128000000,500000,1224006250,39,0
0,2,0,"[40, 41, 41, 40, 39, 41, 40, 41, 41, 40, 40, 40, 40, 43, 42, 41, 42, 40, 42, 45, 42, 42, 44, 42, 45, 44, 48, 45, 49, 46, 52, 51, 99, 57, 68, 64, 47, 51, 48, 48, 54, 52, 55, 55, 54, 54, 61, 54, 58, 63, 66, 65, 69, 69, 69, 71, 73, 75, 80, 81, 84, 89, 92, 98, 104, 109, 112, 117, 120, 123, 126, 128, 130, 131, 134, 135, 134, 138, 139, 140, 145, 142, 144, 142, 141, 140, 138, 138, 137, 137, 138, 138, 140, 138, 137, 139, 138, 141, 140, 138, 140, 140, 140, 139, 142, 141, 141, 141, 141, 147, 151, 152, 150, 148, 141, 141, 141, 141, 141, 143, 141, 143, 141, 143, 141, 142, 142, 152, 144, 143, 144, 146, 143, 149, 144, 141, 142, 142, 146, 144, 144, 143, 142, 141, 143, 141, 142, 142, 141, 145, 142, 138, 141, 140, 139, 142, 139, 138, 143, 140, 141, 137, 138, 137, 135, 136, 136, 135, 139, 139, 141, 137, 138, 138, 138, 138, 138, 139, 138, 136, 135, 134, 133, 131, 129, 128, 125, 124, 122, 119, 118, 113, 112, 106, 103, 98, 93, 90, 85, 79, 74, 70, 67, 63, 61, 59, 58, 56, 57, 56, 54, 53, 53, 51, 52, 50, 51, 48, 49, 48, 52, 47, 47, 47, 51, 45, 47, 46, 43, 44, 43, 45, 49, 44, 42, 43, 44, 44, 40, 42, 40, 40, 41, 41, 40, 41, 42, 40, 41, 41, 39, 40, 41, 39, 40, 38]",128000000,500000,1583461250,45,0,"[37, 36, 51, 34, 54, 35, 37, 36, 39, 39, 37, 40, 43, 51, 43, 51, 45, 45, 94, 47, 50, 52, 51, 52, 56, 54, 60, 58, 62, 60, 59, 61, 63, 63, 65, 69, 69, 71, 74, 76, 77, 79, 80, 81, 84, 85, 87, 91, 91, 95, 95, 98, 100, 103, 106, 115, 110, 120, 112, 118, 117, 115, 118, 123, 120, 121, 122, 125, 124, 125, 125, 124, 124, 124, 124, 125, 126, 124, 126, 158, 127, 125, 126, 126, 126, 124, 125, 127, 128, 128, 130, 130, 131, 131, 130, 131, 129, 131, 132, 134, 131, 130, 133, 131, 129, 129, 130, 131, 130, 128, 129, 131, 130, 130, 134, 131, 132, 131, 128, 133, 131, 133, 134, 134, 135, 135, 136, 146, 137, 137, 138, 136, 136, 137, 141, 137, 135, 133, 132, 129, 129, 132, 127, 127, 123, 124, 124, 123, 121, 121, 121, 123, 119, 121, 120, 122, 118, 119, 121, 118, 120, 120, 121, 121, 119, 118, 150, 120, 130, 120, 119, 118, 119, 120, 119, 123, 119, 151, 118, 151, 119, 117, 116, 116, 113, 114, 113, 113, 146, 110, 118, 105, 104, 103, 102, 100, 99, 95, 92, 101, 91, 95, 86, 86, 81, 79, 77, 77, 74, 69, 73, 68, 74, 64, 68, 60, 57, 56, 56, 53, 52, 52, 48, 66, 45, 61, 44, 42, 40, 40, 40, 38, 38, 40, 57, 71, 58, 33, 44, 54, 34, 32, 94, 33, 33, 45, 34, 51, 32, 40, 33, 33, 32, 30, 50, 33]",128000000,500000,1224006250,39,0
0,2,0,"[41, 39, 39, 38, 40, 39, 39, 39, 41, 41, 41, 40, 41, 41, 39, 40, 41, 42, 42, 42, 41, 41, 42, 42, 43, 44, 44, 44, 46, 50, 48, 50, 99, 53, 69, 51, 51, 57, 52, 62, 54, 60, 61, 59, 61, 58, 63, 60, 64, 59, 63, 63, 69, 73, 71, 73, 74, 75, 78, 80, 86, 88, 93, 99, 103, 108, 110, 116, 120, 122, 124, 128, 130, 132, 131, 133, 136, 138, 140, 139, 143, 143, 143, 143, 140, 139, 139, 138, 138, 138, 137, 137, 138, 137, 138, 137, 138, 138, 137, 138, 137, 137, 138, 139, 138, 139, 137, 139, 140, 147, 149, 150, 150, 148, 141, 140, 142, 142, 141, 141, 140, 141, 142, 142, 139, 142, 143, 149, 143, 144, 144, 142, 141, 147, 142, 143, 143, 142, 143, 143, 142, 142, 143, 140, 139, 139, 140, 139, 138, 137, 139, 138, 137, 137, 136, 135, 142, 136, 135, 136, 138, 136, 135, 135, 135, 136, 136, 136, 138, 139, 138, 138, 140, 139, 138, 138, 137, 138, 137, 137, 134, 135, 133, 130, 130, 127, 125, 123, 120, 119, 116, 112, 109, 107, 103, 99, 94, 88, 84, 78, 74, 71, 66, 64, 60, 60, 58, 56, 57, 53, 54, 54, 52, 52, 49, 51, 51, 49, 48, 48, 50, 47, 47, 45, 48, 45, 48, 45, 45, 43, 44, 43, 49, 45, 42, 42, 41, 42, 41, 42, 43, 41, 40, 42, 39, 40, 39, 41, 40, 42, 40, 39, 39, 40, 37, 38]",128000000,500000,1583461250,45,0,"[42, 35, 36, 35, 34, 35, 36, 36, 37, 38, 38, 42, 40, 45, 42, 43, 44, 44, 45, 108, 47, 50, 53, 51, 53, 54, 54, 57, 59, 59, 59, 61, 63, 67, 65, 68, 70, 71, 72, 75, 78, 79, 81, 82, 84, 86, 89, 89, 92, 92, 94, 96, 100, 103, 106, 117, 112, 112, 136, 116, 113, 116, 115, 118, 119, 120, 121, 122, 121, 124, 123, 124, 125, 124, 126, 126, 126, 126, 125, 127, 127, 126, 126, 126, 127, 127, 126, 129, 127, 126, 127, 128, 131, 128, 139, 131, 128, 130, 128, 132, 131, 130, 129, 130, 129, 128, 131, 129, 130, 130, 130, 130, 130, 130, 130, 131, 130, 131, 130, 130, 131, 130, 132, 131, 134, 132, 137, 150, 132, 133, 134, 134, 132, 134, 137, 133, 130, 130, 135, 130, 129, 128, 126, 126, 125, 127, 123, 124, 123, 122, 122, 122, 122, 122, 123, 120, 119, 120, 124, 122, 121, 128, 121, 123, 148, 124, 148, 122, 118, 119, 120, 116, 122, 148, 122, 145, 117, 121, 117, 118, 117, 116, 116, 114, 115, 114, 142, 112, 140, 109, 107, 107, 106, 103, 102, 129, 98, 122, 95, 98, 93, 89, 87, 83, 83, 80, 76, 76, 73, 70, 73, 69, 68, 63, 61, 58, 58, 56, 55, 55, 50, 54, 48, 49, 45, 45, 46, 42, 41, 42, 39, 40, 45, 37, 45, 35, 68, 34, 36, 53, 34, 33, 69, 37, 32, 40, 30, 36, 31, 32, 33, 33, 31, 32, 33, 34]",128000000,500000,1224006250,39,0
0,2,0,"[39, 41, 41, 42, 39, 40, 41, 39, 38, 39, 39, 39, 40, 40, 41, 40, 41, 43, 42, 42, 40, 41, 43, 43, 45, 46, 42, 43, 50, 48, 48, 55, 96, 61, 69, 47, 52, 47, 62, 49, 54, 56, 60, 54, 53, 55, 56, 58, 70, 61, 68, 67, 69, 69, 72, 72, 73, 74, 80, 80, 84, 88, 94, 99, 103, 106, 111, 118, 119, 123, 124, 127, 130, 131, 135, 136, 137, 142, 137, 139, 143, 145, 143, 142, 141, 140, 138, 137, 137, 139, 138, 137, 138, 136, 136, 136, 137, 137, 138, 137, 138, 139, 139, 136, 139, 138, 141, 138, 141, 146, 149, 150, 149, 148, 142, 140, 142, 141, 140, 140, 143, 141, 141, 140, 141, 142, 141, 154, 141, 141, 142, 142, 143, 147, 144, 142, 141, 142, 143, 143, 144, 147, 139, 139, 140, 140, 139, 138, 140, 138, 138, 138, 137, 138, 135, 136, 136, 137, 136, 139, 138, 136, 134, 135, 135, 134, 135, 138, 136, 138, 137, 137, 139, 138, 138, 139, 138, 137, 136, 140, 139, 135, 133, 132, 131, 128, 126, 124, 122, 118, 116, 113, 110, 106, 102, 98, 95, 88, 84, 79, 73, 69, 65, 63, 60, 57, 57, 56, 56, 54, 55, 53, 54, 51, 50, 51, 51, 48, 52, 50, 53, 46, 47, 47, 50, 44, 47, 43, 44, 43, 43, 44, 49, 44, 44, 42, 43, 40, 42, 41, 41, 41, 40, 39, 39, 41, 41, 41, 39, 41, 41, 38, 40, 40, 38, 40]",128000000,500000,1583461250,45,0,"[61, 35, 33, 36, 35, 36, 36, 38, 38, 54, 40, 55, 41, 41, 41, 43, 48, 43, 47, 50, 60, 53, 67, 54, 54, 51, 54, 59, 59, 59, 59, 62, 64, 68, 65, 70, 69, 71, 72, 74, 75, 77, 81, 82, 84, 86, 85, 89, 91, 92, 96, 96, 99, 102, 106, 120, 117, 112, 112, 116, 116, 116, 117, 119, 120, 120, 120, 123, 122, 124, 123, 124, 122, 126, 123, 124, 124, 124, 124, 124, 125, 122, 124, 124, 125, 124, 126, 125, 126, 127, 125, 128, 129, 127, 132, 130, 128, 129, 129, 129, 132, 130, 129, 128, 129, 129, 129, 130, 130, 130, 129, 132, 129, 130, 130, 130, 131, 132, 135, 131, 132, 132, 131, 133, 134, 136, 135, 139, 135, 134, 135, 135, 135, 136, 137, 135, 133, 131, 129, 128, 127, 128, 125, 128, 123, 124, 122, 125, 120, 120, 122, 119, 121, 120, 120, 123, 118, 121, 122, 120, 133, 118, 149, 120, 128, 119, 120, 118, 119, 118, 120, 121, 118, 151, 119, 120, 117, 116, 118, 119, 115, 114, 147, 114, 147, 113, 126, 110, 110, 108, 108, 105, 104, 100, 101, 143, 98, 99, 92, 92, 88, 89, 86, 83, 81, 79, 83, 74, 82, 72, 75, 67, 64, 63, 62, 60, 60, 60, 53, 64, 51, 63, 47, 46, 46, 42, 45, 43, 43, 38, 64, 39, 66, 37, 44, 37, 35, 36, 34, 54, 36, 50, 33, 64, 33, 45, 33, 31, 32, 33, 31, 32, 38, 33, 65, 84]",128000000,500000,1224006250,39,0
0,2,0,"[42, 39, 40, 40, 39, 40, 39, 40, 40, 40, 40, 40, 40, 42, 40, 41, 42, 40, 41, 42, 43, 43, 43, 45, 43, 42, 42, 45, 48, 47, 51, 54, 94, 52, 69, 49, 53, 51, 52, 51, 51, 57, 58, 55, 58, 57, 55, 59, 58, 60, 62, 65, 66, 67, 70, 69, 74, 77, 79, 82, 84, 90, 95, 99, 104, 108, 111, 115, 120, 122, 126, 127, 131, 131, 133, 135, 135, 137, 137, 137, 141, 140, 141, 142, 141, 139, 137, 136, 137, 139, 138, 139, 139, 137, 139, 138, 140, 137, 140, 138, 139, 138, 138, 140, 140, 140, 141, 140, 142, 147, 149, 152, 151, 148, 141, 140, 139, 141, 138, 139, 140, 138, 138, 142, 140, 140, 139, 146, 142, 138, 141, 142, 141, 146, 141, 140, 142, 142, 142, 143, 143, 144, 141, 141, 140, 141, 139, 139, 139, 139, 139, 139, 138, 137, 137, 136, 138, 138, 136, 137, 140, 136, 138, 136, 134, 136, 136, 137, 137, 140, 136, 137, 139, 138, 137, 136, 137, 136, 136, 134, 134, 135, 131, 131, 128, 127, 126, 123, 121, 118, 115, 114, 111, 106, 103, 101, 94, 90, 84, 79, 75, 69, 63, 62, 60, 60, 57, 57, 56, 55, 53, 54, 52, 51, 51, 51, 50, 49, 49, 47, 51, 46, 48, 45, 50, 45, 46, 42, 44, 43, 43, 43, 49, 45, 41, 42, 42, 42, 40, 42, 41, 40, 41, 41, 40, 41, 39, 41, 37, 40, 40, 38, 40, 39, 40, 39]",128000000,500000,1583461250,45,0,"[33, 34, 34, 37, 35, 38, 36, 45, 37, 46, 71, 41, 41, 44, 44, 43, 44, 46, 54, 47, 53, 50, 52, 56, 54, 56, 55, 56, 58, 62, 59, 63, 73, 65, 65, 66, 69, 71, 72, 72, 74, 76, 79, 81, 84, 84, 86, 90, 92, 94, 96, 97, 100, 105, 105, 121, 112, 123, 113, 118, 117, 116, 119, 119, 120, 120, 120, 122, 121, 122, 122, 137, 123, 122, 121, 122, 125, 122, 122, 125, 121, 123, 123, 124, 124, 123, 124, 126, 125, 125, 125, 126, 128, 130, 133, 129, 129, 129, 131, 131, 129, 129, 131, 129, 130, 131, 128, 130, 130, 130, 126, 129, 129, 131, 128, 131, 131, 131, 130, 131, 132, 133, 133, 133, 135, 134, 134, 142, 139, 136, 140, 139, 137, 139, 144, 138, 134, 135, 131, 133, 132, 128, 129, 126, 125, 122, 122, 120, 119, 119, 120, 120, 117, 118, 121, 119, 123, 116, 125, 120, 129, 117, 118, 119, 119, 120, 118, 117, 118, 150, 117, 150, 119, 132, 120, 118, 118, 118, 116, 119, 147, 114, 150, 113, 116, 111, 112, 112, 110, 108, 108, 144, 107, 146, 102, 124, 99, 96, 93, 93, 90, 87, 86, 83, 86, 80, 81, 75, 73, 70, 70, 67, 64, 64, 62, 65, 57, 67, 54, 56, 51, 48, 48, 45, 45, 43, 49, 73, 52, 41, 49, 39, 38, 38, 38, 35, 37, 35, 35, 60, 34, 46, 117, 74, 32, 31, 32, 34, 32, 33, 41, 30, 43, 34, 80, 33]",128000000,500000,1224006250,39,0
0,2,0,"[39, 40, 39, 39, 38, 41, 37, 39, 40, 41, 42, 40, 40, 40, 41, 42, 42, 41, 41, 42, 43, 43, 44, 44, 44, 45, 46, 45, 49, 49, 48, 53, 96, 56, 68, 49, 54, 49, 50, 52, 50, 59, 56, 55, 62, 52, 56, 58, 57, 67, 65, 65, 65, 69, 72, 71, 73, 83, 78, 81, 82, 89, 93, 100, 102, 108, 111, 119, 121, 122, 124, 128, 129, 132, 132, 135, 135, 135, 137, 137, 141, 141, 141, 141, 139, 138, 138, 137, 138, 139, 138, 138, 136, 137, 138, 138, 139, 139, 138, 138, 140, 140, 141, 139, 139, 142, 141, 139, 143, 147, 149, 150, 150, 146, 142, 139, 139, 140, 140, 138, 139, 140, 140, 139, 140, 140, 142, 144, 141, 140, 140, 142, 142, 147, 143, 140, 142, 139, 143, 141, 142, 145, 142, 141, 140, 140, 141, 140, 140, 140, 138, 138, 140, 140, 138, 136, 138, 138, 139, 140, 140, 136, 138, 136, 136, 135, 137, 138, 138, 138, 139, 138, 138, 138, 136, 136, 138, 137, 136, 137, 135, 132, 134, 130, 129, 127, 126, 123, 122, 119, 117, 113, 111, 108, 103, 100, 94, 89, 84, 78, 75, 69, 66, 63, 61, 58, 58, 54, 55, 55, 55, 55, 53, 53, 49, 51, 50, 50, 47, 48, 49, 47, 47, 47, 52, 45, 46, 45, 44, 45, 44, 42, 48, 46, 42, 42, 42, 41, 42, 42, 42, 41, 41, 40, 39, 40, 40, 40, 39, 42, 39, 40, 40, 39, 39, 40]",128000000,500000,1583461250,45,0,"[33, 34, 34, 37, 36, 42, 34, 40, 38, 39, 42, 67, 43, 43, 43, 44, 47, 48, 48, 49, 52, 50, 49, 52, 53, 60, 54, 58, 57, 58, 61, 63, 65, 62, 65, 69, 68, 68, 72, 74, 77, 78, 79, 80, 85, 84, 87, 89, 90, 93, 103, 98, 99, 105, 107, 116, 111, 112, 114, 119, 117, 116, 119, 119, 121, 121, 122, 122, 122, 124, 123, 124, 122, 123, 124, 122, 122, 125, 121, 124, 122, 121, 123, 123, 124, 125, 123, 126, 124, 142, 126, 126, 131, 130, 131, 130, 131, 130, 129, 132, 130, 132, 130, 132, 135, 131, 130, 129, 130, 131, 129, 131, 131, 132, 131, 130, 131, 132, 132, 133, 132, 134, 134, 135, 136, 136, 136, 152, 137, 138, 139, 142, 138, 139, 143, 139, 134, 134, 134, 134, 131, 128, 127, 130, 125, 124, 124, 124, 121, 120, 121, 121, 119, 120, 121, 119, 120, 120, 124, 120, 118, 120, 121, 125, 122, 120, 119, 145, 119, 148, 119, 119, 118, 118, 118, 118, 117, 116, 146, 118, 147, 115, 119, 115, 115, 114, 112, 111, 111, 140, 107, 137, 105, 107, 101, 100, 98, 95, 94, 92, 89, 86, 87, 83, 85, 79, 77, 76, 73, 73, 69, 66, 64, 66, 61, 63, 56, 59, 53, 52, 51, 51, 48, 47, 46, 43, 49, 43, 68, 40, 39, 38, 39, 37, 37, 37, 36, 43, 34, 55, 33, 53, 33, 32, 33, 32, 35, 32, 43, 32, 39, 31, 33, 32, 33, 35]",128000000,500000,1224006250,39,0
0,2,0,"[40, 38, 38, 41, 39, 39, 40, 40, 39, 39, 40, 42, 41, 41, 41, 41, 42, 41, 41, 41, 43, 42, 43, 43, 44, 45, 44, 44, 53, 48, 48, 53, 98, 56, 69, 47, 47, 55, 62, 59, 55, 58, 54, 52, 56, 66, 54, 55, 59, 61, 65, 62, 67, 69, 71, 73, 75, 75, 77, 81, 85, 90, 94, 99, 104, 108, 110, 117, 121, 122, 124, 128, 132, 133, 134, 135, 137, 138, 139, 140, 140, 141, 143, 141, 143, 139, 138, 137, 138, 138, 136, 138, 136, 137, 139, 139, 138, 137, 138, 138, 138, 138, 139, 139, 141, 139, 140, 140, 141, 146, 148, 153, 148, 146, 143, 141, 141, 140, 140, 140, 141, 141, 141, 142, 140, 142, 141, 146, 143, 143, 142, 142, 143, 146, 141, 142, 141, 142, 142, 143, 144, 141, 141, 139, 140, 140, 139, 139, 139, 139, 141, 139, 137, 139, 137, 139, 137, 139, 137, 139, 140, 138, 140, 137, 136, 135, 137, 137, 137, 136, 138, 139, 140, 137, 137, 138, 138, 137, 136, 135, 135, 135, 133, 132, 129, 127, 124, 123, 121, 120, 116, 114, 111, 106, 103, 98, 93, 87, 84, 82, 75, 70, 64, 62, 59, 57, 57, 56, 55, 56, 55, 54, 53, 52, 51, 51, 51, 50, 50, 48, 52, 47, 46, 46, 53, 44, 47, 44, 44, 43, 41, 45, 50, 46, 43, 42, 43, 41, 41, 41, 43, 41, 42, 41, 42, 41, 39, 40, 39, 40, 41, 41, 39, 40, 41, 40]",128000000,500000,1583461250,45,0,"[35, 49, 35, 58, 35, 53, 35, 36, 37, 39, 39, 41, 44, 40, 56, 41, 56, 45, 45, 46, 46, 54, 50, 53, 53, 67, 54, 67, 56, 60, 59, 62, 63, 64, 65, 68, 67, 71, 74, 73, 75, 79, 81, 82, 84, 85, 88, 92, 93, 94, 98, 99, 101, 104, 107, 110, 110, 113, 114, 117, 115, 115, 117, 121, 118, 118, 121, 121, 121, 124, 122, 121, 122, 123, 123, 122, 123, 123, 123, 126, 125, 125, 124, 125, 124, 127, 126, 127, 127, 129, 130, 129, 130, 130, 132, 130, 130, 129, 132, 130, 128, 130, 131, 130, 129, 131, 128, 129, 131, 130, 129, 130, 129, 130, 130, 130, 130, 131, 134, 130, 132, 133, 132, 135, 136, 135, 137, 143, 137, 140, 134, 136, 135, 138, 137, 134, 133, 128, 129, 128, 128, 125, 124, 123, 124, 121, 122, 125, 119, 121, 121, 120, 120, 120, 120, 120, 122, 119, 122, 121, 120, 121, 122, 120, 120, 151, 119, 153, 123, 119, 120, 118, 120, 120, 120, 120, 152, 118, 153, 118, 119, 116, 116, 114, 115, 114, 116, 147, 111, 147, 107, 109, 104, 103, 101, 101, 97, 95, 106, 92, 97, 87, 93, 83, 80, 77, 76, 74, 74, 72, 69, 76, 65, 79, 60, 64, 58, 56, 55, 52, 51, 48, 55, 47, 64, 43, 59, 42, 40, 40, 41, 40, 38, 44, 36, 68, 37, 61, 35, 53, 34, 32, 33, 33, 38, 32, 51, 34, 52, 32, 36, 31, 32, 38, 32, 34]",128000000,500000,1224006250,39,0
0,2,0,"[40, 39, 38, 39, 40, 42, 40, 40, 41, 41, 40, 41, 41, 41, 41, 41, 39, 41, 42, 42, 43, 42, 43, 42, 42, 44, 47, 46, 50, 47, 48, 52, 96, 57, 72, 48, 53, 51, 50, 54, 51, 49, 53, 53, 54, 54, 62, 55, 55, 59, 62, 64, 69, 68, 69, 73, 72, 75, 78, 79, 83, 88, 94, 98, 105, 109, 111, 116, 119, 123, 125, 127, 128, 131, 132, 133, 136, 140, 142, 137, 140, 141, 144, 142, 142, 139, 139, 139, 138, 138, 139, 139, 138, 137, 138, 140, 138, 137, 139, 139, 138, 140, 139, 139, 139, 141, 139, 139, 141, 143, 147, 148, 148, 144, 140, 139, 140, 139, 139, 139, 140, 139, 140, 141, 140, 139, 141, 155, 143, 140, 140, 141, 142, 148, 143, 142, 142, 143, 142, 143, 144, 143, 143, 143, 141, 139, 141, 140, 139, 139, 138, 137, 139, 136, 137, 136, 137, 135, 135, 136, 138, 137, 135, 136, 135, 134, 135, 136, 138, 139, 137, 139, 138, 137, 139, 139, 139, 139, 135, 136, 135, 134, 133, 131, 129, 128, 126, 124, 121, 117, 117, 113, 111, 106, 102, 97, 94, 90, 85, 79, 75, 70, 64, 62, 59, 58, 58, 58, 57, 56, 53, 53, 52, 53, 51, 51, 52, 49, 49, 48, 51, 48, 48, 46, 49, 48, 46, 45, 44, 44, 42, 44, 47, 43, 42, 41, 41, 40, 41, 41, 41, 42, 42, 40, 39, 40, 41, 39, 40, 42, 41, 38, 42, 40, 40, 40]",128000000,500000,1583461250,45,0,"[33, 58, 58, 47, 33, 36, 37, 39, 39, 38, 40, 40, 53, 41, 57, 45, 45, 45, 45, 47, 49, 51, 49, 57, 53, 60, 55, 54, 54, 63, 59, 61, 62, 64, 65, 68, 72, 69, 72, 73, 75, 78, 80, 82, 85, 83, 88, 89, 93, 94, 98, 98, 102, 105, 107, 116, 113, 114, 112, 118, 112, 117, 119, 118, 122, 120, 121, 122, 121, 122, 123, 122, 123, 122, 123, 122, 123, 122, 121, 125, 123, 123, 123, 125, 123, 123, 125, 126, 126, 127, 127, 127, 130, 128, 131, 129, 127, 130, 130, 130, 129, 128, 129, 128, 128, 129, 127, 127, 129, 129, 127, 133, 130, 130, 131, 130, 131, 129, 132, 133, 135, 133, 134, 135, 136, 137, 134, 143, 136, 136, 135, 134, 136, 134, 136, 133, 129, 129, 126, 125, 125, 121, 123, 120, 121, 121, 122, 119, 120, 120, 120, 119, 119, 121, 121, 120, 120, 121, 125, 123, 121, 121, 122, 149, 123, 150, 121, 122, 121, 121, 119, 119, 119, 123, 153, 119, 151, 118, 117, 118, 117, 117, 116, 115, 116, 148, 113, 147, 111, 109, 109, 107, 104, 103, 99, 100, 141, 95, 110, 91, 94, 86, 83, 84, 81, 78, 77, 75, 71, 79, 68, 78, 64, 63, 61, 59, 59, 57, 55, 58, 61, 50, 64, 46, 61, 44, 45, 42, 41, 41, 41, 43, 38, 62, 36, 59, 36, 37, 36, 54, 37, 35, 35, 34, 55, 33, 56, 32, 38, 31, 32, 32, 32, 32, 32, 40]",128000000,500000,1224006250,39,0
0,2,0,"[39, 39, 39, 38, 39, 39, 40, 41, 39, 41, 40, 40, 41, 42, 42, 41, 41, 42, 42, 43, 41, 45, 45, 45, 43, 42, 45, 45, 50, 46, 52, 54, 95, 51, 69, 51, 50, 48, 50, 55, 52, 53, 64, 56, 52, 60, 59, 61, 60, 63, 63, 67, 66, 70, 69, 70, 74, 74, 78, 79, 85, 88, 94, 98, 103, 109, 111, 118, 123, 122, 124, 127, 130, 132, 133, 136, 135, 135, 138, 139, 140, 142, 144, 144, 141, 140, 138, 138, 138, 138, 137, 137, 138, 137, 138, 138, 138, 138, 139, 140, 143, 140, 138, 140, 139, 140, 139, 141, 142, 147, 148, 149, 150, 147, 142, 139, 140, 141, 141, 141, 140, 145, 140, 141, 142, 141, 143, 146, 146, 142, 142, 143, 142, 150, 144, 143, 141, 142, 143, 147, 147, 142, 142, 141, 142, 141, 144, 142, 140, 139, 138, 141, 137, 139, 138, 135, 139, 136, 136, 138, 141, 135, 137, 136, 136, 136, 135, 140, 137, 138, 140, 139, 140, 143, 139, 140, 136, 138, 143, 141, 136, 134, 135, 132, 130, 133, 127, 124, 122, 119, 116, 111, 110, 107, 102, 97, 94, 90, 82, 80, 75, 68, 65, 61, 61, 59, 59, 56, 55, 56, 55, 55, 52, 51, 52, 51, 48, 50, 51, 49, 51, 47, 47, 46, 53, 46, 47, 44, 44, 46, 43, 44, 48, 44, 42, 42, 42, 42, 45, 42, 41, 42, 40, 40, 40, 40, 40, 39, 39, 41, 39, 41, 40, 39, 39, 40]",128000000,500000,1583461250,45,0,"[35, 52, 33, 62, 34, 35, 37, 37, 49, 37, 73, 38, 76, 42, 45, 44, 45, 47, 46, 48, 49, 73, 52, 76, 52, 53, 57, 54, 55, 57, 61, 63, 68, 65, 73, 66, 70, 73, 75, 74, 77, 78, 100, 82, 84, 85, 86, 88, 92, 94, 94, 98, 98, 102, 106, 110, 107, 114, 109, 116, 115, 117, 135, 120, 121, 122, 123, 122, 125, 124, 125, 125, 126, 127, 127, 127, 126, 128, 126, 128, 123, 137, 123, 126, 125, 126, 126, 126, 125, 126, 126, 121, 126, 124, 129, 127, 126, 128, 128, 128, 126, 127, 125, 127, 126, 129, 126, 128, 128, 129, 131, 131, 132, 132, 132, 132, 135, 130, 136, 134, 135, 134, 139, 138, 137, 137, 130, 140, 130, 137, 139, 135, 137, 135, 137, 137, 136, 134, 131, 127, 131, 125, 129, 128, 124, 122, 123, 123, 120, 121, 120, 119, 118, 119, 118, 118, 118, 117, 124, 119, 118, 145, 118, 153, 120, 120, 118, 120, 122, 120, 121, 119, 153, 120, 151, 123, 122, 119, 119, 119, 116, 115, 118, 152, 113, 151, 114, 111, 111, 109, 108, 107, 106, 103, 146, 99, 139, 97, 97, 91, 91, 89, 83, 84, 83, 80, 77, 89, 73, 89, 69, 71, 66, 63, 61, 59, 58, 56, 69, 52, 89, 49, 69, 47, 44, 46, 45, 43, 42, 57, 41, 75, 37, 72, 37, 37, 37, 35, 35, 53, 38, 37, 64, 32, 69, 33, 33, 31, 32, 32, 32, 34, 33, 60, 45, 85]",128000000,500000,1224006250,39,0
0,2,0,"[39, 40, 40, 39, 40, 41, 41, 42, 41, 39, 39, 39, 41, 41, 42, 41, 41, 42, 43, 42, 42, 42, 44, 42, 45, 42, 44, 44, 53, 55, 47, 52, 98, 53, 68, 50, 56, 56, 51, 52, 53, 55, 60, 60, 62, 54, 58, 55, 58, 64, 63, 63, 66, 68, 71, 70, 79, 76, 77, 80, 84, 89, 95, 100, 104, 108, 111, 118, 123, 122, 126, 129, 129, 132, 135, 136, 138, 138, 139, 139, 142, 143, 144, 144, 141, 139, 138, 138, 138, 137, 137, 138, 138, 138, 137, 139, 138, 138, 139, 139, 139, 138, 140, 140, 140, 139, 141, 140, 141, 145, 150, 148, 148, 146, 143, 145, 141, 141, 141, 141, 142, 140, 143, 141, 141, 141, 142, 151, 143, 145, 141, 143, 142, 149, 143, 141, 142, 143, 143, 143, 144, 143, 141, 144, 141, 143, 140, 139, 140, 144, 138, 139, 137, 140, 142, 138, 138, 137, 138, 139, 139, 141, 139, 138, 137, 138, 138, 137, 140, 139, 139, 139, 139, 139, 138, 139, 139, 136, 137, 135, 135, 134, 132, 133, 131, 129, 126, 123, 121, 119, 117, 114, 111, 106, 103, 100, 95, 89, 85, 80, 74, 70, 65, 61, 59, 59, 58, 57, 56, 54, 55, 52, 54, 52, 52, 55, 49, 49, 48, 49, 50, 46, 50, 48, 51, 46, 47, 47, 44, 43, 45, 45, 49, 45, 43, 43, 43, 42, 42, 41, 40, 42, 42, 40, 41, 41, 42, 42, 41, 43, 39, 40, 41, 41, 43, 40]",128000000,500000,1583461250,45,0,"[35, 34, 35, 36, 36, 36, 39, 40, 44, 37, 42, 42, 45, 44, 44, 45, 51, 47, 49, 49, 54, 56, 54, 52, 54, 55, 54, 59, 60, 62, 64, 64, 65, 66, 69, 68, 69, 71, 73, 74, 74, 79, 81, 79, 85, 84, 86, 91, 90, 92, 94, 96, 99, 102, 104, 122, 113, 115, 110, 115, 116, 116, 119, 120, 120, 122, 122, 124, 126, 125, 125, 125, 127, 128, 129, 125, 127, 126, 126, 128, 126, 129, 128, 128, 125, 127, 128, 125, 126, 125, 126, 126, 124, 128, 129, 128, 127, 125, 126, 124, 127, 126, 129, 128, 126, 127, 126, 128, 130, 128, 129, 129, 132, 135, 132, 134, 133, 133, 135, 135, 142, 140, 138, 138, 140, 144, 141, 141, 140, 141, 141, 137, 142, 138, 138, 137, 135, 132, 134, 130, 131, 130, 128, 130, 127, 126, 128, 128, 126, 125, 125, 124, 126, 123, 124, 120, 123, 122, 126, 131, 123, 138, 124, 121, 121, 119, 119, 117, 119, 119, 145, 118, 148, 124, 120, 117, 117, 118, 117, 117, 115, 140, 117, 138, 115, 115, 117, 111, 112, 110, 109, 110, 137, 104, 131, 100, 98, 97, 96, 93, 92, 90, 85, 86, 82, 83, 79, 78, 73, 70, 71, 67, 67, 64, 61, 60, 60, 57, 59, 52, 52, 48, 49, 48, 47, 48, 44, 47, 42, 46, 42, 42, 39, 38, 37, 38, 37, 37, 36, 55, 43, 34, 55, 33, 34, 32, 32, 33, 33, 32, 31, 36, 36, 37, 82, 36]",128000000,500000,1224006250,39,0
0,2,0,"[40, 40, 41, 41, 41, 40, 41, 40, 39, 40, 40, 42, 40, 42, 41, 43, 41, 43, 43, 42, 45, 45, 42, 47, 44, 43, 44, 45, 48, 47, 53, 52, 98, 57, 69, 52, 51, 53, 57, 51, 55, 59, 52, 52, 53, 61, 55, 60, 58, 66, 64, 65, 64, 68, 72, 72, 77, 74, 77, 81, 86, 89, 93, 99, 104, 108, 112, 117, 124, 123, 126, 129, 131, 132, 134, 137, 139, 138, 138, 138, 140, 144, 143, 143, 141, 140, 138, 140, 139, 139, 139, 137, 139, 138, 138, 138, 139, 138, 139, 140, 138, 139, 140, 140, 139, 140, 140, 140, 142, 149, 151, 149, 151, 148, 144, 141, 141, 140, 142, 140, 141, 144, 142, 144, 141, 143, 143, 148, 145, 145, 144, 142, 143, 149, 142, 141, 141, 143, 144, 144, 144, 143, 142, 141, 141, 141, 141, 145, 140, 141, 139, 139, 139, 144, 140, 138, 136, 138, 137, 139, 142, 137, 141, 136, 138, 136, 139, 141, 139, 139, 137, 140, 140, 139, 138, 138, 141, 138, 138, 136, 135, 136, 134, 134, 130, 128, 127, 125, 122, 118, 116, 113, 108, 107, 103, 98, 95, 89, 84, 78, 74, 70, 65, 63, 60, 58, 60, 58, 56, 56, 55, 53, 54, 54, 53, 50, 50, 50, 49, 49, 51, 48, 49, 46, 50, 45, 48, 46, 45, 43, 44, 45, 48, 43, 44, 45, 43, 42, 44, 42, 43, 41, 41, 41, 41, 42, 40, 40, 41, 40, 40, 42, 41, 41, 39, 40]",128000000,500000,1583461250,45,0,"[34, 36, 36, 35, 51, 35, 67, 37, 49, 40, 40, 42, 41, 41, 44, 47, 49, 61, 47, 63, 50, 51, 50, 51, 53, 60, 56, 57, 68, 58, 70, 62, 63, 71, 65, 68, 69, 72, 75, 76, 78, 81, 82, 84, 85, 86, 90, 91, 91, 94, 99, 101, 99, 102, 105, 119, 115, 119, 117, 117, 117, 118, 119, 119, 119, 121, 124, 126, 125, 126, 125, 127, 127, 125, 128, 132, 127, 126, 125, 129, 126, 126, 126, 124, 126, 127, 126, 124, 126, 126, 127, 127, 131, 129, 133, 129, 129, 129, 128, 129, 130, 129, 130, 132, 131, 131, 129, 131, 133, 132, 134, 130, 133, 131, 132, 132, 133, 133, 135, 133, 130, 134, 132, 134, 134, 133, 136, 139, 134, 133, 133, 134, 133, 134, 137, 131, 133, 131, 131, 130, 129, 129, 128, 129, 124, 129, 123, 124, 124, 125, 127, 122, 122, 122, 121, 120, 121, 122, 122, 126, 119, 118, 122, 120, 118, 118, 119, 136, 152, 118, 153, 119, 129, 137, 117, 126, 118, 118, 117, 152, 117, 150, 116, 115, 115, 115, 112, 112, 113, 112, 146, 107, 146, 104, 104, 101, 100, 97, 96, 94, 91, 91, 87, 91, 82, 84, 79, 76, 75, 72, 70, 69, 66, 64, 73, 60, 76, 56, 65, 51, 51, 50, 50, 47, 45, 59, 44, 64, 43, 58, 40, 38, 39, 40, 37, 39, 45, 36, 66, 53, 64, 37, 33, 33, 33, 33, 32, 43, 45, 59, 48, 60, 33, 38, 34, 60]",128000000,500000,1224006250,39,0
0,2,0,"[43, 40, 40, 40, 40, 39, 40, 40, 43, 40, 41, 42, 45, 41, 42, 41, 43, 42, 42, 42, 42, 42, 45, 44, 42, 43, 44, 45, 51, 45, 49, 51, 97, 59, 68, 49, 51, 49, 56, 52, 66, 61, 56, 52, 54, 57, 54, 58, 59, 65, 65, 67, 66, 72, 69, 74, 73, 76, 79, 81, 85, 89, 95, 101, 102, 108, 112, 119, 125, 122, 125, 127, 132, 132, 135, 135, 144, 142, 144, 141, 144, 142, 145, 142, 141, 139, 142, 137, 138, 138, 139, 139, 138, 137, 137, 140, 140, 138, 137, 139, 140, 139, 138, 140, 141, 142, 140, 141, 144, 149, 152, 153, 155, 148, 143, 141, 140, 142, 143, 142, 141, 142, 140, 142, 142, 144, 144, 155, 145, 143, 141, 144, 142, 148, 144, 142, 145, 142, 143, 142, 143, 143, 144, 142, 143, 140, 149, 145, 139, 140, 142, 144, 138, 140, 139, 137, 155, 141, 139, 136, 138, 137, 136, 137, 136, 137, 137, 136, 139, 138, 140, 137, 138, 137, 139, 137, 138, 138, 138, 137, 137, 134, 135, 132, 131, 129, 130, 125, 122, 118, 120, 111, 110, 106, 102, 99, 94, 90, 84, 78, 74, 70, 65, 63, 60, 59, 60, 57, 56, 55, 54, 54, 53, 54, 52, 51, 51, 51, 49, 49, 52, 47, 49, 47, 49, 49, 47, 44, 45, 47, 43, 45, 49, 45, 43, 42, 43, 45, 42, 40, 43, 41, 41, 43, 40, 40, 40, 40, 41, 39, 42, 41, 41, 42, 41, 40]",128000000,500000,1583461250,45,0,"[31, 33, 45, 34, 50, 33, 46, 37, 37, 38, 39, 41, 42, 47, 41, 53, 44, 50, 44, 46, 48, 47, 50, 51, 52, 52, 60, 56, 61, 60, 59, 63, 63, 64, 83, 65, 71, 73, 73, 75, 76, 78, 79, 82, 83, 85, 87, 89, 92, 94, 97, 99, 99, 103, 104, 111, 110, 118, 113, 119, 115, 115, 119, 121, 121, 122, 122, 123, 123, 124, 125, 125, 124, 147, 125, 126, 125, 124, 125, 127, 125, 123, 125, 126, 125, 124, 125, 124, 127, 127, 125, 125, 125, 128, 129, 128, 127, 127, 125, 128, 128, 128, 128, 130, 131, 132, 130, 130, 129, 131, 129, 131, 131, 133, 131, 132, 132, 132, 133, 132, 134, 132, 132, 135, 134, 137, 134, 143, 135, 135, 136, 133, 133, 135, 136, 135, 132, 135, 130, 130, 129, 127, 126, 126, 125, 123, 122, 122, 123, 121, 120, 120, 117, 118, 121, 120, 118, 119, 122, 117, 117, 119, 117, 119, 117, 117, 152, 115, 149, 118, 117, 117, 117, 116, 119, 117, 120, 147, 115, 150, 115, 117, 115, 114, 117, 114, 115, 113, 149, 112, 148, 109, 109, 105, 105, 101, 100, 97, 95, 101, 90, 97, 86, 88, 84, 80, 77, 76, 74, 71, 71, 66, 73, 63, 70, 60, 60, 56, 54, 52, 50, 50, 49, 57, 44, 66, 45, 50, 43, 39, 39, 39, 38, 37, 45, 37, 49, 36, 47, 51, 34, 33, 32, 34, 32, 34, 31, 61, 33, 49, 31, 31, 33, 33, 69, 31]",128000000,500000,1224006250,39,0
0,2,0,"[40, 41, 42, 41, 42, 40, 40, 39, 40, 41, 40, 42, 41, 41, 42, 42, 41, 43, 45, 41, 42, 43, 45, 44, 41, 43, 44, 45, 51, 48, 50, 53, 98, 54, 71, 54, 52, 64, 56, 54, 51, 50, 55, 57, 59, 55, 55, 59, 61, 69, 70, 64, 67, 68, 71, 76, 73, 77, 76, 81, 83, 90, 96, 99, 105, 109, 113, 118, 122, 124, 125, 130, 130, 133, 133, 136, 143, 142, 139, 141, 142, 145, 145, 144, 143, 140, 140, 138, 138, 142, 139, 141, 138, 139, 138, 139, 140, 138, 138, 139, 139, 139, 141, 140, 139, 142, 139, 140, 143, 150, 155, 155, 154, 148, 142, 142, 141, 142, 139, 141, 142, 142, 142, 141, 143, 142, 143, 150, 148, 147, 146, 142, 141, 148, 143, 147, 142, 142, 142, 141, 143, 145, 144, 139, 139, 139, 141, 142, 139, 139, 140, 139, 139, 139, 137, 139, 136, 140, 137, 138, 141, 137, 141, 138, 137, 137, 137, 139, 141, 142, 140, 139, 140, 138, 140, 138, 138, 136, 137, 135, 136, 134, 132, 131, 129, 127, 126, 123, 122, 121, 116, 113, 111, 107, 103, 99, 95, 89, 85, 81, 75, 70, 66, 64, 61, 57, 56, 57, 56, 55, 53, 53, 54, 54, 52, 51, 50, 49, 49, 50, 52, 48, 48, 46, 48, 46, 47, 46, 46, 44, 42, 44, 47, 45, 43, 44, 42, 41, 43, 42, 42, 40, 41, 41, 41, 39, 41, 42, 41, 41, 39, 41, 41, 39, 40, 41]",128000000,500000,1583461250,45,0,"[58, 33, 59, 36, 37, 36, 35, 37, 36, 39, 40, 47, 41, 58, 45, 58, 48, 47, 46, 48, 54, 50, 55, 53, 64, 54, 65, 58, 61, 58, 62, 63, 63, 65, 67, 72, 68, 73, 72, 75, 77, 80, 80, 80, 81, 85, 86, 87, 90, 92, 93, 95, 98, 101, 102, 119, 115, 113, 112, 116, 115, 113, 118, 118, 120, 121, 122, 124, 123, 126, 126, 127, 126, 128, 126, 127, 129, 127, 128, 129, 127, 125, 126, 127, 126, 127, 126, 128, 127, 126, 128, 126, 128, 129, 130, 128, 125, 126, 129, 129, 125, 127, 124, 127, 126, 125, 128, 122, 127, 128, 128, 129, 128, 129, 129, 129, 129, 130, 131, 132, 132, 133, 133, 135, 137, 136, 138, 143, 140, 138, 140, 141, 139, 144, 143, 143, 140, 138, 137, 134, 131, 132, 129, 129, 128, 126, 126, 124, 124, 121, 120, 122, 120, 120, 121, 119, 119, 117, 124, 116, 117, 117, 115, 118, 151, 117, 151, 117, 116, 117, 118, 118, 119, 118, 116, 153, 116, 151, 118, 118, 117, 117, 116, 116, 116, 115, 148, 114, 148, 111, 109, 108, 106, 104, 103, 101, 98, 132, 96, 106, 89, 91, 87, 85, 82, 79, 78, 74, 75, 71, 81, 69, 74, 63, 62, 60, 63, 58, 53, 53, 52, 71, 48, 69, 44, 52, 45, 42, 41, 39, 39, 39, 48, 36, 61, 36, 58, 36, 35, 52, 33, 35, 36, 43, 33, 59, 30, 57, 33, 31, 31, 31, 31, 33, 33, 33]",128000000,500000,1224006250,39,0
0,2,0,"[40, 43, 41, 40, 39, 40, 40, 40, 41, 40, 41, 38, 40, 41, 41, 40, 41, 40, 41, 43, 42, 43, 43, 43, 46, 45, 44, 45, 49, 44, 55, 52, 98, 56, 68, 59, 58, 49, 61, 59, 52, 54, 52, 52, 59, 55, 54, 57, 58, 66, 61, 64, 65, 68, 68, 71, 73, 74, 79, 82, 87, 88, 96, 102, 104, 109, 112, 118, 125, 121, 125, 128, 131, 131, 134, 136, 139, 137, 138, 139, 142, 143, 143, 143, 141, 140, 138, 138, 138, 138, 138, 137, 137, 138, 137, 138, 138, 138, 138, 138, 138, 140, 139, 138, 139, 139, 141, 139, 141, 146, 151, 150, 152, 150, 143, 141, 142, 142, 142, 141, 140, 142, 142, 141, 143, 140, 142, 151, 141, 140, 141, 142, 141, 147, 142, 141, 142, 141, 143, 144, 146, 142, 141, 142, 141, 145, 140, 141, 141, 139, 139, 140, 141, 136, 137, 137, 138, 137, 137, 139, 141, 138, 139, 137, 136, 138, 137, 138, 140, 137, 139, 138, 137, 138, 137, 136, 137, 137, 137, 137, 134, 133, 133, 131, 130, 128, 126, 124, 123, 119, 114, 113, 111, 106, 102, 99, 95, 91, 83, 78, 74, 69, 67, 61, 60, 60, 59, 56, 55, 57, 55, 53, 51, 51, 51, 51, 49, 50, 49, 47, 51, 48, 49, 47, 49, 45, 46, 45, 42, 43, 45, 44, 50, 44, 43, 42, 42, 43, 41, 41, 40, 40, 41, 40, 40, 42, 39, 39, 40, 42, 41, 40, 41, 40, 40, 39]",128000000,500000,1583461250,45,0,"[50, 35, 35, 36, 36, 37, 35, 39, 41, 44, 40, 47, 41, 45, 44, 44, 47, 44, 50, 47, 52, 53, 58, 55, 55, 54, 55, 56, 59, 57, 61, 62, 65, 68, 65, 70, 69, 71, 73, 73, 75, 78, 79, 82, 82, 84, 87, 134, 90, 92, 94, 97, 98, 102, 106, 123, 115, 129, 114, 114, 116, 115, 117, 121, 120, 121, 122, 123, 125, 126, 126, 126, 127, 126, 128, 126, 128, 129, 128, 131, 127, 127, 126, 128, 126, 127, 152, 126, 127, 129, 129, 128, 128, 133, 169, 134, 128, 130, 128, 128, 128, 128, 127, 127, 128, 125, 127, 128, 127, 128, 126, 129, 130, 129, 129, 130, 130, 132, 131, 132, 130, 133, 132, 134, 132, 132, 135, 145, 135, 132, 135, 134, 136, 135, 135, 136, 133, 133, 130, 132, 129, 126, 130, 128, 128, 127, 124, 125, 126, 125, 125, 121, 123, 121, 127, 122, 120, 122, 125, 120, 119, 119, 148, 118, 147, 118, 117, 116, 118, 116, 117, 116, 117, 149, 115, 147, 116, 117, 116, 116, 115, 115, 115, 113, 148, 115, 146, 113, 111, 111, 110, 107, 104, 102, 104, 139, 98, 127, 95, 93, 89, 88, 86, 89, 83, 80, 81, 77, 81, 73, 76, 67, 66, 63, 62, 61, 61, 60, 52, 60, 52, 59, 48, 47, 46, 44, 45, 41, 41, 39, 47, 38, 53, 38, 44, 34, 37, 35, 35, 52, 38, 45, 91, 46, 35, 43, 34, 34, 34, 31, 33, 30, 33, 34, 47, 32]",128000000,500000,1224006250,39,0
0,2,0,"[39, 39, 39, 41, 40, 40, 40, 39, 40, 40, 41, 42, 41, 40, 40, 42, 41, 42, 41, 43, 44, 44, 42, 43, 44, 46, 44, 45, 53, 44, 52, 55, 100, 53, 69, 60, 56, 57, 54, 51, 59, 52, 57, 61, 53, 54, 63, 54, 58, 63, 62, 64, 68, 68, 69, 71, 74, 75, 80, 82, 84, 87, 94, 98, 105, 108, 113, 115, 120, 122, 127, 129, 131, 131, 135, 136, 139, 139, 139, 140, 143, 144, 143, 144, 142, 140, 139, 139, 138, 138, 138, 138, 137, 139, 138, 137, 139, 137, 140, 139, 137, 138, 138, 141, 140, 141, 141, 141, 144, 149, 152, 153, 151, 149, 143, 141, 142, 141, 142, 141, 140, 140, 142, 144, 143, 143, 141, 148, 143, 142, 143, 141, 142, 147, 141, 140, 141, 143, 142, 144, 143, 142, 143, 141, 139, 140, 140, 141, 138, 140, 141, 137, 138, 138, 139, 139, 141, 137, 139, 139, 139, 139, 139, 137, 138, 136, 137, 137, 137, 138, 137, 140, 138, 138, 138, 139, 139, 139, 137, 137, 137, 134, 132, 130, 130, 127, 126, 124, 121, 120, 116, 112, 112, 105, 104, 100, 93, 89, 85, 79, 74, 70, 65, 64, 60, 57, 57, 56, 58, 55, 53, 52, 53, 52, 52, 53, 51, 47, 49, 48, 52, 48, 47, 47, 50, 45, 46, 44, 43, 44, 43, 43, 49, 45, 42, 43, 42, 43, 40, 42, 42, 40, 43, 40, 41, 39, 42, 42, 41, 41, 41, 39, 41, 39, 41, 40]",128000000,500000,1583461250,45,0,"[33, 33, 35, 36, 35, 36, 37, 45, 39, 44, 40, 43, 41, 42, 45, 43, 47, 47, 50, 48, 51, 50, 55, 55, 57, 54, 102, 61, 57, 61, 61, 65, 65, 64, 65, 67, 69, 70, 71, 72, 75, 79, 78, 80, 83, 85, 85, 88, 91, 93, 94, 95, 96, 101, 107, 119, 112, 113, 113, 116, 115, 116, 116, 119, 120, 150, 121, 123, 124, 124, 125, 125, 128, 128, 127, 126, 128, 126, 127, 130, 127, 126, 126, 127, 125, 128, 127, 127, 127, 129, 128, 129, 128, 132, 137, 133, 130, 127, 130, 129, 130, 127, 128, 127, 125, 128, 126, 128, 128, 130, 129, 129, 130, 129, 131, 130, 131, 131, 132, 133, 133, 133, 133, 135, 136, 135, 135, 157, 136, 137, 138, 138, 135, 139, 139, 138, 137, 133, 133, 130, 131, 131, 129, 127, 127, 125, 125, 124, 124, 123, 121, 121, 123, 120, 122, 119, 120, 117, 124, 118, 126, 117, 148, 116, 117, 115, 117, 116, 117, 117, 117, 148, 117, 147, 115, 116, 115, 116, 115, 118, 116, 115, 145, 114, 144, 113, 112, 113, 111, 109, 110, 107, 107, 134, 104, 136, 98, 98, 95, 93, 91, 88, 88, 84, 91, 79, 81, 76, 75, 71, 69, 68, 66, 63, 62, 61, 61, 64, 54, 58, 53, 49, 48, 46, 46, 44, 44, 42, 46, 39, 48, 39, 42, 38, 35, 35, 35, 34, 34, 52, 37, 45, 33, 76, 33, 33, 33, 33, 32, 31, 33, 31, 38, 33, 40, 35]",128000000,500000,1224006250,39,0
0,2,0,"[39, 39, 41, 41, 40, 40, 40, 41, 41, 40, 41, 42, 41, 43, 42, 41, 42, 43, 43, 43, 43, 43, 43, 42, 44, 43, 46, 43, 49, 46, 49, 53, 97, 55, 71, 54, 53, 58, 50, 50, 60, 63, 65, 69, 52, 60, 57, 53, 62, 69, 61, 64, 67, 68, 72, 70, 73, 79, 77, 82, 82, 90, 96, 101, 106, 108, 113, 119, 125, 123, 125, 129, 131, 132, 135, 133, 144, 138, 140, 143, 141, 141, 144, 144, 142, 141, 138, 140, 139, 139, 140, 139, 139, 138, 137, 138, 138, 138, 138, 138, 139, 139, 140, 140, 140, 141, 142, 139, 144, 148, 154, 152, 152, 148, 142, 141, 141, 143, 141, 142, 142, 140, 141, 141, 139, 141, 143, 143, 145, 142, 142, 141, 143, 146, 140, 141, 142, 141, 144, 145, 143, 144, 142, 142, 139, 140, 139, 142, 140, 141, 143, 142, 141, 138, 139, 140, 139, 138, 138, 139, 141, 137, 137, 137, 136, 138, 137, 139, 140, 137, 139, 139, 138, 136, 138, 137, 138, 138, 137, 137, 136, 134, 132, 131, 128, 127, 127, 124, 123, 121, 116, 114, 110, 107, 102, 99, 95, 90, 84, 81, 74, 69, 65, 64, 61, 58, 59, 58, 56, 55, 54, 53, 53, 52, 52, 49, 49, 50, 49, 51, 52, 47, 47, 46, 49, 46, 47, 45, 44, 43, 45, 44, 48, 44, 42, 43, 42, 42, 42, 43, 43, 39, 42, 41, 41, 40, 41, 42, 40, 41, 41, 41, 42, 39, 39, 39]",128000000,500000,1583461250,45,0,"[33, 35, 33, 34, 36, 43, 38, 49, 37, 39, 39, 41, 42, 40, 43, 46, 47, 46, 51, 55, 52, 51, 53, 53, 59, 54, 56, 57, 60, 60, 61, 63, 65, 66, 67, 69, 69, 71, 71, 72, 77, 78, 79, 81, 83, 84, 87, 88, 89, 91, 95, 97, 99, 101, 107, 121, 113, 112, 112, 117, 114, 117, 116, 120, 121, 122, 121, 124, 124, 125, 126, 126, 127, 125, 126, 125, 124, 127, 124, 129, 126, 125, 125, 124, 124, 125, 125, 124, 125, 127, 126, 127, 127, 127, 135, 132, 128, 127, 128, 128, 127, 126, 127, 129, 127, 128, 128, 129, 127, 129, 128, 131, 132, 131, 128, 131, 130, 133, 132, 134, 133, 133, 133, 136, 136, 138, 136, 143, 137, 139, 138, 137, 137, 138, 141, 138, 132, 134, 131, 131, 129, 130, 127, 128, 129, 126, 124, 124, 124, 122, 123, 119, 121, 121, 120, 119, 119, 119, 127, 118, 124, 119, 118, 121, 119, 117, 117, 118, 118, 148, 117, 150, 117, 117, 117, 117, 116, 117, 118, 119, 149, 115, 147, 114, 114, 114, 113, 113, 111, 111, 110, 142, 105, 144, 103, 103, 100, 96, 96, 94, 92, 87, 91, 85, 86, 81, 79, 77, 73, 71, 70, 67, 65, 64, 61, 66, 60, 64, 56, 52, 51, 49, 48, 46, 45, 43, 52, 41, 51, 39, 40, 37, 39, 37, 36, 37, 35, 41, 35, 57, 35, 49, 32, 37, 33, 34, 34, 32, 35, 31, 41, 33, 41, 36, 32, 31]",128000000,500000,1224006250,39,0
0,2,0,"[41, 41, 40, 39, 40, 40, 39, 40, 40, 40, 38, 41, 40, 41, 43, 40, 41, 41, 43, 42, 40, 43, 43, 44, 45, 43, 45, 47, 48, 49, 46, 52, 94, 51, 71, 54, 49, 47, 55, 53, 53, 50, 53, 56, 62, 58, 61, 56, 57, 59, 63, 62, 67, 68, 70, 73, 74, 78, 77, 81, 83, 87, 95, 99, 103, 109, 111, 118, 122, 124, 126, 129, 133, 134, 135, 139, 138, 144, 140, 140, 141, 143, 142, 143, 141, 140, 139, 137, 138, 137, 137, 137, 138, 137, 137, 138, 139, 138, 139, 138, 139, 140, 139, 140, 140, 142, 140, 140, 143, 148, 153, 150, 153, 148, 143, 141, 140, 140, 142, 139, 140, 140, 140, 140, 140, 141, 142, 144, 142, 141, 143, 141, 145, 147, 141, 141, 141, 142, 142, 143, 145, 143, 142, 140, 142, 140, 139, 138, 138, 138, 137, 140, 136, 136, 137, 137, 137, 142, 138, 137, 141, 138, 139, 136, 138, 137, 140, 139, 139, 138, 140, 142, 139, 138, 138, 140, 139, 136, 137, 135, 135, 131, 132, 131, 129, 126, 125, 124, 122, 119, 117, 115, 112, 107, 104, 100, 95, 90, 85, 82, 75, 70, 66, 64, 61, 60, 58, 58, 57, 56, 54, 52, 53, 52, 51, 51, 50, 50, 48, 48, 50, 48, 47, 48, 50, 46, 47, 45, 45, 46, 46, 45, 48, 44, 43, 43, 43, 42, 41, 42, 43, 40, 43, 39, 40, 42, 41, 41, 41, 41, 39, 40, 40, 39, 40, 37]",128000000,500000,1583461250,45,0,"[40, 34, 33, 52, 36, 53, 35, 38, 38, 38, 38, 40, 42, 44, 45, 43, 58, 47, 57, 50, 52, 53, 52, 54, 57, 55, 59, 62, 62, 65, 62, 63, 65, 65, 67, 70, 69, 69, 75, 141, 75, 77, 78, 79, 82, 84, 86, 87, 90, 92, 94, 96, 98, 101, 106, 119, 111, 115, 113, 118, 117, 118, 119, 121, 120, 124, 123, 126, 126, 125, 127, 127, 127, 127, 127, 127, 129, 128, 139, 130, 129, 127, 127, 127, 125, 126, 126, 126, 127, 129, 129, 127, 128, 129, 137, 131, 131, 128, 129, 128, 127, 127, 126, 126, 127, 126, 126, 126, 128, 129, 126, 128, 129, 130, 129, 130, 130, 130, 130, 132, 132, 131, 133, 131, 133, 134, 134, 142, 134, 136, 135, 135, 133, 136, 137, 136, 132, 132, 132, 131, 131, 129, 129, 128, 127, 127, 128, 127, 126, 126, 124, 124, 123, 123, 127, 122, 124, 121, 129, 122, 122, 119, 119, 121, 117, 119, 118, 152, 119, 151, 118, 119, 117, 117, 118, 118, 115, 117, 148, 117, 147, 115, 115, 115, 114, 113, 114, 114, 110, 144, 108, 146, 105, 105, 102, 101, 99, 95, 94, 93, 95, 89, 90, 84, 85, 81, 78, 77, 74, 71, 68, 71, 66, 72, 61, 67, 58, 56, 54, 53, 51, 50, 47, 46, 57, 43, 60, 42, 43, 41, 39, 37, 36, 35, 69, 47, 36, 54, 36, 60, 32, 54, 34, 32, 35, 33, 34, 33, 53, 32, 51, 33, 31, 31, 33, 85]",128000000,500000,1224006250,39,0
0,2,0,"[41, 40, 40, 40, 41, 41, 41, 41, 39, 41, 43, 41, 40, 40, 40, 40, 43, 44, 41, 44, 41, 44, 45, 43, 44, 45, 43, 46, 47, 48, 47, 51, 97, 51, 69, 54, 54, 50, 56, 51, 51, 51, 53, 50, 54, 56, 59, 57, 59, 63, 67, 65, 69, 66, 70, 71, 74, 74, 79, 81, 83, 90, 96, 99, 103, 109, 111, 119, 124, 122, 124, 126, 129, 132, 133, 135, 141, 138, 138, 140, 141, 142, 144, 145, 142, 140, 139, 138, 137, 138, 139, 137, 138, 137, 138, 137, 137, 137, 137, 137, 140, 140, 139, 139, 139, 141, 140, 138, 141, 146, 152, 152, 151, 149, 143, 142, 141, 141, 139, 141, 140, 139, 143, 143, 141, 141, 141, 146, 143, 141, 141, 140, 141, 145, 143, 142, 139, 140, 142, 142, 144, 142, 142, 141, 140, 140, 140, 141, 138, 140, 138, 137, 138, 137, 140, 139, 139, 137, 138, 136, 142, 143, 137, 136, 136, 137, 136, 138, 139, 139, 138, 137, 138, 139, 138, 136, 138, 137, 136, 136, 135, 132, 132, 130, 129, 128, 125, 124, 123, 120, 117, 115, 113, 105, 104, 99, 95, 90, 85, 80, 78, 69, 65, 62, 61, 58, 57, 58, 55, 55, 54, 53, 52, 51, 52, 51, 49, 49, 47, 48, 50, 47, 48, 48, 50, 46, 46, 47, 44, 43, 43, 43, 50, 45, 45, 42, 44, 42, 41, 42, 42, 40, 39, 40, 39, 41, 42, 41, 37, 40, 40, 41, 39, 40, 40, 39]",128000000,500000,1583461250,45,0,"[35, 63, 34, 57, 35, 37, 36, 37, 38, 39, 38, 41, 49, 41, 52, 47, 47, 47, 137, 49, 53, 52, 52, 60, 53, 64, 55, 60, 58, 59, 64, 63, 66, 72, 68, 67, 71, 74, 75, 73, 76, 79, 79, 81, 82, 83, 85, 88, 89, 92, 94, 97, 100, 101, 105, 115, 111, 143, 111, 118, 112, 117, 116, 119, 120, 120, 122, 122, 126, 124, 126, 124, 125, 125, 125, 126, 128, 125, 128, 128, 127, 125, 126, 125, 121, 125, 126, 127, 127, 126, 130, 130, 129, 134, 138, 134, 131, 129, 131, 130, 129, 127, 127, 128, 127, 127, 125, 127, 129, 129, 129, 131, 131, 131, 131, 132, 132, 132, 132, 133, 134, 134, 134, 135, 135, 136, 137, 142, 136, 139, 135, 137, 136, 138, 138, 137, 134, 133, 133, 130, 130, 129, 126, 127, 126, 125, 126, 123, 123, 123, 121, 121, 120, 121, 121, 118, 122, 117, 123, 117, 118, 117, 115, 119, 117, 150, 117, 151, 117, 117, 117, 119, 116, 116, 117, 118, 150, 115, 150, 118, 116, 114, 114, 113, 115, 114, 113, 148, 114, 148, 109, 107, 107, 105, 104, 102, 102, 96, 109, 92, 99, 88, 88, 85, 83, 79, 80, 75, 75, 75, 70, 81, 67, 75, 62, 60, 61, 57, 54, 53, 53, 49, 65, 46, 60, 43, 45, 42, 41, 40, 39, 39, 39, 64, 37, 98, 36, 47, 35, 53, 34, 33, 34, 41, 43, 32, 50, 33, 48, 33, 33, 32, 32, 32, 55, 38]",128000000,500000,1224006250,39,0
0,2,0,"[40, 39, 39, 39, 39, 40, 41, 40, 39, 40, 39, 42, 41, 40, 41, 41, 42, 42, 42, 42, 39, 41, 43, 43, 45, 44, 41, 44, 46, 49, 48, 49, 101, 54, 71, 46, 50, 49, 53, 52, 52, 52, 52, 56, 54, 56, 63, 57, 61, 57, 66, 64, 66, 68, 69, 72, 78, 74, 79, 79, 84, 89, 96, 100, 104, 108, 113, 119, 123, 123, 126, 128, 130, 132, 133, 135, 139, 137, 138, 139, 139, 141, 143, 142, 140, 140, 138, 137, 137, 138, 137, 138, 138, 138, 137, 138, 138, 137, 140, 139, 141, 139, 139, 138, 140, 140, 140, 141, 143, 148, 151, 149, 152, 147, 142, 140, 141, 141, 140, 140, 140, 141, 139, 141, 139, 140, 142, 149, 142, 141, 141, 141, 141, 148, 142, 141, 141, 143, 142, 144, 143, 145, 142, 141, 142, 139, 140, 139, 140, 139, 137, 140, 137, 138, 137, 137, 137, 140, 136, 136, 138, 138, 137, 135, 135, 136, 137, 137, 138, 138, 138, 139, 140, 140, 137, 138, 137, 137, 138, 135, 134, 133, 131, 131, 129, 128, 124, 124, 122, 117, 117, 113, 112, 107, 102, 99, 95, 90, 84, 79, 74, 69, 66, 62, 59, 58, 57, 56, 55, 54, 53, 54, 54, 50, 49, 50, 50, 49, 50, 47, 51, 48, 49, 46, 49, 45, 46, 44, 43, 44, 44, 44, 48, 45, 43, 42, 42, 41, 41, 42, 42, 41, 40, 40, 41, 41, 39, 41, 40, 41, 40, 42, 40, 40, 39, 41]",128000000,500000,1583461250,45,0,"[33, 46, 36, 34, 36, 35, 35, 38, 39, 37, 49, 42, 48, 43, 45, 48, 44, 46, 47, 47, 49, 52, 52, 57, 52, 57, 56, 58, 60, 59, 64, 63, 65, 67, 70, 67, 71, 71, 73, 74, 75, 79, 80, 82, 82, 83, 87, 89, 91, 92, 95, 95, 97, 100, 104, 111, 107, 107, 110, 115, 112, 116, 115, 118, 118, 120, 122, 123, 122, 123, 125, 126, 125, 125, 126, 125, 126, 126, 126, 127, 124, 124, 126, 126, 126, 126, 125, 127, 126, 127, 128, 127, 127, 128, 135, 131, 129, 129, 129, 129, 127, 128, 127, 128, 125, 128, 126, 128, 130, 129, 131, 130, 132, 132, 131, 133, 134, 133, 133, 135, 134, 134, 134, 136, 136, 136, 137, 139, 139, 139, 137, 138, 136, 139, 141, 138, 136, 135, 133, 132, 131, 129, 129, 129, 126, 124, 124, 124, 123, 124, 121, 122, 120, 120, 122, 121, 120, 118, 120, 116, 116, 119, 117, 150, 116, 150, 115, 118, 115, 117, 118, 116, 127, 116, 150, 116, 148, 116, 116, 117, 115, 115, 114, 115, 115, 148, 113, 147, 113, 112, 109, 107, 107, 105, 110, 100, 138, 98, 105, 95, 93, 89, 86, 84, 83, 79, 77, 78, 72, 77, 69, 68, 64, 62, 63, 59, 59, 57, 58, 52, 63, 49, 56, 47, 44, 45, 44, 42, 41, 39, 39, 50, 38, 53, 38, 37, 34, 35, 36, 51, 34, 50, 145, 33, 45, 32, 44, 33, 33, 30, 31, 31, 37, 46, 32, 44]",128000000,500000,1224006250,39,0
0,2,0,"[40, 41, 39, 42, 39, 40, 41, 39, 40, 39, 40, 41, 40, 39, 40, 41, 43, 40, 41, 41, 42, 43, 44, 44, 43, 45, 43, 45, 49, 47, 51, 54, 95, 52, 69, 49, 51, 57, 49, 54, 57, 60, 58, 53, 57, 52, 59, 62, 61, 60, 63, 61, 66, 67, 68, 73, 73, 77, 80, 82, 84, 88, 95, 100, 105, 110, 112, 118, 122, 123, 124, 128, 131, 131, 133, 135, 143, 136, 138, 138, 140, 142, 143, 144, 142, 139, 137, 138, 138, 137, 138, 136, 136, 137, 137, 137, 137, 138, 137, 137, 136, 139, 139, 140, 139, 139, 141, 141, 142, 149, 151, 152, 150, 147, 142, 140, 141, 140, 140, 139, 141, 141, 141, 140, 143, 141, 141, 146, 141, 141, 141, 143, 143, 149, 140, 141, 143, 142, 141, 144, 143, 143, 144, 142, 141, 139, 141, 142, 137, 139, 139, 138, 136, 137, 137, 139, 136, 137, 137, 135, 138, 138, 138, 137, 137, 136, 137, 137, 138, 140, 138, 138, 139, 138, 139, 138, 139, 137, 137, 136, 134, 135, 133, 132, 129, 128, 125, 124, 121, 119, 117, 113, 111, 107, 103, 100, 95, 89, 85, 79, 74, 70, 65, 64, 59, 58, 57, 57, 55, 54, 54, 55, 53, 51, 52, 50, 52, 51, 49, 48, 53, 47, 48, 46, 49, 46, 47, 45, 44, 43, 43, 43, 49, 45, 42, 40, 43, 41, 42, 41, 40, 41, 41, 41, 40, 40, 40, 40, 40, 41, 41, 41, 40, 39, 42, 41]",128000000,500000,1583461250,45,0,"[38, 33, 32, 33, 36, 34, 37, 37, 50, 38, 53, 41, 41, 43, 45, 44, 47, 51, 47, 54, 52, 57, 51, 55, 53, 62, 58, 58, 60, 62, 65, 117, 67, 66, 69, 70, 68, 71, 73, 73, 76, 78, 81, 83, 82, 84, 84, 89, 91, 91, 94, 95, 98, 103, 103, 133, 117, 115, 111, 117, 115, 116, 117, 118, 120, 120, 121, 121, 124, 123, 142, 124, 125, 126, 126, 127, 125, 125, 124, 129, 124, 127, 127, 125, 126, 125, 125, 127, 124, 126, 128, 126, 127, 131, 134, 129, 128, 127, 126, 127, 126, 126, 124, 126, 126, 127, 126, 125, 127, 128, 128, 128, 131, 129, 131, 129, 130, 132, 131, 132, 132, 132, 133, 133, 134, 135, 135, 149, 136, 137, 136, 138, 138, 140, 142, 139, 136, 133, 136, 133, 133, 132, 130, 130, 127, 125, 126, 125, 123, 123, 123, 122, 121, 119, 119, 120, 118, 117, 122, 124, 118, 141, 115, 150, 116, 115, 116, 117, 117, 116, 118, 122, 152, 117, 119, 115, 117, 115, 115, 116, 115, 125, 116, 151, 114, 146, 112, 111, 110, 110, 109, 108, 105, 104, 142, 102, 105, 98, 95, 93, 91, 90, 86, 87, 83, 85, 78, 82, 74, 76, 68, 68, 66, 64, 61, 59, 63, 56, 62, 53, 62, 49, 49, 46, 46, 44, 63, 43, 41, 56, 39, 57, 36, 39, 35, 35, 35, 36, 35, 52, 47, 33, 51, 33, 45, 33, 34, 32, 34, 31, 31, 42, 32, 51, 74, 47]",128000000,500000,1224006250,39,0
0,2,0,"[38, 39, 40, 40, 40, 39, 39, 41, 39, 41, 40, 42, 40, 41, 42, 40, 39, 41, 42, 43, 42, 43, 42, 44, 43, 45, 46, 46, 47, 49, 51, 54, 97, 53, 71, 57, 54, 63, 50, 50, 53, 57, 66, 59, 55, 60, 57, 57, 59, 66, 63, 64, 63, 68, 72, 70, 72, 77, 77, 81, 84, 89, 95, 100, 104, 108, 111, 118, 124, 122, 126, 129, 130, 132, 134, 136, 139, 138, 139, 139, 141, 143, 143, 141, 142, 140, 138, 138, 136, 137, 137, 138, 136, 136, 137, 137, 137, 137, 138, 137, 139, 139, 139, 139, 138, 138, 140, 141, 142, 148, 150, 150, 150, 149, 143, 141, 143, 141, 141, 141, 140, 142, 139, 141, 142, 140, 142, 147, 142, 141, 142, 143, 142, 147, 142, 142, 141, 142, 141, 143, 144, 144, 143, 141, 139, 139, 140, 140, 141, 137, 137, 137, 138, 147, 139, 138, 138, 137, 137, 137, 142, 138, 136, 137, 135, 138, 139, 138, 138, 138, 140, 138, 138, 138, 138, 138, 138, 137, 134, 135, 135, 134, 133, 130, 129, 128, 126, 124, 122, 119, 117, 114, 111, 108, 104, 99, 95, 89, 83, 80, 74, 70, 65, 63, 59, 59, 58, 57, 57, 57, 54, 53, 52, 51, 52, 51, 49, 49, 48, 48, 51, 47, 47, 45, 50, 45, 48, 43, 46, 43, 43, 43, 48, 45, 43, 44, 41, 41, 43, 40, 42, 41, 40, 42, 40, 40, 39, 40, 40, 39, 42, 40, 39, 39, 39, 40]",128000000,500000,1583461250,45,0,"[33, 33, 34, 35, 36, 35, 37, 37, 41, 39, 101, 39, 40, 42, 42, 43, 51, 46, 45, 49, 49, 52, 50, 53, 56, 53, 55, 56, 57, 58, 63, 66, 64, 68, 65, 67, 70, 71, 72, 73, 76, 79, 79, 81, 82, 85, 88, 87, 90, 119, 93, 97, 98, 101, 105, 123, 109, 110, 110, 119, 112, 117, 117, 119, 120, 119, 120, 122, 123, 124, 126, 126, 126, 124, 125, 125, 126, 125, 125, 127, 126, 125, 126, 126, 126, 127, 125, 125, 155, 127, 127, 128, 128, 129, 135, 130, 129, 128, 130, 128, 128, 127, 128, 128, 129, 129, 128, 128, 130, 129, 131, 130, 131, 131, 131, 133, 131, 132, 131, 132, 132, 132, 133, 134, 134, 136, 133, 154, 136, 136, 136, 136, 138, 135, 137, 136, 134, 133, 132, 130, 129, 129, 126, 127, 126, 124, 123, 123, 122, 121, 123, 121, 120, 121, 118, 117, 119, 117, 122, 122, 116, 118, 116, 119, 117, 115, 117, 118, 120, 121, 134, 117, 138, 116, 115, 117, 117, 117, 115, 118, 116, 146, 116, 115, 115, 115, 115, 112, 112, 111, 112, 108, 119, 105, 113, 101, 100, 97, 97, 92, 90, 88, 87, 87, 82, 82, 77, 76, 74, 73, 71, 67, 66, 64, 62, 59, 58, 56, 56, 51, 50, 50, 48, 48, 45, 45, 43, 93, 40, 44, 40, 38, 37, 37, 37, 35, 35, 35, 37, 51, 36, 34, 34, 61, 32, 31, 31, 32, 32, 35, 32, 36, 34, 34, 33, 40]",128000000,500000,1224006250,39,0
0,2,0,"[39, 39, 40, 40, 40, 41, 40, 42, 40, 41, 40, 41, 41, 40, 41, 41, 41, 43, 42, 43, 42, 43, 42, 43, 45, 45, 45, 45, 47, 46, 48, 53, 97, 58, 70, 51, 50, 52, 60, 52, 57, 51, 54, 56, 66, 53, 56, 56, 60, 61, 65, 71, 65, 68, 68, 72, 73, 75, 78, 84, 84, 87, 94, 98, 103, 108, 112, 117, 121, 124, 124, 127, 130, 132, 134, 136, 138, 140, 140, 140, 141, 143, 144, 144, 143, 139, 137, 138, 137, 138, 137, 137, 138, 139, 136, 136, 138, 137, 138, 138, 139, 139, 139, 139, 139, 140, 139, 139, 141, 148, 153, 154, 151, 150, 143, 141, 141, 142, 142, 140, 142, 142, 138, 142, 140, 142, 141, 151, 142, 142, 141, 142, 142, 148, 140, 141, 142, 140, 143, 142, 143, 143, 142, 142, 141, 141, 140, 139, 139, 143, 138, 138, 138, 139, 138, 136, 143, 135, 139, 137, 139, 137, 137, 137, 137, 136, 136, 138, 138, 139, 139, 139, 139, 139, 138, 138, 138, 137, 137, 135, 135, 134, 133, 132, 131, 127, 125, 123, 122, 119, 117, 114, 112, 107, 102, 99, 95, 89, 84, 79, 75, 70, 66, 63, 61, 58, 57, 57, 54, 55, 55, 54, 52, 53, 51, 51, 50, 49, 49, 49, 52, 46, 47, 47, 49, 46, 48, 45, 44, 44, 44, 42, 50, 45, 43, 41, 43, 41, 40, 42, 40, 41, 41, 41, 40, 39, 39, 41, 41, 41, 39, 40, 38, 40, 39, 39]",128000000,500000,1583461250,45,0,"[33, 34, 38, 36, 43, 36, 45, 37, 39, 38, 38, 40, 43, 41, 43, 48, 44, 51, 48, 47, 48, 48, 49, 50, 56, 52, 57, 54, 59, 58, 61, 60, 65, 63, 68, 67, 67, 69, 74, 76, 76, 79, 82, 83, 84, 84, 87, 91, 91, 93, 94, 97, 99, 100, 106, 116, 116, 110, 112, 115, 114, 115, 119, 119, 119, 120, 120, 122, 123, 124, 123, 125, 125, 126, 125, 125, 126, 125, 123, 128, 125, 126, 126, 126, 127, 125, 127, 125, 127, 129, 128, 127, 128, 131, 134, 134, 129, 129, 128, 128, 131, 128, 129, 128, 128, 129, 129, 128, 131, 129, 131, 130, 129, 130, 131, 131, 130, 132, 131, 131, 133, 133, 133, 132, 134, 133, 134, 144, 133, 135, 136, 135, 133, 133, 138, 134, 132, 130, 130, 129, 128, 127, 125, 125, 123, 122, 123, 122, 121, 120, 120, 121, 119, 118, 119, 120, 119, 119, 122, 118, 117, 115, 118, 120, 117, 117, 148, 119, 148, 118, 121, 118, 117, 118, 118, 118, 118, 123, 117, 147, 117, 117, 116, 118, 116, 115, 117, 114, 146, 111, 145, 109, 109, 106, 105, 101, 100, 97, 96, 93, 92, 92, 86, 88, 81, 80, 77, 76, 75, 72, 69, 67, 71, 65, 66, 60, 61, 56, 55, 53, 50, 49, 48, 48, 45, 58, 43, 51, 40, 40, 39, 39, 37, 38, 40, 36, 46, 34, 46, 53, 36, 48, 34, 32, 38, 32, 32, 37, 31, 47, 32, 38, 32, 33, 54, 34]",128000000,500000,1224006250,39,0
0,2,0,"[39, 38, 41, 40, 40, 40, 39, 40, 39, 41, 41, 38, 40, 41, 41, 42, 41, 41, 42, 41, 43, 41, 44, 44, 44, 46, 45, 45, 48, 46, 47, 58, 96, 57, 68, 54, 49, 58, 48, 51, 62, 54, 56, 52, 59, 57, 64, 55, 62, 62, 66, 69, 67, 69, 70, 70, 75, 74, 77, 81, 83, 87, 95, 100, 103, 108, 111, 117, 123, 122, 127, 128, 130, 132, 134, 136, 147, 139, 137, 140, 142, 142, 144, 143, 143, 139, 139, 139, 136, 137, 136, 138, 137, 137, 137, 138, 138, 138, 139, 139, 137, 138, 138, 138, 140, 139, 140, 139, 143, 147, 151, 152, 151, 148, 143, 140, 141, 141, 141, 141, 140, 143, 141, 141, 142, 141, 141, 148, 144, 143, 140, 142, 142, 145, 142, 142, 142, 142, 143, 142, 141, 142, 141, 141, 139, 138, 140, 139, 141, 138, 137, 137, 136, 138, 138, 138, 138, 138, 137, 139, 142, 137, 138, 136, 139, 138, 138, 139, 141, 139, 139, 140, 139, 140, 139, 142, 139, 135, 135, 134, 134, 133, 134, 131, 130, 127, 125, 126, 121, 119, 117, 114, 111, 107, 103, 100, 96, 90, 84, 81, 75, 70, 65, 61, 60, 59, 59, 58, 55, 55, 54, 53, 54, 53, 52, 51, 51, 49, 49, 50, 51, 47, 47, 45, 51, 44, 47, 44, 44, 43, 43, 44, 49, 45, 42, 42, 44, 42, 41, 41, 42, 41, 42, 40, 40, 41, 41, 41, 40, 40, 39, 41, 40, 42, 40, 40]",128000000,500000,1583461250,45,0,"[44, 37, 51, 35, 43, 35, 38, 39, 38, 40, 38, 39, 43, 45, 41, 59, 45, 44, 46, 46, 47, 50, 57, 139, 55, 56, 57, 56, 61, 58, 59, 63, 63, 62, 67, 67, 69, 74, 71, 75, 76, 77, 79, 81, 83, 85, 87, 89, 91, 93, 94, 98, 100, 101, 103, 111, 110, 109, 112, 115, 114, 114, 134, 118, 118, 121, 121, 122, 122, 125, 124, 123, 126, 125, 127, 125, 125, 125, 125, 125, 124, 125, 125, 124, 126, 126, 123, 126, 126, 126, 127, 125, 125, 129, 133, 129, 127, 129, 129, 127, 127, 126, 127, 127, 129, 127, 128, 126, 128, 127, 130, 129, 131, 130, 130, 129, 131, 132, 132, 132, 134, 133, 134, 134, 134, 134, 135, 140, 135, 133, 134, 134, 133, 135, 134, 133, 131, 129, 130, 128, 126, 128, 127, 127, 124, 126, 121, 125, 123, 121, 122, 121, 122, 120, 122, 121, 118, 121, 125, 119, 118, 119, 118, 119, 124, 115, 150, 118, 118, 119, 118, 116, 118, 117, 117, 150, 117, 148, 118, 118, 116, 116, 114, 115, 116, 115, 116, 113, 148, 110, 113, 107, 106, 104, 104, 102, 99, 127, 94, 99, 91, 91, 87, 85, 82, 79, 79, 76, 74, 71, 77, 68, 76, 65, 66, 58, 59, 56, 79, 52, 52, 51, 47, 54, 45, 51, 45, 41, 40, 40, 39, 39, 41, 38, 62, 36, 53, 44, 33, 52, 46, 31, 33, 46, 31, 38, 36, 39, 31, 41, 31, 32, 33, 42, 58, 36]",128000000,500000,1224006250,39,0
0,2,0,"[40, 40, 40, 40, 38, 39, 41, 41, 41, 41, 41, 40, 42, 42, 40, 40, 42, 40, 41, 43, 42, 43, 42, 44, 46, 44, 44, 45, 50, 45, 48, 51, 98, 52, 69, 52, 50, 48, 52, 56, 56, 58, 60, 52, 51, 60, 60, 55, 61, 59, 63, 65, 66, 68, 69, 71, 73, 74, 80, 80, 85, 90, 96, 99, 104, 108, 111, 120, 123, 121, 125, 128, 130, 132, 134, 134, 139, 139, 139, 140, 140, 143, 145, 143, 141, 139, 139, 139, 140, 138, 137, 137, 137, 137, 137, 136, 138, 137, 139, 140, 140, 141, 138, 140, 139, 141, 141, 140, 143, 148, 152, 152, 152, 148, 143, 142, 142, 143, 140, 141, 141, 140, 141, 141, 143, 141, 143, 150, 142, 141, 140, 141, 141, 145, 142, 140, 141, 143, 142, 143, 141, 142, 142, 141, 140, 141, 137, 140, 137, 138, 138, 138, 138, 136, 137, 137, 138, 138, 139, 138, 141, 138, 140, 140, 140, 139, 140, 139, 139, 139, 139, 139, 139, 139, 140, 137, 139, 138, 136, 134, 134, 133, 129, 129, 130, 126, 125, 123, 123, 117, 117, 115, 111, 108, 105, 100, 96, 90, 85, 80, 74, 71, 65, 62, 59, 59, 58, 56, 58, 55, 54, 54, 54, 51, 49, 51, 51, 49, 50, 48, 52, 46, 46, 47, 50, 47, 46, 44, 44, 44, 44, 45, 50, 46, 42, 44, 42, 41, 41, 43, 43, 40, 41, 42, 40, 41, 40, 41, 39, 40, 39, 40, 40, 40, 40, 38]",128000000,500000,1583461250,45,0,"[40, 32, 93, 34, 35, 35, 36, 38, 36, 39, 40, 44, 42, 47, 43, 44, 45, 46, 48, 50, 49, 51, 53, 53, 53, 54, 56, 58, 58, 60, 62, 62, 65, 65, 66, 72, 70, 68, 72, 72, 75, 139, 78, 80, 82, 83, 86, 86, 90, 93, 94, 96, 99, 101, 104, 115, 110, 109, 111, 116, 114, 118, 117, 119, 121, 120, 121, 121, 124, 123, 126, 126, 126, 125, 126, 127, 126, 127, 126, 127, 141, 125, 125, 126, 126, 126, 124, 126, 125, 126, 127, 126, 126, 129, 130, 127, 126, 126, 126, 125, 125, 126, 127, 127, 127, 127, 127, 126, 126, 128, 128, 128, 130, 130, 130, 129, 132, 131, 130, 132, 132, 134, 134, 134, 133, 135, 134, 148, 135, 134, 136, 135, 135, 136, 137, 136, 133, 132, 131, 132, 129, 129, 128, 128, 127, 127, 124, 124, 124, 123, 123, 122, 123, 123, 122, 121, 120, 120, 126, 119, 119, 118, 149, 119, 149, 117, 119, 117, 118, 118, 118, 115, 117, 143, 118, 141, 117, 117, 115, 116, 112, 115, 116, 114, 145, 114, 143, 112, 115, 110, 110, 108, 107, 103, 104, 120, 99, 108, 94, 96, 91, 89, 86, 84, 83, 81, 79, 75, 76, 71, 75, 67, 66, 64, 62, 60, 56, 55, 55, 82, 51, 54, 48, 52, 44, 45, 43, 43, 42, 40, 39, 36, 48, 37, 38, 37, 34, 34, 34, 51, 34, 44, 33, 36, 32, 41, 30, 38, 32, 32, 31, 31, 33, 36, 35, 32]",128000000,500000,1224006250,39,0
0,2,0,"[40, 41, 40, 39, 40, 40, 41, 38, 40, 40, 40, 41, 41, 41, 40, 41, 42, 42, 42, 42, 42, 42, 43, 43, 44, 43, 43, 44, 48, 48, 50, 52, 99, 55, 71, 51, 55, 53, 54, 51, 53, 52, 53, 55, 66, 57, 57, 57, 61, 58, 64, 64, 66, 68, 69, 71, 73, 77, 77, 81, 85, 88, 96, 102, 105, 108, 111, 118, 123, 123, 128, 128, 130, 133, 135, 137, 147, 141, 141, 139, 142, 142, 145, 143, 142, 140, 137, 137, 138, 137, 136, 136, 136, 137, 136, 137, 138, 138, 138, 136, 137, 137, 139, 138, 141, 141, 139, 139, 143, 150, 150, 154, 150, 147, 143, 142, 145, 142, 142, 142, 142, 141, 143, 142, 141, 143, 142, 145, 145, 141, 142, 142, 140, 146, 142, 143, 141, 140, 141, 142, 142, 141, 141, 142, 138, 138, 139, 138, 141, 139, 137, 135, 138, 136, 137, 138, 138, 137, 137, 135, 140, 137, 137, 139, 138, 137, 137, 139, 142, 140, 141, 143, 140, 141, 141, 140, 139, 138, 137, 137, 136, 132, 133, 129, 127, 125, 123, 123, 119, 119, 115, 112, 111, 104, 103, 100, 95, 90, 86, 80, 74, 70, 65, 62, 61, 58, 59, 58, 56, 55, 54, 53, 54, 51, 50, 51, 52, 48, 49, 49, 50, 48, 46, 48, 49, 46, 47, 44, 45, 43, 43, 43, 48, 47, 43, 43, 42, 41, 41, 42, 42, 42, 41, 41, 40, 43, 41, 40, 40, 40, 39, 42, 41, 40, 41, 41]",128000000,500000,1583461250,45,0,"[45, 43, 43, 42, 43, 47, 46, 51, 49, 60, 50, 59, 52, 52, 54, 57, 58, 59, 59, 59, 67, 63, 67, 65, 65, 67, 69, 70, 71, 73, 72, 78, 76, 79, 79, 82, 80, 82, 84, 86, 86, 91, 91, 91, 94, 93, 96, 98, 98, 104, 103, 106, 108, 112, 114, 122, 117, 118, 119, 127, 123, 126, 125, 127, 130, 131, 132, 133, 135, 136, 136, 137, 138, 138, 140, 139, 141, 141, 141, 143, 141, 142, 141, 141, 143, 142, 142, 143, 142, 144, 142, 142, 141, 143, 146, 143, 141, 138, 140, 138, 138, 137, 137, 134, 136, 136, 137, 136, 135, 137, 137, 136, 136, 138, 138, 138, 138, 140, 139, 141, 141, 140, 141, 139, 143, 141, 143, 150, 142, 144, 142, 144, 144, 145, 148, 146, 143, 144, 141, 143, 143, 139, 141, 141, 142, 141, 138, 138, 137, 139, 139, 137, 137, 137, 138, 137, 135, 134, 139, 133, 140, 133, 153, 135, 130, 133, 130, 130, 131, 130, 129, 151, 130, 150, 128, 127, 125, 126, 125, 128, 129, 127, 148, 126, 149, 125, 124, 123, 122, 122, 119, 118, 117, 144, 113, 139, 107, 108, 105, 103, 103, 98, 96, 96, 95, 91, 92, 86, 89, 83, 83, 80, 78, 75, 73, 71, 71, 73, 67, 70, 61, 64, 61, 58, 55, 54, 55, 52, 55, 50, 64, 49, 60, 47, 45, 44, 45, 44, 46, 65, 44, 60, 44, 58, 49, 46, 42, 41, 40, 42, 42, 41, 51, 41, 59, 68]",128000000,500000,1224006250,39,0
0,2,0,"[41, 40, 40, 42, 40, 39, 40, 40, 40, 40, 40, 41, 39, 42, 42, 40, 41, 42, 42, 42, 43, 43, 43, 43, 44, 43, 44, 46, 49, 48, 50, 53, 103, 61, 70, 52, 51, 51, 54, 52, 49, 65, 63, 52, 56, 55, 54, 63, 58, 61, 63, 69, 66, 69, 69, 72, 74, 75, 77, 80, 84, 88, 97, 99, 104, 108, 112, 119, 123, 123, 126, 128, 130, 133, 136, 136, 139, 139, 142, 139, 142, 144, 144, 144, 140, 139, 140, 138, 139, 137, 137, 136, 138, 137, 137, 136, 137, 139, 137, 137, 139, 139, 142, 140, 140, 141, 143, 139, 142, 148, 149, 150, 150, 149, 142, 140, 141, 141, 142, 141, 145, 143, 145, 142, 142, 144, 143, 147, 146, 142, 143, 141, 141, 149, 143, 143, 141, 141, 143, 142, 144, 145, 143, 143, 141, 141, 141, 142, 139, 140, 137, 138, 139, 137, 140, 136, 137, 137, 136, 140, 142, 138, 138, 137, 136, 137, 137, 138, 138, 139, 138, 139, 139, 138, 139, 139, 139, 138, 137, 136, 138, 135, 134, 131, 130, 126, 126, 123, 121, 120, 116, 113, 110, 106, 103, 99, 93, 90, 84, 79, 75, 69, 64, 64, 59, 59, 59, 55, 55, 55, 55, 53, 52, 53, 49, 50, 50, 48, 49, 49, 52, 47, 47, 46, 50, 46, 47, 45, 44, 44, 43, 42, 48, 44, 43, 42, 40, 42, 42, 43, 41, 42, 42, 41, 41, 42, 39, 39, 39, 40, 41, 40, 41, 40, 39, 41]",128000000,500000,1583461250,45,0,"[43, 44, 46, 43, 45, 51, 46, 73, 47, 67, 49, 50, 52, 54, 53, 111, 56, 59, 70, 58, 71, 61, 59, 66, 61, 63, 68, 66, 71, 73, 69, 80, 76, 78, 76, 79, 82, 83, 84, 87, 89, 90, 95, 97, 96, 96, 99, 100, 103, 105, 107, 107, 110, 112, 153, 122, 123, 121, 123, 129, 124, 131, 128, 130, 129, 131, 132, 133, 135, 135, 136, 136, 137, 136, 138, 136, 136, 136, 138, 139, 138, 138, 139, 139, 137, 139, 139, 138, 137, 142, 139, 140, 142, 151, 153, 141, 141, 141, 141, 137, 139, 138, 139, 140, 140, 138, 139, 141, 141, 140, 140, 143, 141, 142, 141, 141, 143, 144, 142, 145, 143, 144, 146, 144, 145, 143, 146, 146, 145, 147, 148, 147, 144, 146, 147, 146, 141, 143, 142, 141, 140, 139, 138, 138, 136, 132, 133, 132, 134, 132, 134, 133, 131, 131, 133, 131, 131, 130, 134, 131, 136, 129, 129, 132, 129, 128, 129, 128, 128, 152, 128, 150, 127, 128, 127, 131, 130, 129, 130, 129, 153, 129, 154, 128, 127, 126, 126, 125, 124, 125, 121, 149, 119, 144, 115, 115, 113, 109, 108, 106, 104, 99, 100, 96, 98, 92, 95, 88, 85, 82, 89, 78, 77, 75, 72, 77, 69, 77, 64, 68, 63, 61, 59, 55, 55, 54, 69, 53, 74, 50, 70, 49, 48, 46, 47, 45, 45, 47, 51, 73, 44, 72, 43, 41, 56, 54, 41, 41, 42, 46, 65, 42, 68, 42, 57, 58]",128000000,500000,1224006250,42,0
0,2,0,"[40, 39, 41, 39, 40, 40, 40, 42, 41, 39, 41, 42, 42, 42, 43, 43, 41, 41, 41, 41, 42, 43, 45, 43, 43, 43, 46, 45, 48, 47, 47, 52, 101, 55, 69, 49, 49, 60, 56, 51, 55, 56, 54, 54, 58, 52, 60, 55, 56, 61, 64, 64, 67, 66, 70, 70, 73, 75, 76, 80, 84, 89, 93, 100, 104, 107, 111, 117, 121, 123, 124, 128, 131, 133, 134, 136, 142, 145, 140, 140, 141, 142, 143, 143, 143, 140, 138, 139, 139, 138, 136, 136, 138, 138, 136, 138, 137, 138, 140, 139, 140, 140, 138, 139, 140, 141, 139, 141, 144, 148, 152, 152, 151, 148, 143, 141, 142, 142, 141, 141, 142, 141, 141, 141, 141, 142, 142, 152, 143, 142, 143, 143, 143, 147, 143, 144, 141, 142, 143, 145, 144, 143, 141, 143, 140, 138, 140, 138, 139, 139, 140, 144, 137, 139, 137, 139, 139, 138, 139, 137, 141, 137, 138, 136, 138, 138, 137, 138, 137, 138, 139, 139, 139, 138, 139, 138, 137, 137, 136, 137, 134, 132, 132, 131, 128, 127, 125, 122, 121, 120, 117, 113, 110, 109, 105, 101, 95, 90, 85, 79, 75, 68, 65, 61, 61, 59, 58, 57, 55, 54, 54, 54, 53, 51, 51, 50, 50, 49, 49, 47, 50, 48, 48, 46, 47, 44, 46, 45, 46, 46, 42, 44, 49, 45, 41, 43, 42, 41, 43, 42, 38, 40, 40, 42, 41, 41, 41, 39, 41, 42, 41, 39, 40, 41, 40, 39]",128000000,500000,1583461250,45,0,"[33, 35, 34, 44, 34, 46, 37, 44, 36, 39, 38, 39, 43, 42, 46, 46, 58, 46, 53, 47, 53, 52, 51, 53, 53, 54, 56, 57, 60, 63, 65, 63, 67, 138, 65, 69, 70, 72, 71, 77, 76, 78, 80, 81, 82, 86, 87, 89, 90, 93, 94, 96, 98, 102, 102, 110, 109, 111, 111, 116, 115, 119, 116, 121, 120, 121, 122, 122, 125, 125, 126, 129, 141, 125, 126, 126, 127, 127, 125, 128, 127, 127, 127, 125, 126, 126, 124, 128, 128, 128, 130, 127, 128, 131, 135, 130, 130, 130, 129, 126, 127, 129, 128, 127, 126, 126, 127, 128, 128, 128, 129, 128, 128, 130, 132, 131, 131, 132, 130, 134, 132, 132, 133, 134, 136, 137, 136, 140, 136, 138, 135, 137, 136, 137, 139, 137, 135, 133, 132, 130, 130, 131, 129, 126, 125, 125, 123, 125, 123, 122, 121, 120, 122, 121, 121, 118, 122, 118, 126, 117, 118, 117, 118, 118, 116, 118, 118, 150, 116, 151, 118, 116, 115, 116, 118, 118, 115, 116, 149, 118, 149, 116, 115, 113, 114, 113, 115, 114, 114, 146, 109, 144, 106, 107, 102, 101, 99, 98, 96, 92, 92, 88, 92, 85, 90, 80, 78, 76, 73, 71, 70, 83, 66, 70, 62, 69, 57, 59, 55, 52, 53, 48, 49, 45, 50, 43, 64, 42, 52, 40, 39, 38, 37, 37, 37, 40, 34, 52, 35, 58, 32, 33, 34, 32, 41, 33, 32, 33, 57, 32, 91, 33, 41, 33, 62, 33]",128000000,500000,1224006250,42,0
0,2,0,"[39, 39, 40, 41, 43, 41, 40, 39, 42, 40, 42, 41, 41, 39, 41, 42, 41, 42, 41, 43, 42, 42, 45, 44, 43, 44, 45, 44, 49, 50, 47, 51, 97, 56, 69, 52, 49, 53, 52, 52, 54, 53, 51, 54, 66, 55, 61, 58, 58, 61, 62, 63, 65, 67, 69, 72, 75, 74, 77, 81, 83, 88, 94, 98, 104, 110, 113, 117, 122, 125, 126, 128, 131, 133, 134, 135, 144, 138, 138, 139, 140, 143, 142, 142, 141, 138, 137, 137, 137, 137, 138, 135, 137, 137, 137, 139, 137, 139, 139, 139, 139, 137, 139, 140, 141, 141, 141, 141, 145, 149, 151, 152, 151, 147, 142, 144, 142, 144, 141, 143, 142, 142, 142, 142, 142, 143, 143, 151, 143, 143, 143, 143, 144, 146, 142, 141, 142, 143, 142, 143, 144, 142, 141, 142, 141, 140, 142, 142, 142, 142, 139, 140, 138, 139, 141, 141, 138, 138, 138, 138, 143, 138, 137, 138, 138, 138, 139, 141, 140, 140, 139, 141, 141, 140, 138, 139, 139, 137, 139, 136, 135, 133, 131, 129, 129, 127, 126, 123, 122, 117, 114, 114, 110, 108, 103, 98, 94, 89, 86, 81, 74, 69, 65, 63, 60, 58, 58, 57, 55, 55, 55, 54, 51, 52, 51, 52, 50, 48, 49, 49, 52, 48, 49, 47, 48, 46, 49, 45, 43, 44, 44, 44, 49, 45, 41, 41, 41, 43, 41, 42, 40, 42, 42, 42, 40, 41, 40, 41, 41, 42, 40, 40, 40, 40, 41, 40]",128000000,500000,1583461250,45,0,"[37, 41, 33, 40, 33, 41, 35, 37, 39, 37, 38, 41, 42, 42, 51, 43, 47, 49, 52, 48, 48, 50, 50, 53, 60, 57, 58, 58, 56, 60, 63, 64, 63, 63, 69, 67, 68, 69, 72, 73, 76, 77, 78, 80, 82, 82, 85, 87, 89, 91, 92, 94, 98, 100, 104, 110, 109, 123, 112, 116, 114, 116, 119, 118, 120, 122, 122, 124, 123, 125, 125, 127, 128, 127, 127, 126, 126, 126, 127, 130, 128, 128, 126, 127, 126, 126, 128, 127, 127, 130, 130, 129, 127, 131, 136, 131, 127, 126, 130, 128, 127, 126, 124, 126, 125, 126, 126, 125, 126, 127, 126, 127, 127, 128, 129, 129, 130, 131, 130, 131, 133, 133, 133, 136, 134, 136, 136, 151, 137, 137, 138, 137, 138, 139, 140, 138, 135, 133, 133, 132, 132, 129, 129, 128, 128, 128, 125, 124, 126, 122, 123, 121, 122, 122, 122, 121, 123, 119, 126, 119, 119, 118, 119, 124, 124, 146, 119, 147, 119, 120, 121, 118, 117, 118, 120, 117, 145, 115, 148, 117, 117, 117, 115, 115, 115, 114, 113, 145, 110, 144, 108, 110, 106, 103, 101, 99, 99, 95, 100, 90, 93, 87, 89, 84, 81, 80, 78, 76, 73, 71, 70, 71, 65, 67, 62, 62, 57, 56, 55, 53, 51, 49, 52, 47, 54, 43, 44, 42, 41, 41, 40, 38, 39, 42, 36, 43, 39, 44, 40, 54, 35, 33, 33, 32, 35, 32, 44, 34, 36, 32, 37, 31, 32, 40, 33, 32]",128000000,500000,1224006250,39,0
0,2,0,"[40, 41, 40, 41, 41, 39, 41, 42, 39, 41, 41, 41, 40, 41, 41, 41, 42, 42, 42, 42, 42, 43, 44, 42, 43, 44, 47, 44, 47, 46, 47, 53, 97, 54, 69, 49, 55, 51, 58, 52, 56, 52, 60, 60, 61, 61, 61, 60, 61, 58, 62, 64, 68, 76, 70, 71, 73, 73, 78, 80, 83, 88, 95, 102, 105, 108, 111, 117, 123, 122, 126, 128, 130, 133, 134, 136, 140, 137, 138, 142, 143, 144, 145, 144, 143, 139, 137, 137, 136, 138, 136, 137, 136, 135, 136, 135, 138, 136, 137, 136, 137, 138, 138, 137, 139, 141, 139, 140, 143, 148, 151, 152, 153, 150, 145, 140, 142, 142, 142, 143, 141, 142, 143, 143, 142, 141, 143, 152, 143, 141, 143, 141, 141, 145, 142, 141, 140, 141, 144, 142, 144, 142, 141, 141, 142, 139, 139, 139, 138, 139, 137, 135, 136, 137, 137, 136, 137, 139, 137, 137, 141, 137, 138, 137, 137, 137, 139, 137, 139, 140, 139, 139, 138, 138, 140, 139, 138, 138, 139, 134, 136, 134, 133, 130, 128, 127, 125, 123, 120, 119, 115, 112, 109, 106, 102, 99, 94, 91, 84, 80, 74, 69, 64, 63, 61, 58, 57, 55, 55, 54, 54, 55, 53, 52, 51, 52, 49, 50, 49, 48, 51, 49, 47, 46, 50, 47, 47, 44, 43, 45, 43, 43, 48, 45, 42, 43, 42, 41, 42, 42, 39, 41, 40, 40, 39, 39, 41, 41, 39, 41, 40, 39, 40, 41, 41, 41]",128000000,500000,1583461250,45,0,"[34, 36, 35, 36, 35, 35, 35, 109, 38, 36, 40, 40, 45, 43, 44, 43, 47, 46, 47, 49, 56, 50, 51, 52, 56, 54, 56, 56, 60, 61, 58, 62, 64, 66, 67, 65, 68, 68, 72, 69, 75, 76, 77, 80, 81, 82, 135, 85, 86, 89, 94, 94, 98, 99, 102, 112, 107, 117, 110, 118, 115, 116, 119, 122, 122, 123, 122, 123, 127, 129, 127, 129, 129, 130, 130, 129, 131, 130, 130, 132, 129, 129, 129, 128, 128, 147, 127, 128, 127, 127, 128, 126, 129, 126, 130, 126, 126, 123, 125, 125, 125, 126, 124, 127, 126, 124, 125, 126, 125, 125, 126, 128, 129, 128, 128, 129, 132, 131, 129, 130, 129, 131, 131, 131, 130, 132, 131, 146, 134, 134, 131, 133, 131, 134, 134, 135, 133, 131, 130, 129, 130, 130, 128, 128, 128, 125, 128, 126, 127, 126, 125, 125, 124, 124, 125, 123, 122, 122, 126, 121, 121, 122, 118, 146, 120, 147, 119, 118, 119, 119, 121, 117, 117, 118, 142, 117, 139, 117, 117, 117, 116, 116, 113, 115, 114, 136, 111, 132, 110, 109, 108, 104, 104, 102, 98, 99, 111, 93, 95, 91, 88, 87, 87, 82, 79, 78, 79, 76, 71, 71, 69, 68, 66, 63, 61, 60, 58, 56, 55, 53, 53, 49, 51, 47, 49, 45, 44, 41, 41, 39, 39, 40, 40, 44, 35, 38, 35, 35, 34, 53, 35, 33, 32, 48, 35, 39, 36, 33, 33, 32, 31, 34, 36, 31, 31, 37]",128000000,500000,1224006250,39,0
0,2,0,"[40, 40, 40, 40, 39, 39, 40, 40, 40, 40, 41, 41, 40, 41, 41, 41, 41, 41, 41, 42, 40, 41, 43, 45, 44, 43, 47, 45, 48, 47, 46, 56, 94, 54, 70, 50, 57, 49, 54, 51, 64, 58, 52, 54, 64, 55, 59, 66, 61, 59, 64, 63, 69, 67, 70, 71, 72, 75, 77, 84, 86, 87, 95, 101, 103, 109, 111, 117, 123, 122, 126, 128, 131, 131, 133, 135, 138, 138, 141, 142, 142, 143, 145, 143, 143, 138, 138, 137, 137, 137, 136, 137, 137, 136, 137, 137, 137, 138, 136, 140, 138, 138, 139, 138, 139, 139, 141, 140, 141, 148, 150, 154, 150, 148, 142, 141, 142, 142, 142, 141, 139, 142, 142, 143, 143, 141, 139, 149, 145, 144, 142, 140, 143, 147, 142, 141, 143, 142, 143, 144, 143, 142, 141, 143, 140, 140, 140, 141, 137, 140, 138, 137, 137, 137, 137, 138, 136, 138, 136, 137, 141, 139, 137, 136, 136, 136, 137, 137, 138, 138, 138, 139, 140, 138, 138, 138, 138, 138, 138, 136, 136, 133, 133, 131, 129, 127, 125, 124, 121, 120, 116, 113, 111, 107, 104, 99, 95, 91, 82, 79, 74, 68, 65, 63, 62, 58, 58, 57, 58, 56, 54, 53, 54, 52, 52, 50, 48, 49, 49, 48, 51, 49, 47, 46, 49, 44, 46, 44, 45, 43, 45, 44, 47, 45, 42, 42, 43, 41, 42, 40, 42, 40, 40, 40, 39, 41, 39, 40, 39, 42, 40, 39, 40, 38, 40, 39]",128000000,500000,1583461250,45,0,"[33, 34, 34, 33, 34, 35, 37, 36, 42, 37, 45, 40, 44, 40, 40, 42, 44, 44, 47, 46, 46, 49, 51, 56, 52, 120, 54, 54, 61, 59, 60, 59, 68, 64, 67, 66, 70, 70, 72, 75, 75, 79, 78, 83, 84, 85, 88, 89, 93, 94, 96, 98, 100, 102, 105, 111, 110, 110, 111, 119, 116, 116, 117, 119, 146, 121, 121, 122, 124, 122, 124, 124, 123, 125, 125, 125, 125, 125, 125, 126, 125, 126, 126, 125, 126, 125, 126, 126, 124, 125, 126, 126, 128, 129, 132, 128, 127, 126, 129, 129, 126, 127, 127, 126, 129, 128, 128, 128, 129, 131, 129, 130, 131, 132, 131, 130, 132, 132, 133, 135, 134, 133, 133, 136, 135, 137, 135, 154, 135, 132, 134, 136, 135, 135, 136, 135, 130, 128, 128, 128, 126, 129, 126, 125, 124, 124, 123, 121, 121, 121, 121, 121, 121, 120, 120, 118, 118, 120, 125, 117, 117, 141, 117, 150, 118, 117, 119, 117, 119, 119, 116, 117, 148, 118, 150, 118, 117, 116, 118, 118, 118, 117, 117, 146, 117, 146, 114, 113, 112, 111, 110, 108, 105, 103, 142, 100, 136, 96, 95, 92, 90, 88, 85, 85, 81, 80, 78, 79, 75, 75, 70, 69, 66, 63, 60, 59, 58, 56, 63, 52, 59, 49, 47, 47, 45, 44, 45, 41, 40, 47, 41, 49, 39, 46, 36, 35, 34, 36, 35, 52, 40, 49, 87, 32, 46, 32, 31, 31, 33, 32, 32, 32, 33, 40, 33, 42]",128000000,500000,1224006250,39,0
0,2,0,"[40, 39, 40, 40, 40, 40, 40, 40, 41, 39, 40, 40, 42, 39, 40, 40, 40, 41, 43, 42, 43, 43, 44, 43, 45, 44, 44, 48, 47, 46, 49, 57, 95, 52, 72, 49, 50, 53, 49, 52, 59, 52, 54, 60, 65, 60, 54, 55, 56, 59, 62, 63, 65, 66, 69, 72, 71, 75, 78, 80, 82, 88, 94, 98, 102, 107, 111, 117, 124, 123, 126, 128, 130, 133, 135, 137, 140, 142, 141, 140, 142, 143, 143, 143, 141, 140, 137, 138, 137, 135, 137, 136, 137, 138, 136, 137, 137, 137, 138, 139, 137, 138, 140, 139, 140, 141, 139, 140, 142, 148, 151, 151, 152, 147, 143, 142, 140, 141, 140, 140, 143, 141, 139, 141, 142, 142, 142, 152, 144, 144, 143, 142, 145, 147, 143, 142, 142, 142, 142, 143, 143, 142, 142, 141, 139, 138, 137, 138, 136, 136, 137, 135, 137, 136, 135, 135, 137, 135, 135, 138, 139, 135, 137, 137, 136, 137, 137, 140, 140, 141, 139, 140, 141, 139, 138, 138, 137, 137, 137, 137, 135, 133, 131, 130, 130, 127, 125, 124, 120, 117, 116, 113, 110, 107, 104, 99, 95, 90, 84, 80, 74, 70, 66, 63, 61, 59, 60, 56, 56, 53, 53, 52, 52, 52, 52, 52, 48, 50, 48, 47, 51, 47, 46, 47, 51, 46, 45, 44, 42, 45, 43, 43, 47, 43, 41, 43, 41, 42, 42, 42, 41, 41, 41, 41, 39, 40, 40, 40, 40, 40, 39, 40, 38, 40, 39, 39]",128000000,500000,1583461250,45,0,"[33, 37, 34, 35, 36, 34, 40, 37, 42, 39, 41, 41, 40, 40, 41, 43, 46, 46, 45, 49, 45, 49, 51, 51, 52, 53, 54, 56, 56, 59, 63, 59, 64, 63, 67, 65, 68, 69, 75, 73, 75, 78, 79, 81, 84, 84, 85, 89, 90, 94, 95, 99, 100, 105, 104, 116, 119, 117, 116, 117, 116, 117, 118, 121, 121, 123, 123, 124, 124, 123, 124, 124, 126, 127, 126, 126, 124, 126, 125, 129, 125, 125, 125, 126, 124, 125, 125, 126, 126, 125, 126, 127, 128, 128, 132, 130, 128, 126, 127, 128, 127, 127, 127, 129, 130, 127, 127, 127, 129, 129, 129, 131, 129, 130, 131, 130, 133, 131, 132, 133, 133, 133, 133, 135, 134, 133, 135, 141, 136, 134, 133, 133, 133, 133, 135, 132, 131, 128, 128, 127, 128, 127, 126, 127, 124, 123, 123, 122, 121, 120, 122, 120, 121, 119, 121, 118, 119, 119, 125, 122, 118, 137, 119, 117, 119, 117, 118, 118, 119, 119, 143, 117, 144, 119, 120, 119, 118, 119, 120, 119, 118, 147, 118, 146, 116, 114, 112, 112, 112, 110, 109, 107, 135, 104, 127, 100, 98, 94, 94, 92, 90, 87, 86, 91, 81, 83, 77, 78, 73, 70, 68, 66, 65, 63, 60, 60, 61, 57, 57, 53, 50, 48, 48, 48, 45, 43, 45, 48, 42, 47, 38, 41, 38, 41, 39, 36, 35, 34, 35, 53, 56, 33, 92, 33, 33, 33, 61, 33, 33, 32, 33, 37, 32, 37, 73, 33]",128000000,500000,1224006250,39,0
0,2,0,"[39, 39, 40, 40, 39, 40, 42, 40, 40, 40, 41, 42, 42, 40, 41, 40, 41, 41, 41, 43, 41, 42, 45, 43, 42, 44, 45, 44, 47, 46, 51, 50, 95, 55, 69, 57, 48, 56, 61, 58, 55, 58, 56, 58, 57, 60, 57, 56, 68, 62, 65, 66, 65, 69, 70, 70, 73, 74, 77, 81, 82, 88, 93, 97, 103, 107, 111, 117, 121, 124, 125, 129, 130, 133, 136, 137, 140, 138, 141, 143, 142, 143, 143, 144, 142, 137, 137, 136, 136, 135, 135, 136, 136, 135, 136, 135, 137, 137, 136, 138, 137, 139, 139, 139, 138, 140, 140, 140, 142, 147, 152, 151, 152, 147, 142, 140, 141, 141, 141, 140, 141, 140, 140, 141, 141, 142, 140, 146, 142, 142, 142, 143, 142, 148, 141, 142, 141, 142, 142, 144, 144, 142, 142, 141, 139, 137, 139, 136, 137, 137, 135, 137, 135, 135, 135, 135, 135, 135, 136, 136, 138, 135, 136, 135, 136, 136, 136, 139, 137, 140, 138, 140, 139, 140, 140, 138, 139, 138, 139, 136, 135, 134, 132, 132, 129, 127, 126, 125, 120, 119, 117, 112, 110, 107, 102, 98, 94, 88, 84, 80, 75, 69, 66, 63, 60, 59, 57, 57, 55, 55, 54, 53, 53, 51, 52, 50, 49, 50, 49, 48, 51, 47, 50, 45, 48, 45, 46, 45, 44, 44, 43, 43, 48, 45, 44, 42, 41, 41, 40, 43, 41, 40, 39, 39, 41, 41, 39, 41, 40, 39, 41, 40, 39, 40, 40, 38]",128000000,500000,1583461250,45,0,"[42, 34, 46, 44, 52, 46, 55, 48, 53, 50, 50, 50, 54, 54, 57, 61, 55, 70, 47, 66, 64, 59, 62, 63, 67, 66, 66, 70, 71, 68, 80, 71, 75, 77, 76, 66, 77, 79, 142, 85, 75, 88, 90, 91, 90, 96, 94, 98, 102, 103, 108, 107, 107, 114, 116, 127, 129, 119, 126, 130, 129, 130, 131, 132, 134, 135, 138, 136, 140, 140, 141, 141, 138, 143, 127, 139, 139, 155, 140, 127, 138, 138, 137, 137, 137, 136, 137, 137, 137, 139, 139, 137, 138, 138, 144, 139, 127, 134, 133, 138, 133, 138, 137, 137, 138, 138, 139, 140, 138, 138, 138, 139, 139, 126, 141, 141, 138, 143, 130, 141, 142, 142, 141, 143, 144, 145, 144, 152, 144, 145, 146, 145, 145, 144, 148, 134, 144, 143, 140, 142, 141, 139, 140, 140, 137, 137, 137, 136, 137, 134, 135, 135, 135, 135, 135, 131, 133, 121, 138, 136, 133, 132, 131, 130, 133, 130, 131, 130, 155, 130, 153, 128, 129, 130, 117, 129, 130, 129, 129, 145, 128, 153, 126, 126, 126, 127, 124, 123, 121, 120, 144, 118, 136, 113, 112, 108, 95, 107, 105, 102, 100, 100, 97, 100, 93, 95, 89, 87, 85, 82, 81, 78, 75, 62, 79, 70, 75, 67, 64, 63, 64, 60, 59, 57, 56, 76, 55, 74, 52, 68, 50, 50, 48, 48, 45, 35, 49, 45, 59, 65, 51, 60, 102, 43, 43, 43, 41, 48, 42, 72, 43, 65, 33, 43, 43, 108]",128000000,500000,1224006250,39,0
0,2,0,"[39, 39, 40, 39, 39, 41, 40, 39, 39, 40, 40, 40, 41, 40, 41, 41, 42, 40, 41, 43, 42, 41, 42, 43, 43, 44, 45, 45, 49, 51, 51, 49, 98, 53, 72, 58, 50, 58, 53, 50, 56, 55, 54, 53, 55, 55, 59, 55, 56, 59, 64, 62, 67, 71, 71, 71, 75, 74, 76, 80, 83, 88, 95, 101, 101, 107, 112, 116, 122, 122, 125, 130, 130, 131, 134, 135, 138, 138, 139, 141, 141, 142, 145, 143, 140, 138, 136, 136, 136, 137, 135, 135, 135, 133, 135, 136, 137, 137, 138, 138, 138, 138, 137, 139, 140, 141, 139, 140, 143, 148, 150, 152, 151, 146, 144, 139, 141, 140, 141, 139, 140, 142, 141, 141, 141, 142, 141, 144, 143, 142, 143, 143, 142, 147, 142, 142, 141, 142, 143, 143, 143, 142, 143, 140, 140, 139, 138, 137, 138, 136, 136, 136, 135, 136, 136, 134, 133, 135, 135, 135, 139, 136, 135, 135, 137, 137, 138, 138, 138, 139, 139, 138, 140, 139, 140, 139, 138, 138, 138, 136, 135, 134, 132, 128, 129, 126, 124, 124, 120, 118, 115, 113, 110, 106, 103, 100, 94, 89, 84, 80, 74, 68, 65, 61, 60, 59, 59, 57, 56, 54, 54, 54, 52, 52, 51, 51, 51, 48, 49, 48, 52, 48, 47, 45, 50, 45, 47, 44, 44, 43, 44, 43, 48, 44, 41, 43, 42, 41, 41, 41, 40, 40, 40, 40, 40, 41, 40, 39, 40, 40, 42, 40, 40, 39, 40, 41]",128000000,500000,1583461250,45,0,"[46, 44, 51, 45, 54, 47, 49, 46, 49, 51, 51, 51, 51, 55, 56, 61, 61, 99, 58, 58, 59, 59, 61, 61, 64, 62, 69, 67, 68, 68, 69, 74, 77, 75, 74, 76, 77, 81, 84, 85, 85, 87, 91, 92, 92, 95, 96, 99, 102, 102, 107, 108, 111, 115, 117, 126, 144, 126, 125, 130, 128, 130, 131, 133, 133, 135, 135, 137, 138, 139, 138, 139, 140, 140, 139, 139, 139, 138, 139, 141, 138, 139, 138, 138, 137, 138, 138, 139, 138, 139, 140, 140, 139, 140, 143, 140, 139, 138, 139, 139, 138, 137, 141, 138, 140, 139, 140, 138, 139, 140, 141, 141, 142, 141, 141, 140, 142, 141, 142, 142, 142, 141, 143, 143, 142, 144, 143, 148, 145, 141, 143, 142, 143, 144, 147, 145, 142, 142, 141, 142, 140, 140, 139, 138, 137, 138, 135, 136, 136, 136, 137, 136, 136, 133, 133, 133, 132, 133, 137, 132, 132, 131, 132, 132, 130, 131, 151, 129, 150, 128, 129, 131, 130, 129, 129, 129, 129, 150, 129, 149, 127, 127, 127, 127, 126, 126, 123, 122, 149, 120, 146, 117, 115, 113, 113, 110, 109, 107, 104, 106, 100, 101, 97, 95, 93, 90, 89, 88, 84, 83, 83, 77, 80, 77, 75, 71, 70, 68, 64, 64, 62, 60, 59, 61, 56, 62, 55, 53, 52, 50, 49, 49, 47, 47, 87, 45, 52, 45, 51, 64, 44, 43, 41, 55, 48, 44, 41, 54, 42, 51, 42, 42, 42, 45, 43, 44]",128000000,500000,1224006250,42,0
0,2,0,"[40, 40, 41, 39, 40, 40, 40, 40, 39, 40, 41, 42, 41, 40, 41, 40, 42, 42, 42, 42, 41, 43, 42, 42, 43, 44, 48, 44, 50, 45, 46, 52, 103, 54, 74, 48, 53, 52, 55, 55, 49, 71, 50, 57, 59, 56, 58, 63, 57, 61, 69, 61, 68, 66, 72, 75, 75, 75, 78, 80, 84, 90, 95, 100, 104, 108, 112, 118, 123, 122, 126, 127, 129, 134, 135, 135, 137, 138, 138, 141, 142, 143, 144, 143, 142, 137, 139, 139, 137, 136, 136, 137, 135, 136, 135, 136, 136, 136, 138, 139, 138, 138, 139, 137, 138, 141, 141, 141, 142, 148, 151, 152, 150, 149, 141, 141, 140, 141, 141, 140, 141, 142, 144, 143, 141, 145, 144, 141, 144, 142, 142, 142, 143, 147, 144, 143, 142, 139, 146, 143, 143, 142, 140, 141, 139, 138, 139, 136, 136, 136, 136, 137, 136, 137, 136, 136, 136, 136, 136, 137, 139, 136, 137, 137, 136, 139, 139, 138, 140, 139, 139, 140, 138, 139, 139, 138, 138, 137, 136, 135, 135, 134, 132, 130, 128, 128, 124, 123, 122, 116, 116, 112, 110, 106, 103, 99, 95, 90, 83, 79, 75, 69, 65, 62, 61, 58, 58, 56, 56, 56, 55, 54, 53, 52, 52, 49, 50, 51, 48, 46, 51, 47, 48, 46, 49, 46, 47, 45, 45, 43, 44, 44, 48, 45, 43, 41, 42, 41, 42, 41, 41, 40, 40, 42, 40, 41, 40, 40, 40, 40, 39, 40, 40, 40, 41, 41]",128000000,500000,1583461250,45,0,"[69, 43, 73, 43, 44, 43, 47, 47, 48, 50, 50, 73, 51, 74, 53, 61, 54, 57, 59, 59, 58, 59, 70, 60, 78, 64, 78, 72, 67, 68, 71, 72, 75, 73, 75, 86, 78, 84, 82, 82, 85, 89, 92, 93, 94, 94, 97, 102, 99, 103, 106, 108, 111, 115, 115, 125, 121, 122, 123, 127, 128, 126, 129, 134, 134, 134, 135, 137, 136, 139, 135, 137, 135, 138, 139, 140, 140, 138, 140, 140, 139, 136, 137, 138, 139, 137, 139, 138, 139, 138, 139, 138, 139, 141, 140, 140, 138, 138, 138, 140, 139, 138, 138, 140, 140, 137, 139, 136, 140, 142, 139, 140, 140, 142, 142, 142, 141, 143, 140, 144, 144, 143, 144, 143, 144, 145, 145, 146, 145, 141, 143, 142, 140, 144, 144, 144, 143, 141, 141, 139, 137, 140, 136, 136, 136, 136, 135, 134, 135, 135, 135, 133, 133, 130, 132, 133, 133, 132, 136, 131, 134, 133, 133, 133, 153, 132, 153, 132, 136, 131, 128, 127, 127, 130, 130, 154, 130, 154, 128, 128, 130, 129, 128, 128, 126, 126, 152, 124, 148, 122, 119, 119, 117, 116, 112, 112, 108, 131, 105, 111, 100, 100, 96, 94, 94, 92, 87, 86, 86, 82, 88, 78, 85, 74, 73, 72, 68, 66, 63, 66, 61, 85, 59, 82, 56, 55, 57, 54, 52, 51, 49, 48, 73, 48, 73, 47, 61, 46, 43, 68, 44, 45, 99, 74, 43, 79, 42, 71, 41, 41, 42, 42, 41, 43, 43, 43]",128000000,500000,1224006250,42,0
0,2,0,"[39, 40, 40, 41, 39, 40, 41, 39, 41, 41, 42, 41, 41, 41, 40, 41, 43, 41, 43, 41, 42, 41, 42, 43, 44, 43, 45, 45, 48, 48, 47, 51, 94, 55, 68, 52, 51, 50, 50, 52, 49, 59, 57, 63, 58, 54, 54, 53, 58, 62, 64, 65, 68, 66, 69, 69, 72, 77, 78, 80, 84, 89, 94, 101, 103, 106, 111, 117, 121, 122, 126, 128, 130, 133, 133, 136, 137, 138, 142, 140, 142, 142, 143, 144, 140, 137, 138, 138, 138, 138, 137, 137, 137, 137, 137, 137, 139, 137, 138, 138, 139, 138, 140, 139, 140, 141, 141, 140, 142, 149, 154, 153, 152, 146, 141, 141, 142, 141, 139, 139, 141, 141, 141, 140, 141, 141, 143, 147, 143, 143, 143, 144, 142, 146, 142, 144, 142, 142, 141, 144, 143, 143, 142, 139, 138, 138, 137, 136, 136, 137, 136, 137, 136, 135, 136, 135, 135, 136, 137, 137, 139, 137, 137, 136, 138, 137, 138, 138, 138, 139, 140, 140, 139, 141, 140, 137, 139, 138, 137, 136, 135, 135, 132, 132, 129, 128, 126, 123, 120, 118, 117, 113, 109, 107, 104, 98, 95, 92, 85, 80, 74, 70, 66, 63, 59, 57, 59, 56, 57, 55, 55, 53, 54, 52, 51, 51, 50, 49, 47, 48, 52, 47, 46, 45, 47, 46, 48, 43, 44, 44, 44, 44, 49, 45, 41, 42, 41, 43, 39, 41, 41, 40, 40, 40, 41, 40, 39, 40, 39, 41, 38, 41, 39, 40, 40, 41]",128000000,500000,1583461250,45,0,"[39, 35, 35, 33, 34, 38, 38, 37, 38, 46, 42, 46, 42, 45, 43, 49, 44, 46, 46, 49, 49, 50, 54, 53, 54, 51, 57, 57, 59, 65, 58, 62, 65, 64, 65, 69, 70, 70, 70, 73, 74, 78, 80, 80, 83, 84, 86, 89, 92, 93, 94, 96, 100, 103, 106, 111, 110, 116, 113, 117, 115, 118, 120, 121, 121, 125, 122, 125, 125, 145, 126, 125, 126, 126, 127, 126, 126, 126, 126, 127, 125, 125, 127, 125, 126, 126, 127, 126, 127, 126, 127, 125, 126, 129, 130, 129, 130, 128, 127, 126, 127, 127, 127, 127, 127, 127, 128, 129, 127, 128, 129, 130, 130, 129, 131, 132, 132, 132, 131, 132, 133, 133, 132, 132, 133, 133, 133, 153, 133, 131, 132, 131, 130, 136, 133, 133, 129, 129, 128, 127, 127, 126, 126, 126, 123, 124, 123, 122, 122, 122, 122, 122, 122, 121, 121, 120, 121, 119, 123, 120, 120, 119, 147, 119, 149, 119, 118, 118, 118, 117, 117, 117, 119, 150, 117, 150, 117, 116, 118, 117, 116, 116, 115, 114, 148, 114, 144, 112, 112, 110, 108, 107, 104, 104, 101, 136, 98, 123, 93, 91, 89, 88, 85, 83, 82, 80, 81, 74, 78, 71, 71, 67, 66, 64, 62, 60, 58, 57, 55, 62, 53, 58, 47, 47, 47, 45, 46, 41, 41, 40, 45, 38, 47, 37, 37, 36, 36, 34, 37, 52, 35, 41, 120, 45, 32, 42, 32, 32, 33, 32, 31, 34, 35, 32, 42, 33]",128000000,500000,1224006250,42,0
0,2,0,"[41, 41, 41, 39, 40, 39, 40, 40, 42, 40, 39, 40, 41, 42, 40, 41, 41, 40, 43, 41, 43, 44, 44, 43, 42, 45, 44, 45, 48, 46, 54, 51, 97, 54, 70, 48, 51, 51, 53, 52, 53, 58, 60, 50, 59, 53, 55, 54, 58, 61, 63, 62, 67, 66, 69, 72, 74, 76, 78, 79, 84, 88, 96, 99, 105, 106, 112, 117, 123, 123, 125, 128, 130, 133, 134, 136, 137, 143, 138, 140, 142, 142, 144, 143, 142, 138, 138, 137, 136, 137, 137, 136, 138, 137, 137, 138, 138, 139, 139, 139, 138, 137, 139, 139, 140, 140, 139, 138, 142, 149, 151, 150, 150, 146, 142, 139, 141, 141, 140, 139, 140, 141, 141, 143, 141, 140, 143, 149, 145, 143, 143, 142, 143, 147, 143, 141, 141, 141, 143, 142, 142, 143, 141, 141, 139, 138, 136, 137, 138, 137, 135, 135, 136, 137, 136, 135, 136, 135, 135, 137, 140, 137, 138, 136, 138, 138, 137, 138, 139, 138, 139, 140, 141, 138, 139, 139, 139, 136, 138, 134, 134, 135, 131, 129, 129, 126, 124, 123, 120, 118, 117, 111, 109, 107, 102, 100, 95, 90, 83, 79, 75, 68, 63, 64, 59, 58, 56, 57, 56, 54, 55, 53, 52, 52, 51, 51, 51, 50, 49, 47, 52, 47, 48, 47, 50, 47, 48, 43, 45, 43, 43, 44, 48, 44, 42, 43, 42, 42, 40, 40, 40, 42, 42, 41, 40, 39, 39, 39, 39, 40, 39, 40, 41, 39, 39, 39]",128000000,500000,1583461250,45,0,"[33, 45, 43, 32, 46, 36, 47, 61, 47, 103, 39, 51, 54, 53, 51, 42, 55, 45, 65, 61, 51, 59, 56, 61, 64, 64, 63, 55, 68, 70, 70, 76, 63, 77, 64, 80, 78, 69, 82, 72, 89, 90, 81, 92, 82, 96, 98, 101, 141, 92, 106, 109, 112, 114, 106, 127, 114, 123, 125, 118, 128, 117, 131, 134, 134, 133, 123, 135, 134, 137, 137, 126, 137, 126, 138, 137, 126, 135, 123, 137, 136, 124, 137, 123, 136, 136, 136, 155, 124, 138, 135, 137, 137, 128, 143, 129, 138, 139, 127, 140, 125, 137, 140, 139, 140, 127, 140, 139, 140, 144, 128, 141, 129, 144, 143, 132, 143, 132, 144, 144, 133, 147, 134, 144, 145, 148, 147, 156, 147, 148, 147, 146, 135, 146, 136, 146, 143, 131, 141, 130, 139, 138, 136, 136, 124, 134, 132, 130, 130, 120, 132, 120, 132, 130, 119, 130, 117, 129, 135, 117, 132, 118, 149, 133, 129, 131, 120, 129, 131, 130, 129, 145, 129, 144, 131, 132, 118, 130, 120, 129, 130, 130, 153, 117, 152, 126, 126, 121, 112, 122, 121, 119, 118, 133, 113, 129, 110, 106, 93, 103, 89, 100, 97, 94, 94, 79, 93, 87, 86, 83, 68, 78, 64, 75, 73, 60, 69, 59, 67, 72, 61, 61, 48, 58, 56, 54, 81, 40, 65, 51, 66, 48, 39, 48, 37, 47, 44, 37, 45, 51, 44, 65, 42, 50, 32, 42, 41, 43, 42, 31, 47, 32, 59, 42, 37, 41]",128000000,500000,1224006250,39,0
0,2,0,"[41, 41, 40, 38, 40, 39, 41, 40, 40, 41, 41, 39, 42, 41, 42, 42, 40, 41, 42, 42, 42, 42, 43, 44, 43, 46, 45, 43, 47, 44, 51, 50, 97, 53, 70, 60, 52, 50, 49, 49, 58, 53, 53, 53, 56, 53, 57, 56, 61, 61, 65, 63, 73, 67, 71, 72, 74, 76, 78, 81, 86, 87, 94, 100, 104, 108, 111, 118, 124, 122, 125, 129, 130, 132, 135, 136, 138, 138, 139, 141, 141, 143, 144, 144, 141, 138, 138, 136, 136, 136, 135, 137, 136, 136, 136, 135, 138, 137, 138, 137, 138, 139, 138, 138, 139, 138, 138, 140, 142, 146, 152, 153, 151, 148, 141, 141, 140, 141, 140, 140, 142, 141, 142, 141, 142, 141, 142, 142, 144, 142, 142, 142, 142, 146, 145, 141, 143, 142, 143, 143, 144, 142, 141, 140, 140, 137, 137, 137, 136, 137, 137, 136, 137, 136, 135, 135, 135, 136, 135, 135, 138, 137, 136, 136, 137, 136, 136, 136, 139, 140, 140, 139, 141, 140, 139, 139, 140, 138, 136, 137, 136, 133, 133, 130, 129, 126, 125, 123, 120, 118, 115, 113, 109, 106, 103, 99, 95, 93, 86, 81, 75, 71, 66, 63, 59, 58, 55, 57, 56, 55, 53, 52, 52, 53, 50, 50, 50, 49, 49, 49, 50, 47, 47, 46, 49, 46, 46, 44, 45, 43, 45, 43, 47, 44, 42, 43, 42, 39, 40, 41, 42, 41, 40, 40, 39, 41, 41, 41, 39, 38, 39, 39, 40, 40, 41, 38]",128000000,500000,1583461250,45,0,"[44, 45, 45, 45, 45, 64, 46, 65, 49, 50, 48, 50, 51, 55, 52, 53, 64, 57, 68, 58, 65, 59, 60, 61, 61, 63, 64, 68, 67, 77, 70, 74, 79, 75, 78, 77, 78, 81, 81, 83, 89, 89, 91, 92, 95, 96, 97, 99, 100, 104, 107, 108, 110, 112, 117, 125, 124, 127, 124, 131, 127, 129, 131, 133, 132, 132, 133, 135, 138, 137, 138, 139, 138, 139, 139, 137, 138, 137, 139, 138, 138, 138, 137, 136, 137, 137, 136, 137, 136, 138, 138, 138, 138, 140, 141, 141, 138, 136, 140, 137, 140, 139, 139, 141, 141, 139, 140, 140, 140, 141, 138, 141, 139, 142, 142, 143, 141, 144, 144, 145, 144, 142, 143, 143, 146, 144, 145, 149, 144, 142, 142, 144, 142, 143, 144, 144, 142, 140, 141, 138, 139, 138, 137, 139, 135, 135, 136, 134, 133, 134, 132, 137, 134, 131, 132, 131, 131, 131, 135, 131, 131, 130, 130, 129, 129, 129, 130, 131, 130, 152, 130, 152, 130, 130, 131, 131, 127, 130, 129, 130, 152, 128, 138, 127, 126, 124, 124, 124, 122, 122, 119, 147, 116, 144, 115, 110, 109, 107, 105, 103, 101, 100, 100, 93, 96, 91, 90, 88, 85, 82, 79, 79, 78, 77, 74, 79, 69, 78, 65, 63, 61, 59, 59, 57, 56, 54, 70, 53, 68, 49, 48, 49, 47, 47, 47, 46, 44, 62, 44, 71, 46, 46, 43, 46, 42, 43, 43, 41, 56, 41, 62, 41, 63, 42, 59, 67]",128000000,500000,1224006250,42,0
0,2,0,"[42, 39, 39, 39, 38, 39, 41, 38, 40, 39, 41, 42, 43, 42, 41, 42, 41, 41, 43, 44, 43, 42, 43, 42, 43, 44, 48, 44, 49, 46, 50, 50, 96, 54, 75, 49, 50, 50, 48, 51, 53, 58, 64, 58, 54, 51, 54, 57, 57, 62, 61, 68, 67, 66, 70, 71, 75, 74, 78, 82, 83, 88, 97, 102, 103, 106, 111, 119, 124, 122, 124, 127, 130, 134, 134, 135, 142, 140, 141, 143, 143, 144, 144, 144, 142, 138, 139, 136, 136, 137, 137, 136, 134, 136, 135, 136, 136, 137, 137, 137, 136, 137, 137, 137, 139, 141, 139, 139, 141, 148, 152, 152, 152, 147, 142, 140, 141, 142, 141, 142, 141, 142, 141, 143, 143, 141, 141, 152, 143, 142, 141, 141, 142, 148, 142, 144, 141, 142, 144, 144, 144, 146, 141, 140, 141, 138, 138, 139, 137, 137, 136, 136, 136, 137, 136, 136, 136, 135, 134, 135, 141, 134, 137, 135, 135, 135, 136, 138, 137, 139, 139, 140, 140, 138, 142, 141, 140, 140, 139, 137, 137, 134, 134, 131, 129, 127, 124, 122, 119, 117, 117, 113, 111, 106, 102, 98, 94, 89, 83, 80, 74, 71, 65, 63, 61, 58, 57, 56, 55, 55, 54, 54, 55, 52, 52, 50, 49, 49, 49, 49, 52, 47, 46, 46, 49, 46, 48, 45, 45, 44, 43, 43, 49, 44, 42, 43, 42, 41, 40, 41, 40, 41, 42, 41, 40, 42, 43, 40, 42, 41, 40, 40, 40, 39, 40, 39]",128000000,500000,1583461250,45,0,"[43, 46, 42, 50, 46, 50, 45, 48, 46, 50, 50, 51, 52, 53, 53, 54, 59, 54, 57, 60, 58, 60, 141, 62, 66, 64, 66, 71, 68, 70, 72, 73, 75, 76, 75, 77, 81, 79, 83, 88, 85, 86, 89, 93, 94, 95, 96, 99, 101, 103, 107, 108, 112, 114, 116, 125, 121, 122, 126, 130, 127, 148, 130, 132, 134, 134, 135, 137, 138, 138, 138, 140, 140, 141, 140, 141, 141, 141, 142, 142, 138, 138, 140, 140, 138, 137, 137, 139, 140, 140, 140, 140, 140, 140, 143, 140, 140, 138, 139, 139, 137, 137, 138, 140, 140, 139, 138, 139, 139, 141, 139, 140, 140, 139, 141, 139, 141, 144, 140, 141, 142, 139, 142, 140, 143, 143, 144, 150, 143, 141, 143, 141, 141, 142, 144, 141, 137, 138, 138, 136, 138, 138, 137, 137, 137, 135, 137, 137, 137, 136, 136, 138, 138, 136, 138, 136, 135, 136, 139, 135, 135, 135, 135, 134, 134, 151, 132, 150, 130, 140, 133, 130, 131, 130, 129, 131, 130, 131, 138, 128, 145, 128, 125, 127, 125, 123, 123, 142, 120, 140, 118, 127, 113, 112, 111, 109, 106, 104, 104, 102, 101, 97, 98, 93, 92, 90, 88, 86, 84, 82, 80, 80, 76, 76, 74, 72, 70, 68, 66, 63, 62, 61, 59, 59, 61, 55, 57, 53, 54, 51, 48, 49, 48, 48, 50, 52, 46, 53, 45, 96, 50, 41, 44, 55, 43, 40, 45, 44, 48, 40, 46, 42, 41, 41, 42, 42]",128000000,500000,1224006250,42,0
0,2,0,"[39, 39, 41, 41, 41, 40, 40, 40, 39, 40, 40, 39, 41, 40, 39, 39, 40, 43, 39, 42, 42, 42, 45, 43, 45, 45, 44, 46, 48, 47, 49, 51, 96, 55, 72, 49, 49, 60, 50, 55, 51, 54, 50, 59, 55, 57, 66, 61, 64, 59, 64, 64, 65, 69, 69, 70, 74, 73, 76, 82, 84, 88, 94, 98, 104, 107, 112, 118, 123, 123, 125, 128, 129, 133, 135, 137, 138, 139, 140, 138, 143, 142, 145, 143, 140, 140, 137, 138, 137, 137, 136, 134, 136, 135, 136, 137, 137, 137, 135, 137, 139, 138, 138, 139, 139, 139, 139, 139, 141, 147, 150, 151, 151, 148, 143, 140, 141, 141, 141, 141, 141, 140, 140, 140, 142, 139, 142, 147, 144, 142, 141, 143, 143, 150, 143, 143, 143, 142, 144, 146, 144, 143, 142, 141, 140, 139, 138, 137, 138, 137, 136, 135, 134, 134, 134, 135, 134, 134, 132, 132, 137, 135, 135, 134, 135, 137, 137, 139, 138, 140, 140, 139, 141, 141, 141, 141, 141, 140, 137, 137, 137, 133, 132, 130, 130, 126, 124, 122, 119, 116, 114, 110, 107, 105, 102, 99, 95, 90, 84, 80, 76, 69, 64, 63, 60, 59, 56, 55, 56, 55, 54, 53, 52, 52, 51, 50, 49, 50, 49, 47, 51, 48, 47, 46, 49, 46, 47, 44, 44, 44, 42, 42, 47, 44, 42, 42, 42, 40, 43, 42, 42, 40, 41, 41, 40, 41, 42, 39, 41, 42, 40, 40, 40, 39, 39, 39]",128000000,500000,1583461250,45,0,"[42, 96, 44, 51, 46, 49, 46, 46, 48, 49, 51, 49, 57, 50, 60, 53, 54, 55, 58, 56, 61, 63, 62, 64, 62, 65, 63, 66, 69, 73, 69, 75, 79, 74, 76, 75, 81, 82, 83, 84, 153, 91, 91, 95, 95, 94, 99, 101, 102, 104, 107, 108, 111, 112, 116, 126, 119, 122, 122, 130, 126, 128, 129, 130, 133, 133, 133, 135, 137, 138, 137, 136, 138, 138, 139, 140, 140, 139, 139, 149, 141, 138, 138, 139, 139, 139, 138, 138, 138, 139, 140, 139, 141, 141, 160, 139, 140, 139, 140, 139, 139, 137, 138, 140, 138, 139, 139, 137, 138, 138, 139, 139, 140, 139, 138, 141, 142, 140, 141, 140, 141, 143, 142, 144, 142, 142, 143, 141, 141, 141, 140, 142, 140, 142, 144, 140, 139, 139, 138, 139, 136, 136, 137, 133, 136, 134, 136, 136, 134, 136, 134, 135, 136, 136, 139, 137, 137, 136, 140, 137, 137, 137, 135, 137, 135, 154, 134, 131, 140, 132, 133, 131, 131, 131, 149, 129, 148, 126, 138, 123, 125, 123, 126, 124, 122, 122, 120, 147, 118, 119, 115, 114, 111, 109, 110, 106, 137, 105, 106, 101, 102, 97, 95, 94, 93, 90, 87, 86, 84, 84, 81, 82, 76, 75, 74, 72, 70, 67, 83, 64, 65, 61, 68, 57, 66, 55, 57, 55, 53, 52, 49, 48, 48, 59, 48, 56, 46, 44, 45, 66, 48, 43, 43, 42, 49, 43, 57, 46, 53, 42, 40, 42, 41, 41, 83, 47]",128000000,500000,1224006250,42,0
0,2,0,"[39, 40, 39, 40, 40, 41, 40, 41, 40, 38, 40, 40, 41, 41, 40, 41, 42, 40, 42, 41, 41, 41, 42, 42, 45, 43, 45, 45, 48, 49, 51, 50, 98, 56, 70, 47, 56, 48, 52, 52, 56, 64, 57, 59, 60, 54, 63, 59, 59, 61, 64, 66, 67, 67, 71, 72, 71, 75, 78, 79, 82, 88, 96, 100, 104, 107, 111, 117, 123, 121, 125, 126, 129, 132, 133, 134, 137, 139, 140, 140, 142, 144, 143, 145, 143, 140, 137, 137, 138, 137, 138, 137, 137, 137, 137, 136, 138, 136, 137, 138, 137, 138, 137, 137, 140, 138, 138, 138, 142, 146, 151, 154, 151, 147, 144, 141, 142, 141, 141, 139, 140, 143, 141, 141, 143, 141, 142, 154, 144, 141, 141, 141, 142, 147, 142, 142, 143, 142, 141, 143, 142, 142, 142, 140, 140, 137, 139, 137, 137, 138, 136, 138, 136, 135, 136, 135, 135, 135, 135, 136, 139, 136, 137, 136, 135, 136, 137, 138, 138, 137, 139, 138, 139, 139, 141, 141, 137, 139, 138, 137, 137, 134, 134, 133, 130, 128, 125, 122, 120, 118, 115, 113, 111, 107, 102, 99, 94, 90, 85, 78, 73, 69, 66, 62, 60, 59, 57, 57, 56, 55, 54, 53, 53, 51, 51, 51, 49, 50, 48, 48, 51, 47, 48, 48, 49, 46, 47, 45, 44, 41, 44, 45, 48, 45, 42, 41, 40, 41, 41, 40, 42, 40, 40, 40, 40, 41, 39, 40, 38, 41, 41, 39, 39, 39, 40, 40]",128000000,500000,1583461250,45,0,"[42, 75, 44, 45, 45, 44, 48, 45, 53, 49, 74, 49, 72, 53, 51, 54, 54, 56, 62, 59, 60, 81, 63, 83, 62, 69, 66, 68, 68, 71, 76, 72, 78, 75, 80, 80, 82, 82, 84, 85, 88, 90, 92, 94, 94, 97, 97, 100, 102, 104, 105, 108, 111, 114, 116, 121, 119, 128, 122, 129, 126, 128, 129, 131, 131, 132, 135, 134, 136, 134, 137, 136, 135, 137, 136, 137, 138, 137, 137, 140, 133, 139, 135, 139, 139, 137, 140, 140, 139, 139, 140, 135, 141, 139, 143, 140, 140, 138, 139, 138, 139, 138, 139, 137, 136, 138, 136, 138, 139, 138, 140, 141, 140, 141, 142, 140, 144, 141, 145, 145, 145, 144, 146, 147, 146, 148, 146, 150, 143, 147, 148, 144, 145, 147, 145, 146, 140, 142, 138, 136, 138, 136, 137, 135, 134, 133, 136, 134, 136, 134, 130, 135, 134, 134, 134, 131, 133, 134, 138, 133, 132, 149, 132, 155, 133, 149, 131, 131, 130, 129, 131, 129, 154, 129, 154, 129, 129, 129, 127, 127, 125, 125, 126, 150, 127, 151, 124, 145, 121, 118, 118, 116, 114, 114, 145, 109, 141, 105, 109, 102, 101, 97, 96, 94, 94, 91, 87, 91, 84, 91, 80, 82, 77, 76, 72, 71, 69, 68, 76, 63, 84, 62, 75, 58, 57, 55, 56, 51, 51, 52, 49, 78, 49, 80, 46, 47, 45, 45, 44, 65, 43, 42, 103, 41, 73, 42, 61, 43, 41, 40, 42, 41, 49, 51, 41, 85]",128000000,500000,1224006250,42,0
0,2,0,"[38, 38, 41, 41, 41, 40, 40, 40, 41, 41, 42, 41, 41, 40, 40, 42, 41, 42, 42, 42, 43, 41, 43, 42, 45, 44, 44, 45, 49, 49, 46, 49, 96, 59, 71, 54, 48, 51, 51, 50, 60, 53, 50, 55, 55, 52, 57, 56, 57, 60, 62, 63, 68, 73, 70, 73, 74, 75, 77, 83, 83, 89, 94, 98, 104, 107, 111, 118, 122, 122, 125, 128, 130, 131, 132, 134, 137, 135, 138, 140, 141, 144, 144, 144, 142, 139, 136, 138, 138, 137, 137, 136, 136, 136, 137, 136, 136, 136, 137, 138, 137, 137, 137, 138, 137, 138, 138, 138, 140, 147, 150, 152, 150, 147, 143, 141, 140, 140, 141, 140, 142, 142, 141, 141, 141, 140, 142, 147, 143, 141, 142, 142, 142, 148, 143, 142, 141, 141, 142, 143, 144, 143, 141, 142, 139, 140, 139, 139, 138, 138, 138, 137, 135, 136, 134, 136, 135, 134, 136, 135, 137, 138, 135, 135, 136, 134, 136, 136, 138, 139, 140, 139, 140, 140, 140, 138, 138, 139, 136, 136, 135, 135, 134, 133, 130, 128, 125, 122, 120, 117, 115, 112, 110, 106, 104, 99, 94, 89, 84, 80, 75, 70, 65, 63, 59, 59, 59, 56, 57, 54, 55, 53, 53, 51, 52, 52, 49, 49, 47, 49, 52, 47, 47, 47, 50, 45, 47, 45, 44, 44, 42, 42, 47, 47, 42, 43, 41, 43, 42, 40, 41, 41, 42, 41, 40, 40, 41, 41, 40, 42, 40, 39, 39, 38, 40, 40]",128000000,500000,1583461250,45,0,"[33, 35, 33, 34, 35, 36, 37, 36, 43, 38, 43, 39, 40, 42, 104, 43, 44, 46, 46, 52, 47, 51, 50, 55, 54, 57, 53, 55, 59, 58, 60, 63, 65, 66, 70, 68, 69, 70, 72, 76, 77, 79, 82, 82, 81, 85, 87, 88, 90, 95, 94, 96, 100, 150, 103, 113, 110, 114, 112, 118, 114, 116, 116, 119, 121, 121, 121, 122, 123, 124, 124, 124, 125, 125, 125, 126, 126, 125, 126, 127, 125, 127, 129, 126, 128, 127, 125, 127, 128, 127, 127, 128, 145, 128, 130, 128, 129, 127, 126, 127, 127, 125, 124, 125, 126, 125, 125, 126, 126, 125, 126, 128, 127, 129, 129, 130, 132, 131, 133, 135, 134, 135, 138, 135, 138, 136, 138, 155, 137, 138, 136, 135, 136, 137, 136, 133, 131, 130, 129, 128, 126, 123, 123, 123, 124, 123, 121, 122, 121, 120, 121, 121, 120, 121, 122, 118, 119, 122, 126, 124, 120, 141, 121, 120, 119, 119, 120, 119, 123, 120, 147, 117, 147, 120, 118, 118, 117, 116, 115, 116, 115, 145, 114, 147, 112, 113, 111, 110, 110, 107, 106, 105, 135, 101, 138, 97, 98, 95, 92, 91, 88, 87, 84, 82, 82, 82, 77, 79, 72, 72, 69, 68, 64, 63, 60, 60, 61, 57, 61, 53, 56, 51, 48, 47, 45, 43, 43, 42, 43, 49, 40, 81, 38, 38, 37, 36, 36, 35, 34, 51, 43, 85, 127, 33, 34, 34, 31, 33, 34, 32, 33, 40, 33, 42, 70, 38]",128000000,500000,1224006250,42,0
0,2,0,"[39, 41, 39, 41, 40, 39, 40, 40, 40, 41, 41, 40, 40, 41, 42, 41, 41, 41, 42, 44, 42, 42, 42, 43, 43, 45, 46, 46, 47, 51, 47, 50, 94, 54, 71, 49, 49, 50, 49, 49, 60, 55, 54, 58, 54, 55, 57, 56, 70, 62, 63, 62, 68, 68, 71, 70, 72, 74, 79, 80, 83, 88, 94, 99, 104, 108, 111, 117, 120, 123, 125, 127, 130, 131, 133, 136, 138, 138, 138, 139, 141, 141, 143, 143, 141, 139, 138, 138, 138, 137, 139, 136, 137, 138, 137, 137, 137, 137, 139, 138, 139, 137, 138, 138, 139, 138, 139, 138, 141, 149, 150, 152, 151, 147, 144, 140, 142, 141, 141, 141, 142, 141, 140, 143, 141, 142, 142, 154, 143, 141, 142, 143, 141, 148, 141, 142, 140, 141, 143, 143, 144, 144, 143, 141, 140, 139, 140, 138, 138, 137, 137, 137, 135, 136, 136, 134, 135, 132, 135, 134, 138, 136, 134, 134, 136, 136, 136, 138, 137, 138, 139, 138, 140, 138, 141, 140, 140, 139, 139, 136, 135, 133, 133, 130, 129, 128, 125, 123, 121, 117, 116, 113, 109, 106, 103, 99, 95, 90, 85, 80, 75, 69, 66, 61, 61, 59, 57, 57, 56, 57, 54, 54, 52, 52, 50, 52, 49, 48, 48, 49, 51, 47, 47, 46, 49, 45, 47, 43, 43, 42, 43, 44, 49, 44, 42, 40, 41, 42, 42, 42, 41, 40, 40, 41, 40, 40, 38, 39, 41, 41, 39, 40, 39, 39, 39, 39]",128000000,500000,1583461250,45,0,"[44, 33, 44, 43, 35, 45, 37, 48, 57, 47, 50, 39, 52, 52, 54, 54, 47, 58, 45, 59, 58, 46, 60, 51, 62, 69, 56, 67, 57, 70, 75, 75, 143, 63, 76, 80, 83, 83, 72, 86, 76, 90, 93, 80, 97, 85, 98, 100, 103, 105, 95, 109, 111, 114, 115, 121, 124, 109, 124, 129, 115, 128, 119, 130, 132, 122, 133, 123, 135, 136, 137, 148, 125, 136, 137, 139, 136, 128, 139, 127, 139, 137, 125, 138, 126, 138, 139, 139, 139, 126, 139, 139, 140, 139, 129, 139, 127, 138, 137, 126, 138, 126, 137, 139, 127, 137, 127, 136, 138, 138, 140, 129, 141, 140, 141, 142, 132, 145, 134, 145, 147, 135, 148, 137, 149, 150, 151, 152, 137, 151, 148, 148, 145, 135, 150, 135, 143, 141, 130, 140, 126, 137, 135, 124, 132, 123, 135, 134, 132, 132, 120, 132, 133, 131, 133, 121, 133, 121, 138, 133, 121, 134, 119, 132, 132, 131, 132, 119, 142, 131, 136, 127, 116, 129, 129, 129, 126, 115, 128, 134, 127, 150, 114, 126, 112, 123, 125, 122, 121, 109, 144, 116, 139, 114, 100, 111, 97, 107, 104, 91, 99, 88, 98, 97, 91, 92, 77, 87, 85, 82, 91, 67, 77, 74, 75, 71, 59, 67, 54, 65, 63, 49, 61, 46, 58, 60, 55, 62, 41, 55, 51, 50, 48, 38, 46, 36, 49, 45, 36, 65, 42, 43, 42, 32, 44, 32, 43, 41, 42, 87, 32, 46, 42, 43, 43, 33]",128000000,500000,1224006250,39,0
0,2,0,"[41, 40, 40, 40, 39, 39, 39, 39, 40, 40, 40, 40, 40, 40, 40, 40, 41, 40, 41, 42, 43, 43, 43, 42, 43, 45, 46, 45, 48, 44, 47, 50, 95, 56, 70, 50, 48, 51, 48, 55, 52, 62, 68, 54, 52, 55, 55, 55, 60, 60, 64, 65, 66, 69, 70, 71, 73, 76, 78, 81, 84, 87, 94, 98, 104, 107, 110, 117, 121, 121, 124, 127, 129, 131, 134, 137, 140, 138, 138, 143, 141, 144, 144, 144, 142, 140, 140, 137, 137, 137, 136, 137, 136, 136, 136, 136, 138, 135, 138, 137, 136, 138, 136, 135, 137, 139, 139, 139, 141, 148, 151, 153, 152, 149, 144, 141, 142, 143, 141, 142, 141, 141, 144, 142, 142, 142, 141, 148, 143, 142, 142, 143, 142, 146, 141, 140, 139, 139, 141, 142, 143, 141, 142, 140, 139, 138, 138, 139, 138, 137, 138, 136, 138, 138, 135, 137, 135, 136, 136, 136, 140, 136, 136, 136, 137, 137, 136, 137, 139, 139, 138, 139, 139, 138, 137, 138, 138, 138, 136, 136, 134, 133, 133, 131, 129, 126, 125, 123, 121, 117, 115, 112, 109, 106, 102, 98, 94, 89, 84, 80, 74, 69, 66, 61, 60, 59, 58, 57, 55, 55, 55, 54, 52, 52, 53, 50, 50, 50, 48, 48, 52, 47, 46, 45, 49, 45, 47, 44, 43, 44, 41, 41, 47, 44, 41, 43, 44, 42, 41, 43, 40, 42, 42, 40, 41, 39, 41, 40, 41, 40, 38, 39, 39, 39, 40, 38]",128000000,500000,1583461250,45,0,"[47, 46, 53, 46, 67, 46, 65, 47, 48, 51, 50, 50, 51, 52, 53, 59, 54, 62, 55, 61, 59, 60, 63, 65, 66, 65, 75, 67, 80, 74, 71, 74, 74, 77, 77, 80, 82, 83, 85, 88, 88, 91, 93, 93, 95, 96, 99, 101, 102, 104, 105, 108, 110, 112, 116, 121, 122, 124, 124, 127, 125, 128, 128, 129, 132, 131, 132, 135, 136, 136, 136, 137, 136, 137, 137, 137, 137, 138, 138, 138, 136, 137, 137, 137, 139, 137, 138, 137, 138, 139, 139, 139, 140, 139, 143, 139, 139, 141, 138, 138, 141, 139, 139, 140, 141, 141, 142, 140, 141, 141, 143, 140, 144, 143, 145, 146, 146, 147, 144, 147, 147, 147, 148, 148, 148, 150, 149, 147, 148, 150, 149, 144, 147, 144, 148, 145, 141, 139, 140, 139, 137, 135, 134, 134, 134, 135, 132, 130, 131, 131, 132, 133, 133, 132, 133, 129, 133, 131, 137, 133, 132, 133, 131, 133, 135, 131, 151, 133, 153, 137, 131, 132, 131, 136, 138, 130, 128, 153, 128, 153, 127, 128, 127, 127, 126, 125, 124, 122, 146, 121, 147, 118, 116, 114, 112, 112, 109, 107, 104, 105, 102, 104, 98, 96, 94, 91, 88, 88, 86, 83, 82, 78, 82, 75, 81, 71, 74, 68, 66, 63, 61, 59, 60, 62, 57, 67, 55, 58, 52, 52, 50, 49, 50, 47, 50, 47, 65, 45, 72, 67, 45, 43, 103, 42, 43, 46, 42, 59, 44, 54, 41, 49, 43, 42, 42, 66]",128000000,500000,1224006250,42,0
0,2,0,"[40, 40, 39, 40, 39, 39, 39, 39, 40, 41, 40, 40, 41, 41, 42, 42, 42, 41, 42, 42, 42, 42, 42, 45, 44, 43, 47, 49, 50, 46, 45, 51, 94, 53, 70, 50, 49, 52, 57, 48, 54, 52, 52, 71, 61, 58, 57, 55, 59, 60, 69, 64, 71, 68, 71, 71, 74, 75, 79, 81, 86, 87, 94, 99, 105, 108, 112, 118, 122, 123, 125, 127, 129, 132, 135, 134, 136, 138, 143, 144, 142, 142, 143, 144, 142, 140, 140, 139, 138, 137, 138, 138, 139, 137, 138, 136, 138, 137, 137, 139, 137, 137, 138, 138, 140, 139, 139, 139, 141, 147, 149, 151, 152, 146, 141, 139, 142, 141, 141, 142, 141, 140, 142, 140, 142, 142, 141, 154, 144, 141, 143, 141, 143, 147, 142, 141, 141, 140, 143, 143, 143, 141, 142, 141, 139, 139, 139, 138, 136, 137, 137, 135, 136, 135, 136, 134, 136, 134, 135, 135, 139, 136, 135, 137, 136, 135, 136, 137, 138, 140, 139, 138, 139, 139, 141, 138, 139, 138, 137, 135, 134, 134, 132, 131, 128, 128, 125, 123, 120, 117, 115, 111, 108, 105, 102, 99, 93, 90, 85, 79, 74, 69, 65, 61, 59, 58, 57, 56, 56, 54, 53, 53, 55, 53, 51, 50, 49, 48, 48, 47, 52, 47, 49, 47, 49, 47, 46, 44, 43, 43, 44, 43, 49, 43, 41, 41, 42, 43, 41, 40, 40, 41, 41, 40, 41, 40, 39, 41, 39, 40, 40, 41, 40, 39, 37, 39]",128000000,500000,1583461250,45,0,"[48, 35, 35, 35, 35, 45, 90, 37, 38, 39, 50, 40, 52, 41, 41, 57, 43, 56, 49, 48, 63, 48, 62, 53, 53, 55, 58, 68, 58, 73, 62, 63, 78, 66, 78, 70, 68, 82, 71, 87, 78, 78, 78, 82, 94, 127, 87, 88, 91, 104, 95, 109, 100, 101, 115, 111, 124, 117, 111, 129, 115, 128, 116, 120, 121, 122, 134, 123, 136, 125, 124, 138, 125, 137, 128, 125, 138, 127, 139, 127, 125, 126, 126, 137, 153, 124, 125, 126, 137, 125, 137, 126, 126, 137, 128, 139, 126, 127, 138, 124, 139, 125, 125, 128, 126, 138, 128, 139, 129, 129, 141, 130, 142, 132, 131, 143, 133, 145, 135, 135, 149, 137, 150, 136, 139, 141, 138, 158, 139, 150, 138, 136, 149, 138, 150, 138, 132, 141, 129, 140, 126, 126, 125, 123, 134, 124, 135, 121, 122, 133, 122, 132, 120, 123, 132, 122, 132, 121, 124, 133, 120, 135, 120, 120, 126, 119, 152, 120, 129, 120, 118, 129, 122, 133, 127, 132, 127, 120, 127, 115, 115, 115, 114, 126, 113, 123, 128, 111, 136, 109, 118, 105, 103, 114, 102, 109, 97, 107, 105, 92, 102, 87, 85, 83, 81, 89, 78, 86, 75, 71, 83, 68, 80, 65, 61, 71, 57, 68, 55, 53, 51, 49, 60, 79, 55, 44, 44, 54, 43, 51, 40, 38, 51, 37, 54, 36, 37, 46, 35, 64, 35, 31, 34, 41, 42, 33, 42, 33, 33, 42, 33, 43, 32, 33, 62, 32]",128000000,500000,1224006250,42,0
0,2,0,"[39, 39, 39, 39, 39, 42, 39, 39, 40, 40, 39, 41, 42, 40, 42, 42, 40, 39, 42, 42, 41, 44, 42, 42, 42, 43, 45, 45, 51, 49, 49, 53, 99, 60, 69, 46, 50, 59, 52, 48, 57, 58, 55, 50, 67, 58, 56, 56, 57, 60, 61, 65, 71, 69, 70, 69, 73, 73, 77, 80, 83, 89, 94, 99, 104, 107, 111, 117, 122, 122, 126, 127, 130, 131, 132, 136, 137, 143, 141, 149, 144, 144, 144, 144, 141, 140, 139, 139, 139, 138, 137, 136, 137, 135, 136, 136, 137, 136, 137, 138, 135, 137, 136, 137, 137, 137, 139, 139, 142, 147, 149, 152, 151, 147, 144, 142, 142, 142, 141, 141, 141, 143, 142, 143, 142, 143, 142, 152, 143, 142, 143, 141, 143, 147, 143, 141, 141, 139, 142, 143, 143, 142, 141, 140, 139, 138, 139, 139, 136, 137, 137, 136, 136, 136, 136, 136, 134, 135, 135, 135, 139, 136, 137, 137, 136, 138, 136, 137, 139, 140, 139, 139, 138, 137, 138, 138, 138, 139, 137, 136, 134, 133, 132, 131, 129, 129, 126, 123, 120, 117, 115, 111, 109, 106, 100, 98, 95, 89, 85, 79, 75, 70, 66, 62, 59, 58, 56, 56, 56, 54, 53, 53, 52, 52, 52, 50, 50, 48, 51, 48, 50, 45, 47, 48, 50, 45, 47, 45, 45, 44, 44, 44, 47, 43, 41, 44, 41, 41, 42, 41, 42, 42, 41, 41, 40, 41, 41, 40, 40, 42, 40, 40, 39, 39, 39, 40]",128000000,500000,1583461250,45,0,"[49, 44, 53, 44, 46, 35, 49, 47, 48, 62, 49, 73, 49, 70, 53, 53, 63, 57, 56, 56, 57, 60, 58, 64, 140, 67, 66, 55, 74, 71, 73, 76, 75, 83, 79, 84, 83, 84, 84, 76, 90, 90, 92, 94, 84, 97, 98, 101, 100, 105, 108, 109, 112, 114, 115, 123, 121, 119, 124, 124, 126, 117, 130, 144, 132, 133, 122, 134, 133, 136, 134, 138, 137, 136, 138, 138, 136, 136, 126, 136, 137, 134, 137, 126, 138, 137, 137, 139, 137, 138, 136, 137, 135, 139, 154, 139, 138, 138, 137, 139, 126, 140, 137, 138, 139, 130, 142, 139, 140, 144, 140, 143, 142, 144, 143, 144, 141, 131, 145, 148, 146, 147, 137, 148, 145, 150, 149, 147, 148, 148, 147, 148, 147, 148, 148, 147, 142, 139, 137, 127, 135, 136, 134, 133, 122, 133, 133, 131, 130, 129, 129, 131, 132, 132, 131, 130, 119, 132, 136, 132, 131, 119, 152, 128, 152, 129, 119, 131, 132, 131, 131, 133, 132, 155, 135, 153, 129, 129, 117, 129, 127, 127, 127, 114, 151, 125, 151, 123, 121, 122, 120, 118, 116, 115, 112, 140, 111, 134, 105, 106, 89, 101, 100, 95, 94, 80, 89, 86, 93, 82, 89, 78, 76, 73, 71, 69, 71, 56, 66, 78, 61, 81, 49, 69, 55, 55, 55, 51, 52, 52, 60, 48, 75, 49, 47, 45, 45, 46, 45, 53, 44, 111, 42, 75, 32, 73, 41, 45, 41, 41, 42, 42, 43, 40, 65, 61]",128000000,500000,1224006250,42,0
0,2,0,"[41, 39, 40, 39, 40, 40, 41, 40, 39, 40, 40, 41, 41, 41, 41, 42, 42, 43, 42, 41, 41, 42, 43, 45, 42, 43, 43, 45, 50, 50, 48, 50, 99, 56, 72, 54, 59, 51, 52, 56, 51, 52, 57, 57, 52, 56, 58, 54, 58, 58, 64, 65, 68, 67, 70, 72, 74, 74, 76, 78, 85, 89, 95, 100, 102, 107, 111, 117, 123, 121, 124, 128, 129, 132, 133, 135, 137, 139, 140, 147, 143, 144, 144, 144, 142, 140, 139, 137, 136, 139, 136, 135, 137, 137, 137, 135, 137, 136, 136, 137, 136, 136, 135, 135, 137, 140, 139, 138, 140, 148, 152, 154, 153, 149, 141, 141, 141, 141, 141, 140, 141, 141, 142, 142, 142, 143, 143, 148, 145, 142, 141, 143, 141, 149, 141, 141, 141, 141, 142, 143, 142, 142, 141, 141, 138, 139, 138, 139, 138, 136, 136, 135, 135, 136, 136, 135, 135, 135, 134, 135, 137, 135, 136, 135, 136, 137, 136, 137, 136, 139, 139, 138, 138, 137, 139, 139, 138, 137, 137, 136, 135, 133, 133, 130, 129, 128, 125, 123, 120, 120, 116, 113, 110, 107, 103, 98, 95, 88, 84, 80, 76, 69, 65, 62, 60, 58, 58, 56, 56, 54, 55, 53, 52, 51, 51, 50, 50, 50, 48, 48, 51, 46, 47, 47, 51, 44, 45, 44, 43, 45, 43, 43, 49, 44, 43, 43, 41, 42, 40, 41, 41, 41, 40, 41, 40, 42, 39, 40, 39, 42, 40, 43, 40, 39, 39, 41]",128000000,500000,1583461250,45,0,"[42, 42, 33, 35, 35, 35, 35, 40, 36, 42, 39, 43, 40, 40, 43, 43, 43, 44, 49, 47, 54, 50, 53, 52, 53, 54, 56, 58, 59, 61, 61, 63, 67, 66, 66, 70, 71, 72, 74, 75, 77, 80, 78, 83, 84, 86, 88, 87, 92, 93, 95, 97, 100, 102, 108, 113, 118, 114, 112, 117, 114, 116, 117, 118, 120, 121, 121, 122, 123, 125, 125, 125, 125, 123, 126, 127, 125, 126, 125, 126, 125, 126, 124, 125, 126, 125, 126, 128, 125, 126, 125, 125, 126, 128, 130, 126, 127, 127, 127, 127, 127, 124, 126, 128, 127, 128, 131, 128, 129, 132, 132, 131, 130, 132, 132, 133, 135, 134, 133, 138, 135, 136, 136, 136, 137, 135, 138, 139, 135, 138, 136, 134, 132, 134, 135, 132, 130, 128, 126, 125, 126, 124, 123, 121, 120, 122, 118, 120, 121, 119, 120, 120, 121, 118, 120, 119, 121, 120, 125, 120, 128, 121, 150, 127, 120, 119, 120, 120, 123, 120, 119, 151, 117, 148, 118, 117, 117, 116, 117, 117, 116, 115, 147, 115, 147, 114, 113, 112, 110, 110, 106, 105, 104, 141, 101, 129, 96, 95, 93, 92, 89, 87, 86, 84, 83, 78, 80, 76, 78, 72, 70, 66, 63, 62, 61, 58, 58, 61, 54, 58, 50, 49, 49, 46, 46, 45, 46, 42, 45, 42, 54, 39, 53, 37, 36, 34, 36, 34, 35, 53, 36, 77, 32, 43, 32, 32, 34, 32, 33, 33, 31, 40, 41, 31, 85, 32]",128000000,500000,1224006250,39,0
0,2,0,"[41, 41, 38, 39, 41, 41, 39, 41, 39, 41, 40, 42, 40, 41, 41, 40, 43, 42, 42, 42, 42, 42, 43, 42, 42, 43, 43, 49, 46, 45, 49, 52, 93, 52, 70, 53, 46, 47, 54, 50, 53, 60, 54, 51, 59, 56, 58, 60, 60, 66, 64, 64, 67, 67, 69, 71, 79, 75, 77, 83, 83, 87, 92, 97, 102, 108, 112, 117, 120, 123, 126, 126, 130, 132, 133, 133, 137, 138, 139, 143, 141, 143, 143, 142, 140, 138, 138, 137, 137, 138, 138, 136, 137, 137, 138, 137, 138, 138, 138, 137, 140, 139, 139, 138, 138, 140, 138, 137, 141, 147, 152, 152, 151, 145, 143, 139, 140, 141, 140, 141, 141, 140, 141, 140, 141, 141, 143, 151, 144, 144, 142, 142, 141, 147, 143, 141, 142, 142, 143, 144, 144, 142, 142, 141, 140, 139, 137, 136, 137, 136, 135, 136, 135, 134, 135, 133, 134, 133, 133, 134, 137, 135, 134, 135, 134, 136, 137, 137, 138, 138, 138, 138, 139, 141, 139, 140, 138, 140, 137, 138, 136, 135, 134, 132, 129, 126, 125, 124, 120, 118, 115, 112, 108, 105, 99, 99, 94, 88, 84, 79, 73, 69, 69, 62, 60, 59, 58, 57, 56, 54, 54, 53, 53, 51, 51, 51, 51, 51, 49, 48, 52, 48, 49, 47, 49, 45, 47, 46, 42, 43, 43, 42, 48, 44, 42, 41, 42, 41, 40, 41, 41, 41, 41, 41, 41, 40, 41, 40, 39, 40, 41, 41, 40, 40, 39, 40]",128000000,500000,1583461250,45,0,"[41, 33, 35, 37, 34, 36, 35, 41, 36, 41, 38, 38, 41, 42, 42, 44, 48, 47, 48, 47, 52, 50, 49, 50, 51, 53, 54, 62, 57, 58, 59, 63, 65, 66, 65, 67, 71, 135, 73, 75, 78, 79, 81, 82, 82, 86, 89, 89, 91, 95, 94, 97, 99, 102, 105, 115, 111, 111, 112, 117, 115, 116, 117, 119, 121, 122, 121, 122, 124, 123, 124, 125, 125, 125, 127, 124, 155, 126, 124, 124, 124, 125, 125, 124, 125, 124, 124, 126, 123, 123, 126, 125, 125, 128, 131, 126, 125, 125, 125, 125, 126, 126, 125, 127, 127, 126, 129, 126, 127, 128, 129, 128, 129, 131, 131, 129, 132, 131, 133, 135, 134, 136, 138, 135, 136, 138, 138, 155, 137, 137, 138, 136, 139, 136, 139, 135, 131, 130, 130, 128, 128, 125, 125, 125, 123, 121, 121, 121, 122, 121, 120, 120, 122, 121, 120, 119, 120, 121, 126, 118, 126, 118, 118, 120, 118, 118, 117, 117, 117, 149, 117, 148, 116, 119, 115, 116, 116, 114, 115, 115, 144, 115, 145, 115, 115, 112, 110, 111, 110, 109, 107, 138, 105, 133, 101, 101, 97, 94, 95, 92, 91, 88, 87, 84, 82, 80, 79, 76, 73, 72, 70, 68, 65, 63, 61, 75, 57, 60, 54, 53, 52, 48, 49, 46, 45, 45, 48, 44, 49, 39, 45, 41, 37, 38, 37, 37, 39, 37, 34, 59, 33, 38, 32, 76, 33, 33, 35, 35, 32, 31, 40, 31, 40, 31, 89, 60]",128000000,500000,1224006250,39,0
0,2,0,"[41, 40, 39, 40, 41, 40, 39, 39, 40, 39, 41, 40, 40, 39, 42, 43, 42, 40, 40, 41, 42, 42, 42, 45, 44, 44, 44, 47, 52, 46, 52, 49, 96, 54, 70, 49, 47, 50, 52, 52, 51, 55, 59, 52, 53, 66, 58, 55, 61, 59, 62, 65, 66, 68, 69, 71, 72, 74, 79, 80, 84, 89, 92, 97, 103, 107, 112, 117, 121, 123, 125, 129, 130, 131, 133, 134, 136, 141, 144, 147, 143, 142, 143, 144, 142, 138, 138, 137, 137, 137, 138, 138, 137, 138, 137, 138, 138, 138, 138, 137, 137, 138, 139, 138, 138, 139, 138, 139, 141, 148, 152, 150, 153, 146, 144, 142, 142, 142, 140, 141, 140, 140, 141, 140, 142, 141, 143, 145, 144, 143, 142, 142, 142, 147, 143, 140, 142, 142, 142, 143, 144, 143, 141, 140, 140, 139, 139, 140, 138, 138, 137, 136, 135, 137, 135, 134, 136, 134, 137, 134, 138, 135, 133, 137, 135, 138, 136, 137, 137, 138, 139, 139, 138, 138, 139, 139, 140, 138, 138, 136, 136, 134, 133, 131, 129, 128, 125, 123, 122, 118, 115, 111, 108, 105, 102, 99, 93, 89, 86, 80, 74, 69, 64, 63, 60, 60, 57, 57, 57, 54, 53, 52, 54, 52, 51, 50, 50, 49, 49, 48, 51, 46, 48, 46, 49, 44, 46, 45, 46, 43, 42, 43, 48, 45, 42, 43, 42, 43, 42, 42, 42, 41, 39, 40, 39, 39, 40, 40, 40, 41, 40, 39, 38, 39, 39, 40]",128000000,500000,1583461250,45,0,"[40, 44, 44, 47, 44, 49, 45, 47, 47, 47, 47, 49, 51, 52, 51, 53, 103, 56, 55, 57, 58, 61, 60, 61, 62, 66, 66, 67, 71, 72, 73, 74, 76, 77, 77, 80, 83, 83, 86, 85, 88, 90, 94, 95, 96, 97, 98, 102, 102, 105, 107, 109, 110, 113, 115, 128, 119, 126, 122, 127, 126, 127, 127, 130, 130, 131, 133, 133, 134, 136, 137, 136, 136, 136, 136, 137, 137, 137, 137, 139, 138, 137, 138, 138, 138, 137, 136, 137, 137, 136, 136, 136, 138, 139, 139, 139, 138, 138, 138, 136, 138, 138, 138, 138, 138, 140, 139, 141, 140, 140, 140, 142, 143, 142, 143, 144, 142, 146, 147, 145, 147, 149, 146, 149, 146, 148, 152, 152, 151, 147, 148, 149, 146, 150, 146, 147, 145, 140, 141, 138, 138, 134, 134, 136, 132, 132, 134, 130, 130, 130, 129, 129, 128, 131, 130, 128, 130, 129, 137, 131, 129, 132, 134, 131, 131, 130, 132, 150, 132, 150, 132, 129, 130, 130, 130, 128, 129, 128, 144, 128, 147, 127, 126, 126, 126, 125, 125, 124, 121, 140, 120, 135, 115, 115, 114, 110, 110, 108, 106, 103, 102, 99, 99, 96, 94, 90, 89, 87, 84, 81, 79, 78, 77, 75, 74, 72, 69, 67, 67, 64, 63, 61, 59, 58, 59, 55, 60, 53, 53, 51, 50, 48, 48, 81, 46, 48, 46, 49, 45, 64, 43, 42, 69, 48, 41, 41, 41, 41, 47, 42, 49, 41, 42, 42, 59, 49]",128000000,500000,1224006250,39,0
0,2,0,"[38, 39, 40, 39, 40, 40, 40, 40, 39, 40, 40, 40, 40, 40, 40, 41, 42, 39, 42, 40, 41, 44, 43, 43, 44, 45, 45, 49, 48, 45, 52, 56, 95, 59, 69, 48, 56, 49, 51, 55, 59, 52, 64, 60, 55, 58, 55, 60, 61, 66, 63, 65, 64, 68, 73, 73, 74, 75, 76, 82, 84, 87, 93, 98, 102, 107, 112, 116, 119, 123, 126, 127, 129, 130, 133, 134, 138, 137, 141, 143, 139, 142, 144, 142, 143, 140, 138, 138, 138, 138, 139, 137, 138, 137, 136, 138, 137, 137, 138, 139, 137, 136, 138, 136, 139, 140, 138, 138, 140, 146, 150, 150, 152, 147, 144, 141, 142, 141, 141, 139, 141, 140, 142, 142, 142, 142, 140, 150, 143, 144, 143, 143, 143, 148, 141, 142, 141, 142, 143, 144, 142, 143, 140, 141, 141, 139, 140, 137, 138, 137, 138, 136, 136, 136, 135, 136, 136, 135, 135, 135, 139, 135, 135, 132, 137, 135, 136, 136, 137, 137, 139, 139, 138, 138, 138, 139, 139, 137, 138, 136, 136, 136, 133, 131, 129, 127, 125, 125, 121, 118, 115, 111, 110, 105, 104, 97, 94, 89, 85, 80, 74, 68, 65, 61, 61, 58, 57, 56, 55, 54, 54, 52, 54, 53, 50, 51, 50, 50, 49, 47, 53, 49, 48, 47, 50, 46, 46, 43, 44, 43, 44, 44, 49, 46, 41, 42, 41, 41, 42, 41, 42, 42, 42, 41, 40, 41, 41, 40, 41, 39, 39, 41, 39, 41, 41, 40]",128000000,500000,1583461250,45,0,"[43, 58, 45, 62, 42, 53, 47, 47, 48, 48, 50, 51, 54, 52, 66, 52, 60, 56, 57, 57, 56, 64, 59, 63, 63, 75, 65, 72, 69, 69, 71, 75, 75, 77, 78, 80, 83, 83, 86, 87, 89, 92, 94, 94, 96, 98, 101, 102, 102, 104, 106, 107, 109, 113, 113, 122, 124, 127, 123, 127, 123, 126, 127, 130, 131, 132, 132, 134, 134, 135, 137, 134, 138, 135, 138, 136, 139, 138, 137, 138, 138, 136, 135, 136, 136, 140, 138, 138, 137, 137, 138, 139, 139, 140, 140, 137, 138, 136, 138, 139, 138, 139, 138, 139, 140, 140, 137, 139, 139, 142, 141, 144, 143, 143, 144, 142, 145, 145, 147, 145, 145, 146, 145, 146, 149, 147, 147, 153, 146, 150, 145, 145, 143, 144, 149, 145, 145, 141, 140, 139, 138, 136, 135, 134, 133, 134, 133, 133, 132, 131, 132, 129, 129, 132, 130, 131, 130, 131, 134, 131, 132, 129, 130, 128, 130, 152, 129, 154, 129, 131, 129, 128, 128, 126, 129, 125, 151, 127, 150, 130, 127, 126, 127, 127, 125, 124, 123, 150, 122, 149, 120, 118, 117, 114, 112, 111, 110, 107, 108, 104, 104, 99, 101, 96, 92, 91, 90, 86, 85, 85, 82, 84, 77, 82, 74, 70, 70, 66, 65, 65, 62, 60, 68, 57, 73, 55, 56, 53, 51, 50, 50, 48, 48, 57, 46, 63, 47, 61, 43, 64, 44, 43, 64, 41, 43, 42, 65, 41, 60, 40, 40, 43, 41, 43, 46, 51]",128000000,500000,1224006250,42,0
0,2,0,"[40, 39, 40, 39, 40, 40, 39, 42, 40, 40, 40, 39, 41, 42, 43, 42, 41, 42, 41, 43, 42, 42, 42, 44, 41, 47, 48, 46, 46, 46, 46, 53, 94, 52, 69, 49, 52, 61, 55, 50, 52, 53, 57, 58, 60, 56, 53, 55, 59, 58, 62, 65, 66, 66, 70, 73, 72, 75, 76, 78, 83, 86, 95, 98, 103, 107, 112, 115, 119, 122, 125, 126, 129, 131, 133, 135, 137, 139, 142, 142, 143, 143, 144, 143, 141, 139, 138, 137, 137, 136, 136, 137, 139, 138, 138, 136, 136, 136, 136, 136, 136, 138, 136, 138, 138, 141, 139, 138, 143, 146, 151, 151, 151, 148, 142, 141, 140, 141, 142, 139, 140, 142, 140, 140, 141, 143, 142, 151, 143, 143, 142, 143, 142, 148, 141, 141, 142, 141, 141, 142, 142, 143, 143, 141, 141, 139, 138, 138, 138, 138, 139, 137, 136, 138, 136, 136, 136, 134, 137, 135, 138, 137, 136, 134, 135, 136, 136, 136, 137, 138, 139, 137, 138, 138, 138, 138, 137, 137, 137, 135, 134, 134, 133, 133, 129, 128, 125, 123, 120, 119, 116, 112, 108, 106, 102, 97, 95, 96, 85, 79, 73, 69, 64, 63, 59, 58, 57, 57, 56, 55, 55, 54, 52, 54, 52, 51, 50, 51, 50, 47, 52, 49, 48, 46, 50, 46, 48, 43, 44, 44, 44, 44, 46, 44, 43, 42, 41, 41, 42, 41, 42, 41, 41, 40, 39, 40, 41, 41, 40, 40, 40, 41, 40, 41, 40, 39]",128000000,500000,1583461250,45,0,"[33, 39, 33, 35, 33, 36, 37, 37, 37, 36, 41, 40, 42, 42, 43, 44, 43, 45, 45, 48, 46, 52, 47, 56, 52, 56, 54, 61, 58, 107, 59, 65, 64, 67, 69, 68, 71, 72, 73, 75, 76, 81, 83, 82, 83, 84, 88, 89, 90, 92, 95, 97, 99, 100, 103, 110, 111, 109, 110, 116, 113, 115, 116, 118, 121, 120, 122, 123, 158, 123, 123, 125, 125, 126, 127, 127, 126, 127, 127, 129, 126, 125, 124, 126, 126, 125, 125, 126, 125, 126, 126, 124, 127, 128, 127, 127, 125, 126, 125, 126, 125, 126, 126, 127, 128, 128, 127, 125, 128, 130, 129, 132, 129, 132, 132, 134, 134, 133, 135, 134, 137, 137, 135, 135, 137, 138, 137, 136, 134, 136, 137, 135, 134, 134, 136, 133, 130, 128, 128, 126, 126, 125, 122, 121, 123, 121, 121, 120, 120, 121, 121, 120, 119, 120, 120, 119, 120, 119, 123, 119, 119, 117, 118, 142, 118, 141, 117, 117, 117, 117, 115, 118, 118, 117, 148, 117, 144, 116, 116, 117, 116, 115, 115, 114, 114, 138, 113, 139, 111, 109, 109, 107, 105, 102, 102, 100, 135, 95, 99, 92, 90, 88, 84, 83, 81, 77, 77, 86, 72, 72, 70, 70, 64, 63, 60, 59, 59, 55, 55, 53, 55, 50, 53, 47, 45, 44, 44, 42, 41, 40, 41, 43, 39, 47, 37, 39, 35, 35, 34, 54, 33, 34, 80, 33, 38, 33, 78, 32, 31, 31, 33, 37, 33, 34, 32, 42]",128000000,500000,1224006250,42,0
0,2,0,"[39, 38, 39, 39, 39, 39, 39, 40, 40, 40, 41, 41, 40, 41, 42, 42, 40, 40, 42, 43, 43, 42, 43, 42, 46, 45, 46, 45, 53, 47, 48, 56, 94, 53, 72, 49, 50, 52, 49, 50, 57, 60, 54, 65, 62, 54, 54, 64, 58, 60, 62, 68, 66, 69, 70, 78, 73, 73, 76, 81, 83, 87, 93, 97, 103, 106, 110, 116, 121, 120, 124, 126, 129, 132, 134, 135, 140, 140, 142, 151, 143, 143, 144, 145, 141, 139, 138, 137, 138, 136, 137, 137, 136, 136, 137, 136, 137, 136, 137, 136, 137, 138, 137, 137, 138, 139, 139, 138, 142, 148, 151, 152, 153, 148, 144, 142, 141, 141, 141, 140, 140, 140, 141, 142, 142, 141, 141, 148, 144, 143, 143, 141, 143, 147, 142, 141, 141, 143, 141, 143, 144, 142, 141, 139, 139, 139, 140, 138, 137, 136, 138, 135, 137, 135, 137, 134, 135, 135, 136, 134, 138, 135, 135, 134, 133, 136, 135, 138, 138, 138, 138, 138, 139, 138, 138, 138, 138, 136, 137, 136, 134, 134, 132, 130, 130, 128, 126, 124, 121, 118, 115, 113, 112, 106, 102, 96, 94, 89, 83, 78, 73, 71, 65, 63, 60, 59, 58, 57, 55, 55, 54, 52, 53, 51, 52, 52, 51, 48, 48, 47, 51, 46, 47, 47, 49, 46, 47, 43, 43, 45, 42, 43, 48, 45, 42, 43, 42, 42, 43, 40, 41, 41, 41, 40, 40, 40, 41, 42, 40, 40, 39, 40, 40, 39, 39, 40]",128000000,500000,1583461250,45,0,"[37, 34, 33, 35, 33, 39, 35, 36, 86, 39, 42, 39, 41, 41, 43, 43, 43, 50, 48, 47, 48, 50, 51, 52, 55, 54, 55, 58, 63, 62, 63, 63, 66, 64, 67, 71, 70, 72, 73, 77, 76, 77, 78, 81, 83, 84, 86, 124, 90, 92, 95, 96, 99, 101, 106, 114, 121, 130, 111, 115, 112, 115, 116, 119, 119, 121, 120, 122, 124, 122, 127, 125, 126, 126, 125, 126, 125, 125, 126, 129, 126, 126, 127, 127, 126, 125, 126, 126, 126, 125, 127, 126, 126, 128, 138, 128, 126, 125, 125, 127, 124, 127, 124, 125, 126, 125, 126, 126, 125, 125, 128, 126, 128, 130, 129, 132, 130, 132, 133, 131, 135, 133, 134, 138, 134, 137, 136, 147, 138, 136, 136, 136, 135, 135, 137, 136, 132, 132, 129, 127, 128, 126, 124, 124, 123, 123, 122, 121, 120, 121, 122, 118, 121, 118, 119, 118, 117, 119, 121, 119, 118, 139, 119, 144, 116, 117, 118, 115, 117, 119, 117, 117, 148, 116, 146, 117, 117, 117, 115, 117, 115, 114, 115, 144, 112, 144, 112, 110, 109, 108, 107, 106, 104, 101, 135, 98, 127, 94, 93, 91, 91, 86, 84, 83, 82, 83, 78, 78, 72, 72, 69, 67, 64, 64, 60, 58, 57, 57, 58, 54, 54, 49, 49, 47, 45, 84, 45, 42, 42, 46, 38, 47, 39, 41, 37, 34, 34, 34, 35, 53, 37, 47, 39, 32, 41, 34, 33, 32, 32, 31, 32, 33, 32, 39, 33, 38]",128000000,500000,1224006250,39,0
0,2,0,"[41, 41, 39, 40, 38, 41, 39, 41, 40, 39, 41, 39, 41, 40, 41, 39, 39, 42, 42, 42, 42, 42, 44, 43, 42, 44, 45, 46, 47, 45, 48, 50, 97, 56, 71, 52, 52, 53, 52, 50, 61, 55, 53, 52, 54, 55, 55, 58, 64, 65, 64, 63, 65, 66, 68, 72, 73, 75, 77, 81, 84, 88, 93, 98, 104, 109, 112, 117, 121, 122, 126, 128, 129, 131, 133, 136, 139, 137, 139, 144, 139, 142, 144, 143, 141, 138, 138, 138, 138, 137, 139, 138, 138, 136, 138, 137, 137, 137, 139, 139, 139, 139, 138, 139, 141, 142, 142, 141, 143, 150, 150, 152, 152, 149, 143, 140, 141, 141, 141, 139, 139, 140, 140, 140, 139, 141, 138, 148, 142, 140, 141, 141, 140, 147, 142, 141, 141, 141, 141, 143, 144, 143, 143, 142, 141, 139, 140, 140, 139, 139, 140, 138, 139, 138, 140, 138, 137, 137, 137, 137, 140, 135, 136, 135, 135, 136, 136, 136, 137, 137, 138, 135, 136, 138, 137, 137, 137, 137, 136, 135, 134, 134, 132, 132, 127, 128, 127, 123, 121, 120, 117, 114, 111, 107, 103, 99, 95, 91, 83, 79, 75, 68, 64, 62, 60, 59, 58, 56, 57, 54, 53, 52, 53, 53, 51, 51, 51, 49, 49, 50, 51, 47, 48, 47, 50, 46, 48, 44, 45, 45, 45, 45, 47, 45, 43, 43, 43, 41, 41, 42, 42, 40, 40, 40, 40, 39, 40, 40, 40, 40, 40, 41, 40, 39, 39, 39]",128000000,500000,1583461250,45,0,"[35, 36, 43, 35, 46, 36, 51, 48, 53, 51, 43, 52, 51, 41, 54, 44, 58, 50, 45, 89, 48, 87, 52, 52, 65, 56, 67, 56, 59, 72, 65, 73, 69, 78, 65, 68, 83, 70, 88, 74, 78, 92, 81, 93, 83, 85, 99, 90, 101, 94, 105, 108, 99, 113, 102, 127, 107, 113, 125, 116, 127, 117, 118, 130, 121, 131, 122, 122, 138, 123, 136, 129, 137, 126, 127, 138, 125, 138, 126, 128, 138, 128, 137, 124, 129, 137, 127, 137, 125, 133, 139, 125, 138, 128, 139, 127, 125, 137, 125, 137, 127, 125, 133, 127, 138, 126, 127, 139, 127, 141, 127, 136, 129, 131, 145, 131, 146, 133, 134, 147, 136, 148, 138, 137, 146, 141, 149, 140, 152, 154, 139, 150, 138, 150, 140, 138, 145, 130, 142, 129, 127, 139, 126, 136, 124, 124, 130, 122, 133, 121, 134, 122, 121, 132, 121, 132, 119, 121, 139, 128, 135, 143, 119, 132, 120, 130, 120, 130, 131, 120, 154, 118, 155, 119, 119, 129, 118, 129, 117, 117, 129, 149, 125, 149, 113, 123, 111, 123, 108, 119, 107, 106, 147, 101, 145, 98, 95, 106, 91, 102, 89, 87, 97, 87, 92, 85, 87, 96, 73, 82, 69, 78, 66, 62, 74, 59, 90, 56, 64, 65, 51, 61, 49, 47, 58, 45, 54, 59, 54, 83, 39, 65, 39, 49, 37, 37, 46, 36, 67, 53, 56, 43, 49, 52, 31, 44, 42, 30, 42, 34, 44, 56, 32, 83, 92, 45]",128000000,500000,1224006250,42,0
0,2,0,"[41, 40, 41, 40, 41, 42, 41, 40, 41, 39, 40, 40, 41, 41, 41, 40, 42, 41, 42, 42, 42, 42, 44, 42, 44, 44, 45, 46, 49, 48, 49, 57, 98, 55, 69, 48, 48, 55, 51, 55, 56, 51, 54, 54, 58, 53, 56, 54, 59, 61, 61, 63, 68, 67, 70, 73, 76, 75, 77, 80, 85, 88, 93, 98, 103, 107, 114, 118, 120, 123, 125, 127, 131, 132, 132, 133, 136, 138, 143, 147, 142, 142, 143, 144, 141, 139, 140, 137, 138, 137, 138, 137, 138, 136, 138, 138, 137, 138, 139, 139, 140, 139, 137, 138, 139, 139, 141, 138, 143, 147, 151, 155, 150, 148, 143, 141, 141, 142, 140, 140, 141, 142, 141, 141, 141, 141, 141, 146, 143, 143, 142, 142, 141, 146, 142, 141, 141, 142, 143, 144, 144, 143, 142, 139, 140, 139, 138, 138, 138, 137, 137, 137, 138, 138, 136, 137, 136, 136, 135, 136, 140, 136, 136, 137, 136, 135, 137, 138, 137, 139, 138, 136, 137, 137, 139, 138, 138, 137, 137, 134, 135, 133, 133, 132, 130, 128, 125, 122, 121, 119, 116, 113, 112, 106, 103, 99, 93, 90, 83, 80, 74, 70, 66, 61, 59, 59, 59, 59, 55, 54, 55, 52, 53, 50, 52, 49, 50, 48, 49, 49, 51, 47, 49, 48, 50, 45, 45, 45, 44, 44, 43, 44, 48, 46, 43, 42, 42, 41, 41, 40, 42, 42, 40, 41, 40, 40, 39, 39, 40, 41, 40, 40, 40, 39, 38, 39]",128000000,500000,1583461250,45,0,"[51, 35, 34, 35, 45, 36, 46, 36, 39, 38, 37, 39, 41, 40, 42, 51, 43, 53, 44, 52, 48, 86, 48, 51, 51, 53, 56, 55, 61, 62, 64, 63, 65, 66, 67, 69, 71, 73, 73, 76, 75, 79, 80, 84, 86, 85, 86, 90, 91, 92, 95, 97, 99, 102, 103, 112, 111, 116, 112, 116, 154, 117, 116, 117, 120, 121, 122, 122, 125, 125, 124, 127, 126, 126, 127, 126, 126, 128, 127, 127, 126, 126, 127, 126, 127, 125, 125, 126, 123, 125, 126, 126, 128, 128, 128, 128, 125, 125, 125, 127, 124, 125, 126, 126, 127, 128, 126, 127, 127, 129, 129, 129, 128, 130, 131, 130, 132, 134, 135, 137, 136, 137, 138, 138, 141, 141, 139, 143, 139, 138, 140, 137, 138, 136, 139, 137, 131, 130, 129, 129, 126, 126, 127, 123, 123, 123, 123, 121, 121, 121, 121, 121, 119, 120, 119, 119, 122, 121, 125, 122, 122, 128, 122, 123, 120, 121, 125, 120, 150, 121, 150, 118, 119, 120, 122, 117, 117, 116, 115, 149, 116, 149, 115, 113, 114, 111, 110, 110, 108, 109, 140, 105, 135, 102, 101, 99, 97, 95, 94, 95, 88, 91, 86, 91, 81, 83, 79, 75, 73, 71, 70, 67, 66, 65, 68, 61, 63, 57, 54, 52, 50, 50, 49, 47, 45, 63, 45, 59, 43, 39, 41, 38, 40, 38, 38, 34, 43, 35, 87, 57, 43, 34, 33, 32, 31, 32, 42, 38, 32, 51, 33, 46, 31, 71, 33, 33]",128000000,500000,1224006250,39,0
0,2,0,"[40, 40, 41, 39, 40, 40, 41, 40, 42, 40, 40, 42, 40, 41, 41, 41, 43, 42, 41, 43, 42, 43, 45, 45, 42, 42, 47, 45, 51, 46, 48, 51, 99, 52, 69, 48, 48, 50, 51, 49, 66, 53, 56, 54, 52, 55, 63, 56, 69, 60, 63, 72, 66, 70, 69, 73, 72, 75, 81, 79, 85, 86, 96, 100, 104, 108, 112, 117, 121, 123, 128, 129, 131, 134, 135, 135, 137, 141, 144, 156, 143, 143, 144, 143, 142, 138, 136, 137, 139, 138, 137, 137, 138, 137, 138, 137, 137, 136, 138, 137, 137, 138, 138, 138, 138, 140, 142, 140, 144, 148, 150, 151, 152, 149, 143, 141, 142, 141, 141, 140, 141, 141, 140, 139, 141, 141, 142, 146, 145, 142, 141, 142, 141, 146, 141, 140, 141, 142, 143, 143, 144, 142, 142, 142, 141, 139, 139, 138, 137, 140, 138, 138, 138, 136, 137, 137, 135, 136, 135, 136, 139, 136, 136, 135, 135, 137, 135, 136, 138, 137, 136, 138, 139, 140, 137, 138, 138, 137, 138, 136, 134, 135, 133, 133, 132, 127, 125, 124, 120, 119, 117, 112, 110, 105, 103, 98, 94, 88, 84, 81, 74, 71, 65, 63, 61, 57, 59, 56, 56, 55, 53, 54, 52, 52, 50, 51, 51, 51, 49, 48, 50, 48, 47, 47, 50, 45, 47, 44, 44, 45, 43, 43, 48, 46, 43, 43, 43, 41, 42, 43, 43, 39, 40, 42, 41, 40, 42, 40, 39, 40, 42, 39, 40, 39, 41, 39]",128000000,500000,1583461250,45,0,"[83, 36, 73, 35, 82, 35, 38, 37, 38, 38, 38, 40, 41, 66, 42, 70, 45, 62, 46, 47, 51, 49, 49, 51, 62, 55, 75, 59, 76, 62, 61, 65, 63, 66, 67, 68, 71, 75, 75, 105, 78, 78, 81, 82, 84, 86, 87, 89, 92, 92, 93, 96, 99, 100, 104, 119, 111, 110, 113, 115, 114, 113, 118, 117, 120, 124, 122, 121, 124, 124, 125, 126, 122, 126, 123, 126, 127, 128, 127, 129, 125, 126, 125, 123, 126, 122, 124, 125, 124, 124, 124, 124, 126, 128, 126, 125, 121, 125, 123, 123, 124, 124, 124, 126, 124, 125, 126, 123, 128, 128, 129, 128, 130, 130, 129, 132, 134, 133, 132, 137, 136, 139, 140, 141, 140, 142, 143, 142, 140, 141, 142, 136, 137, 136, 139, 138, 133, 130, 130, 125, 126, 125, 122, 123, 121, 122, 121, 121, 119, 121, 119, 119, 119, 119, 120, 118, 118, 120, 123, 120, 121, 120, 119, 118, 120, 119, 153, 120, 151, 120, 119, 119, 119, 119, 117, 118, 117, 153, 115, 154, 114, 114, 114, 113, 113, 113, 111, 111, 149, 109, 148, 105, 104, 101, 101, 97, 97, 96, 92, 105, 90, 102, 86, 89, 81, 80, 78, 75, 73, 71, 77, 65, 84, 64, 79, 60, 57, 66, 54, 52, 51, 53, 49, 82, 46, 77, 45, 42, 41, 40, 39, 39, 39, 36, 67, 37, 76, 35, 62, 52, 35, 67, 33, 33, 34, 56, 32, 77, 33, 61, 30, 33, 32, 34, 37, 32]",128000000,500000,1224006250,39,0
0,2,0,"[40, 41, 41, 40, 40, 41, 40, 40, 40, 42, 41, 41, 39, 39, 42, 41, 41, 41, 41, 40, 40, 43, 42, 44, 45, 43, 45, 46, 49, 47, 49, 55, 100, 60, 69, 49, 55, 61, 61, 53, 74, 58, 54, 52, 58, 59, 53, 58, 61, 58, 64, 66, 67, 67, 71, 75, 72, 75, 77, 82, 85, 87, 94, 97, 104, 109, 112, 117, 122, 123, 125, 129, 131, 132, 135, 135, 137, 140, 144, 155, 144, 142, 144, 143, 141, 140, 136, 138, 138, 137, 136, 135, 137, 137, 135, 136, 137, 136, 137, 139, 138, 137, 137, 138, 140, 140, 140, 140, 142, 149, 151, 152, 152, 149, 144, 142, 142, 142, 141, 140, 141, 141, 141, 141, 142, 140, 140, 152, 142, 141, 144, 141, 141, 145, 142, 143, 140, 142, 143, 143, 144, 143, 142, 142, 141, 141, 139, 138, 140, 138, 138, 138, 137, 137, 137, 137, 137, 137, 137, 135, 140, 137, 136, 136, 135, 135, 135, 137, 136, 137, 137, 137, 137, 138, 137, 139, 138, 136, 135, 137, 136, 134, 132, 132, 130, 127, 127, 125, 123, 119, 118, 112, 108, 107, 103, 100, 94, 89, 83, 80, 75, 70, 66, 61, 60, 59, 58, 57, 56, 55, 54, 54, 52, 51, 50, 51, 50, 50, 47, 49, 51, 47, 48, 45, 51, 43, 47, 45, 44, 43, 43, 43, 49, 45, 43, 42, 42, 41, 41, 41, 42, 40, 41, 40, 41, 40, 40, 39, 41, 42, 39, 40, 40, 38, 38, 42]",128000000,500000,1583461250,45,0,"[73, 34, 72, 39, 36, 36, 34, 37, 38, 38, 39, 75, 43, 77, 45, 42, 45, 49, 44, 47, 49, 50, 63, 50, 70, 52, 65, 55, 60, 60, 64, 64, 68, 65, 65, 74, 69, 73, 72, 75, 76, 79, 82, 82, 82, 86, 88, 90, 91, 93, 94, 96, 99, 100, 102, 109, 111, 120, 112, 114, 113, 115, 117, 117, 120, 122, 122, 123, 124, 126, 122, 127, 123, 125, 128, 128, 127, 127, 127, 129, 126, 123, 125, 124, 126, 125, 126, 126, 124, 125, 125, 126, 124, 124, 124, 126, 124, 123, 125, 126, 125, 127, 125, 127, 126, 122, 128, 124, 128, 129, 129, 130, 130, 131, 131, 132, 130, 135, 132, 138, 136, 138, 139, 137, 141, 138, 140, 143, 138, 137, 136, 136, 137, 134, 138, 134, 132, 130, 128, 128, 122, 126, 122, 123, 122, 121, 121, 119, 121, 120, 119, 119, 119, 119, 120, 121, 117, 119, 125, 120, 119, 123, 121, 129, 155, 119, 126, 122, 121, 124, 120, 120, 122, 128, 120, 154, 118, 152, 118, 117, 117, 116, 114, 116, 114, 112, 151, 111, 116, 107, 108, 104, 103, 102, 101, 99, 96, 131, 92, 103, 88, 90, 85, 82, 83, 77, 77, 75, 80, 69, 83, 67, 75, 62, 60, 58, 58, 55, 54, 59, 51, 78, 48, 74, 47, 45, 45, 42, 42, 40, 41, 39, 69, 39, 71, 36, 42, 35, 34, 52, 75, 103, 34, 53, 33, 71, 31, 72, 31, 33, 37, 32, 33, 34, 46, 33]",128000000,500000,1224006250,39,0
0,2,0,"[41, 40, 40, 41, 40, 40, 39, 39, 40, 41, 41, 42, 40, 39, 40, 42, 40, 40, 44, 42, 43, 44, 44, 44, 44, 44, 45, 45, 52, 45, 47, 54, 100, 56, 68, 53, 58, 70, 58, 68, 59, 51, 57, 59, 56, 59, 55, 56, 64, 65, 64, 65, 64, 67, 71, 72, 73, 74, 76, 79, 85, 86, 93, 98, 105, 107, 113, 115, 121, 123, 126, 127, 130, 132, 134, 136, 138, 139, 144, 159, 144, 143, 144, 141, 140, 141, 138, 137, 138, 137, 138, 136, 137, 138, 137, 138, 138, 136, 138, 137, 138, 136, 139, 139, 139, 140, 139, 139, 143, 148, 150, 151, 151, 147, 144, 139, 143, 141, 143, 140, 141, 141, 141, 140, 140, 140, 140, 145, 144, 141, 141, 141, 141, 147, 141, 141, 141, 142, 142, 142, 143, 142, 141, 141, 140, 140, 142, 138, 139, 139, 137, 139, 139, 138, 138, 138, 137, 136, 136, 137, 140, 137, 135, 136, 136, 135, 137, 137, 137, 138, 138, 137, 137, 138, 138, 139, 137, 138, 136, 137, 136, 135, 134, 133, 130, 129, 127, 125, 122, 119, 116, 113, 112, 107, 102, 98, 98, 90, 83, 80, 73, 69, 63, 63, 60, 59, 58, 56, 56, 55, 55, 53, 53, 52, 52, 50, 50, 48, 49, 48, 52, 46, 49, 47, 49, 47, 47, 45, 43, 45, 44, 43, 49, 44, 43, 41, 43, 42, 42, 41, 42, 41, 40, 40, 39, 40, 41, 41, 40, 42, 41, 40, 40, 41, 40, 42]",128000000,500000,1583461250,45,0,"[55, 35, 35, 35, 34, 37, 37, 40, 39, 69, 39, 72, 42, 69, 41, 44, 47, 43, 45, 49, 61, 49, 61, 49, 60, 55, 53, 55, 55, 58, 60, 63, 63, 69, 67, 72, 70, 70, 73, 75, 77, 80, 81, 81, 83, 84, 87, 87, 92, 92, 94, 98, 126, 102, 104, 127, 107, 107, 112, 115, 114, 116, 118, 119, 120, 121, 121, 123, 124, 125, 122, 127, 125, 126, 126, 127, 127, 127, 126, 126, 126, 124, 125, 126, 126, 124, 126, 124, 126, 125, 124, 141, 123, 126, 127, 127, 126, 126, 126, 125, 126, 125, 127, 125, 126, 126, 127, 130, 129, 131, 130, 132, 132, 132, 131, 131, 130, 134, 134, 136, 137, 135, 136, 136, 137, 135, 136, 136, 135, 135, 135, 134, 136, 133, 134, 133, 129, 129, 124, 126, 123, 123, 124, 122, 122, 120, 119, 121, 121, 117, 122, 122, 119, 118, 121, 121, 119, 119, 125, 120, 128, 121, 152, 122, 153, 123, 121, 121, 120, 122, 120, 122, 121, 151, 120, 125, 119, 118, 119, 120, 117, 114, 119, 115, 151, 113, 150, 110, 109, 108, 105, 104, 102, 101, 99, 143, 96, 104, 93, 90, 88, 86, 84, 83, 79, 76, 83, 74, 84, 71, 81, 67, 65, 63, 60, 59, 57, 64, 54, 73, 52, 73, 48, 47, 47, 45, 45, 43, 42, 40, 84, 39, 70, 37, 36, 37, 34, 34, 34, 53, 33, 56, 77, 67, 32, 60, 31, 33, 34, 32, 32, 33, 42, 32, 71, 36]",128000000,500000,1224006250,39,0
0,2,0,"[40, 38, 39, 41, 41, 39, 40, 39, 41, 38, 41, 39, 39, 41, 41, 40, 41, 41, 40, 43, 43, 42, 41, 43, 46, 43, 44, 46, 48, 45, 49, 51, 99, 55, 68, 53, 49, 62, 52, 58, 66, 56, 55, 57, 56, 63, 65, 58, 56, 68, 62, 63, 66, 69, 70, 74, 73, 74, 78, 81, 83, 87, 91, 99, 102, 108, 113, 117, 120, 123, 125, 128, 130, 130, 133, 135, 138, 139, 142, 146, 141, 143, 144, 144, 142, 138, 138, 137, 137, 136, 137, 137, 135, 135, 135, 138, 138, 138, 136, 138, 137, 138, 138, 137, 140, 139, 139, 140, 143, 147, 150, 151, 150, 147, 143, 142, 142, 140, 140, 141, 140, 141, 140, 139, 139, 142, 142, 150, 144, 141, 141, 142, 141, 146, 142, 142, 142, 140, 143, 143, 144, 144, 143, 140, 140, 140, 138, 139, 138, 140, 136, 138, 138, 139, 138, 136, 137, 137, 137, 135, 140, 135, 137, 137, 136, 135, 135, 138, 138, 139, 136, 139, 138, 138, 138, 138, 139, 137, 138, 134, 136, 134, 134, 132, 130, 129, 127, 124, 121, 118, 116, 112, 110, 106, 102, 99, 95, 88, 84, 80, 74, 68, 66, 63, 60, 59, 56, 56, 55, 55, 54, 52, 53, 51, 51, 51, 50, 49, 47, 48, 52, 46, 49, 45, 49, 45, 47, 45, 43, 44, 44, 43, 48, 44, 43, 41, 42, 41, 41, 41, 41, 40, 40, 40, 39, 40, 40, 40, 39, 41, 40, 40, 40, 40, 40, 39]",128000000,500000,1583461250,45,0,"[35, 34, 34, 34, 35, 37, 37, 67, 37, 69, 40, 41, 40, 40, 41, 41, 43, 42, 61, 45, 67, 49, 66, 52, 55, 51, 54, 55, 57, 65, 59, 88, 62, 69, 65, 70, 69, 70, 72, 74, 79, 78, 83, 83, 82, 86, 87, 88, 92, 94, 95, 96, 99, 99, 104, 114, 108, 112, 111, 116, 115, 117, 117, 118, 120, 123, 121, 123, 122, 123, 125, 126, 128, 126, 129, 126, 126, 126, 126, 125, 125, 127, 127, 125, 126, 126, 124, 127, 121, 124, 123, 125, 128, 126, 128, 126, 124, 126, 126, 123, 125, 122, 126, 124, 126, 124, 126, 127, 127, 130, 128, 129, 129, 133, 132, 134, 134, 135, 135, 136, 137, 138, 139, 137, 138, 138, 140, 146, 140, 140, 138, 133, 136, 135, 131, 134, 129, 128, 125, 125, 125, 123, 123, 123, 123, 122, 120, 118, 119, 118, 120, 119, 119, 120, 121, 119, 120, 118, 128, 120, 135, 121, 119, 121, 121, 120, 120, 122, 121, 127, 120, 153, 119, 120, 119, 117, 117, 117, 118, 118, 151, 114, 152, 114, 120, 112, 112, 109, 109, 108, 106, 109, 103, 144, 100, 143, 96, 94, 93, 90, 90, 86, 83, 82, 88, 80, 88, 74, 79, 74, 70, 67, 66, 63, 61, 66, 57, 74, 54, 71, 51, 50, 48, 47, 47, 44, 47, 43, 66, 40, 68, 39, 37, 37, 35, 37, 35, 35, 36, 61, 35, 68, 33, 46, 32, 33, 30, 31, 81, 33, 46, 34, 68, 32, 64, 31]",128000000,500000,1224006250,39,0
0,2,0,"[40, 40, 41, 41, 38, 39, 41, 41, 38, 40, 41, 41, 39, 40, 42, 40, 42, 41, 41, 42, 43, 43, 44, 45, 44, 43, 45, 45, 51, 46, 48, 55, 97, 55, 70, 47, 51, 56, 52, 51, 55, 55, 61, 50, 56, 55, 58, 58, 58, 60, 62, 69, 67, 67, 69, 73, 75, 76, 82, 82, 84, 87, 94, 99, 104, 109, 115, 117, 121, 122, 126, 129, 131, 133, 135, 136, 138, 139, 144, 152, 143, 143, 142, 143, 140, 138, 138, 137, 139, 138, 136, 135, 137, 136, 135, 136, 137, 137, 136, 137, 138, 137, 138, 137, 139, 141, 140, 140, 142, 146, 151, 149, 150, 148, 144, 142, 143, 141, 143, 141, 141, 142, 141, 141, 143, 140, 142, 147, 143, 142, 143, 141, 141, 145, 142, 141, 142, 142, 143, 143, 143, 143, 142, 141, 141, 141, 140, 140, 139, 139, 138, 139, 137, 138, 137, 136, 136, 135, 136, 137, 139, 135, 136, 135, 136, 135, 136, 135, 136, 137, 138, 137, 139, 138, 139, 138, 140, 138, 136, 138, 138, 135, 135, 133, 131, 130, 128, 123, 121, 119, 116, 112, 109, 106, 101, 97, 96, 89, 83, 81, 75, 71, 65, 62, 60, 57, 58, 57, 56, 55, 54, 53, 52, 53, 53, 50, 50, 48, 48, 50, 51, 48, 48, 48, 50, 45, 45, 46, 44, 43, 46, 42, 50, 43, 43, 41, 43, 41, 42, 41, 42, 40, 41, 39, 41, 39, 41, 41, 40, 40, 39, 40, 40, 39, 40, 40]",128000000,500000,1583461250,45,0,"[44, 33, 34, 39, 34, 61, 35, 57, 37, 39, 38, 39, 45, 44, 41, 41, 57, 45, 60, 47, 53, 46, 51, 50, 51, 53, 58, 57, 57, 67, 64, 63, 63, 65, 68, 67, 70, 72, 75, 75, 77, 79, 79, 81, 84, 85, 87, 88, 91, 92, 95, 97, 100, 102, 106, 112, 110, 111, 113, 116, 115, 117, 119, 119, 119, 122, 121, 124, 124, 125, 125, 127, 125, 128, 125, 126, 125, 124, 127, 128, 125, 125, 125, 125, 125, 125, 124, 125, 124, 124, 124, 123, 126, 127, 127, 126, 127, 124, 125, 124, 126, 126, 127, 127, 128, 129, 126, 127, 130, 136, 130, 134, 131, 133, 134, 135, 136, 138, 138, 138, 138, 136, 138, 135, 138, 135, 136, 139, 136, 136, 133, 132, 129, 131, 129, 128, 127, 126, 124, 125, 123, 122, 121, 122, 119, 119, 120, 120, 120, 121, 120, 122, 120, 120, 124, 122, 124, 124, 129, 123, 123, 123, 122, 123, 123, 121, 122, 151, 120, 153, 119, 126, 120, 120, 119, 117, 118, 117, 122, 116, 150, 114, 116, 113, 112, 111, 109, 108, 107, 147, 106, 146, 104, 109, 101, 98, 96, 94, 93, 90, 89, 87, 91, 81, 89, 77, 76, 75, 73, 72, 69, 66, 64, 70, 62, 71, 59, 69, 54, 51, 50, 50, 49, 47, 52, 44, 64, 42, 62, 41, 40, 38, 36, 37, 37, 35, 36, 57, 36, 69, 35, 34, 34, 33, 33, 54, 39, 32, 47, 32, 55, 33, 52, 59, 33, 33]",128000000,500000,1224006250,39,0
0,2,0,"[39, 39, 41, 41, 40, 40, 40, 42, 41, 41, 40, 42, 41, 41, 42, 41, 41, 42, 43, 41, 41, 41, 41, 43, 44, 44, 44, 44, 51, 51, 48, 52, 100, 54, 76, 60, 59, 56, 54, 53, 65, 51, 53, 53, 55, 53, 58, 64, 61, 59, 63, 63, 68, 66, 69, 70, 76, 74, 75, 80, 84, 88, 94, 97, 102, 107, 112, 116, 123, 123, 125, 128, 131, 133, 134, 136, 137, 140, 141, 149, 141, 143, 145, 141, 141, 139, 137, 138, 137, 137, 138, 137, 138, 137, 137, 137, 136, 137, 138, 137, 138, 139, 139, 139, 139, 140, 140, 139, 142, 149, 150, 149, 152, 147, 142, 141, 140, 142, 142, 142, 140, 141, 140, 143, 142, 141, 141, 154, 148, 141, 142, 142, 142, 147, 143, 142, 140, 140, 142, 142, 143, 143, 143, 142, 141, 141, 141, 140, 140, 139, 139, 138, 136, 139, 136, 136, 136, 137, 137, 136, 139, 134, 136, 135, 135, 135, 136, 136, 134, 137, 136, 138, 138, 138, 138, 139, 139, 139, 138, 138, 137, 135, 135, 133, 131, 130, 127, 125, 121, 118, 115, 114, 110, 106, 103, 97, 94, 90, 83, 80, 74, 68, 67, 63, 60, 58, 58, 57, 55, 56, 53, 53, 54, 52, 51, 52, 49, 50, 49, 48, 50, 47, 47, 47, 52, 45, 47, 44, 46, 45, 45, 43, 48, 45, 44, 43, 41, 41, 40, 41, 42, 40, 40, 39, 42, 41, 41, 40, 40, 39, 39, 40, 39, 41, 40, 39]",128000000,500000,1583461250,45,0,"[34, 43, 33, 47, 35, 69, 35, 37, 36, 39, 39, 37, 40, 41, 49, 44, 51, 43, 46, 47, 46, 50, 49, 54, 51, 55, 57, 61, 57, 64, 61, 64, 62, 67, 66, 68, 70, 70, 75, 75, 78, 80, 81, 80, 121, 85, 87, 88, 92, 92, 96, 98, 100, 103, 104, 113, 110, 115, 112, 117, 115, 117, 116, 120, 121, 122, 124, 125, 126, 124, 127, 127, 125, 126, 126, 126, 126, 125, 126, 128, 124, 125, 125, 150, 125, 124, 123, 124, 124, 125, 125, 125, 127, 126, 127, 125, 124, 124, 126, 125, 124, 128, 125, 125, 126, 127, 129, 130, 130, 140, 130, 134, 132, 133, 135, 135, 135, 135, 135, 137, 137, 137, 136, 137, 136, 137, 136, 137, 134, 137, 135, 131, 130, 131, 132, 130, 127, 127, 126, 125, 125, 123, 122, 123, 123, 123, 120, 121, 120, 120, 122, 121, 119, 121, 120, 121, 122, 120, 123, 121, 120, 121, 122, 123, 122, 150, 122, 151, 121, 119, 119, 120, 116, 121, 115, 116, 150, 116, 150, 117, 117, 114, 115, 112, 112, 114, 112, 142, 109, 144, 106, 107, 104, 100, 100, 100, 97, 95, 103, 92, 98, 87, 92, 83, 80, 79, 76, 74, 71, 70, 69, 73, 64, 68, 62, 64, 57, 57, 53, 51, 50, 50, 68, 45, 62, 44, 53, 42, 40, 40, 40, 37, 37, 40, 37, 50, 35, 50, 36, 54, 58, 31, 32, 32, 44, 32, 48, 31, 46, 32, 40, 34, 37, 33, 33, 34]",128000000,500000,1224006250,39,0
0,2,0,"[41, 40, 40, 39, 40, 40, 41, 41, 40, 40, 39, 41, 41, 41, 41, 40, 41, 42, 42, 42, 42, 42, 43, 42, 44, 46, 45, 45, 48, 47, 49, 52, 95, 52, 76, 50, 51, 53, 49, 49, 56, 72, 57, 57, 63, 54, 63, 57, 60, 63, 65, 65, 68, 66, 70, 74, 79, 76, 78, 80, 83, 88, 93, 99, 101, 108, 112, 117, 123, 122, 126, 127, 131, 131, 133, 136, 139, 140, 141, 153, 143, 144, 144, 143, 144, 139, 138, 138, 138, 138, 137, 138, 136, 138, 138, 137, 136, 137, 137, 138, 138, 136, 137, 138, 139, 140, 139, 139, 142, 146, 147, 151, 150, 146, 142, 141, 143, 143, 142, 139, 141, 141, 142, 142, 141, 143, 144, 151, 146, 143, 144, 142, 143, 148, 143, 141, 142, 142, 141, 143, 142, 143, 141, 143, 140, 141, 142, 140, 140, 138, 138, 139, 138, 137, 136, 137, 136, 137, 137, 136, 139, 135, 137, 137, 137, 137, 137, 136, 138, 138, 137, 139, 139, 140, 139, 139, 138, 138, 137, 138, 137, 135, 135, 131, 131, 128, 126, 122, 121, 118, 117, 113, 110, 105, 101, 99, 93, 89, 84, 79, 74, 70, 66, 63, 59, 59, 58, 56, 55, 55, 54, 53, 53, 52, 51, 50, 50, 51, 48, 48, 50, 48, 47, 47, 50, 44, 46, 46, 44, 44, 44, 42, 48, 45, 43, 42, 42, 40, 40, 42, 41, 42, 41, 42, 40, 42, 40, 39, 40, 40, 42, 41, 38, 40, 40, 40]",128000000,500000,1583461250,45,0,"[36, 62, 35, 55, 35, 35, 36, 37, 36, 39, 42, 40, 59, 40, 63, 45, 43, 46, 46, 49, 47, 49, 50, 84, 64, 63, 56, 59, 57, 60, 61, 62, 65, 64, 68, 68, 73, 71, 74, 75, 76, 78, 80, 82, 83, 86, 87, 91, 89, 92, 96, 96, 99, 101, 105, 109, 107, 110, 109, 118, 113, 115, 118, 119, 121, 122, 124, 122, 123, 125, 125, 122, 123, 125, 125, 125, 127, 124, 125, 128, 126, 125, 123, 126, 141, 126, 124, 124, 124, 125, 124, 124, 127, 123, 128, 125, 126, 123, 125, 127, 124, 127, 125, 128, 125, 127, 129, 129, 130, 140, 131, 134, 133, 135, 133, 135, 134, 135, 137, 136, 139, 137, 139, 136, 140, 137, 134, 145, 133, 139, 136, 135, 133, 132, 133, 131, 130, 127, 126, 124, 124, 120, 122, 123, 120, 121, 120, 121, 118, 120, 123, 118, 122, 117, 120, 118, 119, 119, 123, 119, 119, 119, 116, 152, 119, 154, 119, 119, 118, 119, 120, 119, 117, 117, 153, 118, 152, 119, 118, 121, 115, 116, 116, 114, 114, 148, 113, 150, 112, 112, 108, 107, 104, 103, 101, 100, 142, 96, 109, 91, 97, 89, 85, 82, 82, 80, 76, 73, 73, 80, 69, 81, 64, 68, 60, 60, 57, 57, 53, 53, 60, 49, 69, 47, 65, 43, 44, 42, 41, 39, 39, 41, 38, 67, 37, 64, 36, 35, 35, 52, 73, 32, 31, 33, 59, 32, 59, 32, 55, 33, 32, 33, 31, 31, 63, 52]",128000000,500000,1224006250,39,0
0,2,0,"[39, 40, 42, 41, 40, 42, 44, 40, 41, 42, 41, 41, 41, 42, 44, 44, 43, 43, 45, 44, 45, 43, 45, 44, 43, 48, 45, 49, 46, 47, 48, 50, 100, 53, 68, 52, 56, 65, 52, 62, 54, 66, 57, 56, 75, 56, 56, 60, 67, 61, 65, 67, 66, 69, 70, 73, 73, 80, 80, 81, 88, 87, 98, 98, 102, 110, 112, 116, 120, 122, 125, 127, 128, 131, 134, 137, 141, 141, 145, 148, 144, 144, 146, 144, 141, 139, 142, 139, 141, 139, 140, 137, 139, 137, 138, 136, 139, 139, 138, 138, 137, 137, 138, 138, 139, 139, 140, 142, 144, 144, 148, 147, 149, 147, 144, 144, 144, 144, 145, 143, 149, 146, 145, 144, 144, 146, 148, 158, 156, 150, 145, 145, 146, 149, 144, 144, 146, 144, 144, 144, 143, 143, 144, 141, 143, 139, 144, 141, 139, 143, 140, 141, 141, 146, 138, 142, 145, 140, 137, 140, 142, 138, 139, 138, 137, 138, 139, 139, 140, 139, 141, 141, 139, 142, 139, 141, 142, 140, 139, 137, 137, 135, 136, 134, 132, 129, 128, 124, 123, 121, 118, 113, 112, 107, 104, 100, 94, 90, 85, 81, 75, 70, 67, 63, 62, 62, 59, 59, 56, 56, 56, 54, 54, 56, 51, 52, 53, 49, 50, 48, 53, 48, 51, 47, 48, 46, 46, 47, 47, 45, 44, 45, 50, 45, 44, 43, 43, 44, 43, 44, 41, 40, 42, 42, 42, 42, 42, 43, 39, 42, 41, 42, 42, 42, 40, 41]",128000000,500000,1583461250,45,0,"[33, 38, 34, 36, 35, 35, 35, 36, 39, 39, 45, 39, 46, 44, 43, 44, 48, 46, 47, 48, 47, 53, 50, 57, 52, 53, 55, 57, 56, 59, 61, 62, 62, 62, 66, 68, 71, 68, 72, 77, 76, 78, 81, 83, 85, 85, 87, 91, 92, 93, 97, 98, 100, 104, 106, 125, 115, 111, 113, 117, 117, 117, 118, 121, 120, 121, 125, 121, 123, 123, 125, 125, 123, 125, 126, 125, 127, 123, 125, 126, 123, 124, 122, 124, 123, 124, 124, 122, 124, 126, 125, 125, 126, 125, 128, 128, 126, 126, 127, 125, 126, 128, 127, 129, 127, 131, 130, 129, 134, 135, 133, 136, 133, 135, 135, 138, 138, 139, 138, 138, 141, 141, 141, 140, 144, 139, 144, 147, 139, 145, 137, 142, 133, 134, 136, 132, 133, 129, 131, 128, 127, 126, 124, 124, 123, 121, 121, 122, 123, 122, 122, 121, 120, 118, 120, 118, 119, 118, 124, 117, 118, 141, 120, 150, 120, 134, 119, 120, 120, 118, 120, 119, 149, 118, 150, 118, 118, 117, 118, 126, 116, 116, 117, 145, 114, 144, 115, 113, 112, 112, 109, 109, 107, 105, 140, 101, 134, 96, 95, 91, 91, 88, 87, 85, 81, 81, 78, 78, 74, 73, 70, 66, 63, 61, 62, 62, 56, 56, 58, 51, 58, 49, 52, 46, 45, 45, 43, 42, 40, 40, 39, 47, 38, 46, 36, 37, 36, 36, 34, 52, 35, 33, 45, 46, 46, 33, 35, 34, 32, 32, 31, 33, 33, 35, 33, 41]",128000000,500000,1224006250,39,0
0,2,0,"[42, 41, 40, 40, 41, 41, 39, 41, 42, 40, 42, 42, 41, 42, 42, 42, 43, 42, 41, 44, 44, 45, 44, 44, 45, 43, 45, 52, 51, 46, 51, 54, 97, 56, 70, 51, 54, 50, 58, 55, 52, 54, 59, 59, 61, 55, 59, 58, 61, 63, 66, 65, 67, 68, 70, 76, 72, 82, 79, 81, 84, 87, 94, 98, 103, 108, 111, 115, 119, 121, 127, 128, 133, 133, 135, 136, 138, 139, 142, 146, 143, 144, 143, 144, 142, 141, 140, 140, 139, 139, 138, 138, 137, 135, 137, 137, 137, 137, 138, 138, 138, 137, 138, 138, 141, 139, 142, 140, 142, 148, 149, 149, 149, 146, 144, 143, 146, 144, 144, 145, 142, 144, 143, 143, 145, 146, 147, 157, 152, 147, 149, 144, 145, 149, 145, 145, 144, 144, 143, 143, 146, 145, 143, 143, 143, 142, 140, 140, 140, 141, 140, 139, 137, 140, 137, 138, 138, 139, 138, 139, 141, 135, 138, 141, 139, 139, 139, 139, 139, 140, 139, 141, 142, 143, 140, 141, 140, 137, 139, 138, 137, 134, 135, 131, 129, 128, 126, 124, 123, 119, 116, 113, 111, 107, 103, 99, 95, 90, 85, 80, 75, 71, 66, 63, 62, 59, 59, 58, 58, 56, 56, 53, 54, 52, 53, 52, 52, 51, 48, 49, 51, 47, 49, 48, 49, 47, 47, 47, 46, 45, 43, 46, 51, 46, 43, 43, 45, 42, 43, 42, 42, 40, 42, 40, 41, 42, 39, 40, 41, 41, 41, 41, 42, 39, 41, 40]",128000000,500000,1583461250,45,0,"[33, 35, 34, 33, 34, 34, 37, 38, 42, 39, 40, 41, 40, 42, 43, 43, 48, 45, 48, 48, 50, 47, 49, 52, 56, 53, 54, 57, 57, 58, 60, 61, 64, 62, 66, 70, 89, 70, 74, 74, 77, 81, 82, 83, 84, 86, 89, 90, 93, 93, 93, 98, 100, 103, 107, 113, 111, 113, 112, 115, 114, 116, 116, 118, 119, 120, 120, 120, 121, 123, 123, 124, 123, 124, 124, 151, 124, 124, 125, 130, 125, 124, 125, 125, 123, 126, 125, 124, 126, 125, 126, 124, 127, 128, 129, 130, 127, 126, 127, 127, 128, 129, 131, 129, 131, 131, 131, 133, 134, 139, 135, 135, 137, 137, 136, 139, 139, 139, 139, 138, 138, 140, 138, 138, 138, 136, 137, 141, 135, 134, 134, 132, 131, 132, 131, 130, 127, 127, 126, 124, 126, 123, 123, 122, 123, 123, 119, 122, 120, 121, 122, 121, 121, 121, 122, 118, 123, 120, 125, 125, 122, 139, 122, 122, 121, 122, 122, 121, 121, 120, 138, 119, 128, 119, 117, 118, 118, 118, 117, 125, 116, 143, 116, 136, 115, 114, 112, 112, 109, 108, 108, 109, 111, 102, 109, 100, 98, 97, 95, 92, 90, 88, 85, 83, 82, 80, 78, 75, 74, 70, 69, 67, 63, 62, 66, 58, 57, 56, 58, 52, 52, 50, 47, 47, 46, 46, 45, 44, 39, 42, 39, 41, 38, 37, 36, 38, 37, 38, 36, 53, 41, 33, 39, 32, 35, 32, 33, 33, 31, 31, 33, 34, 32, 53, 31, 34]",128000000,500000,1224006250,39,0
0,2,0,"[41, 40, 40, 41, 43, 42, 40, 41, 41, 42, 42, 41, 41, 42, 43, 42, 43, 42, 43, 43, 43, 44, 44, 44, 42, 45, 45, 49, 50, 45, 52, 51, 100, 51, 71, 48, 60, 50, 59, 54, 51, 49, 60, 64, 53, 58, 60, 56, 60, 62, 61, 64, 70, 69, 72, 71, 73, 77, 79, 81, 84, 88, 92, 100, 103, 107, 111, 115, 119, 120, 125, 129, 131, 134, 135, 138, 140, 142, 147, 151, 144, 146, 146, 144, 143, 141, 140, 138, 139, 137, 138, 139, 137, 136, 136, 138, 137, 137, 137, 137, 135, 137, 138, 138, 138, 139, 138, 139, 142, 147, 151, 150, 150, 147, 145, 144, 144, 144, 144, 146, 145, 144, 144, 145, 145, 145, 145, 149, 149, 147, 145, 144, 142, 148, 143, 142, 142, 143, 143, 143, 143, 141, 141, 140, 142, 139, 141, 140, 139, 140, 136, 137, 137, 140, 139, 136, 136, 137, 137, 138, 141, 137, 138, 138, 138, 138, 137, 140, 139, 139, 140, 141, 142, 140, 140, 141, 142, 139, 139, 136, 136, 135, 133, 131, 130, 129, 125, 123, 120, 118, 117, 114, 111, 105, 103, 99, 96, 89, 85, 81, 75, 70, 66, 62, 61, 59, 58, 56, 56, 56, 54, 55, 53, 52, 52, 52, 52, 49, 50, 49, 52, 48, 48, 47, 51, 46, 47, 44, 44, 44, 45, 46, 48, 46, 43, 43, 42, 43, 42, 42, 41, 40, 41, 42, 41, 43, 42, 40, 41, 41, 40, 40, 41, 39, 40, 41]",128000000,500000,1583461250,45,0,"[45, 33, 45, 45, 38, 46, 39, 47, 57, 38, 48, 39, 52, 54, 52, 71, 48, 66, 57, 66, 59, 49, 63, 52, 65, 63, 55, 67, 60, 70, 78, 73, 77, 64, 77, 79, 80, 86, 73, 87, 76, 91, 94, 83, 94, 85, 98, 101, 90, 104, 94, 109, 111, 116, 115, 111, 119, 127, 122, 126, 112, 125, 117, 129, 130, 120, 132, 121, 134, 136, 136, 136, 125, 135, 136, 136, 154, 125, 137, 128, 136, 136, 125, 137, 124, 137, 137, 123, 137, 125, 137, 137, 140, 140, 128, 140, 140, 140, 139, 128, 140, 129, 142, 143, 129, 145, 132, 145, 144, 153, 146, 137, 147, 148, 147, 147, 137, 147, 149, 147, 147, 136, 146, 136, 145, 145, 134, 150, 133, 147, 144, 142, 141, 130, 142, 142, 140, 140, 127, 138, 128, 137, 138, 124, 134, 123, 134, 135, 132, 136, 124, 134, 135, 133, 134, 120, 136, 135, 136, 136, 120, 134, 124, 134, 133, 132, 131, 120, 153, 131, 151, 131, 119, 130, 130, 128, 129, 118, 128, 147, 127, 151, 114, 126, 114, 124, 123, 112, 122, 110, 149, 119, 144, 113, 101, 111, 110, 107, 106, 91, 102, 89, 97, 98, 81, 94, 76, 86, 85, 82, 80, 67, 76, 75, 79, 69, 61, 67, 54, 64, 61, 50, 59, 47, 57, 66, 45, 69, 41, 62, 49, 49, 78, 36, 47, 48, 49, 46, 41, 65, 40, 43, 44, 36, 43, 32, 42, 43, 40, 63, 32, 63, 44, 46, 42, 34]",128000000,500000,1224006250,42,0
0,2,0,"[41, 40, 41, 41, 43, 41, 40, 43, 42, 42, 42, 41, 42, 41, 42, 40, 42, 44, 42, 43, 46, 43, 44, 44, 45, 48, 47, 49, 49, 46, 50, 52, 98, 57, 69, 47, 52, 70, 61, 55, 62, 55, 66, 55, 61, 60, 63, 62, 60, 61, 66, 66, 66, 69, 71, 72, 79, 79, 80, 85, 84, 98, 99, 108, 111, 115, 133, 117, 128, 123, 129, 137, 132, 133, 137, 139, 143, 141, 146, 147, 146, 146, 143, 144, 143, 141, 140, 141, 139, 140, 139, 139, 137, 137, 137, 137, 137, 136, 139, 138, 137, 138, 138, 138, 138, 139, 141, 140, 141, 145, 146, 148, 148, 147, 145, 142, 145, 143, 143, 145, 144, 146, 146, 146, 145, 147, 147, 156, 155, 150, 145, 146, 146, 149, 145, 146, 143, 145, 145, 143, 146, 142, 144, 143, 141, 143, 142, 141, 139, 140, 140, 140, 138, 139, 136, 138, 138, 137, 138, 137, 140, 137, 139, 136, 139, 138, 139, 140, 142, 142, 141, 140, 142, 141, 141, 142, 142, 140, 138, 138, 138, 136, 134, 133, 130, 128, 126, 123, 122, 118, 116, 113, 111, 106, 102, 98, 94, 90, 84, 80, 76, 70, 67, 63, 63, 59, 59, 58, 58, 57, 55, 54, 53, 53, 53, 51, 51, 49, 50, 51, 53, 47, 49, 47, 51, 45, 47, 45, 45, 45, 47, 46, 50, 46, 44, 42, 43, 44, 43, 43, 43, 41, 42, 42, 42, 42, 41, 42, 42, 43, 41, 39, 43, 42, 40, 40]",128000000,500000,1583461250,45,0,"[62, 44, 68, 47, 76, 46, 71, 48, 49, 48, 51, 50, 51, 54, 56, 68, 55, 69, 57, 57, 63, 63, 63, 63, 65, 67, 81, 68, 80, 72, 71, 75, 76, 78, 81, 80, 82, 84, 85, 88, 88, 91, 91, 91, 97, 97, 98, 101, 101, 104, 105, 110, 110, 113, 116, 124, 124, 127, 125, 128, 127, 125, 127, 129, 130, 131, 135, 133, 135, 135, 137, 136, 135, 138, 135, 137, 138, 137, 137, 141, 137, 137, 138, 136, 136, 133, 137, 135, 139, 137, 137, 138, 139, 138, 139, 137, 136, 137, 137, 140, 140, 139, 142, 142, 141, 141, 142, 141, 144, 145, 145, 145, 146, 146, 149, 151, 149, 150, 147, 151, 151, 150, 150, 150, 152, 150, 148, 154, 149, 150, 147, 143, 146, 145, 148, 146, 143, 141, 140, 139, 140, 138, 135, 139, 135, 136, 135, 134, 138, 133, 136, 133, 133, 133, 135, 132, 131, 131, 136, 135, 136, 136, 136, 135, 133, 149, 154, 133, 156, 137, 134, 132, 129, 133, 130, 132, 130, 154, 129, 155, 128, 129, 126, 128, 126, 126, 124, 124, 146, 120, 148, 119, 118, 118, 113, 112, 111, 108, 108, 110, 103, 105, 97, 95, 94, 91, 88, 87, 84, 82, 80, 77, 87, 75, 88, 71, 70, 67, 65, 64, 61, 61, 60, 69, 59, 71, 56, 62, 52, 52, 50, 50, 50, 49, 58, 46, 77, 45, 78, 67, 44, 44, 103, 42, 43, 44, 44, 63, 43, 63, 43, 43, 44, 42, 43, 70]",128000000,500000,1224006250,42,0
0,2,0,"[40, 40, 41, 40, 40, 40, 40, 42, 41, 40, 40, 40, 41, 41, 41, 42, 40, 42, 44, 41, 43, 44, 43, 42, 44, 43, 48, 43, 48, 47, 51, 52, 97, 55, 71, 47, 51, 54, 52, 53, 51, 51, 57, 57, 67, 63, 54, 62, 59, 58, 61, 67, 68, 69, 72, 77, 76, 75, 79, 82, 86, 92, 96, 103, 108, 108, 114, 119, 122, 123, 127, 135, 135, 133, 135, 139, 140, 141, 140, 140, 143, 142, 144, 142, 140, 140, 137, 139, 140, 138, 138, 138, 139, 138, 137, 138, 139, 137, 138, 138, 138, 137, 137, 139, 137, 138, 138, 139, 140, 145, 148, 147, 149, 145, 140, 142, 142, 142, 142, 142, 143, 143, 143, 142, 143, 143, 144, 152, 143, 144, 142, 143, 141, 149, 143, 142, 143, 141, 142, 143, 143, 142, 140, 140, 139, 140, 139, 138, 137, 137, 137, 136, 136, 137, 134, 136, 136, 136, 135, 136, 138, 136, 137, 138, 137, 137, 137, 138, 138, 140, 139, 140, 140, 139, 141, 140, 139, 139, 138, 136, 135, 135, 132, 133, 129, 128, 126, 124, 121, 118, 116, 114, 111, 105, 103, 98, 95, 90, 83, 79, 77, 70, 67, 62, 60, 57, 58, 58, 55, 56, 54, 52, 54, 53, 50, 50, 51, 51, 48, 50, 51, 47, 46, 47, 51, 46, 46, 44, 45, 44, 45, 44, 49, 44, 43, 43, 43, 42, 41, 41, 40, 41, 42, 41, 42, 39, 41, 41, 40, 41, 40, 41, 38, 42, 39, 39]",128000000,500000,1583461250,45,0,"[71, 46, 71, 45, 60, 47, 46, 48, 47, 49, 51, 57, 52, 74, 53, 64, 57, 61, 60, 57, 57, 59, 61, 62, 74, 65, 72, 71, 89, 72, 70, 72, 76, 77, 77, 83, 82, 87, 87, 88, 90, 92, 93, 95, 98, 98, 100, 104, 105, 107, 108, 111, 113, 116, 117, 132, 123, 136, 122, 125, 126, 125, 129, 127, 129, 130, 132, 160, 133, 134, 132, 136, 133, 136, 135, 136, 137, 137, 137, 138, 137, 135, 137, 136, 136, 136, 138, 137, 138, 139, 138, 139, 138, 139, 137, 139, 137, 138, 141, 139, 138, 140, 139, 140, 139, 139, 140, 139, 143, 142, 143, 144, 144, 145, 142, 146, 145, 147, 144, 148, 148, 148, 150, 148, 151, 148, 151, 153, 150, 147, 149, 148, 150, 147, 151, 147, 144, 148, 142, 143, 139, 139, 138, 138, 138, 134, 135, 133, 132, 131, 134, 130, 130, 128, 129, 129, 129, 128, 130, 129, 129, 129, 128, 129, 154, 135, 153, 128, 132, 129, 130, 129, 131, 131, 130, 153, 129, 153, 129, 131, 128, 128, 129, 128, 126, 125, 151, 125, 151, 123, 121, 118, 115, 117, 114, 113, 110, 131, 106, 110, 103, 103, 98, 94, 92, 91, 92, 87, 84, 81, 90, 79, 86, 75, 72, 71, 70, 68, 67, 63, 63, 71, 60, 78, 56, 69, 55, 54, 53, 49, 52, 49, 70, 48, 76, 47, 69, 46, 47, 68, 46, 42, 43, 50, 58, 89, 42, 73, 42, 44, 43, 42, 42, 43, 43, 71]",128000000,500000,1224006250,42,0
0,2,0,"[39, 41, 41, 40, 40, 40, 40, 41, 41, 40, 42, 41, 40, 40, 41, 43, 41, 41, 43, 45, 42, 42, 43, 44, 44, 44, 45, 47, 48, 47, 56, 57, 99, 56, 72, 56, 51, 51, 49, 66, 53, 54, 52, 62, 56, 54, 56, 66, 71, 67, 67, 64, 67, 66, 70, 77, 72, 95, 89, 84, 86, 95, 96, 101, 117, 112, 113, 121, 122, 125, 128, 132, 133, 134, 134, 136, 139, 139, 140, 142, 143, 145, 145, 144, 144, 141, 139, 140, 139, 140, 139, 138, 138, 137, 138, 138, 138, 137, 138, 137, 136, 137, 137, 138, 138, 138, 137, 138, 139, 144, 148, 149, 149, 145, 142, 141, 142, 143, 142, 143, 142, 143, 142, 141, 143, 143, 144, 156, 143, 142, 145, 143, 143, 148, 143, 142, 143, 142, 143, 143, 143, 141, 141, 141, 140, 141, 140, 140, 138, 138, 139, 137, 138, 136, 136, 136, 136, 136, 136, 135, 138, 136, 136, 136, 136, 136, 136, 139, 139, 138, 139, 138, 139, 137, 139, 140, 139, 140, 138, 136, 135, 134, 132, 132, 129, 129, 127, 124, 122, 118, 116, 114, 111, 104, 102, 99, 94, 89, 84, 80, 75, 69, 67, 63, 61, 58, 58, 58, 55, 54, 55, 52, 53, 52, 53, 49, 50, 50, 49, 48, 51, 48, 48, 46, 50, 44, 47, 45, 45, 45, 44, 44, 49, 45, 42, 43, 42, 41, 42, 40, 42, 41, 42, 40, 41, 41, 40, 41, 39, 42, 39, 42, 40, 40, 40, 41]",128000000,500000,1583461250,45,0,"[44, 33, 36, 35, 35, 36, 37, 61, 40, 43, 39, 46, 40, 45, 43, 43, 45, 46, 46, 47, 48, 49, 54, 53, 55, 53, 62, 56, 59, 61, 62, 63, 66, 69, 69, 70, 72, 74, 76, 75, 77, 79, 81, 84, 85, 88, 88, 90, 91, 93, 95, 97, 97, 100, 105, 116, 111, 107, 109, 113, 113, 115, 117, 121, 118, 120, 122, 122, 140, 124, 125, 125, 126, 126, 125, 127, 129, 127, 126, 129, 127, 128, 130, 126, 127, 127, 128, 127, 126, 126, 128, 128, 127, 128, 129, 129, 128, 126, 128, 128, 127, 128, 128, 128, 129, 130, 126, 128, 130, 129, 131, 131, 132, 132, 133, 136, 133, 135, 138, 136, 137, 138, 138, 140, 141, 139, 143, 151, 141, 139, 142, 141, 139, 141, 140, 140, 137, 136, 135, 132, 133, 129, 128, 129, 124, 124, 121, 123, 121, 121, 120, 121, 118, 118, 119, 117, 117, 117, 120, 117, 118, 117, 149, 120, 149, 130, 120, 116, 120, 119, 117, 117, 121, 149, 119, 149, 117, 118, 117, 119, 116, 116, 116, 116, 147, 112, 144, 112, 110, 111, 108, 107, 106, 104, 102, 137, 96, 125, 94, 93, 91, 88, 86, 84, 82, 80, 80, 76, 79, 73, 74, 68, 64, 63, 61, 61, 57, 57, 52, 58, 51, 59, 48, 49, 57, 43, 46, 43, 41, 39, 48, 39, 47, 38, 43, 35, 35, 34, 35, 53, 33, 36, 75, 52, 35, 44, 32, 32, 33, 33, 34, 31, 32, 35, 40, 35]",128000000,500000,1224006250,39,0
0,2,0,"[49, 40, 41, 41, 42, 47, 41, 42, 40, 39, 48, 40, 48, 42, 41, 51, 41, 51, 42, 43, 51, 43, 55, 44, 44, 45, 49, 53, 51, 59, 54, 52, 97, 55, 72, 53, 57, 60, 50, 59, 55, 55, 56, 53, 61, 61, 57, 58, 58, 67, 69, 70, 71, 71, 82, 84, 90, 78, 78, 108, 89, 118, 99, 115, 111, 126, 141, 120, 151, 130, 129, 154, 138, 158, 137, 140, 157, 139, 156, 145, 144, 143, 143, 155, 143, 141, 140, 140, 142, 139, 140, 137, 138, 138, 137, 137, 138, 138, 140, 140, 138, 139, 138, 139, 141, 139, 140, 139, 143, 142, 148, 150, 147, 145, 141, 140, 143, 141, 143, 141, 141, 141, 142, 142, 141, 143, 145, 146, 147, 144, 144, 145, 146, 150, 146, 144, 144, 144, 144, 145, 143, 142, 143, 142, 143, 142, 142, 142, 138, 140, 139, 138, 138, 137, 137, 134, 136, 134, 136, 136, 138, 134, 135, 135, 135, 137, 138, 138, 138, 138, 141, 138, 140, 140, 140, 141, 139, 140, 139, 138, 137, 136, 136, 132, 131, 130, 128, 124, 123, 120, 116, 112, 110, 106, 102, 100, 94, 89, 84, 79, 75, 70, 65, 63, 61, 61, 57, 62, 57, 56, 57, 55, 55, 52, 51, 53, 52, 54, 50, 49, 53, 48, 52, 47, 57, 46, 48, 50, 45, 49, 42, 44, 52, 45, 47, 43, 41, 45, 42, 49, 42, 43, 41, 42, 46, 41, 48, 40, 40, 46, 40, 47, 42, 41, 48, 40]",128000000,500000,1583461250,45,0,"[33, 35, 35, 34, 35, 38, 36, 45, 36, 49, 38, 42, 41, 44, 42, 43, 45, 45, 51, 45, 57, 49, 51, 51, 52, 54, 55, 61, 60, 60, 62, 63, 63, 68, 65, 70, 70, 74, 74, 74, 77, 78, 81, 82, 86, 86, 89, 90, 91, 95, 96, 98, 98, 102, 105, 115, 108, 109, 110, 116, 114, 114, 118, 118, 120, 121, 121, 123, 123, 123, 125, 125, 125, 126, 126, 126, 127, 125, 127, 127, 125, 128, 127, 128, 126, 127, 126, 126, 127, 128, 125, 129, 129, 128, 128, 128, 128, 126, 128, 127, 126, 126, 128, 128, 128, 130, 128, 130, 130, 129, 130, 131, 130, 133, 131, 134, 132, 134, 135, 137, 136, 136, 137, 136, 137, 140, 138, 146, 139, 137, 141, 138, 141, 140, 138, 139, 133, 137, 134, 132, 133, 130, 129, 128, 125, 124, 124, 124, 124, 123, 121, 123, 120, 120, 118, 119, 120, 117, 123, 118, 128, 118, 148, 118, 119, 132, 118, 117, 117, 117, 116, 151, 119, 149, 116, 117, 117, 116, 115, 118, 117, 117, 149, 116, 148, 114, 114, 113, 111, 110, 111, 108, 108, 144, 102, 141, 98, 98, 95, 92, 91, 88, 86, 83, 87, 80, 85, 75, 80, 71, 70, 68, 64, 64, 61, 62, 59, 64, 54, 61, 51, 50, 49, 46, 43, 43, 45, 44, 52, 41, 57, 40, 51, 36, 36, 37, 35, 35, 38, 54, 33, 46, 33, 48, 34, 35, 31, 32, 30, 35, 31, 32, 48, 31, 51, 71]",128000000,500000,1224006250,39,0
0,2,0,"[41, 41, 40, 41, 40, 42, 40, 42, 41, 41, 41, 41, 40, 41, 44, 41, 43, 42, 42, 42, 43, 44, 44, 45, 44, 45, 49, 51, 56, 47, 46, 55, 99, 57, 73, 50, 61, 58, 57, 52, 64, 53, 63, 53, 58, 59, 67, 57, 59, 59, 70, 63, 69, 74, 73, 73, 87, 78, 92, 86, 92, 94, 99, 104, 111, 119, 118, 126, 125, 127, 135, 133, 137, 134, 138, 142, 139, 143, 141, 145, 141, 146, 145, 143, 143, 139, 143, 141, 138, 141, 138, 139, 138, 138, 139, 139, 139, 141, 139, 139, 139, 140, 139, 141, 141, 141, 141, 141, 142, 147, 148, 150, 148, 145, 145, 142, 142, 141, 140, 142, 141, 142, 142, 143, 141, 143, 145, 152, 144, 142, 144, 145, 145, 151, 144, 144, 143, 143, 145, 144, 145, 144, 144, 143, 142, 143, 141, 146, 141, 142, 140, 140, 139, 139, 138, 137, 136, 138, 135, 136, 136, 136, 136, 135, 136, 135, 135, 136, 137, 138, 136, 137, 140, 138, 140, 138, 138, 139, 138, 138, 137, 136, 135, 134, 132, 130, 127, 125, 122, 121, 118, 113, 112, 106, 104, 100, 94, 90, 84, 81, 74, 70, 65, 62, 61, 60, 59, 57, 58, 58, 56, 55, 53, 51, 53, 51, 53, 50, 47, 48, 51, 49, 49, 47, 52, 47, 48, 45, 45, 44, 43, 46, 49, 46, 43, 44, 42, 43, 46, 42, 40, 40, 41, 43, 41, 42, 41, 41, 42, 41, 42, 41, 40, 42, 39, 43]",128000000,500000,1583461250,45,0,"[35, 35, 35, 36, 38, 48, 37, 48, 39, 42, 39, 39, 40, 42, 43, 46, 51, 46, 55, 49, 78, 52, 49, 52, 55, 56, 59, 56, 59, 63, 60, 66, 65, 64, 68, 70, 70, 71, 73, 75, 78, 80, 80, 85, 83, 87, 88, 90, 92, 93, 96, 100, 99, 104, 106, 119, 111, 122, 114, 147, 116, 116, 118, 119, 121, 121, 123, 123, 124, 125, 125, 126, 126, 126, 126, 126, 128, 127, 128, 129, 127, 127, 127, 127, 129, 126, 128, 126, 126, 126, 126, 128, 129, 127, 128, 127, 127, 126, 130, 125, 125, 127, 128, 128, 126, 127, 126, 126, 129, 131, 126, 130, 128, 129, 132, 132, 132, 135, 133, 134, 136, 138, 136, 140, 141, 139, 141, 150, 142, 145, 143, 145, 144, 143, 145, 143, 142, 145, 138, 137, 137, 135, 134, 132, 130, 128, 127, 126, 125, 124, 122, 122, 121, 120, 119, 118, 119, 118, 124, 116, 126, 116, 118, 116, 117, 115, 116, 117, 117, 151, 116, 149, 117, 115, 115, 118, 118, 115, 116, 117, 149, 117, 148, 116, 116, 114, 113, 114, 113, 111, 108, 145, 106, 144, 104, 103, 99, 99, 94, 95, 91, 89, 92, 85, 87, 82, 80, 76, 75, 72, 70, 68, 66, 63, 62, 69, 57, 66, 54, 53, 52, 49, 47, 46, 46, 44, 56, 41, 55, 41, 45, 39, 37, 39, 36, 36, 36, 63, 36, 60, 37, 53, 35, 34, 33, 34, 35, 35, 37, 32, 47, 32, 46, 35, 33, 32]",128000000,500000,1224006250,39,0
0,2,0,"[39, 40, 41, 42, 40, 40, 41, 42, 41, 42, 41, 39, 40, 41, 44, 41, 40, 40, 43, 41, 43, 42, 45, 42, 47, 47, 48, 47, 47, 47, 47, 64, 99, 58, 71, 49, 51, 54, 65, 52, 53, 51, 56, 58, 53, 52, 62, 57, 66, 59, 64, 69, 68, 68, 71, 75, 83, 82, 78, 88, 85, 90, 97, 105, 107, 110, 113, 118, 124, 124, 128, 130, 133, 134, 136, 137, 138, 138, 138, 141, 141, 142, 145, 143, 143, 140, 140, 139, 140, 137, 139, 140, 140, 140, 139, 140, 140, 137, 137, 140, 140, 139, 141, 140, 140, 141, 140, 142, 142, 146, 149, 150, 149, 145, 143, 141, 143, 143, 143, 141, 141, 144, 143, 142, 145, 144, 144, 153, 144, 144, 145, 145, 147, 149, 147, 143, 143, 145, 145, 145, 145, 148, 144, 143, 142, 142, 143, 144, 141, 142, 142, 141, 139, 143, 137, 139, 137, 140, 137, 138, 139, 137, 137, 136, 138, 138, 138, 135, 139, 139, 138, 140, 139, 139, 139, 140, 139, 138, 138, 138, 139, 136, 136, 134, 132, 128, 127, 126, 125, 121, 116, 115, 113, 108, 102, 96, 96, 90, 84, 79, 76, 71, 66, 64, 61, 60, 57, 59, 58, 57, 57, 53, 52, 52, 51, 51, 51, 52, 49, 49, 52, 48, 49, 46, 51, 45, 49, 45, 44, 45, 44, 48, 50, 45, 41, 44, 42, 44, 42, 44, 43, 42, 42, 40, 42, 39, 43, 48, 40, 45, 40, 40, 39, 40, 40, 40]",128000000,500000,1583461250,45,0,"[35, 34, 36, 48, 35, 51, 39, 43, 42, 38, 39, 43, 41, 42, 51, 42, 54, 45, 49, 50, 50, 55, 49, 52, 52, 57, 56, 62, 58, 63, 60, 60, 63, 66, 65, 70, 70, 72, 75, 74, 77, 79, 81, 84, 84, 87, 87, 91, 92, 94, 97, 99, 100, 103, 104, 111, 113, 112, 111, 117, 126, 116, 117, 120, 120, 122, 122, 122, 123, 124, 124, 124, 126, 127, 125, 124, 128, 126, 126, 128, 126, 126, 126, 127, 125, 127, 125, 126, 126, 126, 126, 127, 127, 127, 127, 126, 127, 124, 125, 124, 124, 127, 127, 127, 126, 128, 126, 126, 129, 128, 127, 130, 130, 129, 133, 133, 131, 132, 134, 134, 135, 136, 136, 137, 139, 139, 141, 151, 141, 143, 142, 142, 141, 142, 145, 143, 139, 137, 137, 135, 136, 135, 130, 127, 128, 126, 127, 124, 122, 121, 121, 120, 119, 118, 119, 117, 120, 117, 121, 115, 116, 115, 115, 117, 118, 123, 118, 150, 115, 148, 118, 115, 118, 114, 117, 118, 118, 116, 150, 117, 148, 116, 116, 114, 117, 115, 113, 112, 111, 147, 111, 145, 107, 104, 102, 101, 100, 97, 96, 93, 97, 89, 90, 84, 83, 80, 78, 76, 74, 71, 69, 69, 64, 70, 59, 68, 61, 55, 54, 52, 51, 49, 49, 46, 55, 44, 59, 40, 43, 40, 39, 38, 38, 38, 36, 46, 36, 51, 35, 59, 34, 34, 35, 33, 32, 31, 33, 35, 49, 33, 46, 32, 33, 32, 32, 43]",128000000,500000,1224006250,39,0
0,2,0,"[39, 39, 39, 41, 40, 40, 38, 41, 40, 40, 39, 41, 41, 40, 41, 41, 42, 42, 42, 42, 44, 43, 43, 45, 43, 43, 46, 46, 51, 48, 49, 56, 96, 52, 69, 47, 49, 50, 51, 48, 61, 55, 55, 55, 56, 62, 56, 60, 57, 66, 63, 65, 70, 69, 71, 72, 74, 76, 79, 83, 84, 88, 96, 99, 107, 107, 113, 117, 123, 122, 126, 132, 134, 133, 135, 136, 139, 138, 139, 140, 142, 144, 144, 144, 145, 141, 141, 140, 137, 139, 139, 139, 138, 138, 139, 139, 139, 138, 138, 138, 139, 138, 138, 139, 139, 140, 139, 139, 140, 145, 148, 147, 150, 144, 141, 140, 142, 141, 139, 140, 140, 141, 142, 143, 140, 142, 142, 152, 146, 143, 143, 144, 144, 150, 145, 143, 143, 143, 143, 144, 144, 143, 142, 144, 143, 142, 140, 139, 140, 140, 140, 140, 139, 137, 138, 137, 137, 137, 136, 138, 137, 136, 136, 134, 136, 134, 135, 138, 138, 136, 138, 138, 138, 140, 139, 140, 139, 139, 139, 139, 136, 137, 137, 133, 132, 130, 127, 126, 123, 118, 117, 114, 108, 107, 103, 99, 95, 88, 84, 78, 75, 70, 65, 63, 61, 59, 58, 58, 56, 57, 54, 53, 53, 51, 52, 51, 50, 50, 50, 49, 51, 47, 49, 46, 47, 46, 47, 48, 44, 44, 43, 43, 48, 46, 44, 42, 40, 42, 42, 41, 42, 41, 42, 40, 41, 41, 39, 40, 42, 41, 41, 40, 39, 41, 38, 39]",128000000,500000,1583461250,45,0,"[33, 43, 36, 43, 35, 37, 37, 38, 39, 39, 39, 41, 46, 43, 47, 44, 46, 46, 48, 49, 51, 49, 51, 54, 54, 58, 56, 55, 62, 60, 60, 63, 65, 66, 66, 67, 69, 71, 73, 77, 76, 78, 82, 83, 85, 86, 90, 91, 91, 95, 95, 99, 100, 102, 106, 112, 110, 114, 113, 118, 117, 115, 118, 119, 121, 122, 121, 124, 124, 125, 127, 124, 125, 124, 127, 125, 127, 128, 126, 127, 126, 125, 125, 126, 126, 124, 126, 123, 124, 125, 125, 125, 125, 126, 137, 127, 125, 123, 126, 125, 125, 124, 127, 126, 128, 128, 124, 127, 127, 127, 127, 129, 131, 129, 131, 132, 133, 134, 135, 136, 133, 139, 138, 139, 140, 141, 143, 151, 143, 143, 144, 147, 145, 144, 144, 144, 143, 141, 139, 137, 134, 132, 130, 132, 128, 125, 126, 123, 121, 122, 124, 120, 119, 117, 119, 116, 116, 115, 121, 114, 113, 114, 114, 115, 118, 148, 116, 146, 115, 114, 116, 118, 116, 117, 117, 118, 147, 117, 147, 119, 118, 118, 119, 117, 118, 115, 115, 144, 112, 144, 111, 110, 107, 107, 104, 102, 100, 99, 103, 94, 97, 89, 88, 85, 81, 80, 78, 76, 74, 75, 69, 72, 64, 67, 61, 59, 58, 57, 53, 54, 52, 49, 56, 46, 52, 44, 43, 43, 41, 41, 41, 42, 36, 43, 38, 46, 35, 43, 34, 52, 52, 33, 34, 65, 35, 32, 42, 32, 39, 35, 37, 32, 33, 31, 32, 35]",128000000,500000,1224006250,39,0
0,2,0,"[39, 40, 40, 40, 40, 40, 41, 41, 41, 40, 41, 40, 41, 42, 41, 42, 42, 42, 43, 42, 42, 44, 43, 43, 45, 45, 43, 48, 50, 48, 51, 56, 97, 54, 71, 59, 48, 51, 56, 54, 50, 57, 60, 50, 57, 56, 54, 62, 59, 63, 64, 64, 66, 68, 69, 77, 79, 80, 79, 82, 85, 90, 93, 106, 114, 109, 119, 120, 124, 122, 141, 129, 150, 134, 137, 137, 139, 140, 139, 141, 141, 144, 145, 143, 142, 141, 138, 141, 140, 138, 139, 137, 138, 138, 138, 137, 138, 139, 138, 139, 138, 139, 137, 138, 140, 142, 139, 139, 141, 145, 149, 149, 148, 147, 142, 142, 143, 143, 141, 142, 143, 143, 143, 144, 145, 143, 143, 150, 145, 144, 143, 146, 143, 150, 144, 142, 145, 144, 144, 145, 142, 143, 142, 142, 143, 141, 139, 139, 140, 139, 138, 139, 136, 136, 137, 137, 136, 135, 138, 138, 137, 135, 136, 135, 135, 136, 137, 135, 138, 138, 138, 139, 139, 141, 140, 141, 141, 137, 140, 139, 138, 136, 135, 131, 130, 129, 125, 126, 121, 119, 115, 113, 111, 106, 103, 97, 95, 89, 85, 79, 74, 71, 65, 62, 61, 58, 57, 58, 57, 56, 54, 54, 53, 53, 52, 52, 52, 50, 49, 49, 51, 47, 48, 47, 50, 47, 47, 44, 45, 45, 45, 44, 49, 45, 44, 45, 42, 42, 41, 42, 43, 42, 41, 42, 40, 39, 41, 41, 43, 40, 39, 40, 42, 40, 40, 40]",128000000,500000,1583461250,45,0,"[33, 37, 35, 38, 35, 35, 36, 37, 37, 39, 42, 42, 73, 43, 44, 45, 44, 47, 49, 48, 48, 50, 52, 54, 54, 52, 56, 57, 59, 64, 61, 62, 65, 67, 67, 68, 70, 70, 74, 76, 79, 80, 81, 82, 84, 87, 89, 90, 92, 94, 97, 117, 100, 104, 105, 114, 110, 115, 113, 115, 114, 117, 116, 121, 119, 120, 123, 123, 123, 124, 124, 125, 126, 128, 129, 126, 127, 126, 127, 130, 126, 126, 127, 128, 126, 126, 126, 125, 126, 127, 137, 127, 128, 128, 129, 128, 128, 128, 128, 128, 128, 131, 130, 129, 129, 130, 129, 130, 131, 129, 132, 132, 132, 136, 135, 135, 135, 137, 137, 136, 136, 138, 144, 138, 141, 139, 141, 147, 139, 141, 137, 144, 137, 138, 141, 139, 138, 134, 132, 131, 131, 132, 129, 125, 125, 124, 124, 123, 121, 121, 121, 117, 120, 118, 118, 119, 120, 117, 121, 119, 116, 119, 117, 148, 117, 148, 116, 120, 116, 117, 117, 117, 118, 119, 146, 118, 142, 119, 116, 119, 119, 118, 117, 118, 117, 146, 117, 141, 114, 114, 111, 110, 107, 105, 105, 102, 123, 99, 99, 93, 92, 89, 86, 83, 80, 79, 76, 78, 73, 75, 69, 66, 64, 63, 60, 59, 58, 56, 55, 52, 54, 48, 53, 48, 45, 43, 45, 42, 41, 66, 41, 45, 37, 45, 38, 38, 35, 37, 36, 53, 34, 33, 77, 33, 38, 32, 37, 32, 34, 34, 33, 32, 31, 34, 31, 38]",128000000,500000,1224006250,39,0
0,2,0,"[40, 39, 40, 41, 41, 40, 40, 40, 41, 42, 40, 40, 40, 41, 41, 42, 40, 42, 43, 41, 41, 42, 43, 46, 43, 43, 43, 44, 51, 45, 50, 54, 95, 52, 71, 50, 53, 61, 57, 53, 51, 51, 57, 54, 63, 60, 60, 56, 57, 61, 65, 65, 66, 67, 69, 73, 75, 75, 78, 81, 83, 88, 95, 100, 104, 110, 114, 118, 123, 123, 125, 130, 132, 133, 134, 138, 139, 139, 140, 140, 141, 143, 143, 145, 142, 140, 138, 138, 138, 137, 138, 135, 138, 137, 137, 136, 139, 139, 137, 138, 137, 137, 139, 138, 139, 139, 140, 139, 141, 146, 149, 150, 150, 145, 142, 143, 140, 142, 142, 140, 142, 141, 142, 141, 143, 142, 143, 149, 144, 142, 142, 144, 144, 149, 142, 143, 144, 142, 144, 144, 144, 141, 141, 142, 139, 141, 139, 138, 140, 140, 139, 137, 139, 137, 136, 136, 136, 135, 134, 136, 138, 135, 136, 137, 138, 136, 137, 137, 139, 138, 139, 138, 138, 139, 141, 141, 139, 139, 139, 137, 137, 135, 133, 132, 131, 128, 127, 123, 121, 119, 116, 114, 112, 105, 103, 98, 94, 89, 84, 80, 76, 69, 66, 62, 61, 58, 58, 57, 55, 56, 55, 53, 54, 53, 52, 51, 52, 50, 49, 49, 51, 47, 46, 47, 49, 46, 45, 44, 44, 44, 45, 42, 48, 44, 44, 42, 42, 40, 42, 40, 40, 43, 41, 41, 41, 40, 41, 39, 39, 40, 40, 39, 41, 40, 38, 39]",128000000,500000,1583461250,45,0,"[45, 44, 46, 44, 44, 44, 48, 49, 63, 49, 63, 50, 52, 65, 53, 55, 56, 57, 55, 66, 60, 70, 60, 64, 62, 65, 66, 69, 69, 72, 72, 75, 78, 79, 82, 80, 79, 82, 83, 86, 89, 90, 90, 93, 95, 95, 99, 99, 104, 105, 108, 109, 131, 113, 115, 123, 122, 128, 123, 127, 126, 127, 129, 131, 131, 132, 134, 136, 136, 136, 136, 137, 139, 138, 138, 136, 138, 136, 136, 138, 136, 136, 138, 138, 138, 137, 138, 137, 137, 137, 138, 154, 136, 137, 142, 139, 139, 137, 139, 139, 138, 139, 138, 139, 139, 139, 141, 142, 143, 143, 141, 145, 143, 142, 145, 143, 146, 146, 146, 150, 147, 150, 148, 148, 150, 150, 148, 154, 146, 150, 147, 150, 147, 147, 149, 148, 147, 144, 142, 144, 141, 141, 138, 139, 138, 135, 138, 134, 131, 133, 132, 132, 131, 131, 130, 129, 130, 132, 135, 129, 128, 144, 129, 151, 129, 129, 127, 130, 128, 127, 129, 127, 151, 130, 147, 130, 130, 127, 132, 131, 130, 129, 130, 152, 129, 153, 126, 127, 126, 124, 123, 122, 120, 118, 145, 116, 136, 111, 107, 105, 102, 100, 98, 95, 93, 93, 89, 91, 88, 85, 82, 79, 77, 75, 73, 70, 71, 67, 74, 64, 72, 58, 60, 60, 57, 57, 54, 52, 52, 66, 50, 67, 49, 52, 47, 46, 44, 46, 45, 66, 60, 51, 61, 44, 56, 42, 42, 69, 42, 42, 41, 49, 43, 63, 41, 65]",128000000,500000,1224006250,39,0
0,2,0,"[41, 41, 41, 40, 41, 41, 40, 40, 40, 39, 42, 42, 40, 41, 41, 41, 43, 41, 43, 41, 43, 40, 44, 44, 44, 44, 46, 45, 49, 52, 48, 53, 101, 55, 72, 48, 49, 61, 54, 50, 60, 54, 51, 57, 53, 64, 56, 60, 57, 64, 66, 65, 66, 67, 71, 75, 77, 78, 83, 83, 85, 93, 97, 103, 105, 109, 120, 118, 126, 125, 132, 142, 143, 133, 137, 138, 141, 145, 140, 141, 142, 143, 145, 143, 142, 140, 139, 139, 138, 138, 139, 138, 137, 138, 138, 138, 138, 137, 138, 136, 138, 138, 139, 140, 138, 138, 138, 139, 142, 144, 147, 148, 148, 147, 142, 141, 140, 142, 141, 140, 142, 142, 141, 142, 142, 143, 143, 150, 145, 142, 143, 141, 147, 147, 143, 142, 142, 144, 143, 143, 143, 142, 141, 140, 141, 139, 141, 139, 138, 137, 137, 137, 138, 136, 136, 134, 136, 136, 136, 137, 136, 136, 137, 136, 135, 136, 137, 137, 139, 139, 139, 139, 139, 140, 141, 140, 139, 139, 138, 138, 138, 135, 133, 132, 131, 129, 125, 123, 120, 118, 116, 113, 108, 106, 102, 99, 94, 89, 84, 80, 74, 69, 65, 62, 61, 59, 57, 56, 57, 55, 54, 53, 53, 51, 50, 50, 48, 51, 50, 49, 51, 47, 50, 48, 51, 45, 46, 43, 45, 43, 45, 43, 49, 47, 45, 43, 41, 42, 41, 42, 40, 41, 40, 41, 39, 40, 42, 40, 39, 44, 40, 41, 40, 40, 41, 39]",128000000,500000,1583461250,45,0,"[41, 44, 46, 46, 45, 47, 83, 47, 79, 49, 53, 50, 52, 51, 51, 55, 54, 76, 57, 78, 65, 68, 63, 61, 63, 66, 66, 71, 73, 73, 84, 74, 81, 75, 77, 78, 79, 82, 85, 86, 87, 92, 92, 94, 96, 96, 99, 102, 103, 105, 107, 110, 110, 113, 113, 122, 121, 123, 122, 128, 125, 130, 131, 131, 133, 132, 135, 132, 136, 138, 137, 138, 135, 138, 138, 138, 135, 138, 134, 138, 137, 139, 136, 136, 136, 137, 137, 133, 139, 135, 138, 138, 138, 138, 139, 139, 139, 138, 135, 139, 133, 140, 138, 140, 139, 141, 140, 142, 144, 143, 142, 142, 145, 140, 144, 146, 146, 146, 147, 147, 147, 149, 146, 150, 146, 150, 148, 151, 149, 148, 149, 149, 148, 147, 149, 145, 143, 144, 143, 142, 142, 139, 139, 136, 138, 135, 132, 135, 131, 133, 132, 131, 132, 131, 131, 127, 132, 129, 132, 132, 129, 137, 130, 131, 142, 130, 139, 128, 130, 131, 153, 129, 151, 130, 134, 130, 130, 128, 132, 150, 129, 154, 131, 150, 130, 128, 127, 125, 127, 125, 123, 122, 148, 118, 145, 115, 111, 110, 108, 107, 103, 100, 98, 101, 93, 100, 89, 91, 85, 82, 79, 77, 75, 73, 78, 70, 81, 67, 83, 63, 62, 60, 58, 56, 56, 60, 54, 88, 52, 84, 51, 49, 48, 47, 48, 47, 46, 47, 68, 66, 86, 62, 75, 43, 42, 44, 42, 42, 45, 72, 43, 81, 45, 72, 44, 49]",128000000,500000,1224006250,42,0
0,2,0,"[40, 40, 40, 39, 39, 39, 41, 40, 39, 40, 41, 40, 41, 41, 41, 41, 42, 42, 42, 44, 41, 42, 45, 44, 43, 43, 45, 46, 48, 45, 48, 53, 100, 62, 78, 51, 48, 56, 61, 50, 57, 66, 53, 52, 51, 70, 73, 57, 58, 63, 64, 68, 66, 67, 73, 76, 73, 73, 80, 83, 83, 92, 97, 108, 106, 108, 114, 119, 123, 123, 126, 130, 132, 138, 134, 137, 142, 140, 140, 141, 141, 142, 144, 145, 144, 140, 138, 139, 139, 140, 138, 136, 138, 137, 137, 138, 138, 136, 137, 138, 137, 137, 138, 139, 139, 139, 139, 138, 142, 145, 148, 149, 147, 145, 142, 141, 141, 143, 142, 141, 140, 142, 142, 142, 143, 143, 143, 151, 143, 143, 143, 144, 144, 149, 143, 142, 142, 142, 143, 144, 142, 142, 141, 140, 139, 141, 140, 139, 139, 139, 138, 137, 136, 136, 136, 135, 137, 137, 136, 135, 137, 136, 137, 136, 135, 137, 137, 136, 138, 137, 138, 139, 139, 141, 139, 139, 140, 141, 139, 138, 137, 136, 133, 132, 130, 128, 126, 123, 123, 120, 115, 112, 109, 107, 102, 100, 92, 90, 85, 80, 74, 70, 66, 62, 61, 59, 58, 56, 55, 54, 55, 55, 53, 53, 51, 50, 50, 49, 50, 48, 52, 47, 50, 46, 48, 46, 45, 44, 45, 45, 43, 42, 49, 45, 44, 43, 41, 42, 42, 42, 42, 42, 40, 39, 41, 40, 40, 40, 40, 45, 41, 40, 39, 39, 41, 40]",128000000,500000,1583461250,45,0,"[33, 37, 34, 35, 72, 37, 40, 35, 38, 37, 39, 41, 41, 42, 42, 50, 47, 50, 46, 49, 49, 51, 52, 57, 54, 56, 56, 55, 60, 62, 64, 64, 63, 65, 66, 67, 69, 72, 73, 74, 75, 78, 81, 99, 84, 86, 87, 91, 92, 95, 94, 98, 98, 103, 105, 109, 109, 111, 111, 117, 114, 117, 117, 119, 121, 121, 123, 124, 126, 123, 125, 126, 125, 126, 125, 124, 126, 123, 124, 126, 123, 124, 146, 124, 125, 124, 126, 124, 125, 126, 124, 125, 127, 128, 125, 127, 124, 125, 125, 127, 125, 126, 127, 127, 126, 126, 128, 127, 129, 132, 130, 131, 131, 131, 134, 135, 136, 134, 137, 134, 136, 139, 138, 138, 139, 139, 140, 159, 140, 138, 140, 140, 142, 138, 140, 138, 134, 133, 131, 132, 128, 127, 128, 126, 123, 123, 124, 122, 122, 120, 119, 119, 118, 119, 118, 117, 116, 118, 121, 116, 115, 120, 117, 116, 120, 114, 146, 126, 147, 121, 144, 125, 120, 124, 118, 116, 119, 118, 123, 144, 118, 119, 117, 118, 116, 118, 117, 115, 141, 114, 143, 111, 137, 106, 103, 102, 99, 99, 95, 94, 91, 90, 85, 89, 81, 80, 77, 75, 74, 71, 69, 65, 68, 64, 66, 60, 59, 56, 55, 52, 52, 61, 46, 45, 47, 56, 45, 53, 41, 41, 39, 39, 40, 38, 38, 37, 43, 35, 42, 53, 45, 59, 121, 32, 34, 33, 32, 42, 32, 43, 31, 36, 32, 31, 95, 31]",128000000,500000,1224006250,42,0
0,2,0,"[42, 41, 40, 40, 42, 43, 41, 40, 40, 40, 41, 43, 42, 43, 40, 43, 44, 43, 43, 42, 42, 43, 46, 46, 43, 45, 43, 45, 48, 53, 48, 52, 97, 55, 70, 60, 55, 50, 50, 56, 59, 54, 51, 57, 59, 56, 55, 61, 60, 61, 66, 63, 71, 68, 73, 75, 76, 84, 81, 81, 85, 109, 109, 100, 103, 108, 113, 126, 133, 122, 127, 127, 144, 131, 146, 136, 137, 138, 147, 141, 141, 143, 145, 147, 142, 140, 139, 139, 137, 139, 138, 138, 137, 137, 137, 136, 139, 136, 136, 135, 138, 137, 136, 138, 137, 139, 138, 138, 141, 146, 147, 150, 151, 146, 143, 141, 142, 142, 142, 141, 142, 141, 141, 143, 144, 143, 143, 148, 144, 144, 142, 143, 144, 148, 143, 142, 141, 142, 141, 143, 142, 141, 141, 140, 140, 138, 139, 138, 138, 137, 137, 137, 137, 136, 136, 134, 136, 136, 135, 135, 138, 134, 137, 137, 136, 139, 137, 138, 138, 138, 139, 140, 140, 140, 138, 140, 140, 139, 138, 139, 137, 135, 135, 131, 130, 127, 125, 123, 120, 117, 114, 112, 109, 106, 101, 99, 94, 89, 85, 79, 74, 70, 65, 61, 61, 60, 57, 57, 55, 56, 54, 53, 54, 52, 52, 51, 52, 51, 50, 48, 52, 47, 51, 46, 48, 45, 48, 47, 47, 45, 44, 44, 49, 47, 45, 43, 43, 41, 41, 44, 42, 40, 40, 41, 41, 42, 41, 40, 41, 41, 41, 40, 41, 40, 40, 40]",128000000,500000,1583461250,45,0,"[47, 43, 49, 44, 49, 45, 46, 47, 48, 48, 48, 49, 51, 56, 53, 58, 54, 55, 55, 56, 61, 64, 61, 62, 65, 66, 68, 67, 70, 70, 72, 75, 75, 75, 77, 78, 80, 83, 84, 86, 88, 89, 91, 93, 134, 96, 99, 101, 103, 105, 106, 108, 109, 113, 118, 120, 121, 124, 122, 129, 128, 126, 129, 131, 133, 133, 133, 135, 134, 134, 138, 136, 137, 136, 135, 137, 139, 138, 137, 136, 139, 137, 136, 154, 137, 136, 137, 137, 136, 137, 137, 138, 138, 137, 137, 139, 137, 137, 140, 140, 138, 138, 138, 138, 141, 140, 139, 140, 141, 143, 143, 144, 145, 145, 146, 146, 147, 148, 145, 147, 148, 149, 146, 150, 148, 151, 149, 152, 149, 148, 150, 148, 148, 148, 148, 148, 142, 143, 143, 140, 141, 138, 137, 137, 134, 134, 133, 133, 133, 131, 132, 130, 130, 130, 128, 128, 130, 127, 132, 129, 127, 127, 126, 130, 146, 128, 149, 128, 127, 127, 130, 129, 130, 129, 129, 144, 130, 148, 130, 148, 129, 130, 130, 130, 129, 127, 128, 128, 149, 125, 124, 121, 118, 118, 115, 113, 111, 111, 108, 107, 104, 101, 98, 96, 94, 91, 89, 88, 83, 84, 83, 78, 80, 75, 73, 72, 68, 67, 66, 64, 62, 62, 59, 62, 55, 61, 55, 52, 52, 51, 51, 51, 50, 47, 55, 46, 53, 45, 46, 84, 43, 45, 82, 43, 41, 48, 42, 53, 44, 44, 41, 43, 41, 42, 48, 43]",128000000,500000,1224006250,39,0
0,2,0,"[40, 40, 39, 40, 41, 39, 42, 42, 40, 42, 41, 40, 42, 41, 42, 41, 42, 41, 43, 45, 43, 44, 42, 44, 45, 43, 45, 44, 50, 48, 51, 59, 99, 54, 68, 57, 58, 48, 50, 56, 51, 57, 55, 56, 56, 58, 60, 55, 58, 63, 63, 66, 67, 68, 70, 74, 74, 75, 79, 84, 88, 92, 98, 104, 107, 109, 114, 120, 125, 129, 127, 131, 131, 135, 136, 139, 138, 142, 139, 144, 144, 145, 144, 145, 143, 141, 139, 139, 138, 139, 137, 137, 137, 138, 137, 135, 139, 139, 137, 137, 137, 137, 136, 137, 140, 139, 141, 139, 140, 145, 148, 147, 150, 146, 141, 141, 142, 142, 142, 143, 141, 142, 143, 141, 145, 143, 144, 151, 145, 145, 142, 144, 145, 150, 143, 143, 143, 142, 144, 142, 144, 141, 142, 141, 139, 141, 140, 140, 138, 138, 140, 141, 136, 137, 136, 138, 135, 138, 137, 136, 138, 136, 137, 139, 134, 136, 137, 137, 138, 137, 140, 138, 141, 142, 140, 139, 141, 138, 139, 138, 137, 135, 134, 132, 133, 128, 125, 124, 121, 120, 116, 112, 111, 108, 103, 97, 93, 89, 84, 78, 73, 69, 66, 62, 61, 60, 59, 57, 55, 55, 54, 53, 52, 52, 52, 51, 50, 51, 49, 48, 51, 49, 45, 48, 49, 45, 48, 46, 45, 47, 43, 43, 50, 45, 42, 43, 43, 42, 42, 43, 42, 41, 41, 41, 41, 42, 41, 39, 41, 41, 41, 40, 39, 41, 39, 40]",128000000,500000,1583461250,45,0,"[51, 44, 53, 44, 45, 46, 45, 50, 49, 48, 49, 60, 55, 61, 54, 56, 57, 56, 57, 60, 60, 62, 65, 66, 68, 65, 67, 69, 69, 74, 73, 75, 74, 76, 77, 80, 80, 82, 83, 86, 87, 89, 90, 93, 95, 96, 97, 100, 101, 104, 108, 107, 110, 113, 117, 121, 119, 124, 123, 127, 125, 129, 129, 132, 131, 132, 134, 135, 135, 136, 137, 136, 137, 138, 137, 137, 137, 138, 138, 138, 136, 135, 137, 136, 137, 136, 136, 136, 138, 136, 135, 137, 136, 138, 141, 139, 138, 138, 139, 137, 140, 138, 140, 139, 139, 140, 140, 140, 140, 141, 140, 144, 142, 144, 145, 145, 146, 148, 147, 149, 148, 153, 151, 150, 152, 150, 153, 152, 152, 152, 153, 151, 148, 151, 153, 150, 148, 143, 145, 143, 141, 140, 138, 138, 136, 134, 136, 134, 132, 133, 131, 130, 129, 129, 130, 131, 128, 127, 133, 128, 130, 130, 145, 129, 150, 129, 131, 129, 130, 133, 130, 130, 130, 149, 133, 153, 131, 133, 133, 132, 130, 130, 133, 130, 142, 130, 146, 128, 126, 125, 123, 121, 120, 116, 115, 130, 110, 122, 106, 106, 103, 102, 98, 95, 92, 92, 89, 87, 87, 83, 83, 78, 77, 75, 71, 70, 69, 67, 64, 66, 63, 70, 58, 63, 55, 55, 56, 54, 52, 52, 50, 51, 55, 49, 55, 45, 45, 45, 44, 66, 60, 69, 44, 52, 43, 53, 46, 51, 42, 41, 43, 44, 41, 45, 46, 42]",128000000,500000,1224006250,42,0
0,2,0,"[40, 40, 41, 40, 40, 40, 39, 42, 38, 41, 41, 40, 41, 40, 42, 42, 41, 42, 41, 44, 43, 42, 44, 45, 45, 44, 44, 44, 49, 47, 52, 53, 97, 55, 70, 53, 61, 53, 57, 68, 55, 60, 55, 61, 55, 55, 55, 60, 57, 67, 62, 67, 66, 67, 69, 72, 77, 76, 80, 83, 85, 88, 96, 106, 103, 114, 111, 117, 124, 130, 128, 128, 133, 132, 137, 136, 140, 141, 139, 141, 144, 144, 145, 143, 142, 141, 138, 140, 137, 137, 139, 138, 139, 137, 138, 139, 137, 138, 135, 138, 136, 135, 138, 138, 139, 139, 138, 140, 141, 143, 148, 147, 148, 144, 140, 142, 141, 142, 141, 140, 144, 143, 143, 143, 142, 143, 143, 147, 146, 143, 143, 143, 154, 150, 145, 142, 141, 140, 143, 143, 141, 142, 140, 141, 137, 141, 140, 139, 140, 140, 140, 138, 135, 139, 137, 138, 139, 134, 136, 134, 139, 138, 136, 137, 134, 135, 140, 137, 136, 138, 137, 140, 138, 138, 140, 139, 142, 139, 139, 138, 135, 135, 135, 132, 130, 129, 126, 126, 121, 118, 116, 112, 110, 106, 102, 98, 94, 88, 85, 80, 75, 71, 65, 63, 61, 59, 58, 58, 56, 56, 54, 55, 53, 51, 53, 52, 49, 51, 49, 49, 50, 48, 48, 46, 49, 45, 47, 43, 45, 43, 43, 45, 48, 45, 42, 43, 43, 42, 43, 42, 42, 40, 42, 40, 39, 39, 41, 42, 41, 41, 40, 40, 39, 39, 42, 41]",128000000,500000,1583461250,45,0,"[54, 45, 45, 45, 45, 47, 45, 56, 47, 69, 49, 66, 53, 54, 53, 54, 56, 56, 58, 57, 72, 60, 73, 63, 63, 65, 66, 70, 69, 72, 71, 78, 73, 80, 77, 110, 80, 82, 83, 86, 88, 89, 92, 92, 94, 95, 98, 100, 103, 104, 108, 108, 111, 113, 114, 116, 121, 118, 124, 128, 128, 130, 130, 131, 132, 134, 133, 134, 134, 137, 136, 140, 137, 140, 147, 138, 137, 136, 139, 137, 137, 135, 137, 138, 138, 136, 136, 137, 137, 137, 136, 138, 138, 140, 138, 137, 137, 137, 138, 138, 138, 137, 139, 138, 139, 138, 139, 138, 141, 142, 140, 143, 142, 144, 142, 145, 144, 147, 146, 148, 146, 150, 150, 150, 153, 146, 151, 154, 148, 154, 148, 150, 146, 149, 151, 145, 144, 142, 141, 142, 138, 138, 137, 135, 136, 133, 132, 133, 132, 129, 130, 130, 132, 130, 131, 127, 129, 128, 137, 129, 133, 131, 150, 131, 128, 131, 132, 130, 133, 130, 133, 144, 133, 155, 130, 134, 130, 132, 132, 131, 132, 130, 154, 130, 153, 129, 128, 125, 126, 122, 122, 123, 116, 133, 114, 145, 111, 109, 107, 105, 100, 100, 98, 94, 93, 92, 93, 85, 90, 81, 82, 78, 77, 86, 73, 70, 69, 77, 65, 80, 61, 69, 58, 58, 55, 56, 56, 54, 56, 53, 72, 50, 74, 48, 48, 47, 48, 45, 45, 67, 45, 72, 78, 71, 44, 49, 43, 42, 44, 41, 43, 43, 88, 41, 69, 50]",128000000,500000,1224006250,42,0
0,2,0,"[39, 39, 41, 41, 42, 41, 42, 40, 42, 40, 41, 41, 41, 41, 41, 41, 40, 43, 44, 43, 42, 44, 45, 49, 43, 44, 47, 44, 61, 50, 60, 52, 99, 55, 68, 53, 61, 55, 55, 50, 55, 72, 59, 57, 54, 55, 65, 63, 60, 61, 71, 66, 67, 68, 71, 73, 76, 80, 86, 88, 86, 91, 104, 106, 107, 113, 115, 132, 124, 125, 128, 129, 132, 139, 136, 136, 137, 137, 137, 140, 148, 144, 143, 144, 145, 139, 139, 140, 139, 140, 138, 139, 138, 137, 139, 138, 139, 136, 138, 138, 138, 137, 138, 139, 139, 141, 139, 138, 142, 145, 147, 149, 149, 145, 141, 140, 140, 141, 141, 142, 141, 142, 142, 143, 140, 143, 145, 147, 145, 143, 143, 145, 149, 148, 144, 143, 143, 143, 145, 144, 143, 143, 142, 141, 140, 140, 140, 142, 140, 138, 138, 139, 138, 140, 136, 138, 136, 136, 141, 142, 138, 136, 137, 136, 136, 137, 139, 136, 137, 138, 139, 138, 139, 139, 141, 139, 139, 138, 138, 138, 137, 136, 135, 132, 132, 130, 129, 124, 121, 119, 117, 115, 111, 106, 102, 98, 93, 91, 84, 79, 74, 70, 66, 63, 62, 59, 57, 57, 55, 56, 54, 53, 52, 54, 51, 51, 51, 49, 49, 50, 51, 49, 47, 47, 51, 47, 46, 44, 46, 45, 45, 45, 47, 45, 43, 42, 43, 42, 42, 41, 43, 42, 42, 42, 39, 42, 39, 40, 40, 40, 41, 39, 42, 41, 39, 40]",128000000,500000,1583461250,45,0,"[43, 45, 47, 46, 46, 48, 47, 58, 50, 57, 50, 51, 52, 51, 52, 55, 55, 55, 64, 58, 64, 61, 61, 62, 66, 64, 65, 65, 73, 72, 70, 76, 74, 79, 77, 82, 113, 81, 84, 85, 87, 89, 90, 92, 95, 97, 97, 100, 102, 104, 107, 109, 110, 111, 116, 119, 126, 125, 123, 128, 130, 130, 132, 135, 133, 135, 137, 137, 138, 139, 138, 141, 139, 140, 138, 153, 139, 138, 139, 140, 137, 137, 137, 138, 138, 136, 136, 136, 134, 137, 135, 136, 139, 136, 137, 138, 136, 136, 136, 136, 136, 135, 139, 138, 137, 137, 138, 137, 140, 141, 140, 143, 141, 142, 141, 144, 144, 148, 149, 150, 149, 149, 151, 154, 155, 153, 154, 156, 155, 152, 154, 151, 152, 149, 147, 148, 142, 145, 142, 141, 140, 138, 137, 134, 134, 132, 132, 133, 131, 129, 132, 130, 128, 130, 130, 129, 130, 131, 137, 129, 136, 131, 132, 131, 135, 131, 131, 131, 131, 152, 134, 151, 133, 135, 132, 131, 131, 131, 130, 130, 149, 130, 148, 128, 128, 127, 126, 124, 122, 123, 119, 143, 115, 137, 114, 112, 109, 107, 105, 102, 100, 99, 97, 95, 96, 89, 93, 87, 84, 81, 79, 78, 76, 75, 72, 72, 67, 71, 66, 67, 61, 62, 60, 59, 56, 55, 59, 52, 63, 51, 58, 86, 50, 48, 47, 47, 47, 46, 47, 67, 46, 58, 44, 42, 45, 44, 43, 44, 42, 42, 51, 43, 52, 46, 59, 49]",128000000,500000,1224006250,42,0
0,2,0,"[40, 48, 41, 39, 40, 39, 41, 42, 48, 46, 42, 46, 42, 41, 41, 41, 42, 43, 45, 43, 49, 52, 47, 57, 43, 46, 51, 47, 60, 87, 53, 51, 97, 53, 69, 54, 52, 53, 66, 59, 56, 59, 58, 57, 64, 56, 66, 73, 67, 63, 73, 64, 68, 69, 72, 88, 78, 95, 94, 83, 112, 93, 124, 124, 116, 131, 114, 137, 153, 153, 143, 136, 134, 137, 141, 137, 145, 156, 142, 150, 141, 141, 144, 144, 143, 139, 148, 142, 139, 142, 137, 137, 136, 138, 138, 137, 138, 136, 137, 138, 137, 138, 138, 138, 139, 140, 140, 139, 140, 145, 149, 149, 149, 146, 141, 140, 143, 142, 141, 142, 141, 142, 142, 140, 142, 142, 143, 153, 144, 141, 144, 143, 145, 147, 143, 143, 142, 142, 144, 143, 142, 140, 141, 142, 141, 141, 138, 141, 139, 139, 138, 138, 136, 138, 136, 137, 136, 137, 136, 136, 138, 137, 136, 136, 135, 135, 136, 136, 136, 137, 136, 136, 138, 138, 137, 139, 137, 138, 139, 137, 137, 135, 132, 132, 131, 130, 126, 125, 123, 120, 116, 114, 109, 105, 104, 98, 95, 89, 85, 80, 73, 71, 66, 62, 61, 58, 60, 56, 56, 55, 56, 53, 51, 55, 53, 51, 52, 49, 53, 49, 51, 48, 47, 45, 51, 53, 52, 46, 46, 43, 46, 44, 49, 45, 41, 43, 42, 48, 48, 43, 50, 41, 43, 42, 42, 50, 41, 40, 40, 42, 40, 41, 44, 39, 40, 43]",128000000,500000,1583461250,45,0,"[50, 44, 46, 48, 46, 53, 47, 53, 48, 50, 52, 50, 51, 52, 55, 54, 61, 56, 60, 59, 58, 61, 60, 63, 65, 64, 66, 67, 68, 72, 74, 73, 74, 74, 76, 78, 79, 81, 84, 85, 86, 89, 90, 91, 95, 96, 97, 100, 101, 104, 108, 107, 108, 112, 116, 121, 125, 125, 125, 129, 129, 129, 132, 135, 135, 136, 136, 139, 139, 140, 141, 140, 140, 140, 141, 141, 143, 141, 140, 142, 141, 140, 139, 139, 139, 138, 139, 139, 138, 139, 136, 138, 138, 137, 137, 138, 137, 135, 137, 137, 136, 137, 137, 138, 137, 139, 137, 138, 139, 139, 141, 143, 143, 142, 144, 144, 147, 146, 148, 148, 149, 150, 149, 150, 154, 153, 155, 153, 152, 152, 149, 150, 147, 146, 145, 145, 143, 141, 140, 137, 137, 137, 135, 136, 133, 134, 135, 135, 133, 133, 134, 133, 135, 136, 134, 134, 134, 133, 140, 135, 136, 135, 135, 135, 134, 133, 133, 150, 132, 151, 133, 131, 131, 130, 127, 129, 126, 128, 147, 128, 145, 125, 126, 124, 124, 124, 122, 122, 122, 141, 117, 142, 116, 115, 113, 113, 108, 108, 104, 103, 100, 99, 97, 94, 94, 87, 89, 86, 85, 81, 81, 79, 77, 77, 74, 75, 70, 71, 66, 64, 62, 61, 61, 61, 60, 57, 60, 53, 58, 53, 50, 50, 49, 49, 46, 47, 47, 53, 46, 70, 46, 46, 91, 44, 44, 45, 42, 42, 49, 42, 51, 44, 46, 55, 66, 44]",128000000,500000,1224006250,42,0
0,2,0,"[40, 40, 41, 41, 39, 39, 41, 40, 39, 41, 42, 43, 43, 42, 41, 42, 42, 41, 43, 42, 43, 43, 42, 45, 47, 49, 44, 45, 51, 49, 48, 58, 100, 58, 70, 52, 55, 73, 51, 51, 55, 53, 55, 55, 54, 54, 54, 56, 58, 63, 65, 67, 67, 72, 72, 77, 75, 80, 80, 85, 85, 91, 98, 107, 107, 110, 119, 126, 123, 125, 126, 130, 135, 135, 138, 139, 144, 140, 141, 143, 143, 143, 142, 144, 141, 139, 139, 138, 138, 138, 137, 136, 137, 137, 138, 136, 137, 136, 137, 136, 136, 137, 137, 136, 137, 138, 138, 139, 141, 144, 146, 149, 148, 144, 141, 141, 140, 142, 143, 140, 142, 144, 142, 144, 143, 143, 142, 152, 144, 146, 142, 144, 146, 149, 143, 141, 143, 142, 143, 144, 141, 141, 142, 140, 139, 139, 139, 139, 137, 139, 138, 137, 137, 136, 136, 135, 135, 136, 140, 135, 139, 137, 136, 135, 134, 135, 137, 137, 139, 136, 138, 138, 139, 138, 139, 139, 139, 138, 138, 139, 137, 138, 135, 133, 130, 128, 128, 125, 122, 119, 115, 112, 108, 107, 101, 99, 94, 88, 83, 79, 74, 69, 64, 62, 60, 60, 58, 57, 54, 54, 53, 55, 53, 52, 53, 50, 49, 50, 49, 49, 51, 46, 47, 46, 50, 46, 46, 45, 45, 44, 44, 43, 49, 45, 43, 41, 42, 41, 42, 42, 42, 41, 40, 41, 41, 42, 42, 39, 39, 40, 42, 40, 41, 41, 40, 41]",128000000,500000,1583461250,45,0,"[46, 48, 44, 50, 45, 51, 46, 49, 49, 49, 50, 51, 53, 53, 57, 57, 57, 57, 56, 58, 60, 63, 61, 63, 63, 69, 68, 90, 71, 71, 74, 73, 75, 74, 75, 77, 78, 82, 84, 83, 86, 89, 88, 90, 95, 94, 99, 99, 101, 103, 106, 108, 110, 113, 117, 125, 121, 123, 121, 128, 128, 131, 132, 135, 132, 136, 146, 137, 138, 141, 140, 139, 142, 141, 142, 143, 139, 141, 141, 141, 139, 136, 141, 138, 140, 139, 137, 137, 137, 138, 136, 136, 138, 138, 139, 137, 137, 136, 137, 137, 135, 137, 138, 138, 137, 138, 139, 139, 138, 142, 139, 141, 142, 141, 142, 144, 144, 145, 145, 147, 148, 147, 150, 149, 152, 151, 150, 155, 149, 152, 149, 146, 147, 147, 147, 144, 140, 140, 139, 140, 140, 136, 136, 135, 135, 133, 132, 133, 133, 130, 134, 131, 133, 133, 132, 133, 132, 133, 138, 134, 135, 133, 133, 134, 133, 149, 131, 148, 133, 132, 132, 131, 131, 131, 130, 129, 147, 128, 148, 130, 126, 127, 127, 125, 123, 125, 122, 144, 120, 138, 119, 114, 113, 113, 111, 110, 108, 103, 107, 100, 102, 96, 95, 95, 91, 93, 87, 84, 82, 83, 80, 80, 75, 77, 72, 71, 71, 68, 64, 65, 62, 62, 62, 58, 61, 56, 56, 55, 53, 51, 52, 51, 51, 51, 48, 52, 47, 52, 47, 67, 44, 44, 42, 45, 90, 44, 49, 41, 48, 43, 42, 44, 43, 42, 44, 44]",128000000,500000,1224006250,42,0
0,2,0,"[42, 44, 41, 44, 40, 41, 43, 41, 44, 41, 45, 40, 41, 46, 41, 45, 45, 42, 47, 42, 44, 50, 51, 47, 45, 61, 46, 51, 47, 46, 54, 52, 97, 52, 71, 51, 55, 64, 60, 52, 55, 51, 59, 57, 55, 60, 65, 60, 59, 66, 63, 66, 71, 68, 76, 86, 74, 92, 91, 81, 105, 112, 119, 109, 128, 114, 123, 121, 127, 148, 131, 146, 132, 136, 146, 147, 153, 142, 139, 148, 142, 142, 146, 142, 150, 138, 145, 139, 140, 138, 137, 137, 136, 137, 136, 136, 138, 137, 137, 137, 139, 138, 137, 138, 140, 139, 138, 140, 142, 146, 149, 150, 148, 146, 143, 142, 141, 141, 142, 141, 143, 141, 143, 142, 143, 144, 143, 146, 146, 146, 144, 144, 161, 149, 143, 143, 143, 141, 142, 144, 142, 140, 140, 140, 139, 138, 139, 137, 137, 137, 137, 137, 135, 135, 137, 135, 136, 134, 135, 135, 138, 134, 136, 137, 136, 136, 138, 137, 138, 138, 137, 139, 140, 140, 139, 139, 138, 139, 138, 138, 136, 134, 135, 131, 130, 128, 125, 124, 121, 118, 115, 110, 109, 106, 103, 98, 94, 88, 82, 79, 75, 69, 65, 63, 59, 60, 59, 58, 57, 55, 56, 53, 54, 53, 51, 52, 51, 50, 51, 48, 53, 46, 47, 48, 48, 47, 46, 47, 45, 43, 46, 43, 51, 44, 43, 43, 43, 40, 44, 44, 46, 40, 44, 40, 43, 40, 40, 42, 38, 45, 40, 42, 43, 38, 42, 41]",128000000,500000,1583461250,45,0,"[43, 60, 43, 50, 46, 47, 46, 47, 47, 49, 53, 48, 56, 51, 55, 54, 52, 57, 61, 57, 59, 62, 58, 69, 62, 72, 66, 66, 98, 69, 73, 74, 75, 75, 76, 77, 80, 82, 85, 86, 88, 89, 92, 94, 95, 97, 98, 100, 105, 106, 109, 109, 111, 113, 117, 123, 123, 123, 124, 129, 126, 130, 133, 133, 134, 135, 136, 148, 136, 136, 137, 137, 139, 138, 138, 139, 139, 139, 139, 139, 138, 137, 136, 136, 136, 137, 139, 137, 136, 138, 139, 137, 138, 137, 139, 136, 138, 138, 139, 138, 139, 139, 140, 139, 138, 138, 138, 138, 141, 142, 141, 144, 144, 143, 145, 145, 147, 148, 148, 147, 147, 149, 150, 151, 150, 152, 148, 153, 147, 148, 145, 146, 145, 144, 145, 143, 140, 138, 138, 137, 137, 134, 134, 133, 133, 132, 131, 131, 132, 131, 132, 133, 133, 134, 133, 133, 134, 133, 138, 134, 134, 134, 134, 150, 135, 154, 134, 135, 133, 133, 133, 132, 132, 132, 153, 133, 149, 130, 128, 129, 128, 128, 126, 127, 124, 142, 123, 150, 123, 120, 119, 117, 115, 113, 111, 110, 136, 105, 109, 103, 102, 98, 96, 95, 91, 91, 88, 86, 85, 84, 82, 85, 76, 75, 73, 72, 69, 67, 65, 63, 68, 61, 65, 72, 59, 55, 57, 52, 52, 51, 51, 49, 49, 69, 47, 58, 46, 46, 45, 66, 50, 43, 45, 41, 53, 42, 49, 41, 44, 43, 42, 42, 42, 47, 44, 60]",128000000,500000,1224006250,42,0
0,2,0,"[40, 40, 41, 40, 42, 40, 40, 40, 41, 41, 42, 41, 42, 43, 42, 42, 42, 42, 42, 43, 44, 43, 43, 44, 46, 42, 45, 47, 47, 44, 48, 53, 99, 55, 76, 51, 56, 54, 52, 50, 51, 58, 59, 54, 55, 55, 54, 62, 63, 62, 64, 63, 66, 68, 71, 73, 75, 74, 78, 81, 84, 90, 96, 101, 105, 110, 112, 117, 124, 124, 125, 127, 132, 133, 135, 135, 139, 140, 139, 141, 142, 145, 147, 145, 143, 140, 139, 141, 139, 139, 139, 137, 138, 138, 137, 137, 138, 137, 136, 138, 138, 139, 138, 137, 139, 140, 139, 141, 141, 145, 148, 147, 148, 146, 142, 143, 142, 142, 142, 142, 142, 143, 142, 143, 144, 144, 143, 146, 146, 145, 144, 143, 144, 149, 145, 143, 144, 143, 144, 143, 145, 142, 142, 141, 140, 139, 143, 141, 142, 140, 141, 138, 138, 140, 147, 139, 136, 137, 138, 137, 141, 137, 138, 138, 136, 136, 136, 139, 137, 137, 139, 138, 139, 141, 139, 140, 140, 139, 141, 138, 137, 135, 135, 132, 130, 129, 129, 124, 121, 120, 116, 112, 111, 107, 103, 98, 94, 89, 84, 79, 75, 69, 65, 63, 62, 60, 58, 57, 55, 54, 53, 54, 53, 54, 52, 51, 49, 50, 49, 48, 52, 47, 50, 47, 50, 47, 48, 45, 46, 43, 44, 44, 49, 44, 44, 39, 42, 44, 43, 41, 41, 40, 40, 41, 41, 41, 41, 42, 40, 41, 39, 41, 41, 41, 40, 41]",128000000,500000,1583461250,45,0,"[42, 47, 44, 46, 45, 45, 45, 47, 56, 49, 56, 50, 58, 51, 54, 53, 54, 56, 61, 58, 64, 69, 61, 70, 63, 65, 66, 68, 70, 71, 73, 74, 78, 75, 79, 80, 81, 84, 82, 87, 85, 88, 92, 91, 97, 95, 97, 101, 103, 104, 106, 108, 111, 113, 116, 122, 119, 125, 123, 128, 125, 128, 129, 130, 130, 132, 133, 133, 134, 135, 138, 136, 137, 136, 137, 138, 137, 139, 137, 137, 136, 137, 137, 135, 137, 134, 138, 134, 135, 135, 134, 134, 137, 136, 138, 138, 137, 138, 139, 139, 138, 139, 137, 140, 140, 139, 139, 140, 140, 141, 142, 144, 142, 143, 146, 144, 146, 146, 147, 148, 148, 149, 149, 149, 153, 151, 151, 154, 148, 150, 151, 150, 149, 148, 151, 147, 144, 142, 143, 141, 139, 136, 137, 136, 135, 132, 132, 132, 128, 130, 132, 130, 131, 129, 128, 128, 131, 130, 136, 129, 131, 142, 131, 152, 134, 134, 133, 133, 133, 132, 135, 134, 153, 134, 152, 132, 134, 138, 133, 135, 131, 131, 130, 150, 127, 148, 126, 124, 122, 122, 119, 120, 116, 115, 143, 111, 135, 106, 107, 103, 101, 98, 96, 96, 94, 91, 89, 90, 85, 87, 78, 79, 75, 74, 73, 72, 69, 68, 75, 64, 74, 60, 59, 56, 57, 57, 56, 54, 51, 58, 51, 62, 48, 55, 49, 53, 45, 44, 45, 64, 49, 44, 127, 45, 55, 48, 41, 42, 43, 42, 41, 46, 42, 52, 65, 60]",128000000,500000,1224006250,42,0
0,2,0,"[42, 39, 41, 41, 44, 42, 40, 41, 40, 41, 42, 43, 42, 43, 44, 42, 45, 42, 42, 45, 46, 46, 44, 45, 47, 46, 53, 46, 52, 51, 53, 54, 95, 58, 69, 51, 51, 58, 57, 59, 61, 57, 58, 59, 53, 56, 69, 63, 67, 65, 64, 65, 66, 72, 70, 78, 78, 76, 91, 88, 100, 88, 108, 111, 110, 124, 122, 132, 133, 129, 127, 137, 132, 142, 138, 148, 136, 151, 146, 143, 151, 146, 151, 145, 147, 140, 143, 146, 141, 139, 139, 138, 138, 138, 138, 137, 137, 138, 138, 138, 136, 137, 139, 139, 139, 141, 139, 138, 142, 148, 147, 148, 148, 147, 141, 141, 142, 140, 141, 141, 144, 143, 145, 143, 144, 145, 144, 152, 143, 144, 143, 143, 151, 148, 146, 144, 145, 144, 142, 144, 143, 143, 143, 143, 142, 139, 143, 146, 140, 142, 138, 142, 141, 138, 140, 137, 137, 141, 140, 140, 138, 138, 138, 136, 137, 136, 138, 138, 138, 137, 139, 141, 140, 140, 137, 141, 137, 139, 139, 137, 137, 136, 133, 133, 130, 131, 127, 124, 122, 120, 115, 114, 110, 108, 102, 97, 93, 90, 85, 79, 75, 70, 64, 62, 64, 60, 58, 57, 57, 55, 56, 54, 55, 51, 54, 50, 54, 49, 50, 47, 53, 50, 48, 47, 49, 45, 47, 46, 46, 46, 45, 44, 49, 47, 44, 42, 43, 43, 45, 42, 42, 42, 42, 43, 42, 41, 44, 40, 42, 41, 39, 41, 40, 42, 41, 42]",128000000,500000,1583461250,45,0,"[45, 45, 43, 45, 44, 46, 57, 49, 62, 48, 53, 51, 51, 52, 53, 55, 55, 59, 57, 85, 58, 69, 62, 68, 68, 65, 67, 68, 68, 70, 81, 74, 78, 74, 78, 80, 81, 82, 83, 85, 87, 91, 91, 94, 93, 95, 99, 101, 102, 105, 105, 109, 110, 114, 113, 118, 121, 126, 128, 129, 125, 128, 131, 132, 134, 132, 136, 134, 133, 138, 137, 138, 138, 138, 139, 137, 138, 138, 137, 139, 136, 136, 137, 136, 138, 137, 137, 137, 136, 136, 137, 137, 138, 136, 138, 140, 139, 138, 140, 138, 137, 137, 138, 139, 140, 139, 138, 140, 141, 141, 141, 140, 145, 142, 145, 145, 144, 147, 147, 145, 150, 147, 149, 152, 149, 151, 149, 154, 154, 150, 151, 147, 147, 148, 150, 146, 143, 141, 141, 139, 137, 140, 135, 136, 135, 133, 133, 131, 131, 132, 130, 132, 128, 130, 130, 130, 130, 130, 134, 132, 129, 142, 131, 130, 134, 130, 134, 134, 132, 134, 152, 132, 153, 133, 134, 133, 134, 131, 133, 133, 132, 152, 131, 151, 128, 128, 127, 125, 124, 123, 120, 118, 145, 115, 145, 110, 109, 106, 106, 103, 102, 99, 99, 96, 93, 93, 86, 90, 85, 83, 80, 77, 76, 75, 73, 70, 76, 66, 72, 63, 64, 60, 61, 58, 57, 56, 54, 60, 53, 66, 51, 61, 48, 48, 49, 48, 90, 46, 47, 65, 58, 63, 63, 42, 47, 41, 41, 42, 44, 44, 42, 59, 43, 61, 56, 45]",128000000,500000,1224006250,42,0
0,2,0,"[39, 41, 41, 40, 39, 40, 41, 39, 42, 40, 40, 40, 39, 40, 43, 41, 42, 42, 41, 43, 41, 43, 44, 44, 46, 45, 45, 44, 47, 53, 47, 52, 96, 53, 70, 50, 61, 51, 48, 58, 53, 61, 58, 51, 56, 59, 53, 55, 58, 61, 63, 63, 66, 66, 68, 70, 72, 75, 78, 82, 84, 88, 93, 100, 103, 107, 111, 117, 120, 122, 126, 129, 129, 133, 135, 136, 142, 138, 141, 140, 142, 143, 144, 144, 141, 140, 137, 139, 137, 137, 137, 137, 137, 137, 137, 138, 137, 137, 137, 139, 137, 137, 138, 137, 140, 140, 140, 140, 140, 146, 148, 147, 147, 146, 142, 142, 143, 144, 142, 141, 139, 142, 143, 144, 142, 142, 143, 146, 143, 144, 143, 145, 156, 147, 142, 141, 142, 143, 144, 144, 142, 142, 141, 141, 142, 142, 144, 140, 138, 141, 138, 139, 138, 138, 136, 138, 140, 136, 136, 139, 138, 138, 138, 137, 137, 136, 137, 137, 139, 138, 137, 139, 139, 140, 141, 139, 140, 139, 138, 138, 136, 136, 132, 131, 131, 128, 126, 124, 121, 117, 117, 111, 110, 107, 102, 99, 95, 89, 85, 80, 74, 69, 66, 63, 60, 59, 57, 57, 56, 55, 53, 53, 52, 50, 55, 52, 50, 50, 49, 47, 52, 47, 48, 47, 49, 44, 48, 45, 44, 45, 43, 44, 47, 44, 43, 42, 43, 41, 41, 42, 41, 43, 39, 43, 40, 41, 41, 40, 40, 39, 41, 40, 39, 41, 39, 39]",128000000,500000,1583461250,45,0,"[41, 43, 45, 44, 58, 46, 67, 47, 51, 47, 48, 48, 51, 50, 52, 60, 58, 71, 56, 67, 82, 59, 62, 65, 62, 63, 66, 66, 76, 73, 77, 74, 75, 76, 79, 81, 81, 83, 85, 87, 89, 91, 93, 93, 94, 96, 99, 101, 103, 105, 106, 107, 109, 114, 114, 124, 120, 120, 121, 149, 125, 127, 128, 129, 130, 131, 133, 135, 135, 135, 137, 136, 136, 137, 137, 139, 136, 140, 137, 139, 138, 140, 137, 139, 137, 137, 139, 134, 138, 136, 138, 138, 138, 139, 138, 138, 138, 137, 137, 137, 135, 139, 139, 138, 140, 141, 139, 140, 140, 140, 141, 140, 141, 144, 143, 143, 145, 143, 144, 145, 143, 145, 144, 146, 143, 144, 144, 150, 147, 144, 144, 142, 142, 144, 145, 140, 142, 139, 142, 140, 139, 138, 137, 137, 133, 134, 134, 135, 135, 135, 133, 134, 135, 135, 133, 130, 133, 133, 136, 136, 129, 133, 129, 132, 132, 130, 129, 131, 153, 133, 154, 129, 131, 131, 129, 129, 128, 129, 127, 151, 128, 151, 128, 125, 127, 125, 124, 124, 122, 121, 147, 117, 146, 114, 113, 111, 110, 108, 106, 103, 102, 102, 98, 100, 94, 93, 89, 87, 85, 82, 79, 78, 77, 75, 80, 76, 79, 67, 66, 64, 61, 61, 58, 58, 58, 70, 56, 72, 53, 63, 49, 48, 48, 47, 48, 46, 53, 45, 68, 66, 68, 43, 42, 42, 42, 41, 42, 46, 40, 65, 42, 67, 41, 43, 43, 40]",128000000,500000,1224006250,42,0
0,2,0,"[39, 40, 39, 40, 39, 40, 38, 40, 40, 40, 41, 41, 39, 43, 40, 42, 40, 41, 42, 42, 41, 42, 46, 41, 47, 44, 44, 53, 46, 46, 52, 54, 96, 53, 69, 48, 54, 50, 54, 54, 56, 55, 53, 61, 52, 63, 55, 56, 57, 61, 66, 66, 67, 65, 69, 76, 75, 76, 77, 81, 84, 89, 94, 105, 106, 107, 111, 118, 123, 123, 131, 127, 131, 132, 135, 136, 138, 138, 137, 140, 141, 142, 143, 143, 142, 139, 139, 139, 140, 138, 137, 137, 138, 139, 139, 138, 138, 138, 137, 139, 140, 138, 138, 139, 139, 139, 140, 139, 140, 144, 147, 147, 148, 143, 142, 141, 141, 142, 141, 142, 141, 143, 142, 141, 143, 142, 144, 150, 144, 142, 144, 142, 144, 148, 144, 144, 142, 142, 143, 144, 142, 140, 140, 140, 141, 140, 142, 139, 139, 139, 139, 138, 141, 136, 137, 136, 137, 138, 137, 137, 139, 136, 138, 136, 138, 137, 140, 138, 138, 137, 138, 139, 138, 138, 140, 138, 138, 137, 136, 136, 134, 135, 131, 131, 129, 130, 126, 123, 121, 116, 116, 112, 109, 106, 102, 98, 94, 91, 85, 80, 73, 68, 66, 62, 60, 59, 58, 57, 56, 55, 55, 52, 52, 52, 51, 50, 50, 50, 49, 48, 51, 48, 48, 46, 50, 44, 47, 44, 44, 43, 44, 43, 49, 45, 42, 42, 42, 40, 41, 42, 40, 41, 41, 40, 43, 40, 40, 41, 40, 40, 40, 39, 42, 41, 39, 40]",128000000,500000,1583461250,45,0,"[41, 45, 50, 44, 52, 46, 51, 46, 47, 48, 49, 47, 53, 53, 53, 57, 54, 60, 58, 59, 60, 59, 61, 62, 64, 67, 68, 67, 73, 70, 70, 74, 75, 75, 76, 80, 80, 87, 84, 89, 89, 89, 92, 93, 95, 96, 100, 101, 102, 105, 107, 107, 111, 111, 113, 123, 123, 120, 120, 126, 125, 126, 127, 129, 130, 131, 132, 133, 133, 135, 136, 136, 137, 136, 135, 136, 136, 137, 137, 137, 136, 135, 137, 137, 137, 136, 136, 137, 136, 138, 138, 138, 139, 140, 140, 140, 140, 140, 138, 140, 141, 142, 141, 142, 142, 141, 141, 138, 142, 142, 142, 143, 145, 142, 142, 144, 145, 146, 144, 145, 146, 144, 144, 144, 146, 144, 146, 150, 145, 145, 144, 144, 143, 144, 145, 141, 144, 141, 141, 139, 138, 137, 137, 135, 134, 133, 134, 132, 133, 132, 133, 132, 132, 131, 131, 129, 130, 131, 137, 131, 131, 131, 130, 132, 130, 135, 150, 130, 151, 132, 131, 129, 132, 132, 130, 130, 129, 153, 130, 149, 127, 129, 126, 126, 127, 125, 123, 123, 144, 120, 144, 118, 117, 115, 112, 110, 110, 108, 104, 106, 101, 100, 97, 95, 94, 91, 89, 86, 85, 83, 80, 78, 79, 73, 76, 70, 70, 67, 65, 62, 60, 60, 58, 64, 57, 60, 55, 54, 51, 49, 48, 48, 48, 47, 52, 45, 54, 44, 52, 66, 45, 42, 41, 45, 41, 42, 41, 50, 41, 49, 42, 41, 41, 42, 72, 43]",128000000,500000,1224006250,42,0
0,2,0,"[40, 42, 40, 40, 40, 39, 41, 41, 40, 41, 40, 40, 40, 41, 42, 39, 39, 41, 41, 42, 42, 43, 42, 42, 43, 45, 48, 46, 46, 47, 50, 50, 98, 54, 69, 49, 48, 53, 53, 53, 57, 65, 52, 52, 71, 53, 54, 60, 62, 59, 62, 67, 67, 67, 71, 73, 73, 75, 85, 83, 86, 89, 98, 103, 106, 110, 118, 120, 127, 124, 126, 129, 131, 132, 134, 135, 139, 140, 137, 139, 140, 143, 144, 143, 141, 139, 138, 138, 138, 136, 137, 136, 137, 137, 137, 137, 136, 138, 138, 138, 137, 137, 138, 138, 139, 140, 140, 141, 141, 146, 149, 149, 149, 146, 143, 141, 140, 141, 143, 141, 143, 141, 140, 141, 142, 142, 142, 151, 143, 142, 143, 143, 151, 147, 142, 140, 141, 141, 142, 141, 140, 142, 141, 140, 139, 137, 139, 137, 139, 139, 137, 137, 140, 138, 136, 137, 138, 135, 136, 136, 137, 136, 137, 139, 138, 137, 138, 139, 138, 138, 139, 140, 139, 141, 139, 138, 137, 138, 138, 135, 137, 133, 134, 132, 129, 128, 125, 122, 120, 118, 115, 112, 108, 106, 102, 98, 95, 90, 84, 80, 74, 69, 64, 63, 61, 57, 58, 59, 56, 56, 55, 55, 54, 52, 51, 51, 49, 50, 49, 47, 52, 47, 48, 46, 50, 45, 47, 45, 44, 44, 43, 42, 50, 44, 43, 44, 41, 42, 42, 41, 42, 41, 39, 41, 41, 40, 41, 40, 39, 40, 41, 41, 41, 39, 39, 40]",128000000,500000,1583461250,45,0,"[56, 43, 50, 44, 45, 45, 46, 45, 48, 46, 49, 79, 50, 58, 50, 57, 53, 55, 57, 57, 58, 59, 63, 63, 67, 68, 67, 68, 72, 70, 71, 75, 75, 77, 79, 81, 84, 83, 86, 86, 88, 91, 92, 93, 95, 97, 98, 100, 102, 106, 114, 109, 111, 113, 115, 120, 125, 132, 122, 125, 125, 126, 128, 130, 130, 131, 132, 132, 137, 134, 134, 134, 135, 135, 137, 137, 137, 136, 136, 137, 136, 136, 136, 135, 137, 136, 137, 137, 138, 137, 138, 137, 140, 139, 141, 140, 139, 140, 139, 141, 141, 141, 140, 140, 143, 141, 141, 141, 142, 143, 142, 140, 142, 144, 144, 144, 144, 144, 143, 145, 145, 146, 147, 146, 145, 144, 145, 147, 146, 146, 144, 142, 144, 144, 146, 143, 141, 141, 140, 140, 136, 137, 135, 136, 134, 133, 132, 133, 133, 129, 131, 130, 133, 131, 131, 134, 130, 133, 136, 130, 133, 130, 134, 134, 152, 138, 152, 131, 133, 133, 132, 132, 133, 133, 129, 147, 129, 149, 131, 129, 128, 129, 127, 126, 125, 126, 142, 125, 140, 119, 120, 117, 117, 115, 112, 111, 109, 121, 106, 106, 103, 101, 96, 94, 94, 92, 89, 86, 84, 82, 83, 78, 79, 75, 72, 70, 70, 68, 65, 64, 62, 65, 59, 64, 55, 58, 56, 53, 71, 50, 49, 49, 58, 48, 56, 46, 51, 46, 45, 67, 43, 42, 82, 45, 43, 52, 46, 53, 41, 41, 41, 42, 41, 53, 42, 42]",128000000,500000,1224006250,42,0
0,2,0,"[40, 39, 40, 39, 41, 39, 38, 39, 39, 39, 41, 41, 40, 40, 41, 39, 42, 41, 41, 41, 42, 42, 42, 43, 43, 43, 45, 44, 49, 51, 54, 49, 97, 58, 69, 50, 51, 55, 51, 56, 57, 53, 52, 54, 54, 58, 53, 54, 60, 60, 62, 66, 65, 69, 71, 71, 74, 75, 77, 79, 84, 89, 94, 100, 104, 108, 113, 117, 122, 122, 127, 129, 129, 137, 132, 135, 139, 136, 136, 139, 139, 141, 143, 141, 140, 139, 139, 138, 137, 138, 138, 137, 137, 138, 139, 138, 137, 137, 138, 139, 137, 137, 138, 139, 140, 140, 140, 139, 141, 146, 148, 148, 149, 144, 143, 141, 139, 142, 141, 140, 140, 143, 141, 142, 142, 143, 142, 150, 142, 141, 143, 142, 143, 147, 142, 141, 142, 140, 143, 142, 142, 140, 139, 140, 140, 136, 137, 139, 139, 139, 137, 136, 138, 136, 135, 136, 135, 135, 137, 135, 138, 137, 137, 136, 136, 136, 136, 136, 139, 139, 137, 139, 140, 139, 140, 140, 139, 136, 137, 136, 136, 135, 133, 130, 128, 127, 126, 123, 120, 119, 116, 113, 111, 106, 102, 99, 94, 89, 84, 80, 74, 70, 66, 63, 60, 59, 57, 57, 55, 54, 52, 54, 52, 54, 50, 51, 51, 49, 49, 48, 51, 47, 46, 46, 49, 45, 47, 43, 47, 42, 44, 43, 47, 44, 44, 42, 42, 41, 41, 41, 42, 40, 39, 39, 41, 40, 39, 40, 39, 40, 40, 42, 39, 39, 40, 39]",128000000,500000,1583461250,45,0,"[49, 42, 43, 45, 46, 46, 47, 50, 50, 56, 50, 59, 76, 58, 52, 55, 58, 60, 60, 58, 61, 60, 61, 62, 65, 66, 66, 69, 70, 70, 79, 74, 75, 77, 77, 81, 81, 83, 84, 86, 88, 90, 92, 94, 94, 96, 99, 103, 103, 106, 108, 136, 111, 114, 117, 122, 123, 125, 123, 126, 126, 127, 130, 132, 131, 133, 135, 135, 136, 136, 137, 137, 137, 138, 138, 138, 137, 136, 137, 137, 138, 137, 138, 136, 137, 137, 138, 137, 138, 139, 150, 140, 138, 140, 139, 141, 143, 140, 141, 140, 138, 139, 141, 139, 140, 140, 139, 141, 144, 141, 140, 143, 144, 144, 143, 145, 142, 145, 144, 148, 147, 146, 147, 147, 149, 150, 148, 149, 148, 147, 151, 150, 148, 148, 148, 152, 144, 147, 142, 141, 141, 137, 142, 137, 137, 136, 134, 136, 131, 131, 132, 131, 134, 130, 132, 129, 131, 129, 137, 131, 130, 129, 151, 132, 151, 132, 131, 131, 130, 132, 132, 131, 133, 150, 133, 148, 131, 130, 131, 132, 129, 130, 128, 127, 148, 125, 146, 125, 123, 122, 122, 122, 116, 118, 114, 123, 112, 122, 107, 105, 101, 99, 97, 95, 93, 88, 90, 88, 87, 82, 79, 79, 76, 75, 71, 72, 69, 67, 65, 69, 61, 68, 59, 59, 57, 56, 55, 54, 52, 57, 59, 49, 58, 47, 48, 47, 45, 45, 46, 65, 43, 47, 86, 61, 42, 54, 43, 43, 41, 43, 43, 42, 42, 43, 51, 42]",128000000,500000,1224006250,42,0
0,2,0,"[42, 40, 39, 40, 41, 39, 41, 40, 40, 41, 40, 42, 40, 41, 41, 41, 42, 43, 42, 41, 42, 44, 43, 45, 43, 44, 45, 44, 55, 53, 56, 58, 99, 51, 70, 48, 50, 54, 67, 60, 54, 51, 54, 53, 52, 53, 66, 63, 63, 65, 67, 66, 69, 70, 70, 74, 76, 76, 79, 89, 89, 93, 102, 101, 110, 111, 113, 124, 125, 131, 128, 133, 132, 132, 134, 134, 136, 138, 138, 140, 141, 142, 143, 143, 143, 140, 139, 138, 137, 138, 138, 136, 138, 138, 137, 138, 139, 139, 137, 139, 140, 138, 139, 139, 140, 141, 141, 140, 143, 146, 150, 151, 150, 147, 141, 141, 141, 140, 140, 140, 141, 141, 141, 141, 142, 142, 142, 149, 143, 143, 142, 140, 144, 147, 144, 142, 143, 143, 145, 142, 142, 142, 142, 141, 140, 138, 139, 142, 138, 138, 137, 139, 137, 136, 136, 138, 135, 134, 136, 138, 138, 137, 135, 137, 135, 137, 136, 137, 137, 137, 138, 139, 140, 140, 138, 139, 139, 137, 138, 136, 134, 133, 133, 131, 130, 128, 127, 124, 121, 119, 114, 112, 108, 105, 102, 98, 93, 88, 83, 81, 74, 69, 65, 62, 60, 60, 57, 58, 57, 54, 54, 55, 51, 52, 50, 50, 50, 50, 50, 49, 51, 49, 50, 47, 49, 46, 45, 44, 46, 44, 45, 44, 48, 46, 43, 42, 42, 41, 42, 43, 41, 42, 41, 40, 40, 41, 41, 38, 40, 41, 40, 40, 38, 40, 40, 40]",128000000,500000,1583461250,45,0,"[44, 44, 44, 45, 45, 45, 45, 53, 48, 53, 49, 50, 52, 52, 56, 54, 55, 55, 56, 57, 59, 59, 62, 66, 64, 68, 65, 72, 69, 68, 69, 73, 75, 76, 78, 78, 81, 83, 85, 87, 88, 90, 92, 93, 96, 97, 100, 103, 103, 106, 107, 110, 112, 114, 117, 123, 121, 123, 123, 131, 127, 129, 129, 132, 132, 135, 134, 136, 137, 139, 138, 137, 138, 139, 137, 138, 139, 138, 137, 138, 137, 138, 136, 136, 138, 138, 138, 136, 137, 138, 137, 139, 137, 139, 138, 138, 138, 138, 138, 137, 138, 137, 137, 138, 136, 139, 138, 138, 139, 139, 138, 142, 140, 141, 143, 144, 143, 143, 147, 144, 146, 148, 149, 150, 150, 150, 151, 155, 152, 152, 151, 151, 149, 151, 153, 149, 149, 144, 143, 143, 140, 142, 137, 137, 138, 135, 136, 135, 132, 132, 133, 132, 133, 132, 133, 131, 130, 131, 139, 132, 136, 132, 151, 132, 134, 133, 132, 131, 131, 132, 133, 147, 132, 151, 130, 132, 129, 130, 128, 131, 130, 128, 144, 127, 140, 126, 125, 124, 123, 121, 120, 118, 118, 126, 114, 135, 109, 110, 105, 103, 102, 100, 98, 94, 93, 90, 88, 85, 85, 81, 81, 78, 74, 74, 72, 70, 69, 70, 65, 67, 61, 61, 62, 57, 56, 54, 57, 53, 55, 51, 53, 49, 50, 49, 47, 46, 45, 45, 47, 67, 44, 53, 43, 47, 44, 45, 43, 42, 42, 44, 43, 43, 45, 45, 69, 42]",128000000,500000,1224006250,42,0
0,2,0,"[41, 39, 38, 39, 40, 41, 40, 40, 39, 41, 40, 40, 39, 42, 41, 39, 43, 42, 42, 41, 42, 41, 42, 43, 44, 44, 45, 44, 51, 45, 48, 55, 99, 51, 70, 50, 50, 55, 55, 65, 59, 52, 54, 54, 63, 56, 54, 55, 57, 63, 64, 68, 66, 67, 68, 72, 74, 75, 84, 79, 84, 90, 96, 100, 103, 108, 112, 118, 122, 124, 130, 128, 130, 131, 133, 134, 137, 135, 138, 138, 141, 142, 145, 145, 143, 139, 138, 138, 137, 139, 137, 138, 139, 138, 138, 137, 139, 138, 138, 139, 136, 137, 138, 139, 140, 139, 140, 140, 143, 145, 151, 151, 149, 146, 142, 141, 143, 143, 143, 141, 143, 142, 143, 143, 142, 144, 143, 147, 147, 144, 143, 144, 144, 149, 142, 143, 143, 140, 141, 142, 141, 142, 140, 140, 138, 139, 137, 137, 138, 138, 137, 136, 136, 137, 136, 137, 135, 135, 136, 136, 138, 137, 138, 137, 136, 138, 137, 138, 138, 141, 140, 139, 141, 137, 138, 140, 138, 138, 136, 137, 134, 133, 134, 131, 128, 126, 125, 123, 121, 119, 116, 114, 110, 107, 102, 99, 95, 88, 85, 79, 76, 70, 64, 62, 59, 59, 57, 57, 54, 54, 54, 53, 52, 53, 52, 51, 51, 49, 49, 49, 52, 49, 47, 47, 50, 46, 49, 44, 45, 45, 43, 43, 50, 44, 42, 41, 41, 42, 42, 42, 41, 39, 39, 41, 41, 40, 40, 41, 42, 40, 40, 39, 41, 41, 39, 40]",128000000,500000,1583461250,45,0,"[42, 43, 45, 74, 44, 52, 46, 57, 47, 48, 49, 50, 53, 53, 52, 55, 61, 56, 63, 59, 63, 59, 59, 65, 63, 65, 65, 66, 68, 74, 72, 75, 78, 76, 76, 79, 82, 83, 84, 85, 88, 92, 147, 95, 95, 99, 98, 101, 105, 107, 107, 110, 111, 115, 118, 126, 122, 124, 124, 130, 128, 128, 128, 131, 132, 133, 132, 134, 135, 134, 138, 136, 137, 138, 136, 136, 138, 135, 137, 138, 136, 135, 137, 136, 137, 137, 137, 137, 135, 137, 135, 136, 137, 137, 138, 138, 138, 136, 139, 137, 137, 137, 138, 135, 139, 140, 140, 139, 139, 140, 140, 142, 143, 144, 143, 145, 145, 144, 146, 148, 146, 148, 148, 149, 152, 150, 152, 153, 151, 151, 151, 150, 148, 148, 149, 146, 143, 140, 141, 139, 137, 137, 133, 135, 134, 132, 134, 131, 131, 130, 133, 132, 130, 132, 129, 131, 131, 130, 137, 130, 136, 131, 133, 132, 132, 131, 132, 132, 130, 150, 132, 151, 131, 130, 130, 130, 129, 130, 130, 129, 150, 126, 150, 127, 127, 126, 124, 124, 121, 122, 120, 141, 118, 141, 113, 112, 108, 107, 105, 103, 101, 98, 100, 93, 95, 90, 89, 87, 84, 82, 80, 77, 76, 75, 72, 75, 68, 71, 65, 63, 70, 60, 59, 57, 58, 55, 65, 54, 63, 50, 51, 50, 48, 48, 49, 45, 46, 56, 45, 69, 44, 46, 43, 42, 54, 42, 42, 42, 47, 42, 57, 42, 53, 44, 42, 43]",128000000,500000,1224006250,42,0
0,2,0,"[39, 39, 40, 40, 41, 40, 39, 39, 40, 40, 42, 40, 41, 40, 39, 43, 40, 43, 41, 42, 43, 43, 43, 45, 44, 45, 44, 46, 48, 46, 50, 52, 98, 54, 69, 52, 49, 53, 48, 54, 50, 52, 55, 55, 57, 54, 59, 58, 57, 59, 60, 67, 67, 70, 69, 73, 74, 75, 79, 81, 84, 87, 94, 101, 103, 108, 114, 118, 122, 121, 124, 128, 130, 130, 133, 134, 139, 138, 139, 139, 143, 143, 144, 145, 142, 140, 139, 138, 138, 137, 138, 138, 137, 138, 137, 138, 138, 137, 136, 138, 138, 137, 136, 139, 137, 139, 139, 140, 139, 146, 149, 150, 150, 148, 142, 142, 140, 141, 141, 142, 142, 143, 141, 142, 143, 143, 142, 156, 144, 143, 144, 142, 146, 147, 142, 141, 141, 141, 142, 142, 141, 141, 140, 139, 138, 138, 139, 139, 137, 136, 136, 138, 136, 137, 138, 136, 136, 135, 136, 138, 139, 137, 137, 136, 137, 135, 137, 137, 138, 138, 140, 139, 139, 139, 138, 137, 138, 137, 137, 135, 133, 133, 133, 130, 128, 127, 125, 124, 121, 116, 115, 112, 111, 106, 104, 98, 95, 88, 85, 80, 74, 69, 65, 63, 59, 59, 57, 56, 55, 56, 55, 52, 52, 52, 50, 50, 50, 50, 47, 47, 51, 48, 49, 47, 48, 46, 47, 44, 43, 43, 45, 43, 49, 43, 43, 40, 41, 41, 41, 42, 40, 40, 42, 40, 42, 40, 40, 38, 40, 42, 40, 39, 39, 39, 40, 39]",128000000,500000,1583461250,45,0,"[44, 44, 44, 61, 75, 58, 45, 48, 48, 48, 49, 49, 51, 51, 59, 54, 61, 54, 58, 58, 60, 59, 62, 63, 62, 69, 66, 69, 72, 73, 72, 75, 77, 75, 77, 79, 79, 84, 85, 85, 89, 89, 93, 100, 95, 97, 97, 103, 104, 103, 106, 109, 111, 113, 115, 121, 122, 121, 124, 128, 125, 127, 128, 131, 130, 132, 133, 135, 135, 136, 136, 136, 137, 135, 136, 135, 138, 136, 139, 139, 136, 135, 152, 137, 136, 136, 135, 135, 136, 136, 137, 138, 137, 139, 137, 136, 136, 137, 138, 137, 138, 137, 138, 139, 140, 140, 139, 140, 140, 142, 140, 144, 145, 143, 144, 146, 144, 146, 149, 145, 147, 145, 147, 150, 150, 149, 150, 152, 150, 148, 148, 147, 145, 145, 145, 145, 142, 143, 139, 140, 137, 136, 134, 134, 134, 132, 132, 131, 131, 131, 130, 132, 129, 129, 131, 131, 131, 130, 136, 130, 131, 132, 133, 130, 137, 134, 131, 154, 136, 154, 132, 131, 133, 133, 134, 131, 132, 130, 151, 128, 129, 129, 127, 128, 127, 125, 124, 123, 122, 145, 122, 141, 116, 115, 113, 111, 111, 108, 105, 104, 102, 99, 99, 96, 93, 90, 88, 86, 83, 81, 80, 81, 76, 80, 71, 76, 69, 68, 65, 62, 61, 59, 60, 57, 71, 55, 65, 52, 51, 51, 50, 48, 48, 46, 46, 59, 46, 61, 45, 70, 45, 43, 87, 41, 42, 42, 49, 42, 54, 41, 51, 40, 42, 41, 42, 43]",128000000,500000,1224006250,42,0
0,2,0,"[39, 39, 40, 39, 38, 40, 41, 41, 41, 41, 40, 41, 40, 42, 41, 40, 43, 42, 42, 42, 42, 41, 43, 42, 43, 45, 43, 43, 47, 48, 51, 54, 99, 54, 68, 51, 53, 49, 62, 53, 53, 57, 55, 51, 55, 53, 53, 61, 59, 57, 65, 63, 67, 69, 69, 71, 75, 75, 79, 81, 85, 90, 96, 102, 105, 107, 112, 118, 123, 123, 125, 127, 130, 130, 133, 135, 137, 138, 139, 139, 141, 143, 144, 144, 141, 141, 138, 138, 138, 137, 137, 138, 138, 138, 137, 138, 137, 138, 137, 137, 138, 138, 138, 139, 138, 140, 140, 140, 140, 147, 150, 152, 149, 145, 142, 142, 141, 141, 140, 140, 143, 142, 143, 142, 141, 142, 142, 146, 145, 142, 142, 142, 144, 146, 143, 141, 140, 141, 140, 141, 142, 141, 141, 138, 139, 137, 137, 138, 138, 136, 136, 137, 137, 136, 136, 135, 136, 135, 136, 137, 140, 137, 138, 136, 137, 138, 137, 138, 138, 139, 139, 138, 137, 139, 138, 138, 137, 137, 137, 136, 136, 133, 131, 131, 127, 127, 125, 124, 120, 119, 116, 114, 109, 107, 102, 98, 93, 98, 84, 77, 75, 69, 66, 62, 59, 57, 57, 57, 55, 56, 54, 53, 53, 52, 52, 50, 49, 49, 49, 48, 52, 47, 47, 45, 49, 44, 46, 44, 45, 44, 43, 45, 49, 45, 42, 42, 44, 42, 40, 41, 42, 40, 41, 40, 39, 39, 40, 40, 40, 41, 38, 41, 39, 39, 39, 39]",128000000,500000,1583461250,45,0,"[42, 52, 46, 53, 43, 46, 46, 46, 45, 47, 50, 49, 62, 52, 55, 54, 54, 56, 56, 59, 58, 60, 63, 63, 70, 68, 67, 70, 71, 71, 73, 73, 77, 76, 79, 80, 83, 80, 83, 85, 88, 89, 90, 92, 96, 96, 97, 100, 102, 104, 107, 109, 111, 112, 114, 121, 121, 124, 123, 128, 126, 127, 128, 131, 130, 133, 134, 134, 135, 136, 135, 135, 138, 137, 137, 136, 138, 137, 138, 137, 137, 136, 137, 138, 135, 137, 138, 137, 136, 137, 138, 137, 139, 137, 139, 137, 138, 139, 138, 137, 137, 138, 137, 139, 139, 140, 140, 139, 141, 142, 142, 142, 143, 142, 143, 146, 143, 145, 146, 147, 147, 147, 148, 148, 151, 149, 149, 151, 147, 148, 147, 147, 144, 146, 146, 144, 141, 139, 139, 137, 139, 136, 136, 133, 132, 134, 131, 132, 133, 132, 131, 131, 131, 133, 131, 131, 130, 131, 133, 132, 132, 130, 131, 133, 131, 150, 130, 133, 131, 130, 129, 130, 131, 130, 132, 130, 151, 129, 151, 129, 129, 126, 127, 126, 127, 124, 124, 142, 122, 122, 119, 118, 118, 115, 113, 112, 110, 107, 109, 104, 104, 100, 97, 95, 93, 90, 89, 87, 84, 83, 79, 81, 75, 76, 72, 71, 69, 66, 66, 63, 61, 61, 67, 58, 69, 56, 56, 53, 53, 52, 48, 49, 48, 56, 46, 54, 46, 46, 45, 65, 43, 61, 41, 42, 51, 44, 60, 45, 45, 40, 41, 41, 43, 42, 61, 58]",128000000,500000,1224006250,42,0
0,2,0,"[38, 41, 41, 40, 40, 40, 40, 40, 40, 39, 39, 40, 41, 42, 42, 41, 40, 41, 44, 42, 42, 41, 41, 45, 44, 45, 44, 47, 47, 52, 50, 50, 101, 55, 71, 56, 54, 55, 64, 49, 60, 57, 52, 51, 54, 60, 61, 56, 57, 59, 63, 64, 69, 68, 67, 71, 72, 76, 80, 83, 85, 88, 98, 101, 105, 109, 113, 118, 123, 122, 126, 127, 129, 131, 134, 135, 139, 138, 138, 140, 142, 143, 143, 144, 142, 138, 139, 138, 137, 137, 137, 137, 138, 137, 138, 138, 139, 139, 139, 138, 139, 137, 138, 138, 139, 138, 141, 140, 142, 146, 147, 149, 148, 146, 143, 140, 143, 141, 141, 142, 142, 141, 142, 142, 142, 141, 143, 150, 144, 142, 143, 142, 149, 147, 143, 141, 140, 143, 141, 141, 142, 139, 140, 139, 139, 137, 138, 137, 136, 136, 136, 135, 137, 136, 135, 136, 135, 137, 137, 136, 139, 137, 137, 137, 137, 137, 137, 137, 137, 138, 138, 139, 138, 139, 139, 138, 138, 138, 137, 135, 135, 134, 132, 131, 129, 126, 125, 122, 123, 118, 115, 112, 111, 107, 100, 100, 115, 88, 84, 79, 73, 70, 64, 63, 60, 59, 57, 56, 56, 55, 54, 53, 53, 52, 50, 50, 49, 50, 49, 47, 49, 47, 47, 47, 50, 44, 46, 45, 44, 44, 44, 44, 49, 44, 43, 41, 43, 40, 41, 41, 42, 40, 42, 40, 40, 41, 42, 39, 41, 39, 40, 40, 40, 38, 39, 40]",128000000,500000,1583461250,45,0,"[45, 47, 45, 44, 45, 44, 46, 48, 46, 47, 54, 50, 58, 50, 54, 53, 55, 57, 57, 57, 56, 64, 62, 65, 64, 66, 65, 68, 70, 74, 71, 74, 76, 76, 86, 79, 79, 83, 85, 87, 89, 89, 93, 93, 95, 95, 101, 101, 102, 105, 107, 109, 111, 114, 117, 124, 122, 125, 121, 128, 126, 129, 130, 132, 131, 133, 135, 134, 135, 135, 137, 136, 138, 136, 137, 137, 137, 137, 137, 139, 137, 136, 137, 138, 137, 137, 135, 136, 135, 137, 137, 137, 138, 137, 140, 140, 137, 137, 138, 139, 138, 137, 137, 138, 139, 138, 140, 140, 141, 141, 141, 142, 141, 141, 143, 144, 145, 145, 147, 148, 147, 148, 151, 150, 151, 151, 147, 154, 148, 150, 150, 148, 148, 147, 147, 145, 143, 143, 140, 139, 137, 136, 137, 135, 136, 134, 133, 132, 133, 131, 131, 132, 132, 133, 132, 130, 131, 132, 135, 131, 131, 133, 132, 151, 132, 136, 131, 131, 131, 131, 131, 130, 149, 129, 150, 131, 131, 128, 129, 129, 127, 128, 126, 127, 126, 147, 125, 123, 123, 121, 120, 119, 116, 113, 129, 112, 128, 107, 109, 104, 100, 99, 95, 96, 93, 88, 89, 87, 83, 85, 80, 79, 81, 73, 72, 69, 69, 68, 66, 64, 67, 60, 64, 58, 56, 55, 55, 54, 52, 53, 51, 55, 46, 54, 47, 47, 45, 44, 45, 67, 43, 43, 67, 53, 51, 42, 46, 42, 42, 42, 43, 73, 42, 44, 63, 48]",128000000,500000,1224006250,42,0
0,2,0,"[42, 41, 40, 39, 39, 41, 39, 41, 41, 39, 39, 40, 40, 40, 40, 40, 39, 40, 41, 43, 42, 42, 44, 44, 46, 44, 44, 44, 45, 49, 47, 53, 98, 54, 69, 56, 50, 54, 54, 51, 52, 60, 55, 60, 54, 55, 54, 55, 65, 57, 67, 67, 70, 68, 70, 70, 73, 74, 79, 81, 84, 90, 95, 99, 104, 106, 112, 118, 122, 122, 125, 128, 128, 132, 134, 134, 137, 139, 137, 138, 143, 143, 144, 144, 142, 140, 138, 136, 139, 139, 138, 138, 137, 137, 137, 137, 137, 138, 137, 138, 137, 139, 138, 139, 139, 139, 138, 139, 141, 144, 147, 148, 150, 145, 142, 141, 141, 139, 142, 142, 140, 143, 142, 142, 141, 144, 143, 147, 143, 142, 142, 143, 143, 148, 142, 142, 139, 141, 142, 142, 142, 140, 141, 140, 139, 136, 137, 137, 136, 136, 136, 136, 138, 135, 136, 138, 136, 136, 137, 135, 140, 137, 139, 137, 136, 137, 137, 138, 139, 138, 140, 140, 138, 139, 139, 138, 137, 137, 136, 133, 135, 133, 131, 132, 127, 126, 125, 122, 121, 119, 117, 113, 111, 106, 100, 99, 94, 89, 84, 79, 74, 69, 65, 62, 61, 57, 56, 56, 54, 54, 54, 52, 54, 52, 53, 49, 49, 48, 48, 48, 52, 46, 47, 46, 49, 45, 45, 45, 44, 42, 43, 42, 48, 44, 42, 42, 43, 40, 41, 41, 42, 41, 41, 40, 40, 40, 39, 40, 39, 41, 41, 41, 39, 40, 39, 40]",128000000,500000,1583461250,45,0,"[43, 42, 46, 43, 42, 46, 52, 46, 64, 47, 62, 48, 51, 54, 53, 54, 56, 59, 57, 65, 59, 66, 65, 64, 67, 68, 64, 69, 68, 73, 72, 73, 78, 74, 80, 125, 80, 82, 84, 84, 87, 89, 91, 92, 96, 96, 97, 99, 103, 104, 108, 108, 111, 113, 116, 126, 120, 123, 124, 128, 126, 126, 130, 131, 131, 132, 134, 132, 134, 136, 136, 136, 138, 137, 156, 137, 138, 137, 136, 138, 135, 137, 136, 137, 136, 137, 136, 137, 136, 134, 137, 136, 139, 138, 140, 139, 137, 138, 137, 137, 138, 137, 137, 138, 139, 140, 140, 140, 140, 142, 141, 141, 143, 141, 145, 144, 146, 147, 149, 148, 149, 148, 150, 150, 149, 151, 149, 149, 151, 150, 149, 146, 147, 147, 147, 144, 142, 138, 137, 137, 139, 135, 135, 134, 133, 132, 132, 132, 132, 132, 131, 133, 129, 131, 131, 132, 132, 132, 134, 132, 132, 145, 132, 136, 133, 132, 132, 133, 132, 131, 132, 131, 153, 131, 130, 132, 129, 128, 128, 131, 128, 152, 128, 150, 126, 129, 126, 122, 123, 121, 120, 118, 118, 114, 145, 111, 110, 107, 106, 103, 101, 99, 98, 95, 93, 95, 88, 92, 84, 84, 81, 79, 76, 74, 72, 69, 70, 67, 78, 62, 70, 59, 58, 57, 55, 56, 54, 56, 52, 67, 51, 64, 49, 47, 47, 46, 46, 43, 44, 66, 70, 51, 62, 43, 46, 46, 44, 42, 42, 41, 43, 51, 79, 58, 42, 59]",128000000,500000,1224006250,42,0
0,2,0,"[41, 39, 40, 38, 38, 40, 40, 39, 40, 38, 41, 40, 40, 39, 41, 40, 39, 43, 40, 42, 42, 42, 43, 44, 45, 45, 43, 46, 48, 45, 48, 49, 104, 54, 70, 50, 50, 73, 55, 59, 54, 51, 50, 55, 61, 55, 56, 58, 59, 64, 63, 63, 66, 67, 72, 72, 73, 76, 79, 80, 82, 88, 94, 99, 103, 109, 112, 118, 123, 121, 124, 127, 131, 131, 133, 134, 148, 137, 141, 140, 143, 143, 145, 144, 143, 140, 138, 139, 138, 138, 137, 137, 137, 137, 138, 138, 136, 137, 137, 138, 138, 137, 138, 137, 139, 138, 140, 139, 140, 146, 149, 151, 149, 144, 142, 139, 142, 141, 141, 141, 141, 143, 142, 142, 142, 142, 142, 151, 144, 143, 141, 142, 143, 147, 141, 144, 142, 144, 142, 143, 141, 140, 140, 139, 139, 137, 139, 139, 137, 138, 139, 137, 136, 137, 135, 137, 136, 136, 136, 137, 139, 136, 138, 135, 134, 137, 136, 137, 135, 138, 139, 139, 138, 138, 137, 138, 138, 136, 138, 136, 135, 134, 132, 131, 129, 127, 126, 124, 121, 119, 116, 112, 110, 104, 102, 100, 93, 89, 84, 77, 74, 70, 64, 62, 59, 58, 59, 55, 55, 56, 53, 55, 52, 51, 50, 51, 50, 49, 48, 49, 51, 47, 49, 46, 49, 45, 48, 44, 44, 44, 41, 42, 47, 46, 42, 42, 42, 41, 40, 41, 42, 41, 41, 40, 40, 41, 41, 39, 39, 40, 39, 41, 40, 41, 39, 39]",128000000,500000,1583461250,45,0,"[44, 44, 44, 45, 48, 46, 65, 46, 72, 47, 51, 52, 51, 54, 52, 55, 56, 68, 55, 69, 63, 68, 65, 62, 63, 68, 65, 67, 75, 70, 78, 76, 77, 74, 77, 80, 83, 84, 84, 84, 86, 89, 91, 94, 94, 95, 97, 100, 103, 104, 106, 108, 108, 113, 113, 121, 121, 121, 122, 127, 126, 129, 129, 129, 132, 131, 133, 135, 134, 134, 136, 137, 138, 138, 137, 138, 135, 137, 135, 136, 135, 137, 139, 136, 136, 135, 136, 135, 136, 137, 137, 137, 138, 139, 140, 140, 137, 138, 138, 139, 137, 138, 138, 139, 140, 141, 140, 140, 142, 141, 143, 141, 144, 144, 146, 146, 146, 147, 149, 149, 149, 150, 147, 151, 148, 153, 149, 150, 149, 147, 146, 148, 146, 143, 145, 140, 140, 139, 139, 137, 137, 138, 135, 135, 132, 132, 131, 131, 131, 131, 131, 131, 132, 131, 132, 132, 132, 132, 136, 135, 133, 135, 132, 140, 137, 132, 134, 131, 154, 132, 153, 132, 129, 132, 131, 128, 131, 129, 129, 152, 128, 152, 127, 126, 126, 125, 125, 125, 123, 122, 147, 118, 143, 115, 121, 111, 109, 106, 106, 103, 101, 100, 97, 101, 93, 96, 89, 87, 85, 82, 80, 77, 75, 73, 76, 71, 82, 67, 71, 63, 64, 61, 59, 57, 57, 60, 56, 76, 49, 69, 50, 49, 48, 47, 46, 46, 47, 46, 68, 66, 67, 44, 41, 65, 69, 41, 42, 42, 40, 60, 42, 66, 40, 60, 46, 42]",128000000,500000,1224006250,42,0
0,2,0,"[40, 41, 38, 38, 39, 41, 42, 40, 39, 41, 42, 40, 41, 39, 41, 42, 42, 40, 41, 41, 42, 42, 44, 44, 44, 44, 46, 47, 51, 43, 47, 49, 96, 54, 69, 53, 54, 53, 50, 65, 57, 60, 51, 55, 55, 55, 54, 57, 60, 66, 69, 65, 66, 68, 70, 75, 74, 76, 79, 80, 85, 88, 96, 99, 105, 109, 114, 118, 123, 122, 124, 129, 130, 131, 131, 135, 144, 144, 140, 139, 142, 143, 145, 143, 142, 140, 138, 139, 140, 139, 139, 138, 138, 138, 138, 136, 138, 137, 138, 138, 139, 139, 138, 137, 138, 140, 140, 139, 142, 146, 150, 149, 150, 147, 142, 141, 141, 142, 142, 143, 142, 142, 141, 142, 142, 143, 143, 155, 144, 143, 141, 143, 151, 147, 143, 142, 142, 141, 141, 142, 143, 142, 139, 139, 139, 138, 138, 138, 138, 136, 138, 135, 138, 136, 137, 138, 136, 136, 136, 136, 139, 135, 138, 137, 137, 136, 137, 138, 138, 137, 138, 139, 139, 138, 138, 138, 138, 138, 136, 136, 135, 133, 132, 130, 130, 127, 125, 122, 121, 119, 116, 113, 110, 107, 103, 100, 94, 89, 85, 79, 75, 70, 66, 63, 59, 59, 59, 55, 55, 53, 53, 54, 53, 52, 53, 50, 49, 48, 49, 48, 52, 47, 48, 47, 50, 45, 46, 45, 46, 42, 44, 44, 48, 45, 42, 43, 42, 43, 42, 40, 42, 41, 42, 39, 42, 42, 39, 39, 39, 43, 40, 39, 41, 40, 40, 40]",128000000,500000,1583461250,45,0,"[44, 44, 47, 46, 60, 45, 67, 48, 49, 50, 49, 51, 52, 53, 54, 60, 55, 60, 58, 58, 58, 67, 61, 61, 68, 66, 90, 66, 73, 70, 73, 75, 77, 77, 78, 78, 81, 82, 85, 85, 88, 90, 90, 91, 96, 96, 98, 101, 103, 105, 108, 109, 110, 115, 116, 123, 121, 122, 123, 128, 127, 127, 128, 132, 131, 132, 133, 134, 135, 136, 138, 137, 137, 137, 135, 137, 139, 138, 137, 139, 137, 137, 137, 138, 138, 137, 137, 162, 136, 138, 138, 137, 139, 137, 139, 138, 137, 136, 138, 139, 137, 139, 137, 139, 138, 139, 140, 139, 141, 140, 141, 141, 142, 142, 144, 144, 145, 147, 146, 147, 148, 148, 149, 150, 151, 149, 149, 147, 150, 149, 147, 150, 147, 146, 149, 145, 143, 141, 139, 138, 137, 135, 135, 135, 131, 131, 134, 131, 131, 129, 131, 131, 130, 130, 131, 130, 131, 132, 137, 132, 131, 130, 130, 132, 131, 130, 150, 131, 151, 131, 130, 129, 129, 129, 128, 129, 129, 151, 128, 147, 127, 129, 127, 128, 127, 126, 125, 124, 144, 121, 143, 119, 116, 116, 113, 111, 111, 108, 104, 103, 102, 104, 96, 95, 94, 88, 89, 86, 85, 82, 80, 77, 78, 74, 77, 69, 74, 67, 64, 63, 61, 60, 58, 61, 56, 63, 55, 61, 52, 49, 51, 48, 47, 48, 47, 47, 56, 44, 64, 71, 61, 42, 43, 64, 42, 41, 43, 50, 43, 55, 41, 45, 44, 42, 44, 70]",128000000,500000,1224006250,42,0
0,2,0,"[40, 39, 39, 39, 40, 40, 40, 39, 40, 41, 39, 40, 41, 40, 40, 41, 42, 40, 40, 43, 41, 43, 44, 43, 47, 43, 46, 43, 49, 49, 49, 49, 100, 59, 68, 49, 51, 61, 52, 49, 51, 56, 63, 61, 53, 58, 57, 62, 63, 60, 63, 67, 65, 68, 70, 71, 72, 75, 78, 81, 84, 89, 96, 101, 104, 109, 112, 117, 122, 122, 125, 127, 130, 132, 133, 136, 154, 142, 139, 139, 141, 143, 143, 142, 141, 141, 139, 138, 137, 139, 137, 137, 137, 137, 136, 138, 139, 137, 137, 137, 138, 138, 138, 139, 139, 138, 140, 138, 140, 145, 146, 148, 147, 147, 141, 140, 142, 142, 142, 141, 141, 142, 143, 142, 144, 142, 143, 145, 143, 143, 143, 142, 142, 147, 142, 141, 141, 142, 141, 142, 142, 142, 141, 139, 138, 138, 138, 137, 139, 137, 137, 138, 136, 137, 136, 137, 136, 136, 136, 136, 141, 135, 138, 137, 136, 136, 138, 137, 138, 138, 138, 140, 138, 139, 137, 138, 137, 137, 136, 135, 135, 133, 132, 132, 130, 128, 125, 122, 120, 119, 116, 112, 109, 106, 103, 99, 93, 89, 84, 80, 73, 68, 65, 63, 61, 59, 57, 55, 55, 54, 55, 53, 52, 52, 50, 49, 50, 50, 49, 47, 51, 49, 46, 45, 48, 46, 47, 45, 44, 43, 42, 43, 50, 45, 42, 42, 42, 41, 40, 42, 42, 39, 41, 42, 41, 41, 40, 41, 39, 42, 40, 41, 40, 38, 39, 41]",128000000,500000,1583461250,45,0,"[49, 45, 50, 45, 46, 45, 45, 46, 47, 48, 48, 49, 50, 56, 53, 56, 55, 56, 63, 61, 58, 61, 63, 63, 66, 65, 65, 103, 70, 69, 70, 74, 76, 75, 77, 79, 82, 83, 84, 85, 86, 91, 92, 95, 96, 96, 98, 100, 102, 104, 106, 108, 109, 113, 115, 121, 121, 122, 124, 128, 128, 128, 130, 129, 133, 133, 146, 136, 136, 136, 138, 137, 137, 138, 135, 138, 136, 137, 137, 140, 137, 137, 137, 138, 136, 137, 138, 137, 138, 138, 137, 138, 139, 138, 139, 139, 138, 138, 139, 138, 139, 139, 139, 139, 140, 139, 139, 140, 141, 141, 141, 142, 142, 142, 144, 144, 147, 145, 146, 146, 145, 148, 148, 147, 149, 148, 149, 154, 149, 147, 150, 148, 147, 148, 146, 147, 142, 141, 142, 141, 139, 135, 134, 134, 132, 133, 133, 133, 132, 133, 130, 131, 131, 131, 131, 131, 129, 129, 136, 131, 130, 132, 130, 133, 152, 131, 150, 132, 131, 132, 131, 130, 130, 131, 130, 143, 130, 143, 130, 130, 129, 128, 128, 125, 125, 125, 148, 123, 146, 122, 121, 119, 117, 115, 113, 111, 108, 116, 107, 104, 102, 98, 97, 95, 93, 92, 89, 87, 83, 81, 81, 77, 78, 73, 73, 71, 69, 67, 64, 64, 63, 61, 59, 59, 55, 60, 56, 53, 51, 51, 50, 49, 51, 48, 54, 46, 50, 46, 46, 64, 44, 43, 63, 42, 70, 43, 42, 48, 43, 43, 41, 40, 42, 41, 42, 43]",128000000,500000,1224006250,42,0
0,2,0,"[39, 40, 41, 40, 40, 39, 40, 39, 40, 41, 39, 40, 41, 41, 39, 42, 40, 41, 41, 42, 42, 42, 43, 44, 41, 44, 46, 48, 46, 48, 48, 53, 97, 56, 69, 53, 51, 56, 51, 58, 60, 50, 57, 61, 54, 66, 59, 54, 57, 66, 64, 65, 66, 71, 70, 71, 72, 74, 77, 81, 84, 87, 96, 99, 106, 109, 111, 118, 121, 123, 125, 127, 129, 132, 134, 135, 137, 139, 140, 139, 140, 143, 144, 143, 142, 138, 139, 137, 138, 137, 137, 136, 136, 138, 135, 137, 139, 138, 140, 140, 138, 139, 139, 139, 139, 139, 139, 138, 141, 145, 149, 148, 148, 146, 141, 141, 141, 143, 141, 142, 143, 142, 143, 142, 142, 143, 144, 149, 143, 143, 143, 142, 144, 145, 143, 141, 140, 142, 142, 144, 144, 141, 142, 141, 139, 139, 140, 138, 138, 138, 137, 136, 137, 136, 135, 137, 136, 136, 135, 136, 140, 135, 137, 136, 136, 137, 137, 136, 138, 137, 139, 139, 139, 138, 139, 139, 138, 138, 136, 136, 136, 135, 133, 131, 131, 128, 125, 125, 121, 120, 117, 113, 111, 106, 102, 98, 94, 89, 84, 80, 75, 68, 65, 63, 59, 58, 57, 57, 56, 55, 54, 53, 51, 52, 50, 51, 49, 48, 49, 49, 51, 47, 47, 44, 50, 43, 48, 44, 44, 44, 44, 44, 49, 45, 42, 42, 43, 42, 41, 40, 41, 40, 41, 41, 41, 39, 40, 40, 41, 40, 39, 40, 39, 40, 42, 39]",128000000,500000,1583461250,45,0,"[59, 44, 50, 47, 45, 47, 47, 46, 51, 50, 50, 56, 52, 57, 54, 55, 54, 55, 54, 57, 62, 60, 67, 62, 70, 66, 65, 65, 70, 70, 71, 73, 75, 76, 78, 80, 80, 83, 83, 88, 88, 91, 92, 94, 96, 96, 99, 101, 102, 105, 108, 109, 111, 116, 115, 123, 124, 126, 124, 128, 127, 129, 130, 131, 132, 132, 134, 135, 135, 135, 137, 137, 137, 137, 139, 139, 138, 137, 138, 139, 138, 136, 138, 137, 137, 136, 137, 136, 137, 137, 138, 139, 138, 137, 138, 138, 139, 138, 138, 139, 138, 136, 139, 141, 138, 139, 139, 139, 139, 142, 144, 143, 142, 144, 145, 146, 144, 148, 148, 148, 148, 150, 150, 151, 153, 150, 151, 150, 150, 149, 150, 150, 148, 149, 147, 146, 142, 141, 139, 138, 138, 136, 136, 135, 134, 133, 132, 133, 132, 130, 131, 131, 131, 130, 133, 131, 132, 130, 137, 131, 132, 130, 150, 133, 146, 132, 132, 130, 130, 131, 130, 131, 129, 152, 129, 152, 129, 132, 129, 129, 128, 129, 126, 127, 145, 125, 148, 123, 124, 121, 120, 118, 116, 114, 114, 139, 110, 131, 105, 105, 101, 99, 97, 95, 93, 92, 88, 87, 86, 83, 84, 77, 76, 75, 72, 72, 70, 68, 65, 72, 62, 68, 59, 59, 56, 56, 55, 53, 51, 51, 51, 49, 62, 48, 60, 47, 46, 45, 46, 65, 45, 45, 43, 60, 44, 52, 43, 42, 43, 43, 42, 41, 43, 44, 53, 41]",128000000,500000,1224006250,42,0
0,2,0,"[39, 41, 39, 42, 39, 41, 39, 40, 39, 39, 39, 40, 41, 41, 41, 40, 41, 42, 43, 42, 45, 43, 43, 42, 42, 44, 43, 43, 49, 46, 48, 51, 96, 52, 68, 48, 50, 61, 52, 51, 51, 59, 55, 58, 52, 54, 57, 61, 58, 59, 62, 64, 66, 67, 72, 71, 72, 76, 80, 79, 83, 87, 95, 100, 104, 108, 112, 117, 124, 122, 126, 129, 129, 131, 134, 136, 137, 136, 139, 138, 141, 142, 141, 143, 141, 138, 138, 138, 138, 139, 137, 138, 138, 138, 137, 137, 137, 139, 138, 138, 140, 137, 138, 140, 138, 140, 138, 139, 140, 144, 149, 149, 148, 145, 141, 141, 141, 143, 141, 142, 142, 143, 141, 141, 142, 144, 144, 147, 144, 142, 142, 143, 143, 149, 143, 144, 142, 142, 144, 143, 143, 143, 142, 141, 141, 138, 138, 138, 139, 139, 137, 138, 139, 137, 138, 135, 135, 136, 136, 135, 137, 137, 135, 135, 138, 137, 137, 136, 137, 139, 137, 139, 139, 137, 140, 140, 139, 139, 137, 136, 136, 134, 133, 131, 130, 129, 126, 123, 122, 117, 117, 114, 111, 107, 102, 98, 93, 89, 85, 78, 74, 68, 66, 63, 60, 56, 57, 57, 56, 54, 54, 52, 52, 53, 51, 51, 49, 50, 49, 49, 52, 48, 47, 46, 50, 45, 46, 43, 44, 43, 45, 44, 50, 44, 42, 43, 43, 43, 40, 40, 41, 41, 42, 39, 42, 41, 39, 40, 40, 41, 39, 39, 40, 39, 39, 39]",128000000,500000,1583461250,45,0,"[56, 45, 44, 43, 45, 46, 47, 54, 47, 57, 49, 56, 56, 53, 52, 53, 58, 57, 107, 57, 64, 60, 63, 64, 62, 62, 68, 67, 68, 72, 74, 75, 74, 75, 76, 79, 80, 81, 86, 86, 87, 90, 91, 93, 96, 96, 99, 100, 103, 105, 107, 109, 112, 114, 118, 126, 122, 125, 124, 129, 127, 127, 130, 134, 132, 134, 134, 136, 136, 138, 139, 138, 137, 140, 138, 140, 141, 139, 139, 143, 139, 138, 139, 139, 137, 138, 137, 137, 136, 139, 137, 137, 138, 138, 140, 139, 139, 137, 139, 138, 137, 138, 138, 139, 138, 138, 138, 141, 141, 142, 142, 143, 142, 142, 143, 143, 145, 146, 144, 147, 148, 148, 149, 148, 150, 150, 150, 150, 152, 149, 151, 150, 150, 149, 148, 147, 144, 143, 143, 142, 140, 138, 137, 138, 137, 136, 135, 134, 134, 134, 133, 132, 132, 132, 132, 133, 131, 129, 136, 130, 135, 131, 152, 130, 129, 130, 130, 129, 130, 130, 130, 152, 128, 151, 130, 130, 129, 128, 129, 129, 127, 127, 149, 124, 138, 125, 124, 122, 122, 122, 120, 120, 117, 138, 115, 140, 108, 108, 106, 103, 101, 100, 97, 95, 93, 90, 90, 86, 87, 81, 79, 77, 77, 75, 72, 70, 69, 72, 64, 70, 62, 63, 59, 57, 55, 53, 55, 53, 53, 52, 56, 48, 54, 49, 48, 73, 45, 45, 45, 68, 45, 69, 43, 52, 51, 43, 42, 43, 42, 40, 41, 42, 47, 43, 60, 71]",128000000,500000,1224006250,42,0
0,2,0,"[40, 41, 39, 41, 40, 41, 39, 40, 40, 40, 39, 40, 40, 41, 41, 40, 42, 42, 44, 42, 42, 42, 44, 44, 43, 44, 45, 46, 48, 49, 51, 56, 99, 57, 69, 50, 50, 53, 54, 56, 58, 67, 52, 55, 56, 58, 56, 58, 57, 66, 61, 66, 68, 67, 69, 70, 72, 76, 76, 80, 83, 88, 95, 99, 104, 108, 111, 117, 122, 122, 125, 127, 128, 132, 133, 134, 138, 139, 140, 139, 139, 142, 143, 143, 142, 140, 137, 138, 138, 140, 137, 138, 139, 139, 137, 137, 139, 139, 138, 138, 139, 137, 141, 138, 139, 139, 139, 138, 141, 143, 146, 149, 148, 145, 141, 142, 141, 141, 142, 141, 142, 141, 142, 143, 141, 142, 142, 148, 143, 145, 145, 141, 146, 147, 143, 144, 141, 143, 144, 143, 143, 143, 144, 140, 140, 141, 140, 139, 141, 140, 139, 137, 138, 138, 137, 136, 135, 136, 138, 136, 139, 135, 136, 136, 136, 136, 137, 136, 138, 138, 139, 138, 138, 138, 140, 137, 138, 137, 138, 137, 135, 135, 133, 131, 131, 128, 126, 125, 120, 119, 116, 113, 110, 106, 103, 98, 94, 98, 84, 80, 74, 70, 65, 63, 60, 59, 57, 57, 56, 56, 52, 53, 53, 53, 51, 51, 51, 48, 49, 48, 51, 47, 48, 47, 50, 44, 47, 45, 45, 43, 45, 44, 49, 45, 43, 41, 40, 41, 40, 39, 42, 41, 41, 41, 40, 39, 40, 39, 40, 41, 40, 39, 40, 39, 39, 40]",128000000,500000,1583461250,45,0,"[43, 46, 43, 44, 45, 48, 46, 52, 47, 51, 48, 51, 54, 52, 54, 53, 56, 56, 61, 87, 62, 61, 63, 64, 62, 65, 65, 69, 69, 70, 72, 75, 75, 76, 78, 78, 80, 83, 85, 86, 87, 89, 91, 94, 95, 95, 97, 101, 102, 105, 107, 110, 110, 112, 115, 121, 127, 122, 141, 128, 127, 129, 129, 132, 132, 131, 135, 137, 137, 137, 138, 137, 138, 140, 139, 139, 138, 138, 140, 140, 138, 137, 138, 137, 138, 136, 138, 138, 137, 137, 136, 137, 139, 138, 138, 137, 137, 137, 138, 140, 138, 137, 139, 138, 140, 141, 140, 140, 143, 143, 142, 144, 144, 149, 145, 145, 146, 146, 150, 147, 150, 151, 150, 151, 152, 153, 153, 153, 150, 150, 149, 150, 147, 147, 149, 145, 143, 142, 144, 144, 139, 138, 137, 137, 134, 134, 134, 132, 133, 132, 132, 133, 133, 132, 133, 130, 131, 130, 137, 130, 134, 130, 129, 131, 129, 130, 131, 129, 128, 145, 130, 149, 128, 129, 129, 128, 128, 129, 129, 129, 149, 127, 142, 126, 126, 126, 125, 124, 123, 122, 120, 135, 117, 134, 113, 113, 111, 107, 105, 105, 102, 100, 98, 96, 95, 90, 90, 88, 85, 81, 79, 79, 76, 76, 72, 71, 68, 72, 65, 62, 61, 60, 60, 57, 57, 53, 57, 52, 55, 50, 50, 48, 47, 48, 48, 46, 88, 45, 46, 66, 45, 48, 42, 63, 43, 43, 43, 43, 40, 41, 48, 42, 47, 41, 52, 50]",128000000,500000,1224006250,42,0
0,2,0,"[40, 41, 39, 40, 41, 40, 41, 42, 41, 40, 40, 39, 41, 42, 39, 41, 41, 41, 41, 42, 42, 42, 42, 43, 44, 44, 43, 45, 52, 46, 47, 52, 97, 53, 73, 49, 55, 55, 49, 52, 57, 56, 50, 55, 55, 55, 57, 57, 62, 60, 66, 64, 69, 67, 68, 77, 75, 75, 79, 81, 83, 87, 93, 98, 103, 107, 111, 117, 121, 122, 123, 128, 130, 133, 134, 135, 142, 142, 138, 140, 142, 141, 144, 142, 142, 140, 138, 139, 139, 140, 138, 137, 139, 137, 138, 138, 137, 138, 139, 138, 136, 138, 137, 138, 138, 138, 137, 140, 139, 143, 145, 146, 146, 143, 141, 139, 143, 140, 142, 140, 141, 143, 141, 142, 141, 142, 146, 145, 145, 144, 144, 142, 143, 147, 143, 141, 141, 143, 144, 143, 143, 144, 143, 141, 141, 140, 140, 140, 138, 138, 137, 137, 136, 136, 137, 135, 137, 135, 135, 139, 140, 137, 136, 135, 136, 136, 136, 136, 137, 137, 137, 138, 140, 138, 138, 139, 138, 138, 138, 138, 137, 134, 134, 131, 132, 128, 127, 124, 123, 120, 117, 113, 109, 107, 100, 98, 94, 89, 83, 79, 74, 69, 65, 62, 59, 60, 57, 57, 55, 56, 54, 54, 53, 51, 51, 51, 50, 50, 49, 48, 52, 48, 48, 47, 52, 46, 48, 45, 45, 44, 43, 43, 48, 44, 42, 43, 40, 42, 42, 41, 42, 41, 39, 40, 39, 40, 42, 41, 41, 40, 42, 39, 41, 39, 39, 40]",128000000,500000,1583461250,45,0,"[45, 44, 44, 46, 45, 47, 47, 48, 48, 49, 49, 51, 51, 52, 52, 54, 55, 54, 56, 58, 59, 61, 64, 61, 65, 65, 67, 66, 70, 70, 71, 73, 76, 77, 76, 79, 81, 81, 86, 86, 85, 90, 91, 94, 96, 98, 99, 100, 103, 103, 109, 108, 110, 114, 117, 125, 120, 124, 124, 128, 127, 128, 128, 132, 130, 135, 135, 136, 136, 136, 140, 137, 135, 136, 137, 137, 138, 139, 137, 139, 138, 136, 139, 138, 136, 136, 136, 137, 136, 137, 137, 137, 138, 138, 139, 140, 137, 138, 139, 140, 138, 138, 141, 140, 140, 142, 141, 141, 143, 150, 144, 145, 144, 143, 145, 144, 146, 147, 148, 147, 147, 149, 147, 149, 151, 148, 147, 155, 147, 147, 148, 146, 146, 144, 145, 145, 141, 141, 140, 138, 138, 138, 135, 137, 136, 133, 134, 134, 132, 132, 132, 132, 132, 132, 131, 131, 132, 131, 135, 130, 131, 130, 132, 132, 132, 129, 129, 145, 129, 142, 130, 129, 130, 130, 129, 130, 129, 132, 143, 130, 133, 127, 126, 129, 127, 125, 124, 124, 123, 124, 120, 131, 117, 115, 112, 112, 111, 108, 106, 104, 102, 100, 98, 94, 93, 93, 89, 87, 83, 81, 80, 78, 75, 75, 73, 69, 70, 67, 64, 63, 63, 60, 60, 57, 57, 53, 55, 53, 54, 51, 50, 48, 47, 48, 46, 45, 47, 46, 46, 66, 43, 44, 104, 78, 41, 43, 42, 41, 43, 42, 44, 41, 40, 42, 50, 43]",128000000,500000,1224006250,42,0
0,2,0,"[41, 39, 41, 41, 40, 40, 39, 40, 39, 39, 39, 43, 41, 40, 39, 40, 41, 41, 42, 41, 42, 43, 43, 44, 46, 42, 45, 43, 49, 47, 48, 52, 97, 53, 70, 47, 49, 61, 54, 55, 55, 50, 54, 55, 60, 57, 54, 57, 61, 63, 66, 65, 66, 69, 74, 72, 73, 74, 78, 80, 84, 87, 95, 100, 104, 108, 111, 117, 121, 122, 124, 126, 130, 131, 133, 135, 142, 139, 139, 139, 143, 142, 143, 144, 141, 141, 139, 139, 140, 139, 138, 140, 139, 138, 138, 137, 139, 137, 137, 135, 135, 138, 136, 138, 138, 138, 138, 139, 139, 142, 147, 147, 146, 141, 141, 139, 140, 140, 141, 142, 141, 143, 142, 143, 141, 142, 142, 151, 144, 142, 143, 142, 144, 147, 143, 143, 143, 141, 144, 142, 145, 143, 141, 139, 139, 138, 138, 138, 137, 136, 137, 136, 137, 136, 136, 136, 136, 136, 135, 136, 139, 135, 137, 136, 134, 135, 136, 135, 137, 136, 138, 137, 139, 138, 138, 139, 137, 138, 139, 138, 135, 135, 134, 132, 129, 126, 126, 124, 120, 120, 116, 112, 111, 105, 101, 98, 93, 88, 83, 79, 76, 69, 66, 62, 60, 58, 57, 57, 56, 55, 53, 53, 52, 51, 51, 50, 50, 49, 48, 48, 51, 46, 47, 47, 51, 45, 46, 45, 43, 44, 43, 44, 49, 44, 42, 42, 42, 40, 42, 42, 43, 41, 40, 40, 41, 42, 40, 39, 40, 40, 42, 39, 39, 39, 40, 40]",128000000,500000,1583461250,45,0,"[42, 55, 44, 51, 45, 48, 45, 48, 47, 48, 82, 49, 54, 52, 63, 53, 68, 63, 57, 61, 60, 61, 61, 62, 64, 68, 65, 69, 69, 70, 71, 74, 74, 78, 76, 78, 83, 84, 86, 87, 87, 89, 92, 93, 97, 97, 98, 101, 103, 105, 106, 109, 111, 113, 117, 123, 123, 122, 125, 130, 125, 128, 128, 132, 132, 134, 134, 135, 136, 136, 138, 144, 138, 137, 137, 137, 139, 137, 137, 141, 136, 138, 136, 138, 136, 138, 137, 136, 137, 138, 137, 138, 139, 140, 140, 140, 139, 138, 140, 140, 139, 139, 140, 139, 140, 140, 140, 142, 140, 143, 142, 146, 146, 145, 146, 147, 146, 148, 150, 147, 148, 149, 149, 148, 151, 150, 149, 151, 149, 146, 148, 147, 145, 148, 144, 145, 141, 141, 140, 138, 140, 137, 135, 135, 133, 136, 132, 133, 131, 131, 132, 132, 131, 132, 132, 130, 131, 131, 136, 130, 131, 129, 131, 131, 131, 154, 131, 152, 130, 130, 131, 129, 131, 130, 131, 129, 150, 131, 148, 131, 128, 129, 128, 128, 127, 125, 125, 149, 122, 146, 120, 118, 118, 116, 114, 113, 111, 108, 110, 106, 104, 99, 98, 95, 93, 91, 89, 85, 84, 83, 80, 85, 76, 79, 73, 71, 68, 66, 66, 62, 62, 60, 61, 57, 66, 55, 59, 76, 50, 50, 49, 49, 50, 58, 48, 61, 45, 54, 47, 66, 45, 44, 95, 71, 43, 43, 52, 42, 59, 43, 43, 42, 43, 43, 43, 60]",128000000,500000,1224006250,42,0
0,2,0,"[39, 40, 40, 38, 42, 40, 39, 39, 40, 40, 42, 39, 39, 42, 40, 42, 42, 43, 41, 43, 41, 44, 45, 43, 43, 46, 43, 47, 47, 48, 47, 51, 103, 54, 69, 57, 55, 49, 50, 56, 53, 59, 56, 51, 56, 61, 54, 55, 58, 71, 63, 68, 66, 67, 71, 71, 75, 74, 77, 80, 83, 89, 96, 99, 105, 107, 111, 118, 121, 122, 124, 128, 130, 131, 133, 135, 144, 140, 138, 139, 142, 143, 144, 144, 143, 139, 140, 141, 140, 139, 139, 138, 139, 138, 138, 138, 138, 137, 137, 137, 139, 138, 136, 138, 139, 139, 139, 137, 140, 143, 146, 147, 146, 145, 141, 140, 141, 140, 140, 141, 141, 143, 143, 142, 142, 143, 143, 152, 144, 143, 143, 143, 146, 147, 142, 143, 145, 143, 144, 143, 144, 143, 142, 140, 139, 139, 140, 139, 139, 138, 137, 140, 137, 136, 137, 135, 137, 136, 135, 136, 140, 137, 136, 137, 134, 134, 137, 137, 137, 136, 137, 137, 137, 137, 138, 138, 137, 138, 138, 137, 136, 134, 134, 132, 129, 129, 126, 124, 122, 119, 116, 114, 109, 106, 103, 98, 97, 91, 84, 78, 74, 70, 65, 61, 61, 58, 58, 56, 55, 55, 54, 52, 53, 53, 52, 51, 49, 49, 50, 48, 51, 47, 48, 47, 50, 44, 45, 45, 44, 44, 43, 44, 49, 45, 42, 42, 42, 41, 42, 42, 41, 40, 41, 39, 41, 40, 40, 40, 40, 41, 40, 40, 41, 38, 40, 37]",128000000,500000,1583461250,45,0,"[43, 57, 43, 44, 45, 46, 46, 48, 48, 48, 59, 80, 56, 52, 54, 54, 57, 57, 57, 58, 61, 62, 61, 68, 62, 68, 67, 68, 68, 69, 69, 74, 76, 76, 79, 78, 81, 83, 84, 86, 88, 91, 92, 94, 95, 97, 98, 100, 104, 106, 137, 109, 111, 112, 117, 126, 125, 135, 124, 129, 125, 128, 131, 129, 132, 132, 134, 134, 137, 135, 137, 137, 138, 137, 138, 138, 137, 138, 136, 141, 137, 139, 137, 136, 137, 137, 136, 140, 136, 145, 139, 136, 138, 139, 141, 137, 139, 139, 137, 139, 141, 138, 138, 142, 141, 141, 140, 141, 141, 149, 141, 144, 145, 145, 146, 144, 147, 145, 148, 151, 146, 147, 150, 148, 149, 151, 147, 155, 147, 148, 147, 145, 147, 144, 145, 145, 143, 141, 143, 139, 138, 137, 136, 138, 135, 135, 133, 133, 133, 131, 133, 133, 129, 131, 132, 132, 129, 130, 136, 131, 131, 129, 130, 149, 131, 150, 129, 130, 131, 129, 130, 129, 128, 129, 150, 129, 150, 129, 130, 129, 129, 128, 129, 129, 126, 148, 124, 151, 123, 121, 121, 119, 117, 114, 114, 113, 143, 109, 115, 103, 102, 100, 97, 96, 93, 90, 90, 89, 84, 87, 81, 81, 75, 74, 71, 72, 70, 67, 65, 65, 72, 59, 70, 57, 57, 54, 54, 54, 78, 51, 50, 53, 48, 60, 47, 49, 46, 45, 46, 64, 44, 42, 51, 43, 58, 44, 51, 41, 42, 41, 41, 42, 40, 43, 54, 55]",128000000,500000,1224006250,42,0
0,2,0,"[39, 40, 40, 39, 40, 40, 41, 39, 40, 39, 42, 40, 40, 41, 39, 41, 42, 42, 42, 42, 43, 43, 44, 43, 42, 45, 47, 46, 49, 45, 46, 50, 99, 52, 69, 52, 49, 60, 56, 60, 55, 60, 59, 65, 53, 53, 55, 55, 64, 64, 64, 66, 72, 67, 70, 73, 74, 74, 77, 83, 84, 88, 95, 101, 105, 109, 112, 117, 122, 121, 126, 128, 130, 130, 133, 134, 137, 139, 137, 139, 140, 143, 144, 143, 141, 140, 139, 139, 140, 139, 139, 138, 138, 138, 139, 138, 139, 139, 139, 139, 137, 138, 138, 138, 138, 140, 138, 138, 141, 144, 147, 149, 145, 144, 140, 138, 143, 139, 140, 141, 141, 142, 143, 141, 142, 141, 144, 146, 145, 143, 142, 144, 144, 147, 143, 143, 143, 144, 143, 143, 143, 143, 141, 142, 141, 139, 140, 140, 139, 139, 139, 139, 139, 138, 138, 137, 136, 135, 137, 136, 141, 137, 137, 135, 135, 136, 136, 139, 138, 138, 138, 139, 138, 139, 140, 138, 139, 137, 137, 136, 135, 134, 134, 132, 129, 128, 126, 124, 120, 120, 117, 112, 110, 106, 103, 99, 94, 90, 84, 81, 75, 68, 66, 62, 60, 60, 59, 56, 56, 55, 54, 56, 55, 52, 51, 50, 50, 49, 50, 48, 53, 48, 49, 46, 48, 44, 47, 44, 45, 42, 43, 44, 48, 45, 42, 42, 41, 42, 40, 42, 42, 40, 41, 41, 41, 40, 40, 40, 40, 43, 41, 40, 40, 40, 39, 40]",128000000,500000,1583461250,45,0,"[43, 43, 43, 47, 45, 45, 46, 47, 54, 50, 58, 51, 61, 54, 53, 57, 60, 55, 57, 60, 59, 63, 61, 65, 62, 66, 68, 66, 72, 70, 71, 77, 77, 76, 78, 79, 80, 83, 83, 87, 88, 90, 91, 94, 95, 97, 98, 101, 103, 105, 107, 109, 111, 114, 117, 130, 122, 137, 123, 130, 127, 127, 128, 131, 132, 133, 133, 134, 138, 135, 136, 136, 136, 136, 138, 138, 137, 139, 136, 140, 137, 137, 137, 137, 139, 137, 137, 138, 136, 136, 139, 138, 139, 138, 142, 139, 139, 139, 140, 140, 140, 139, 139, 141, 141, 139, 141, 140, 141, 142, 143, 144, 142, 144, 143, 143, 146, 143, 144, 147, 145, 146, 147, 147, 148, 148, 145, 154, 146, 147, 146, 147, 146, 146, 147, 147, 143, 141, 142, 140, 139, 139, 137, 138, 135, 136, 135, 136, 131, 133, 131, 134, 133, 132, 132, 133, 131, 131, 135, 131, 131, 142, 130, 153, 132, 131, 130, 131, 131, 131, 130, 130, 152, 129, 151, 129, 130, 128, 130, 127, 129, 127, 126, 149, 125, 149, 123, 122, 121, 120, 118, 118, 116, 115, 138, 111, 138, 107, 105, 105, 102, 98, 97, 94, 93, 92, 88, 90, 85, 89, 80, 79, 77, 75, 73, 70, 69, 68, 73, 62, 69, 60, 59, 57, 57, 56, 55, 52, 52, 61, 51, 72, 49, 50, 46, 46, 46, 45, 45, 64, 52, 43, 54, 58, 53, 41, 41, 42, 44, 42, 40, 41, 42, 65, 44, 52]",128000000,500000,1224006250,42,0
0,2,0,"[37, 40, 39, 41, 40, 40, 40, 39, 41, 41, 40, 40, 39, 40, 41, 41, 41, 41, 41, 41, 44, 43, 44, 44, 45, 43, 45, 45, 46, 44, 53, 54, 94, 54, 70, 50, 51, 65, 52, 63, 51, 51, 64, 61, 59, 52, 59, 65, 59, 59, 63, 64, 69, 70, 73, 72, 72, 75, 76, 82, 84, 87, 94, 99, 104, 108, 111, 118, 120, 121, 126, 127, 131, 132, 134, 135, 137, 139, 139, 139, 140, 141, 144, 143, 142, 140, 139, 140, 140, 138, 138, 139, 139, 137, 138, 138, 138, 139, 140, 138, 137, 136, 137, 138, 139, 139, 140, 139, 139, 143, 146, 146, 146, 143, 141, 139, 139, 140, 140, 141, 140, 139, 142, 143, 141, 143, 142, 150, 142, 143, 144, 143, 143, 148, 143, 143, 142, 142, 142, 144, 144, 142, 141, 141, 139, 141, 139, 138, 138, 140, 138, 137, 135, 137, 136, 136, 136, 137, 137, 136, 139, 138, 137, 135, 135, 136, 135, 136, 138, 140, 139, 139, 139, 138, 138, 138, 138, 138, 136, 136, 135, 133, 133, 131, 129, 128, 125, 124, 120, 118, 115, 112, 111, 106, 103, 96, 94, 91, 85, 80, 75, 69, 64, 62, 61, 59, 56, 56, 54, 55, 55, 53, 52, 52, 52, 52, 50, 49, 51, 49, 51, 48, 46, 47, 52, 45, 45, 44, 44, 44, 44, 44, 47, 43, 43, 42, 41, 42, 41, 42, 41, 41, 41, 40, 40, 40, 40, 41, 41, 41, 39, 40, 41, 39, 42, 41]",128000000,500000,1583461250,45,0,"[42, 43, 93, 44, 44, 45, 52, 48, 51, 48, 52, 52, 51, 56, 54, 56, 54, 59, 58, 64, 62, 60, 60, 64, 64, 63, 64, 68, 69, 72, 73, 75, 75, 76, 78, 80, 81, 82, 83, 85, 89, 90, 92, 93, 95, 97, 96, 101, 103, 103, 107, 107, 111, 114, 117, 126, 133, 139, 126, 128, 125, 128, 129, 144, 132, 132, 134, 135, 135, 137, 136, 137, 138, 137, 139, 138, 138, 139, 137, 142, 139, 140, 140, 138, 139, 138, 139, 139, 138, 138, 140, 138, 139, 140, 143, 138, 139, 141, 140, 139, 140, 140, 138, 141, 140, 140, 141, 140, 140, 143, 141, 142, 143, 144, 143, 143, 144, 143, 143, 145, 145, 146, 147, 146, 144, 144, 145, 147, 145, 144, 143, 144, 145, 144, 143, 144, 138, 142, 141, 140, 138, 137, 138, 137, 137, 140, 135, 136, 134, 135, 134, 136, 133, 133, 134, 133, 133, 133, 135, 132, 132, 145, 132, 132, 131, 133, 131, 130, 132, 129, 153, 132, 149, 129, 130, 129, 127, 128, 127, 128, 126, 140, 125, 142, 124, 124, 124, 123, 121, 120, 118, 116, 141, 114, 124, 111, 109, 108, 105, 103, 102, 100, 97, 95, 92, 92, 87, 87, 84, 83, 80, 78, 77, 75, 74, 69, 71, 68, 68, 73, 62, 61, 59, 58, 57, 56, 56, 57, 51, 60, 50, 58, 47, 46, 46, 45, 45, 44, 48, 64, 48, 47, 48, 42, 41, 42, 44, 43, 42, 43, 42, 55, 43, 59, 42, 42]",128000000,500000,1224006250,42,0
0,2,0,"[40, 40, 41, 40, 40, 40, 40, 40, 41, 40, 39, 41, 40, 40, 42, 41, 41, 42, 42, 43, 42, 42, 44, 44, 44, 47, 45, 44, 46, 53, 47, 51, 94, 53, 68, 48, 57, 52, 52, 49, 59, 53, 51, 52, 59, 54, 58, 60, 60, 59, 62, 69, 64, 66, 71, 72, 73, 78, 78, 80, 84, 91, 95, 102, 103, 106, 110, 119, 125, 121, 122, 127, 128, 133, 134, 134, 138, 136, 138, 140, 142, 144, 143, 144, 142, 140, 139, 138, 139, 139, 138, 137, 137, 138, 138, 137, 138, 138, 137, 137, 137, 138, 139, 138, 138, 137, 139, 138, 140, 142, 146, 149, 146, 144, 140, 142, 140, 141, 142, 142, 140, 142, 143, 144, 142, 143, 144, 149, 145, 144, 144, 143, 147, 151, 143, 142, 143, 141, 143, 142, 141, 141, 140, 140, 139, 138, 139, 138, 136, 137, 135, 137, 135, 137, 137, 137, 137, 136, 138, 136, 137, 138, 137, 137, 137, 136, 137, 137, 137, 138, 138, 138, 139, 138, 139, 138, 137, 138, 139, 137, 137, 134, 133, 133, 129, 129, 126, 123, 121, 118, 116, 113, 111, 107, 101, 98, 94, 90, 83, 79, 75, 70, 65, 64, 61, 58, 56, 56, 55, 56, 54, 54, 53, 52, 52, 51, 51, 49, 49, 49, 53, 47, 47, 45, 51, 46, 46, 45, 45, 44, 44, 44, 48, 43, 41, 42, 41, 40, 42, 41, 40, 42, 40, 39, 40, 40, 40, 41, 41, 42, 39, 40, 40, 40, 40, 38]",128000000,500000,1583461250,45,0,"[43, 46, 45, 85, 51, 45, 51, 49, 47, 50, 52, 50, 52, 52, 59, 56, 56, 61, 58, 61, 59, 59, 61, 92, 64, 64, 65, 70, 72, 71, 73, 76, 78, 75, 79, 83, 80, 82, 84, 87, 89, 90, 126, 94, 97, 98, 99, 101, 103, 103, 106, 109, 109, 113, 114, 127, 122, 138, 124, 129, 125, 127, 149, 133, 130, 133, 135, 135, 136, 134, 136, 139, 137, 138, 139, 139, 139, 140, 139, 143, 139, 160, 139, 139, 142, 138, 138, 139, 137, 139, 141, 139, 139, 141, 142, 139, 140, 140, 137, 139, 139, 137, 138, 141, 141, 141, 142, 139, 141, 142, 143, 142, 143, 141, 143, 142, 146, 145, 144, 147, 142, 146, 147, 147, 147, 149, 148, 153, 147, 149, 147, 147, 148, 145, 148, 147, 144, 141, 143, 140, 141, 139, 139, 138, 138, 138, 135, 135, 134, 138, 133, 134, 133, 131, 134, 132, 132, 132, 135, 132, 131, 133, 133, 132, 135, 131, 130, 130, 152, 132, 151, 130, 128, 130, 128, 129, 127, 127, 127, 147, 128, 147, 126, 129, 127, 124, 122, 122, 121, 121, 131, 116, 128, 113, 113, 109, 107, 109, 105, 104, 102, 101, 98, 96, 91, 91, 88, 86, 85, 83, 81, 78, 78, 75, 77, 72, 73, 69, 65, 64, 76, 62, 58, 57, 57, 61, 56, 61, 53, 53, 50, 49, 48, 49, 49, 47, 50, 45, 56, 65, 45, 44, 43, 47, 43, 41, 43, 45, 41, 48, 43, 51, 42, 42, 65, 43]",128000000,500000,1224006250,42,0
0,2,0,"[39, 39, 41, 38, 40, 39, 40, 40, 42, 40, 41, 40, 40, 42, 40, 41, 39, 41, 43, 41, 42, 43, 43, 44, 43, 43, 44, 44, 47, 45, 50, 52, 94, 56, 69, 50, 48, 52, 49, 63, 52, 52, 65, 52, 51, 59, 54, 61, 57, 59, 65, 66, 65, 67, 69, 78, 72, 75, 79, 81, 83, 88, 97, 99, 104, 109, 113, 116, 122, 122, 125, 127, 129, 131, 132, 136, 153, 138, 139, 137, 139, 141, 141, 142, 140, 138, 138, 138, 138, 137, 136, 138, 138, 137, 136, 138, 140, 137, 138, 140, 139, 138, 140, 138, 141, 140, 141, 141, 142, 148, 151, 151, 148, 146, 144, 141, 140, 141, 141, 140, 140, 139, 142, 141, 139, 141, 142, 147, 142, 142, 142, 142, 142, 146, 141, 143, 141, 142, 142, 143, 145, 142, 143, 141, 141, 141, 141, 139, 140, 139, 139, 140, 137, 138, 138, 137, 139, 138, 138, 136, 140, 136, 136, 137, 136, 135, 136, 135, 138, 136, 137, 138, 138, 136, 136, 139, 137, 137, 135, 137, 134, 134, 132, 132, 131, 129, 127, 126, 123, 120, 116, 114, 111, 105, 102, 99, 94, 89, 84, 79, 76, 69, 66, 63, 60, 59, 57, 58, 56, 55, 54, 53, 52, 51, 53, 50, 49, 49, 49, 48, 51, 46, 48, 45, 49, 47, 47, 44, 43, 44, 43, 43, 47, 45, 43, 41, 43, 40, 41, 41, 42, 43, 40, 40, 40, 39, 40, 39, 40, 40, 39, 39, 40, 41, 39, 39]",128000000,500000,1583461250,45,0,"[47, 47, 57, 44, 60, 49, 49, 48, 48, 50, 53, 53, 53, 60, 54, 59, 57, 59, 58, 59, 67, 62, 65, 64, 69, 65, 68, 69, 75, 72, 71, 72, 75, 74, 79, 78, 78, 82, 83, 88, 88, 89, 90, 93, 95, 97, 99, 99, 103, 105, 107, 109, 111, 115, 115, 126, 125, 125, 125, 131, 128, 131, 131, 133, 133, 133, 136, 136, 137, 137, 137, 141, 136, 140, 138, 139, 140, 141, 139, 140, 138, 140, 138, 137, 141, 136, 138, 139, 138, 138, 140, 136, 139, 141, 140, 139, 137, 139, 137, 139, 140, 136, 136, 140, 137, 137, 141, 138, 137, 140, 138, 139, 141, 144, 141, 141, 147, 141, 141, 149, 144, 145, 151, 151, 148, 151, 154, 155, 156, 155, 153, 153, 157, 152, 152, 155, 149, 149, 149, 147, 142, 143, 141, 139, 139, 139, 137, 138, 138, 134, 135, 136, 133, 132, 137, 131, 132, 132, 139, 132, 134, 132, 135, 132, 132, 137, 152, 133, 151, 131, 133, 131, 129, 130, 129, 130, 130, 150, 129, 150, 129, 128, 127, 126, 124, 127, 125, 124, 149, 122, 144, 119, 117, 116, 113, 113, 109, 107, 107, 104, 100, 100, 97, 93, 91, 89, 88, 86, 82, 81, 81, 78, 80, 73, 76, 69, 69, 69, 66, 62, 63, 61, 60, 69, 55, 63, 55, 55, 53, 52, 51, 51, 49, 51, 57, 50, 58, 48, 57, 67, 48, 77, 46, 45, 44, 45, 44, 56, 46, 50, 43, 46, 50, 54, 44, 44]",128000000,500000,1224006250,42,0
0,2,0,"[40, 40, 40, 39, 40, 40, 40, 40, 41, 41, 39, 41, 42, 41, 40, 42, 42, 44, 42, 41, 41, 43, 44, 44, 43, 43, 47, 45, 51, 46, 49, 55, 95, 51, 70, 49, 61, 59, 54, 66, 53, 53, 55, 52, 52, 54, 58, 58, 66, 62, 66, 67, 66, 67, 70, 72, 79, 78, 81, 80, 84, 89, 95, 99, 104, 109, 115, 119, 122, 124, 126, 131, 130, 133, 135, 135, 143, 138, 138, 139, 142, 141, 141, 143, 140, 139, 138, 140, 138, 138, 137, 137, 136, 138, 139, 137, 138, 138, 139, 138, 138, 140, 137, 141, 140, 141, 141, 140, 143, 147, 150, 149, 151, 146, 145, 143, 144, 142, 141, 142, 141, 141, 141, 142, 142, 142, 143, 144, 142, 141, 141, 142, 142, 144, 142, 141, 141, 141, 141, 143, 143, 143, 143, 140, 142, 140, 139, 140, 139, 140, 139, 139, 140, 140, 138, 137, 139, 138, 139, 138, 140, 138, 137, 137, 136, 138, 139, 136, 139, 136, 137, 137, 138, 140, 137, 137, 137, 136, 137, 138, 136, 134, 134, 132, 131, 129, 127, 125, 123, 118, 117, 113, 110, 107, 102, 99, 96, 88, 85, 78, 75, 68, 65, 61, 61, 60, 58, 57, 55, 55, 54, 54, 54, 52, 52, 50, 49, 50, 49, 47, 51, 46, 49, 47, 49, 45, 47, 45, 45, 44, 44, 44, 49, 45, 44, 44, 42, 42, 42, 43, 42, 40, 41, 40, 42, 41, 41, 40, 40, 40, 41, 39, 40, 41, 39, 39]",128000000,500000,1583461250,45,0,"[63, 49, 71, 45, 45, 47, 50, 47, 49, 50, 52, 67, 53, 68, 53, 56, 64, 59, 63, 59, 61, 61, 64, 63, 74, 66, 73, 66, 67, 69, 70, 73, 77, 74, 75, 79, 78, 80, 83, 84, 87, 88, 92, 95, 95, 96, 98, 100, 103, 105, 107, 109, 111, 115, 117, 136, 132, 128, 126, 130, 127, 129, 132, 131, 134, 134, 136, 137, 138, 138, 137, 140, 138, 139, 138, 139, 139, 138, 139, 142, 139, 136, 138, 136, 139, 138, 136, 139, 137, 139, 140, 138, 138, 139, 145, 139, 136, 139, 138, 137, 139, 136, 136, 139, 136, 137, 139, 136, 137, 140, 140, 139, 140, 141, 140, 139, 140, 144, 140, 147, 145, 143, 151, 146, 149, 152, 150, 154, 152, 154, 153, 152, 156, 151, 153, 158, 149, 147, 150, 145, 144, 145, 141, 141, 140, 141, 137, 135, 139, 134, 135, 136, 134, 131, 135, 132, 134, 135, 139, 132, 132, 134, 130, 132, 151, 135, 149, 133, 130, 130, 131, 132, 129, 130, 131, 154, 130, 152, 128, 128, 128, 128, 127, 128, 126, 125, 150, 122, 148, 121, 121, 120, 117, 116, 114, 112, 110, 128, 106, 109, 102, 100, 97, 94, 91, 91, 88, 86, 85, 81, 86, 85, 80, 73, 72, 70, 69, 67, 65, 65, 62, 79, 59, 74, 57, 57, 56, 53, 52, 52, 51, 51, 64, 49, 67, 47, 52, 47, 48, 65, 52, 44, 43, 58, 44, 67, 41, 50, 46, 45, 76, 42, 43, 43, 88, 45]",128000000,500000,1224006250,42,0
0,2,0,"[40, 40, 40, 38, 39, 40, 40, 41, 41, 41, 40, 41, 42, 41, 41, 40, 43, 43, 43, 41, 42, 40, 44, 42, 45, 43, 43, 45, 48, 46, 46, 49, 94, 59, 70, 51, 48, 48, 56, 51, 50, 57, 54, 56, 56, 56, 66, 58, 56, 58, 62, 64, 66, 67, 73, 72, 71, 76, 78, 81, 84, 89, 94, 99, 103, 109, 112, 119, 124, 123, 125, 127, 129, 133, 135, 135, 137, 140, 139, 139, 140, 141, 141, 141, 140, 138, 137, 139, 137, 137, 137, 136, 138, 138, 136, 136, 136, 139, 139, 139, 140, 138, 139, 139, 141, 141, 141, 141, 143, 146, 151, 151, 151, 148, 144, 140, 144, 142, 142, 142, 141, 140, 141, 142, 141, 141, 141, 148, 141, 140, 140, 141, 144, 146, 141, 141, 141, 140, 143, 143, 144, 143, 141, 140, 141, 141, 141, 141, 143, 141, 141, 139, 139, 140, 136, 139, 137, 138, 137, 136, 142, 138, 135, 135, 138, 137, 135, 137, 136, 138, 137, 136, 137, 138, 137, 136, 136, 137, 138, 136, 135, 133, 133, 132, 132, 128, 128, 125, 122, 118, 118, 114, 111, 107, 102, 100, 95, 89, 84, 79, 74, 71, 64, 63, 59, 58, 57, 56, 55, 55, 53, 54, 52, 51, 51, 50, 51, 49, 50, 49, 51, 47, 48, 48, 49, 44, 46, 44, 43, 43, 44, 44, 48, 45, 42, 43, 42, 41, 42, 41, 41, 40, 41, 40, 41, 40, 40, 39, 40, 40, 40, 39, 39, 39, 40, 41]",128000000,500000,1583461250,45,0,"[60, 44, 46, 47, 47, 47, 50, 49, 50, 60, 52, 63, 55, 54, 52, 57, 57, 57, 61, 58, 62, 61, 66, 63, 68, 66, 69, 67, 68, 70, 74, 73, 72, 75, 110, 78, 81, 81, 85, 85, 86, 87, 88, 93, 93, 96, 98, 100, 103, 105, 107, 109, 112, 114, 117, 130, 123, 122, 125, 130, 128, 131, 131, 134, 132, 135, 134, 135, 138, 139, 137, 140, 138, 144, 140, 140, 139, 139, 140, 140, 138, 137, 137, 138, 138, 136, 136, 139, 137, 139, 138, 138, 136, 140, 140, 139, 138, 137, 138, 138, 139, 136, 138, 140, 138, 137, 139, 139, 138, 141, 140, 139, 140, 140, 139, 143, 144, 142, 143, 147, 143, 143, 148, 147, 148, 150, 151, 150, 154, 153, 153, 151, 158, 152, 154, 155, 151, 150, 150, 146, 144, 145, 144, 141, 140, 141, 138, 135, 140, 133, 135, 132, 132, 132, 138, 130, 130, 132, 137, 129, 133, 133, 151, 134, 153, 140, 132, 136, 132, 130, 135, 146, 130, 152, 132, 150, 128, 130, 129, 129, 128, 126, 127, 128, 148, 125, 147, 123, 123, 124, 121, 119, 117, 131, 113, 137, 111, 121, 106, 104, 101, 99, 96, 94, 93, 90, 91, 86, 88, 81, 81, 78, 81, 74, 72, 69, 69, 69, 66, 74, 61, 70, 60, 58, 57, 56, 56, 54, 53, 51, 59, 49, 65, 49, 48, 47, 46, 46, 46, 65, 47, 58, 43, 62, 46, 53, 43, 43, 44, 42, 43, 97, 47, 47, 58, 44]",128000000,500000,1224006250,42,0
0,2,0,"[42, 39, 41, 40, 41, 40, 39, 41, 39, 40, 39, 40, 40, 39, 41, 41, 41, 41, 40, 41, 41, 44, 42, 43, 43, 45, 45, 46, 47, 46, 49, 55, 91, 53, 69, 50, 55, 54, 60, 60, 50, 50, 58, 53, 55, 61, 58, 57, 61, 64, 66, 62, 65, 71, 70, 71, 72, 76, 79, 82, 84, 90, 95, 100, 104, 109, 113, 118, 121, 122, 125, 127, 129, 132, 131, 135, 139, 138, 137, 139, 141, 141, 143, 143, 141, 139, 139, 140, 139, 139, 138, 139, 138, 139, 139, 138, 139, 141, 139, 139, 139, 138, 139, 139, 139, 139, 140, 139, 142, 148, 150, 149, 148, 147, 142, 140, 142, 141, 141, 140, 141, 142, 142, 140, 143, 140, 142, 150, 144, 141, 144, 144, 145, 148, 144, 143, 144, 143, 144, 144, 143, 145, 142, 141, 141, 140, 138, 139, 141, 137, 137, 137, 138, 137, 137, 137, 137, 135, 136, 137, 142, 135, 137, 136, 136, 137, 135, 136, 135, 138, 138, 138, 138, 139, 139, 137, 140, 137, 137, 137, 138, 133, 135, 132, 132, 127, 126, 127, 122, 119, 117, 113, 109, 106, 102, 99, 95, 89, 83, 81, 75, 70, 64, 60, 61, 59, 58, 55, 55, 54, 54, 53, 52, 51, 50, 52, 52, 49, 50, 47, 50, 47, 48, 46, 48, 46, 48, 44, 44, 43, 42, 44, 48, 44, 42, 42, 42, 41, 42, 40, 42, 41, 42, 41, 42, 40, 40, 39, 41, 40, 40, 41, 41, 39, 41, 38]",128000000,500000,1583461250,45,0,"[45, 45, 47, 47, 46, 54, 47, 76, 51, 76, 50, 50, 52, 52, 54, 54, 57, 57, 70, 60, 69, 61, 65, 64, 64, 66, 70, 76, 73, 77, 71, 83, 77, 82, 78, 82, 81, 83, 84, 85, 89, 89, 92, 94, 93, 97, 99, 100, 102, 102, 107, 109, 111, 111, 117, 126, 127, 149, 129, 129, 129, 130, 130, 132, 130, 134, 133, 137, 136, 137, 139, 140, 138, 140, 139, 140, 139, 136, 142, 138, 140, 138, 140, 139, 138, 138, 140, 139, 136, 140, 135, 139, 140, 138, 142, 140, 140, 138, 140, 140, 137, 135, 139, 137, 138, 139, 140, 138, 140, 139, 139, 141, 138, 142, 139, 143, 142, 145, 146, 144, 145, 147, 145, 146, 151, 147, 151, 154, 152, 152, 152, 157, 153, 153, 154, 152, 148, 149, 145, 146, 146, 143, 141, 143, 143, 138, 140, 135, 135, 135, 136, 135, 135, 135, 136, 131, 134, 131, 140, 134, 138, 133, 152, 134, 132, 131, 132, 130, 131, 132, 132, 154, 131, 131, 130, 131, 130, 129, 127, 128, 140, 126, 151, 126, 150, 126, 123, 123, 122, 120, 121, 118, 117, 145, 112, 115, 111, 109, 105, 105, 101, 101, 99, 96, 98, 90, 96, 86, 88, 82, 80, 76, 76, 75, 73, 72, 70, 87, 65, 81, 63, 62, 59, 59, 58, 56, 59, 54, 78, 52, 75, 49, 53, 48, 48, 47, 48, 47, 46, 79, 48, 85, 44, 59, 46, 44, 43, 44, 44, 43, 56, 43, 73, 44, 64, 44]",128000000,500000,1224006250,42,0
0,2,0,"[40, 41, 40, 40, 41, 40, 41, 41, 39, 40, 39, 40, 39, 41, 42, 42, 41, 41, 43, 43, 43, 43, 44, 44, 44, 46, 47, 46, 48, 49, 50, 58, 98, 56, 69, 55, 49, 51, 53, 57, 50, 54, 52, 59, 54, 53, 58, 57, 58, 66, 67, 63, 64, 72, 70, 71, 75, 75, 81, 80, 84, 90, 94, 98, 104, 108, 111, 117, 121, 122, 127, 128, 130, 131, 133, 134, 141, 138, 139, 138, 141, 142, 142, 143, 140, 139, 140, 138, 139, 136, 139, 138, 138, 136, 138, 138, 138, 137, 137, 139, 138, 138, 138, 138, 139, 138, 141, 140, 141, 146, 151, 151, 151, 148, 142, 142, 142, 144, 141, 143, 141, 143, 142, 144, 142, 143, 144, 151, 145, 143, 144, 145, 145, 148, 143, 145, 143, 142, 144, 144, 144, 143, 142, 139, 139, 139, 139, 137, 138, 138, 138, 136, 137, 136, 135, 137, 135, 135, 137, 137, 139, 135, 137, 135, 135, 136, 137, 137, 138, 138, 139, 139, 139, 138, 138, 140, 139, 140, 138, 138, 135, 134, 133, 131, 130, 128, 126, 123, 121, 120, 115, 112, 110, 105, 104, 99, 92, 90, 83, 79, 74, 69, 65, 63, 61, 59, 57, 59, 56, 56, 54, 54, 52, 52, 53, 50, 50, 50, 49, 48, 51, 48, 47, 46, 48, 45, 48, 47, 44, 45, 44, 45, 49, 44, 44, 42, 45, 41, 42, 42, 41, 40, 40, 42, 41, 41, 40, 40, 40, 40, 40, 40, 40, 41, 40, 39]",128000000,500000,1583461250,45,0,"[33, 34, 35, 37, 35, 51, 37, 53, 47, 37, 39, 41, 41, 45, 42, 45, 69, 50, 64, 47, 54, 50, 48, 51, 55, 53, 54, 57, 60, 66, 59, 70, 65, 64, 67, 69, 70, 72, 74, 75, 79, 79, 82, 82, 83, 84, 87, 114, 89, 93, 95, 98, 101, 102, 106, 115, 127, 130, 117, 118, 114, 117, 115, 119, 118, 121, 120, 123, 123, 125, 125, 126, 125, 126, 125, 124, 127, 125, 126, 127, 126, 126, 124, 126, 125, 127, 135, 126, 126, 128, 127, 128, 127, 127, 129, 128, 126, 126, 128, 124, 126, 124, 127, 127, 129, 130, 127, 129, 129, 132, 129, 131, 132, 132, 132, 132, 133, 133, 136, 135, 135, 134, 135, 135, 137, 136, 135, 146, 137, 135, 136, 135, 134, 135, 137, 133, 132, 131, 129, 127, 129, 128, 126, 126, 130, 123, 126, 123, 125, 124, 123, 124, 124, 123, 137, 124, 125, 124, 128, 122, 122, 122, 123, 121, 120, 121, 118, 139, 118, 153, 118, 149, 116, 116, 114, 117, 114, 114, 149, 115, 150, 113, 116, 114, 111, 113, 110, 111, 110, 127, 106, 148, 104, 141, 102, 99, 97, 96, 94, 93, 90, 88, 93, 85, 90, 80, 80, 77, 76, 73, 70, 67, 66, 71, 63, 71, 58, 62, 54, 53, 52, 51, 49, 48, 51, 44, 67, 42, 65, 42, 40, 39, 38, 38, 39, 35, 35, 53, 35, 61, 36, 38, 57, 32, 33, 32, 33, 33, 46, 33, 67, 32, 58, 38, 33, 32]",128000000,500000,1224006250,42,0
0,2,0,"[39, 40, 40, 41, 40, 40, 40, 39, 39, 41, 41, 40, 40, 40, 43, 42, 41, 40, 41, 42, 44, 42, 44, 43, 43, 44, 43, 45, 48, 45, 51, 54, 97, 59, 68, 49, 52, 48, 49, 49, 53, 52, 55, 63, 64, 57, 62, 57, 58, 61, 60, 64, 67, 68, 72, 71, 75, 77, 77, 82, 84, 88, 92, 99, 103, 108, 112, 117, 122, 124, 126, 129, 130, 132, 133, 135, 139, 138, 139, 138, 140, 143, 142, 142, 140, 140, 139, 139, 141, 140, 138, 137, 139, 138, 136, 139, 138, 139, 139, 140, 139, 139, 138, 141, 142, 139, 139, 139, 142, 148, 152, 150, 153, 149, 143, 141, 142, 144, 141, 139, 142, 143, 142, 142, 144, 143, 141, 154, 146, 144, 144, 146, 143, 150, 144, 144, 144, 143, 144, 144, 145, 142, 142, 143, 139, 139, 139, 138, 138, 139, 137, 137, 136, 137, 136, 136, 136, 135, 137, 135, 137, 137, 136, 136, 135, 135, 138, 135, 137, 138, 136, 140, 138, 139, 137, 139, 139, 137, 137, 137, 137, 136, 133, 132, 131, 128, 126, 125, 123, 118, 114, 113, 107, 106, 103, 98, 94, 89, 84, 79, 74, 70, 65, 63, 59, 59, 58, 55, 55, 56, 55, 54, 53, 52, 52, 51, 50, 48, 48, 48, 51, 49, 48, 46, 51, 44, 47, 45, 43, 42, 44, 44, 49, 46, 43, 42, 41, 42, 41, 41, 41, 39, 41, 41, 40, 41, 38, 40, 41, 42, 41, 40, 39, 39, 41, 38]",128000000,500000,1583461250,45,0,"[33, 38, 34, 47, 34, 45, 37, 38, 38, 38, 39, 39, 41, 44, 49, 44, 51, 44, 47, 48, 53, 47, 48, 55, 52, 53, 89, 69, 57, 61, 59, 63, 64, 64, 66, 68, 69, 71, 72, 73, 78, 77, 80, 81, 82, 84, 88, 89, 91, 93, 95, 96, 99, 102, 107, 122, 118, 113, 113, 119, 115, 117, 119, 120, 122, 150, 123, 123, 125, 124, 127, 125, 126, 125, 127, 126, 125, 125, 125, 128, 126, 125, 125, 125, 124, 125, 125, 126, 127, 127, 128, 126, 124, 128, 132, 130, 127, 125, 128, 126, 128, 126, 125, 125, 126, 128, 127, 127, 129, 128, 128, 129, 133, 129, 133, 132, 133, 133, 135, 137, 134, 137, 135, 136, 138, 136, 135, 139, 137, 135, 136, 134, 133, 137, 136, 135, 132, 131, 130, 131, 129, 127, 127, 125, 125, 126, 126, 124, 125, 124, 124, 124, 124, 123, 128, 122, 122, 121, 122, 120, 120, 128, 117, 118, 122, 146, 120, 149, 118, 119, 117, 120, 116, 115, 116, 116, 127, 116, 146, 117, 114, 114, 113, 114, 113, 112, 111, 147, 110, 143, 107, 109, 104, 103, 101, 100, 98, 95, 94, 92, 95, 87, 91, 86, 85, 79, 78, 77, 73, 72, 69, 72, 66, 71, 63, 67, 60, 60, 55, 52, 52, 49, 51, 47, 59, 45, 52, 42, 42, 41, 39, 39, 39, 36, 36, 52, 35, 52, 34, 54, 35, 33, 34, 62, 32, 32, 45, 32, 44, 30, 36, 32, 34, 32, 33, 34]",128000000,500000,1224006250,39,0
0,2,0,"[40, 39, 41, 40, 41, 41, 40, 40, 41, 41, 41, 40, 41, 41, 42, 41, 41, 42, 42, 41, 43, 42, 44, 44, 45, 46, 44, 43, 50, 46, 47, 50, 93, 56, 71, 48, 52, 55, 56, 53, 59, 54, 53, 66, 58, 61, 57, 60, 62, 59, 65, 63, 64, 66, 69, 73, 73, 77, 76, 80, 83, 88, 95, 99, 103, 106, 113, 120, 122, 124, 125, 129, 131, 131, 133, 135, 142, 139, 139, 141, 142, 144, 143, 143, 142, 140, 139, 138, 139, 138, 140, 138, 138, 139, 140, 139, 139, 139, 139, 139, 138, 139, 139, 140, 138, 140, 139, 140, 144, 148, 153, 152, 153, 148, 144, 141, 143, 140, 142, 141, 143, 144, 142, 145, 143, 144, 144, 150, 147, 144, 144, 145, 145, 152, 146, 146, 143, 145, 145, 143, 144, 142, 141, 139, 138, 139, 139, 138, 138, 137, 136, 136, 137, 136, 138, 136, 135, 134, 136, 134, 140, 137, 136, 135, 136, 135, 135, 137, 139, 137, 138, 138, 138, 138, 141, 138, 139, 139, 138, 137, 137, 135, 132, 131, 129, 128, 127, 125, 121, 118, 116, 114, 112, 107, 102, 98, 94, 91, 83, 79, 75, 69, 66, 64, 60, 60, 58, 57, 57, 55, 53, 55, 52, 53, 51, 50, 51, 50, 49, 49, 51, 48, 48, 46, 49, 46, 46, 46, 44, 45, 43, 43, 48, 44, 43, 42, 43, 44, 41, 40, 40, 41, 42, 40, 41, 41, 40, 41, 42, 40, 41, 40, 42, 40, 39, 40]",128000000,500000,1583461250,45,0,"[36, 39, 35, 40, 34, 35, 39, 37, 38, 40, 38, 40, 49, 48, 41, 45, 44, 46, 51, 48, 48, 48, 51, 57, 52, 55, 58, 59, 57, 58, 60, 63, 65, 64, 67, 66, 70, 70, 72, 75, 76, 78, 81, 81, 83, 85, 87, 89, 91, 93, 97, 99, 102, 105, 110, 123, 141, 142, 120, 119, 117, 119, 118, 120, 122, 124, 124, 125, 126, 126, 126, 127, 128, 126, 128, 126, 127, 126, 125, 130, 126, 126, 125, 127, 127, 126, 126, 125, 126, 128, 128, 127, 126, 126, 170, 129, 126, 127, 127, 127, 126, 125, 126, 127, 127, 128, 127, 127, 128, 129, 129, 132, 133, 131, 132, 132, 133, 132, 133, 133, 133, 134, 136, 136, 137, 136, 136, 149, 134, 136, 135, 134, 133, 135, 138, 136, 132, 131, 129, 131, 129, 128, 127, 126, 127, 127, 126, 126, 124, 126, 125, 126, 125, 123, 128, 122, 122, 121, 123, 120, 119, 119, 119, 133, 119, 146, 116, 116, 117, 118, 117, 115, 116, 114, 146, 116, 148, 116, 116, 117, 113, 114, 114, 113, 114, 121, 112, 134, 109, 109, 107, 106, 104, 103, 102, 100, 136, 95, 101, 91, 93, 89, 85, 83, 80, 79, 78, 76, 74, 74, 69, 72, 65, 65, 61, 61, 59, 56, 54, 53, 53, 50, 56, 48, 55, 43, 45, 42, 43, 41, 40, 40, 37, 42, 37, 43, 33, 36, 34, 53, 36, 35, 35, 31, 41, 36, 44, 34, 33, 31, 34, 33, 33, 41, 33, 38]",128000000,500000,1224006250,39,0
0,2,0,"[40, 40, 41, 42, 41, 39, 40, 42, 40, 41, 42, 42, 40, 40, 40, 42, 41, 42, 42, 41, 42, 41, 43, 45, 44, 43, 42, 46, 50, 48, 47, 52, 94, 52, 69, 51, 50, 54, 58, 60, 50, 52, 59, 53, 61, 63, 61, 57, 59, 63, 64, 66, 66, 67, 69, 69, 77, 75, 79, 78, 84, 87, 94, 99, 104, 107, 111, 119, 123, 122, 127, 128, 132, 132, 134, 136, 139, 138, 140, 140, 142, 141, 144, 143, 141, 139, 137, 137, 137, 138, 136, 138, 139, 137, 136, 138, 138, 141, 139, 139, 140, 139, 139, 141, 140, 142, 142, 142, 143, 149, 152, 152, 155, 148, 144, 143, 144, 143, 141, 142, 143, 141, 143, 142, 143, 145, 141, 150, 147, 142, 143, 142, 144, 148, 143, 142, 143, 144, 146, 144, 143, 147, 144, 142, 141, 140, 140, 139, 139, 138, 139, 138, 138, 137, 137, 138, 136, 136, 139, 137, 138, 137, 135, 136, 136, 136, 136, 136, 137, 136, 139, 138, 136, 138, 136, 136, 137, 138, 136, 136, 135, 134, 134, 131, 129, 129, 128, 124, 121, 120, 117, 114, 111, 107, 105, 99, 94, 89, 84, 78, 75, 71, 67, 62, 59, 60, 57, 57, 57, 55, 54, 54, 53, 52, 52, 52, 50, 49, 50, 49, 50, 46, 47, 48, 51, 45, 48, 44, 45, 43, 44, 43, 48, 46, 42, 43, 43, 43, 41, 41, 41, 41, 41, 40, 38, 41, 40, 40, 40, 41, 41, 39, 41, 41, 41, 41]",128000000,500000,1583461250,45,0,"[36, 53, 34, 36, 35, 37, 36, 37, 38, 40, 55, 39, 53, 41, 43, 42, 45, 48, 50, 50, 50, 64, 50, 57, 55, 54, 55, 56, 59, 59, 64, 62, 67, 64, 69, 66, 69, 69, 72, 99, 76, 77, 79, 82, 82, 86, 86, 88, 89, 92, 95, 96, 100, 103, 107, 119, 123, 120, 115, 119, 115, 117, 119, 121, 120, 125, 125, 125, 127, 125, 127, 128, 129, 127, 129, 129, 129, 129, 146, 131, 127, 127, 127, 126, 128, 128, 126, 129, 126, 127, 127, 124, 126, 126, 128, 126, 128, 124, 125, 125, 125, 125, 126, 125, 123, 125, 125, 126, 126, 126, 127, 129, 128, 129, 130, 130, 131, 130, 132, 133, 134, 137, 137, 136, 139, 138, 139, 146, 139, 139, 141, 139, 139, 140, 139, 138, 133, 134, 130, 129, 131, 127, 128, 128, 125, 123, 126, 124, 124, 125, 124, 122, 123, 126, 124, 123, 122, 123, 127, 123, 124, 143, 124, 152, 122, 123, 122, 122, 121, 121, 120, 118, 151, 117, 150, 117, 118, 115, 116, 118, 114, 114, 115, 149, 113, 146, 110, 111, 109, 107, 105, 104, 105, 103, 135, 98, 132, 94, 96, 92, 90, 87, 84, 84, 80, 80, 78, 80, 73, 79, 70, 68, 66, 63, 60, 60, 60, 58, 62, 54, 65, 51, 61, 47, 44, 44, 44, 42, 42, 43, 41, 62, 37, 58, 61, 35, 35, 35, 36, 54, 39, 33, 54, 33, 57, 33, 43, 32, 35, 32, 34, 33, 32, 36, 54, 56]",128000000,500000,1224006250,39,0
0,2,0,"[42, 43, 41, 41, 40, 40, 42, 41, 42, 41, 42, 42, 41, 42, 42, 43, 41, 42, 44, 44, 43, 42, 46, 44, 44, 44, 46, 46, 50, 48, 47, 52, 95, 52, 71, 54, 53, 51, 53, 61, 56, 58, 68, 68, 55, 59, 63, 64, 61, 63, 63, 66, 65, 70, 71, 77, 75, 75, 78, 80, 85, 89, 98, 100, 103, 109, 111, 119, 123, 123, 124, 129, 131, 135, 135, 137, 140, 139, 141, 141, 145, 145, 146, 146, 141, 139, 139, 144, 145, 138, 139, 138, 135, 138, 136, 137, 138, 138, 136, 137, 137, 137, 140, 138, 141, 141, 141, 143, 144, 150, 153, 153, 154, 150, 147, 149, 144, 145, 150, 144, 150, 145, 145, 151, 145, 147, 148, 151, 147, 146, 148, 146, 153, 146, 145, 152, 145, 151, 144, 147, 152, 146, 145, 142, 139, 139, 139, 139, 139, 137, 138, 139, 138, 137, 136, 139, 138, 138, 138, 136, 141, 137, 138, 137, 136, 137, 136, 139, 139, 139, 138, 139, 137, 141, 139, 139, 139, 138, 136, 136, 135, 135, 132, 130, 130, 128, 125, 125, 121, 119, 117, 112, 111, 108, 103, 99, 95, 90, 85, 81, 76, 71, 65, 62, 63, 59, 58, 58, 58, 56, 55, 53, 53, 53, 52, 50, 51, 50, 50, 49, 51, 47, 48, 46, 51, 46, 46, 46, 44, 46, 44, 44, 48, 45, 44, 43, 43, 42, 42, 42, 43, 43, 42, 40, 42, 41, 40, 42, 43, 41, 41, 41, 42, 42, 42, 39]",128000000,500000,1583461250,45,0,"[33, 35, 34, 35, 34, 39, 39, 35, 41, 38, 42, 39, 40, 42, 42, 44, 46, 45, 74, 55, 51, 58, 53, 54, 53, 55, 55, 59, 60, 60, 61, 64, 66, 66, 66, 68, 67, 69, 74, 74, 77, 78, 78, 82, 83, 84, 87, 88, 90, 93, 93, 96, 99, 102, 105, 115, 119, 135, 114, 117, 115, 115, 117, 119, 120, 121, 123, 124, 124, 126, 125, 128, 129, 128, 127, 127, 128, 129, 128, 132, 127, 128, 126, 129, 127, 128, 128, 126, 128, 127, 130, 128, 130, 130, 131, 131, 134, 128, 129, 126, 126, 126, 129, 127, 128, 128, 125, 129, 128, 129, 128, 129, 132, 127, 132, 131, 129, 132, 132, 137, 133, 137, 133, 133, 138, 135, 136, 145, 138, 136, 139, 135, 135, 138, 136, 135, 131, 134, 135, 129, 133, 127, 129, 125, 125, 126, 123, 126, 120, 124, 127, 123, 123, 124, 127, 122, 122, 122, 127, 125, 123, 141, 122, 124, 120, 123, 122, 118, 123, 122, 152, 122, 146, 122, 120, 122, 118, 117, 120, 120, 117, 142, 115, 141, 113, 114, 113, 111, 110, 109, 105, 105, 131, 101, 131, 98, 97, 94, 91, 91, 89, 87, 83, 80, 81, 79, 76, 76, 70, 71, 69, 67, 64, 62, 61, 59, 61, 59, 56, 54, 53, 50, 49, 46, 47, 46, 45, 46, 41, 48, 40, 48, 39, 39, 36, 83, 35, 33, 38, 52, 40, 32, 38, 32, 33, 33, 34, 32, 32, 32, 34, 35, 34, 46, 33, 35]",128000000,500000,1224006250,39,0
0,2,0,"[41, 41, 42, 39, 40, 41, 42, 42, 41, 42, 41, 43, 41, 42, 42, 41, 42, 42, 42, 44, 43, 44, 45, 44, 45, 45, 45, 46, 48, 49, 57, 53, 95, 58, 72, 51, 51, 54, 49, 59, 54, 57, 52, 55, 59, 61, 62, 58, 59, 61, 67, 68, 66, 69, 71, 71, 75, 73, 78, 83, 83, 90, 96, 100, 104, 108, 114, 120, 127, 124, 127, 132, 133, 134, 136, 136, 145, 138, 140, 141, 142, 143, 143, 144, 141, 139, 140, 149, 145, 143, 146, 144, 146, 143, 148, 141, 138, 139, 141, 141, 141, 143, 138, 141, 141, 145, 143, 143, 145, 152, 154, 154, 155, 148, 149, 142, 147, 144, 144, 143, 144, 143, 143, 143, 143, 142, 144, 151, 148, 144, 141, 146, 155, 148, 145, 142, 147, 144, 144, 146, 147, 142, 141, 142, 140, 140, 138, 138, 138, 138, 137, 137, 138, 135, 136, 137, 138, 137, 137, 137, 142, 140, 137, 136, 138, 138, 139, 137, 138, 138, 139, 140, 137, 138, 138, 136, 137, 136, 137, 137, 136, 133, 132, 131, 129, 126, 125, 122, 122, 118, 116, 111, 111, 107, 102, 100, 97, 90, 83, 79, 77, 70, 66, 62, 60, 60, 57, 59, 57, 55, 55, 54, 55, 51, 51, 51, 52, 51, 50, 49, 51, 47, 49, 47, 51, 46, 47, 46, 46, 45, 43, 44, 48, 46, 43, 45, 43, 41, 43, 42, 42, 42, 41, 41, 42, 42, 41, 40, 42, 42, 41, 41, 41, 41, 40, 40]",128000000,500000,1583461250,45,0,"[33, 33, 33, 34, 40, 35, 44, 37, 44, 38, 40, 42, 41, 43, 42, 46, 45, 51, 46, 52, 50, 50, 53, 53, 53, 55, 61, 55, 60, 61, 63, 62, 65, 68, 65, 68, 68, 71, 70, 74, 75, 78, 79, 81, 80, 82, 86, 87, 90, 91, 92, 95, 97, 100, 103, 115, 120, 111, 112, 120, 116, 116, 117, 120, 121, 122, 124, 127, 127, 125, 128, 129, 128, 129, 129, 128, 130, 129, 128, 131, 129, 128, 129, 129, 127, 128, 129, 127, 129, 128, 127, 127, 129, 130, 132, 129, 130, 127, 129, 127, 126, 124, 125, 127, 127, 126, 124, 126, 126, 127, 126, 127, 130, 128, 132, 130, 130, 131, 130, 132, 130, 135, 132, 132, 136, 133, 133, 153, 135, 135, 135, 134, 133, 135, 138, 135, 132, 132, 131, 132, 132, 130, 130, 132, 129, 131, 131, 130, 128, 129, 130, 129, 129, 128, 128, 127, 127, 124, 126, 128, 123, 124, 121, 124, 120, 118, 120, 118, 150, 121, 149, 117, 117, 117, 118, 115, 115, 115, 116, 148, 113, 148, 113, 114, 112, 110, 109, 109, 107, 107, 145, 105, 142, 101, 103, 99, 97, 94, 93, 92, 90, 93, 86, 88, 83, 83, 79, 78, 74, 72, 70, 67, 65, 62, 68, 60, 69, 57, 56, 54, 52, 51, 49, 46, 46, 52, 44, 52, 42, 48, 39, 39, 40, 37, 37, 34, 37, 39, 50, 52, 45, 93, 67, 33, 32, 37, 32, 33, 32, 43, 31, 45, 32, 37, 58, 35]",128000000,500000,1224006250,39,0
0,2,0,"[41, 43, 41, 43, 41, 41, 41, 42, 41, 42, 42, 42, 41, 41, 43, 43, 44, 43, 42, 43, 44, 45, 46, 44, 45, 46, 46, 48, 48, 48, 49, 52, 98, 57, 71, 56, 53, 54, 53, 50, 59, 57, 58, 63, 56, 57, 55, 57, 60, 73, 64, 68, 66, 70, 71, 73, 75, 74, 79, 80, 83, 92, 97, 100, 103, 110, 114, 120, 124, 124, 127, 130, 132, 133, 136, 138, 139, 139, 139, 139, 142, 143, 144, 143, 142, 140, 139, 138, 141, 137, 142, 138, 143, 142, 142, 143, 143, 145, 144, 146, 145, 144, 145, 144, 144, 148, 143, 145, 145, 148, 154, 153, 154, 150, 149, 152, 151, 154, 149, 152, 145, 151, 148, 144, 149, 143, 148, 147, 152, 144, 152, 145, 147, 151, 145, 152, 144, 149, 144, 145, 146, 143, 141, 139, 140, 138, 140, 138, 138, 137, 137, 136, 137, 137, 138, 136, 138, 136, 137, 137, 141, 138, 138, 138, 137, 136, 136, 138, 139, 138, 138, 139, 139, 139, 137, 138, 137, 138, 137, 137, 134, 134, 133, 131, 129, 127, 126, 123, 121, 121, 116, 113, 108, 106, 101, 99, 95, 90, 85, 79, 75, 70, 65, 62, 59, 60, 58, 57, 57, 57, 55, 55, 54, 50, 54, 51, 51, 50, 49, 49, 53, 50, 49, 48, 49, 47, 47, 47, 46, 44, 46, 46, 51, 46, 45, 43, 43, 44, 43, 41, 43, 43, 42, 43, 44, 43, 41, 42, 42, 42, 43, 43, 42, 41, 43, 42]",128000000,500000,1583461250,45,0,"[35, 35, 37, 34, 40, 37, 37, 37, 38, 41, 38, 40, 41, 44, 44, 46, 49, 46, 50, 49, 53, 53, 48, 52, 52, 53, 58, 58, 57, 59, 61, 103, 65, 65, 65, 71, 71, 72, 72, 73, 72, 77, 79, 81, 81, 82, 84, 86, 88, 89, 93, 96, 99, 102, 108, 132, 111, 110, 112, 118, 116, 117, 119, 120, 122, 124, 126, 125, 126, 128, 140, 128, 129, 131, 127, 129, 129, 130, 129, 131, 129, 128, 129, 128, 126, 128, 127, 126, 127, 128, 128, 126, 128, 129, 130, 128, 126, 125, 127, 126, 125, 126, 126, 127, 126, 127, 124, 130, 127, 125, 126, 127, 127, 129, 130, 130, 129, 130, 132, 132, 131, 134, 132, 133, 135, 134, 134, 147, 133, 135, 133, 135, 134, 136, 138, 136, 133, 131, 134, 133, 130, 133, 131, 130, 131, 132, 131, 129, 129, 129, 129, 127, 128, 127, 129, 127, 125, 124, 126, 123, 125, 122, 119, 127, 122, 121, 148, 120, 146, 119, 121, 122, 117, 115, 117, 119, 116, 142, 117, 144, 113, 112, 113, 113, 112, 112, 111, 110, 141, 109, 141, 106, 105, 103, 100, 98, 99, 97, 93, 97, 92, 91, 86, 85, 83, 82, 78, 76, 75, 73, 71, 68, 68, 64, 65, 60, 56, 56, 55, 52, 52, 50, 47, 50, 47, 49, 67, 45, 40, 40, 40, 38, 38, 39, 39, 36, 40, 36, 39, 53, 33, 34, 33, 34, 35, 33, 33, 38, 36, 39, 33, 33, 33, 36, 33, 45]",128000000,500000,1224006250,39,0
0,2,0,"[42, 40, 40, 41, 42, 40, 41, 39, 40, 41, 40, 42, 40, 40, 41, 41, 42, 42, 42, 42, 42, 44, 42, 42, 45, 44, 45, 48, 48, 48, 52, 55, 99, 53, 69, 47, 48, 60, 58, 51, 52, 54, 61, 56, 57, 56, 53, 56, 61, 58, 61, 69, 65, 75, 69, 74, 74, 73, 78, 82, 84, 91, 96, 100, 103, 108, 111, 120, 125, 123, 127, 129, 129, 133, 133, 134, 136, 137, 139, 138, 143, 143, 143, 142, 140, 139, 139, 140, 143, 139, 140, 140, 142, 139, 138, 139, 143, 139, 145, 140, 141, 144, 140, 144, 145, 141, 143, 141, 143, 148, 153, 151, 150, 146, 147, 141, 147, 139, 141, 141, 140, 149, 146, 145, 144, 143, 143, 149, 145, 144, 144, 145, 149, 148, 147, 143, 144, 144, 143, 147, 144, 148, 143, 143, 140, 138, 140, 141, 140, 137, 137, 137, 136, 137, 137, 136, 137, 135, 138, 136, 139, 135, 138, 136, 136, 135, 139, 137, 139, 139, 139, 138, 139, 139, 138, 140, 139, 139, 137, 137, 136, 135, 134, 131, 130, 128, 128, 124, 121, 117, 116, 112, 109, 107, 103, 99, 95, 89, 86, 79, 74, 70, 66, 62, 61, 57, 58, 55, 56, 56, 55, 55, 53, 52, 53, 51, 50, 49, 49, 48, 51, 48, 46, 47, 51, 45, 49, 46, 47, 44, 43, 43, 51, 46, 42, 43, 42, 42, 42, 41, 42, 41, 40, 41, 42, 41, 39, 41, 42, 41, 40, 42, 40, 40, 39, 40]",128000000,500000,1583461250,45,0,"[42, 35, 42, 35, 38, 36, 37, 38, 40, 37, 64, 40, 40, 51, 42, 49, 48, 48, 50, 50, 48, 50, 48, 51, 57, 52, 55, 54, 58, 60, 61, 62, 62, 64, 66, 66, 68, 71, 72, 74, 76, 76, 80, 82, 84, 84, 87, 90, 92, 127, 96, 98, 102, 106, 109, 128, 126, 123, 115, 120, 117, 117, 120, 121, 122, 123, 123, 121, 125, 126, 124, 126, 124, 126, 125, 125, 126, 127, 125, 127, 126, 125, 124, 126, 124, 124, 123, 125, 139, 126, 127, 126, 126, 129, 131, 127, 126, 126, 129, 127, 127, 127, 127, 130, 130, 128, 129, 127, 129, 129, 132, 131, 130, 131, 130, 132, 130, 132, 133, 134, 132, 133, 132, 134, 136, 133, 134, 141, 134, 132, 134, 132, 133, 134, 138, 135, 132, 131, 131, 130, 130, 128, 127, 127, 127, 127, 125, 124, 123, 127, 124, 124, 123, 123, 125, 121, 123, 121, 122, 122, 120, 119, 119, 123, 150, 119, 151, 117, 118, 119, 121, 118, 115, 115, 116, 147, 114, 144, 115, 118, 115, 115, 114, 114, 114, 113, 143, 110, 137, 108, 106, 104, 103, 102, 102, 99, 96, 117, 94, 95, 92, 90, 88, 85, 81, 81, 77, 76, 75, 71, 75, 67, 70, 64, 62, 62, 62, 57, 55, 53, 53, 53, 49, 55, 46, 47, 45, 72, 41, 39, 39, 39, 41, 37, 47, 36, 42, 34, 35, 53, 34, 35, 51, 33, 32, 40, 33, 45, 33, 32, 33, 34, 33, 33, 33, 33]",128000000,500000,1224006250,39,0
0,2,0,"[40, 40, 42, 42, 41, 40, 40, 40, 41, 43, 42, 41, 42, 41, 43, 43, 41, 44, 43, 43, 43, 43, 44, 44, 44, 46, 45, 54, 48, 45, 53, 54, 100, 53, 71, 51, 53, 50, 49, 60, 56, 51, 57, 56, 50, 61, 54, 60, 59, 59, 63, 71, 69, 72, 70, 69, 74, 76, 80, 82, 85, 86, 95, 99, 103, 108, 112, 117, 124, 123, 126, 128, 130, 133, 133, 136, 137, 140, 142, 139, 140, 142, 143, 141, 141, 139, 137, 139, 144, 139, 142, 138, 144, 138, 144, 144, 147, 143, 143, 144, 140, 144, 142, 145, 143, 142, 144, 141, 146, 150, 152, 154, 154, 150, 146, 147, 142, 141, 143, 142, 144, 141, 147, 143, 147, 144, 145, 146, 148, 142, 148, 144, 152, 148, 148, 145, 147, 148, 149, 146, 150, 144, 146, 140, 140, 138, 140, 138, 137, 136, 136, 136, 135, 134, 135, 135, 138, 135, 135, 136, 139, 136, 137, 135, 135, 136, 136, 137, 137, 139, 140, 140, 139, 139, 139, 140, 140, 138, 136, 137, 137, 135, 135, 131, 130, 128, 127, 124, 119, 119, 116, 110, 109, 106, 103, 99, 94, 88, 83, 80, 74, 68, 66, 63, 60, 58, 58, 58, 56, 55, 55, 54, 53, 52, 52, 52, 49, 49, 49, 48, 52, 49, 47, 47, 51, 45, 48, 44, 44, 45, 45, 45, 49, 46, 43, 44, 43, 43, 43, 41, 43, 43, 42, 41, 40, 40, 40, 41, 40, 43, 41, 40, 40, 42, 42, 41]",128000000,500000,1583461250,45,0,"[58, 38, 42, 36, 35, 35, 36, 39, 37, 45, 40, 58, 43, 59, 42, 46, 46, 52, 49, 50, 50, 48, 61, 51, 64, 53, 56, 56, 58, 58, 63, 64, 66, 65, 66, 69, 68, 69, 70, 72, 75, 78, 80, 80, 83, 84, 87, 88, 90, 93, 96, 98, 101, 103, 107, 122, 118, 120, 114, 117, 117, 118, 120, 121, 121, 123, 123, 124, 126, 126, 123, 127, 127, 127, 127, 126, 127, 127, 126, 126, 126, 124, 125, 125, 124, 125, 125, 123, 123, 125, 125, 126, 123, 128, 134, 127, 127, 126, 124, 127, 126, 126, 126, 125, 128, 127, 127, 128, 129, 129, 128, 130, 131, 132, 130, 131, 130, 132, 131, 134, 132, 133, 131, 134, 132, 133, 135, 134, 133, 131, 135, 134, 131, 133, 135, 131, 131, 130, 127, 127, 126, 129, 128, 126, 126, 126, 126, 123, 124, 124, 123, 122, 123, 123, 124, 121, 122, 120, 123, 122, 119, 124, 151, 125, 154, 120, 118, 118, 118, 119, 117, 117, 117, 152, 116, 152, 113, 114, 114, 117, 114, 114, 114, 112, 150, 111, 149, 111, 108, 107, 108, 105, 104, 103, 100, 141, 97, 129, 94, 94, 90, 90, 86, 84, 82, 80, 80, 77, 84, 72, 78, 68, 66, 64, 62, 59, 61, 58, 54, 66, 52, 68, 49, 58, 45, 45, 43, 41, 42, 41, 47, 38, 59, 36, 55, 36, 35, 38, 34, 53, 34, 37, 33, 63, 31, 59, 37, 33, 30, 32, 33, 32, 31, 32, 60, 33]",128000000,500000,1224006250,39,0
0,2,0,"[40, 41, 43, 40, 41, 40, 41, 41, 42, 41, 40, 41, 42, 42, 42, 40, 43, 42, 42, 42, 43, 43, 46, 44, 46, 45, 44, 45, 49, 47, 49, 51, 98, 54, 68, 51, 55, 65, 50, 51, 57, 52, 53, 57, 56, 55, 62, 55, 57, 66, 67, 66, 69, 70, 69, 70, 72, 76, 78, 81, 82, 88, 91, 99, 102, 106, 111, 116, 121, 122, 125, 128, 130, 133, 135, 135, 142, 139, 139, 139, 141, 142, 141, 142, 141, 138, 138, 142, 140, 141, 139, 141, 140, 141, 139, 138, 138, 138, 141, 138, 138, 138, 138, 138, 142, 141, 144, 143, 145, 152, 155, 155, 156, 148, 148, 143, 147, 147, 146, 144, 143, 146, 145, 141, 142, 145, 140, 148, 146, 143, 144, 144, 153, 149, 146, 144, 144, 144, 144, 144, 144, 142, 143, 140, 138, 138, 138, 138, 138, 139, 137, 138, 135, 135, 135, 137, 137, 136, 136, 136, 139, 136, 137, 136, 137, 137, 137, 138, 138, 138, 138, 139, 138, 139, 139, 139, 140, 138, 138, 137, 136, 133, 133, 131, 130, 127, 126, 125, 121, 118, 117, 113, 109, 107, 103, 98, 94, 95, 84, 79, 72, 70, 66, 62, 62, 57, 57, 57, 57, 54, 55, 55, 53, 53, 51, 52, 51, 49, 49, 48, 51, 47, 47, 47, 50, 47, 46, 44, 45, 45, 44, 45, 49, 44, 42, 43, 41, 43, 42, 41, 43, 42, 40, 42, 41, 40, 42, 43, 40, 42, 40, 41, 43, 41, 41, 41]",128000000,500000,1583461250,45,0,"[35, 33, 33, 36, 33, 36, 37, 48, 37, 58, 40, 60, 40, 42, 42, 42, 44, 49, 50, 47, 62, 49, 56, 75, 53, 54, 52, 57, 62, 61, 60, 67, 65, 69, 66, 68, 69, 72, 72, 73, 77, 76, 80, 79, 83, 85, 87, 87, 90, 91, 95, 95, 101, 102, 104, 117, 112, 121, 111, 117, 115, 118, 135, 120, 121, 122, 121, 125, 126, 127, 128, 128, 128, 129, 128, 128, 127, 127, 128, 129, 129, 125, 125, 128, 127, 127, 126, 125, 126, 126, 127, 126, 126, 126, 127, 127, 126, 125, 125, 125, 126, 124, 124, 126, 126, 125, 126, 125, 129, 128, 128, 128, 127, 129, 129, 129, 130, 130, 131, 134, 131, 130, 132, 132, 134, 132, 133, 144, 132, 132, 132, 134, 133, 133, 135, 133, 130, 129, 130, 129, 129, 129, 130, 128, 128, 126, 128, 128, 127, 127, 128, 128, 127, 128, 131, 124, 125, 122, 125, 122, 134, 120, 151, 123, 119, 118, 118, 116, 117, 118, 117, 150, 115, 149, 115, 114, 114, 113, 115, 114, 114, 114, 150, 112, 150, 111, 112, 110, 109, 109, 106, 106, 104, 137, 100, 138, 100, 98, 95, 92, 92, 88, 87, 86, 87, 81, 87, 76, 84, 71, 71, 68, 65, 65, 62, 62, 59, 67, 60, 66, 50, 52, 50, 48, 45, 45, 44, 43, 53, 40, 62, 38, 42, 37, 35, 37, 37, 34, 35, 56, 34, 56, 89, 57, 31, 37, 34, 33, 31, 32, 31, 31, 58, 32, 45, 34]",128000000,500000,1224006250,39,0
0,2,0,"[41, 42, 40, 42, 40, 40, 42, 41, 39, 40, 40, 39, 41, 42, 40, 42, 41, 42, 42, 43, 43, 42, 42, 45, 47, 44, 46, 47, 49, 48, 49, 50, 98, 52, 70, 49, 59, 50, 49, 57, 64, 51, 52, 69, 54, 57, 54, 56, 58, 73, 60, 65, 65, 71, 68, 70, 74, 75, 77, 80, 83, 87, 95, 100, 104, 109, 112, 119, 126, 123, 127, 127, 131, 132, 134, 135, 137, 137, 137, 139, 140, 144, 144, 142, 140, 139, 139, 139, 141, 141, 143, 138, 138, 137, 139, 140, 139, 139, 140, 141, 137, 140, 139, 140, 141, 140, 141, 143, 144, 149, 152, 152, 150, 149, 146, 142, 140, 143, 141, 140, 145, 141, 144, 141, 144, 141, 143, 156, 145, 145, 143, 143, 147, 149, 143, 145, 143, 145, 145, 146, 145, 143, 144, 142, 140, 142, 140, 139, 138, 137, 138, 136, 137, 137, 136, 138, 135, 137, 137, 137, 141, 136, 137, 138, 137, 137, 137, 138, 140, 137, 140, 138, 140, 141, 138, 139, 137, 137, 138, 136, 136, 134, 132, 131, 131, 126, 126, 123, 120, 117, 115, 114, 110, 106, 102, 98, 94, 90, 83, 79, 74, 68, 65, 62, 61, 59, 55, 57, 57, 54, 53, 54, 53, 52, 52, 51, 51, 49, 52, 49, 51, 48, 47, 47, 52, 46, 47, 46, 44, 43, 43, 44, 49, 45, 42, 44, 42, 43, 40, 41, 42, 42, 39, 41, 41, 41, 41, 42, 40, 40, 40, 40, 41, 41, 40, 40]",128000000,500000,1583461250,45,0,"[34, 33, 58, 35, 35, 43, 36, 43, 37, 39, 38, 38, 40, 40, 43, 43, 51, 47, 52, 47, 55, 51, 53, 57, 54, 54, 56, 56, 57, 61, 60, 66, 64, 68, 65, 66, 67, 68, 72, 73, 76, 120, 79, 80, 81, 83, 85, 88, 89, 92, 95, 96, 98, 99, 107, 121, 110, 113, 110, 116, 114, 117, 118, 120, 120, 122, 123, 125, 128, 126, 127, 127, 128, 126, 127, 127, 125, 127, 128, 129, 151, 126, 128, 128, 126, 125, 124, 126, 123, 128, 127, 125, 126, 125, 126, 126, 127, 125, 124, 124, 124, 125, 125, 128, 127, 128, 126, 127, 127, 128, 127, 127, 128, 129, 128, 129, 133, 129, 132, 131, 132, 131, 131, 132, 132, 132, 134, 140, 134, 132, 132, 132, 132, 134, 135, 135, 131, 131, 129, 132, 130, 130, 128, 132, 129, 127, 130, 128, 131, 126, 129, 129, 127, 127, 126, 128, 127, 126, 129, 121, 131, 121, 121, 133, 119, 120, 116, 119, 120, 150, 118, 150, 119, 119, 114, 117, 115, 115, 116, 115, 145, 112, 148, 113, 111, 111, 110, 109, 109, 106, 105, 146, 102, 145, 102, 100, 99, 93, 94, 92, 91, 89, 88, 84, 86, 80, 80, 76, 74, 70, 71, 69, 65, 64, 62, 69, 59, 63, 55, 56, 50, 49, 48, 46, 45, 44, 49, 42, 54, 39, 49, 38, 37, 37, 37, 36, 35, 42, 35, 56, 35, 47, 33, 33, 31, 33, 33, 34, 33, 31, 43, 31, 45, 31, 30, 46]",128000000,500000,1224006250,39,0
0,2,0,"[41, 41, 40, 41, 40, 40, 42, 41, 42, 39, 41, 42, 43, 42, 40, 42, 43, 43, 43, 43, 43, 43, 44, 43, 46, 44, 50, 52, 49, 51, 48, 51, 96, 56, 70, 51, 59, 57, 51, 59, 55, 55, 57, 60, 55, 53, 57, 62, 60, 65, 67, 67, 72, 67, 72, 72, 74, 79, 78, 80, 88, 89, 94, 99, 103, 109, 111, 118, 122, 123, 126, 129, 131, 133, 134, 136, 136, 138, 141, 139, 141, 142, 142, 141, 141, 139, 137, 139, 137, 141, 138, 142, 138, 141, 139, 141, 143, 141, 142, 144, 145, 142, 142, 144, 144, 147, 145, 149, 151, 151, 157, 158, 159, 156, 145, 146, 146, 148, 146, 142, 142, 143, 144, 142, 146, 141, 141, 147, 145, 146, 141, 142, 141, 146, 141, 142, 145, 143, 144, 144, 144, 148, 145, 144, 142, 141, 139, 138, 140, 140, 137, 136, 138, 138, 137, 136, 137, 139, 137, 137, 140, 136, 136, 136, 137, 137, 137, 138, 138, 139, 137, 139, 138, 138, 137, 137, 136, 138, 137, 135, 135, 134, 133, 130, 129, 128, 125, 123, 121, 120, 116, 113, 109, 106, 103, 99, 95, 89, 86, 80, 74, 71, 66, 62, 60, 59, 59, 58, 56, 55, 55, 53, 53, 52, 53, 51, 51, 48, 49, 48, 51, 45, 47, 47, 52, 46, 47, 46, 45, 45, 43, 44, 47, 46, 44, 43, 41, 41, 41, 42, 41, 43, 42, 42, 42, 41, 41, 41, 39, 40, 43, 42, 40, 40, 41, 40]",128000000,500000,1583461250,45,0,"[33, 35, 33, 36, 35, 40, 37, 36, 37, 39, 40, 41, 41, 45, 43, 43, 48, 46, 47, 49, 50, 49, 55, 53, 56, 55, 54, 58, 61, 61, 61, 62, 66, 64, 65, 66, 69, 72, 72, 74, 74, 78, 79, 79, 82, 82, 84, 87, 90, 92, 94, 96, 97, 99, 104, 123, 119, 117, 112, 117, 115, 117, 118, 119, 121, 124, 123, 127, 126, 127, 127, 127, 128, 128, 128, 128, 127, 127, 127, 128, 128, 129, 127, 125, 126, 125, 126, 125, 125, 126, 125, 125, 125, 126, 126, 125, 126, 124, 123, 124, 122, 124, 124, 124, 123, 123, 124, 124, 126, 124, 125, 126, 127, 127, 129, 129, 129, 130, 130, 131, 132, 131, 133, 131, 135, 133, 134, 152, 133, 135, 134, 134, 131, 136, 138, 134, 132, 130, 132, 129, 132, 131, 130, 129, 128, 131, 129, 130, 130, 128, 130, 128, 129, 128, 132, 127, 126, 123, 129, 123, 122, 122, 122, 125, 120, 129, 119, 147, 117, 147, 116, 125, 117, 115, 117, 114, 115, 114, 135, 118, 141, 114, 113, 111, 113, 111, 111, 109, 108, 132, 105, 126, 104, 102, 102, 99, 97, 97, 94, 92, 89, 89, 86, 85, 83, 80, 79, 77, 74, 73, 69, 70, 65, 66, 61, 61, 58, 56, 54, 52, 50, 49, 48, 46, 48, 44, 48, 43, 42, 40, 37, 39, 36, 37, 38, 39, 34, 41, 36, 55, 33, 32, 34, 33, 32, 32, 33, 31, 35, 32, 36, 32, 33, 32, 32, 49]",128000000,500000,1224006250,39,0
0,2,0,"[43, 42, 42, 41, 43, 43, 41, 43, 42, 42, 43, 43, 44, 42, 42, 44, 44, 44, 45, 44, 42, 46, 46, 45, 47, 45, 47, 49, 49, 49, 53, 52, 96, 55, 70, 59, 53, 51, 52, 61, 52, 64, 57, 60, 58, 60, 56, 59, 62, 64, 66, 64, 64, 67, 70, 74, 77, 74, 78, 82, 85, 89, 98, 100, 104, 110, 113, 120, 127, 124, 125, 131, 130, 132, 135, 136, 139, 139, 140, 139, 143, 142, 142, 140, 140, 138, 138, 142, 141, 139, 140, 140, 146, 139, 143, 144, 140, 148, 141, 146, 149, 140, 154, 147, 151, 154, 147, 153, 149, 151, 160, 159, 160, 156, 158, 151, 148, 148, 145, 146, 144, 143, 143, 143, 144, 145, 143, 151, 148, 147, 147, 144, 150, 147, 143, 145, 144, 142, 143, 144, 144, 145, 142, 141, 140, 142, 140, 140, 137, 138, 137, 138, 139, 136, 138, 138, 137, 137, 137, 142, 142, 137, 139, 136, 136, 139, 139, 137, 139, 139, 139, 139, 140, 137, 139, 137, 138, 138, 136, 136, 135, 133, 131, 130, 129, 127, 125, 124, 120, 118, 116, 113, 110, 106, 101, 99, 94, 89, 86, 80, 75, 71, 64, 64, 61, 59, 59, 59, 56, 56, 55, 56, 54, 53, 55, 52, 50, 51, 51, 50, 51, 48, 50, 47, 51, 46, 49, 47, 46, 46, 46, 45, 49, 46, 47, 43, 44, 43, 43, 45, 42, 44, 42, 42, 44, 42, 43, 42, 42, 42, 42, 43, 40, 43, 42, 41]",128000000,500000,1583461250,45,0,"[43, 88, 45, 79, 46, 52, 47, 47, 46, 48, 49, 50, 60, 51, 100, 95, 77, 57, 58, 63, 62, 60, 63, 73, 69, 85, 68, 80, 70, 71, 70, 74, 74, 77, 77, 78, 91, 85, 90, 84, 86, 88, 93, 91, 93, 95, 98, 99, 102, 101, 105, 105, 108, 114, 142, 129, 121, 123, 124, 128, 122, 129, 128, 133, 132, 135, 135, 134, 139, 138, 140, 136, 140, 138, 141, 140, 140, 140, 141, 142, 139, 138, 135, 137, 134, 139, 137, 138, 138, 138, 139, 136, 139, 152, 139, 136, 137, 134, 137, 136, 135, 136, 136, 135, 138, 137, 131, 137, 132, 141, 138, 136, 139, 139, 141, 141, 141, 141, 143, 135, 144, 144, 144, 146, 145, 148, 144, 150, 143, 145, 142, 144, 141, 146, 146, 144, 142, 143, 143, 142, 144, 135, 141, 137, 141, 140, 139, 142, 139, 142, 141, 142, 137, 138, 143, 140, 139, 138, 138, 138, 134, 135, 136, 133, 133, 157, 132, 155, 129, 131, 129, 132, 128, 126, 127, 129, 154, 126, 152, 128, 125, 124, 126, 123, 123, 122, 119, 153, 119, 151, 117, 116, 117, 113, 112, 111, 107, 108, 120, 105, 109, 99, 101, 96, 95, 92, 89, 88, 85, 94, 84, 95, 76, 89, 72, 72, 70, 72, 65, 64, 63, 62, 79, 57, 95, 53, 55, 53, 52, 50, 50, 49, 51, 80, 49, 84, 46, 71, 47, 64, 44, 44, 54, 43, 50, 41, 93, 43, 91, 41, 40, 43, 42, 42, 92, 48]",128000000,500000,1224006250,42,0
0,2,0,"[42, 44, 43, 44, 42, 43, 44, 43, 44, 42, 42, 43, 44, 44, 45, 44, 43, 45, 47, 44, 47, 47, 45, 48, 46, 49, 47, 50, 53, 59, 60, 57, 101, 58, 71, 55, 62, 60, 56, 54, 55, 65, 55, 54, 59, 60, 56, 59, 59, 61, 66, 65, 70, 74, 71, 73, 74, 77, 79, 82, 84, 88, 95, 99, 105, 109, 112, 118, 125, 123, 126, 130, 131, 134, 134, 135, 141, 139, 138, 139, 142, 142, 144, 143, 141, 140, 142, 149, 145, 148, 144, 147, 142, 147, 153, 142, 153, 140, 147, 147, 141, 150, 145, 153, 143, 143, 147, 144, 152, 151, 156, 153, 152, 149, 147, 141, 141, 150, 142, 153, 143, 155, 152, 145, 153, 156, 153, 161, 154, 155, 155, 152, 161, 159, 156, 160, 154, 160, 157, 149, 160, 145, 154, 141, 142, 140, 139, 140, 137, 137, 138, 136, 137, 135, 136, 138, 136, 137, 135, 135, 139, 136, 137, 135, 136, 135, 137, 137, 138, 139, 137, 138, 139, 141, 139, 138, 139, 137, 137, 136, 136, 134, 132, 132, 129, 129, 125, 124, 121, 119, 115, 113, 110, 107, 104, 99, 95, 89, 84, 79, 75, 70, 67, 65, 61, 62, 59, 59, 59, 56, 57, 56, 55, 54, 54, 54, 53, 51, 51, 52, 53, 49, 51, 48, 50, 50, 48, 47, 47, 46, 48, 45, 52, 47, 44, 45, 44, 45, 43, 44, 46, 42, 45, 42, 45, 44, 43, 46, 40, 43, 43, 42, 43, 42, 44, 43]",128000000,500000,1583461250,45,0,"[33, 78, 33, 36, 36, 35, 36, 36, 39, 38, 65, 39, 79, 41, 51, 46, 51, 45, 50, 49, 52, 58, 51, 94, 53, 84, 55, 58, 57, 60, 63, 65, 65, 89, 76, 67, 73, 70, 74, 73, 77, 77, 81, 80, 82, 84, 86, 91, 91, 93, 93, 96, 99, 102, 107, 128, 118, 123, 110, 116, 112, 118, 118, 121, 121, 121, 124, 126, 127, 123, 128, 124, 142, 129, 127, 128, 128, 129, 127, 129, 125, 127, 125, 127, 126, 126, 125, 125, 127, 126, 125, 125, 125, 120, 126, 122, 127, 123, 122, 123, 124, 123, 124, 124, 119, 124, 120, 123, 127, 126, 125, 125, 128, 126, 128, 125, 128, 127, 132, 130, 132, 132, 133, 133, 135, 137, 134, 139, 131, 137, 135, 136, 133, 137, 136, 135, 134, 132, 131, 126, 130, 126, 126, 127, 126, 126, 128, 129, 126, 127, 124, 127, 126, 128, 133, 126, 126, 124, 127, 124, 127, 122, 123, 154, 120, 154, 118, 118, 117, 119, 116, 116, 116, 114, 152, 115, 153, 114, 114, 115, 113, 112, 112, 110, 110, 149, 109, 149, 108, 106, 105, 104, 102, 102, 99, 99, 143, 95, 112, 91, 98, 89, 87, 84, 81, 80, 79, 81, 74, 83, 71, 82, 67, 65, 62, 60, 59, 56, 58, 53, 79, 50, 79, 47, 47, 44, 45, 41, 41, 40, 38, 68, 38, 74, 38, 58, 35, 36, 36, 53, 33, 70, 71, 32, 74, 32, 71, 32, 32, 32, 72, 32, 32, 36, 33, 73]",128000000,500000,1224006250,39,0
0,2,0,"[42, 45, 45, 46, 45, 45, 43, 45, 43, 46, 43, 43, 45, 43, 46, 46, 46, 46, 44, 48, 48, 50, 47, 45, 50, 49, 51, 50, 52, 51, 52, 56, 96, 57, 71, 52, 54, 57, 62, 54, 55, 68, 64, 58, 57, 57, 62, 62, 62, 63, 69, 67, 66, 71, 73, 74, 71, 74, 79, 81, 85, 88, 95, 101, 104, 109, 113, 118, 123, 125, 126, 129, 132, 135, 135, 135, 146, 137, 138, 138, 142, 141, 141, 144, 140, 136, 139, 147, 140, 147, 139, 145, 139, 149, 139, 150, 146, 155, 154, 160, 157, 150, 160, 149, 163, 146, 150, 144, 155, 152, 159, 161, 164, 159, 159, 150, 158, 145, 158, 143, 158, 146, 157, 145, 156, 143, 152, 150, 153, 142, 155, 142, 150, 150, 156, 147, 153, 157, 150, 148, 153, 149, 150, 142, 142, 141, 140, 142, 140, 139, 138, 138, 137, 136, 139, 138, 137, 136, 135, 137, 140, 137, 136, 138, 136, 136, 138, 138, 137, 137, 137, 138, 138, 138, 137, 136, 138, 136, 135, 135, 135, 133, 132, 129, 130, 128, 127, 123, 122, 118, 115, 113, 110, 107, 103, 98, 93, 94, 84, 79, 75, 71, 67, 65, 62, 61, 59, 59, 58, 58, 56, 56, 54, 53, 53, 55, 54, 52, 52, 50, 54, 53, 52, 50, 52, 49, 51, 46, 46, 47, 49, 47, 52, 49, 45, 45, 45, 47, 46, 46, 43, 45, 44, 46, 45, 43, 43, 44, 45, 44, 43, 44, 43, 45, 46, 44]",128000000,500000,1583461250,45,0,"[38, 35, 34, 34, 36, 36, 37, 36, 74, 37, 75, 40, 62, 44, 46, 43, 48, 46, 49, 57, 49, 76, 50, 68, 54, 57, 57, 60, 60, 59, 63, 62, 73, 64, 77, 67, 69, 71, 71, 74, 76, 77, 79, 84, 82, 84, 85, 87, 89, 91, 93, 95, 98, 101, 101, 117, 105, 110, 110, 117, 114, 116, 119, 122, 121, 122, 123, 121, 124, 123, 125, 128, 128, 129, 129, 129, 129, 129, 123, 130, 124, 127, 126, 125, 126, 124, 127, 125, 125, 123, 125, 121, 125, 127, 129, 125, 125, 125, 126, 126, 122, 123, 120, 125, 123, 125, 125, 126, 126, 126, 126, 128, 128, 125, 128, 127, 130, 130, 132, 130, 132, 133, 133, 136, 134, 137, 133, 139, 135, 137, 137, 136, 135, 136, 137, 134, 132, 130, 131, 128, 130, 129, 128, 129, 128, 127, 129, 127, 125, 126, 126, 127, 127, 128, 132, 126, 126, 125, 127, 125, 122, 146, 121, 152, 120, 122, 121, 118, 118, 119, 117, 117, 153, 115, 154, 115, 116, 115, 116, 116, 113, 115, 112, 152, 112, 150, 110, 109, 107, 106, 104, 105, 102, 99, 146, 99, 143, 94, 94, 93, 90, 87, 86, 84, 83, 87, 76, 89, 74, 81, 70, 68, 65, 65, 64, 61, 70, 60, 80, 53, 79, 48, 48, 48, 45, 45, 45, 42, 41, 72, 39, 75, 38, 40, 36, 36, 35, 37, 36, 52, 63, 31, 75, 46, 75, 32, 33, 32, 32, 32, 32, 38, 32, 69, 32, 77]",128000000,500000,1224006250,39,0
0,2,0,"[46, 48, 43, 48, 46, 46, 49, 46, 50, 45, 47, 46, 46, 51, 47, 50, 47, 49, 50, 48, 51, 50, 51, 54, 49, 55, 50, 52, 54, 57, 55, 58, 96, 57, 69, 57, 58, 61, 58, 59, 64, 63, 61, 59, 58, 62, 59, 64, 68, 68, 72, 69, 70, 70, 74, 74, 74, 78, 79, 83, 86, 89, 95, 99, 105, 109, 112, 117, 121, 123, 126, 127, 129, 130, 132, 135, 135, 137, 138, 138, 141, 142, 143, 142, 141, 138, 139, 139, 143, 139, 143, 158, 147, 157, 145, 157, 161, 154, 160, 151, 158, 158, 153, 156, 150, 157, 153, 157, 156, 161, 161, 163, 165, 164, 163, 163, 158, 161, 148, 159, 144, 158, 143, 161, 147, 159, 152, 160, 160, 161, 157, 160, 160, 165, 151, 157, 144, 161, 146, 155, 155, 146, 151, 141, 140, 139, 137, 138, 137, 136, 135, 134, 136, 135, 134, 136, 134, 135, 137, 135, 141, 137, 136, 136, 135, 136, 136, 138, 137, 137, 139, 138, 140, 141, 139, 139, 139, 139, 138, 136, 135, 133, 134, 130, 129, 125, 126, 122, 120, 117, 117, 112, 109, 106, 103, 98, 95, 89, 84, 82, 75, 72, 67, 67, 63, 62, 61, 61, 61, 58, 59, 58, 58, 57, 56, 57, 56, 55, 56, 52, 58, 53, 53, 54, 52, 54, 53, 50, 50, 49, 51, 47, 54, 49, 48, 49, 46, 49, 47, 47, 49, 46, 49, 44, 46, 45, 46, 48, 46, 47, 45, 45, 48, 45, 48, 44]",128000000,500000,1583461250,45,0,"[35, 35, 34, 36, 35, 36, 43, 71, 43, 39, 39, 45, 46, 42, 43, 43, 45, 48, 48, 55, 46, 51, 50, 52, 54, 55, 55, 56, 58, 60, 63, 61, 63, 64, 66, 67, 69, 69, 71, 74, 75, 77, 79, 81, 83, 85, 123, 89, 90, 92, 95, 98, 100, 104, 107, 120, 120, 122, 116, 120, 116, 120, 121, 121, 123, 124, 127, 127, 127, 128, 127, 128, 129, 128, 128, 127, 127, 127, 125, 127, 127, 126, 124, 127, 125, 145, 124, 124, 126, 124, 125, 124, 125, 126, 130, 126, 126, 127, 127, 126, 125, 126, 126, 127, 129, 129, 129, 127, 130, 131, 131, 131, 131, 134, 132, 133, 133, 134, 134, 133, 133, 135, 136, 136, 134, 136, 138, 146, 136, 135, 136, 138, 135, 133, 136, 134, 131, 130, 130, 128, 130, 127, 128, 127, 127, 126, 124, 126, 124, 125, 126, 126, 124, 126, 126, 123, 123, 123, 124, 126, 121, 141, 119, 118, 119, 117, 117, 118, 115, 116, 149, 117, 120, 115, 116, 117, 115, 112, 114, 119, 114, 147, 114, 145, 113, 111, 112, 110, 110, 108, 108, 108, 143, 104, 108, 99, 98, 97, 95, 92, 92, 89, 85, 87, 82, 83, 78, 76, 73, 72, 68, 65, 66, 64, 64, 60, 64, 58, 58, 53, 48, 49, 48, 48, 47, 43, 44, 51, 42, 51, 38, 41, 39, 39, 37, 37, 39, 35, 43, 54, 45, 34, 87, 34, 33, 40, 32, 33, 33, 37, 31, 43, 34, 44, 31, 34]",128000000,500000,1224006250,39,0
0,2,0,"[45, 42, 46, 42, 44, 46, 45, 45, 44, 44, 47, 44, 46, 46, 47, 46, 45, 48, 45, 47, 46, 47, 49, 46, 50, 50, 49, 51, 56, 51, 54, 54, 95, 54, 71, 59, 56, 56, 55, 55, 55, 60, 60, 63, 58, 56, 61, 74, 64, 63, 65, 69, 69, 69, 71, 75, 74, 75, 79, 82, 87, 90, 96, 102, 105, 110, 113, 119, 125, 124, 126, 128, 130, 133, 133, 135, 141, 142, 136, 139, 139, 142, 142, 142, 140, 140, 140, 162, 157, 156, 156, 145, 154, 142, 156, 144, 158, 148, 145, 145, 145, 148, 151, 157, 144, 161, 145, 159, 145, 158, 155, 155, 157, 159, 143, 158, 147, 159, 145, 154, 139, 150, 149, 146, 148, 162, 146, 158, 149, 148, 154, 146, 161, 148, 151, 144, 143, 153, 144, 147, 143, 145, 151, 141, 140, 138, 140, 138, 139, 136, 137, 136, 136, 135, 134, 135, 137, 136, 135, 136, 139, 135, 135, 136, 136, 136, 136, 136, 138, 137, 136, 137, 138, 138, 139, 136, 138, 138, 136, 136, 134, 132, 133, 130, 128, 127, 126, 125, 121, 118, 115, 112, 111, 107, 101, 99, 93, 88, 84, 77, 75, 70, 68, 63, 62, 63, 59, 59, 58, 55, 58, 54, 56, 54, 53, 55, 52, 54, 51, 51, 52, 49, 51, 49, 53, 49, 50, 49, 46, 49, 49, 46, 51, 47, 46, 44, 47, 46, 44, 46, 43, 44, 44, 43, 46, 42, 46, 44, 44, 44, 44, 44, 42, 43, 44, 42]",128000000,500000,1583461250,45,0,"[36, 36, 34, 35, 49, 36, 47, 38, 38, 38, 39, 39, 41, 40, 43, 50, 47, 51, 47, 50, 49, 51, 50, 49, 54, 71, 57, 55, 62, 60, 62, 63, 63, 66, 66, 64, 67, 70, 72, 75, 74, 77, 77, 83, 84, 85, 86, 88, 91, 93, 95, 98, 101, 103, 108, 124, 120, 115, 114, 117, 117, 119, 120, 122, 141, 121, 123, 126, 127, 126, 127, 126, 124, 126, 126, 127, 126, 126, 126, 128, 125, 125, 126, 127, 126, 124, 124, 123, 126, 126, 126, 124, 126, 126, 132, 128, 129, 127, 127, 126, 126, 127, 127, 125, 127, 126, 128, 128, 128, 127, 129, 127, 129, 130, 130, 129, 131, 132, 134, 133, 132, 133, 133, 134, 134, 134, 134, 142, 135, 134, 134, 136, 135, 133, 136, 135, 131, 130, 130, 129, 128, 128, 127, 126, 126, 125, 126, 126, 124, 124, 124, 124, 123, 123, 129, 123, 122, 124, 123, 122, 119, 120, 120, 119, 117, 121, 123, 119, 149, 118, 147, 117, 117, 116, 115, 116, 115, 115, 117, 151, 114, 123, 113, 113, 113, 113, 112, 110, 112, 108, 141, 106, 137, 102, 103, 100, 97, 97, 95, 93, 91, 93, 87, 92, 81, 80, 76, 75, 73, 72, 69, 67, 67, 63, 69, 58, 65, 57, 55, 53, 51, 49, 49, 48, 46, 56, 43, 51, 41, 40, 40, 39, 37, 38, 36, 35, 45, 34, 50, 53, 39, 42, 46, 34, 39, 33, 33, 37, 31, 46, 31, 41, 33, 32, 32, 33]",128000000,500000,1224006250,39,0
0,2,0,"[45, 45, 44, 44, 45, 42, 45, 42, 47, 45, 45, 44, 44, 47, 48, 45, 49, 46, 48, 46, 47, 50, 46, 50, 46, 53, 49, 55, 54, 51, 56, 57, 95, 56, 72, 57, 55, 54, 59, 55, 56, 57, 61, 58, 56, 62, 60, 64, 62, 68, 66, 66, 72, 72, 71, 76, 74, 80, 81, 85, 83, 90, 98, 100, 105, 108, 114, 120, 125, 124, 126, 128, 129, 131, 133, 136, 135, 137, 141, 139, 141, 142, 143, 144, 142, 141, 140, 154, 141, 152, 143, 154, 151, 160, 160, 154, 158, 149, 158, 146, 154, 148, 156, 153, 160, 146, 160, 144, 162, 149, 160, 154, 157, 149, 157, 144, 150, 150, 154, 141, 148, 151, 147, 150, 145, 144, 151, 151, 149, 147, 151, 156, 152, 164, 150, 159, 147, 145, 148, 149, 155, 145, 149, 141, 141, 139, 137, 139, 139, 137, 137, 136, 135, 137, 136, 136, 135, 136, 136, 137, 140, 137, 136, 135, 136, 136, 136, 136, 138, 137, 138, 139, 139, 139, 139, 138, 137, 136, 137, 135, 135, 134, 132, 131, 128, 127, 125, 122, 121, 119, 116, 113, 110, 106, 102, 99, 94, 92, 84, 81, 75, 70, 66, 64, 62, 60, 59, 57, 59, 57, 57, 56, 55, 57, 55, 54, 53, 51, 53, 49, 54, 50, 51, 50, 51, 53, 51, 47, 47, 46, 49, 47, 51, 48, 44, 48, 44, 46, 47, 43, 44, 44, 47, 45, 43, 44, 43, 47, 44, 45, 44, 44, 46, 44, 44, 46]",128000000,500000,1583461250,45,0,"[37, 33, 46, 34, 45, 36, 38, 37, 38, 39, 40, 42, 40, 52, 42, 48, 46, 46, 47, 46, 47, 51, 51, 50, 53, 52, 58, 57, 60, 59, 61, 60, 64, 63, 66, 67, 69, 70, 70, 73, 75, 75, 78, 81, 83, 85, 88, 88, 91, 95, 96, 98, 101, 103, 111, 126, 116, 117, 113, 119, 117, 120, 119, 121, 122, 122, 124, 124, 126, 127, 126, 127, 127, 126, 126, 127, 128, 126, 126, 127, 126, 125, 124, 124, 124, 124, 124, 124, 124, 126, 127, 127, 127, 128, 131, 127, 126, 126, 127, 127, 127, 127, 127, 128, 128, 127, 127, 126, 127, 129, 129, 130, 129, 132, 131, 131, 132, 131, 131, 132, 131, 133, 132, 132, 132, 134, 135, 151, 134, 133, 134, 134, 134, 135, 135, 133, 130, 130, 129, 128, 128, 126, 125, 125, 125, 125, 123, 124, 124, 124, 122, 125, 122, 125, 127, 123, 123, 123, 124, 122, 127, 121, 121, 121, 149, 119, 149, 119, 130, 120, 118, 123, 118, 117, 116, 119, 115, 146, 116, 121, 114, 115, 115, 114, 115, 113, 145, 111, 144, 110, 114, 106, 104, 103, 102, 100, 99, 96, 95, 97, 91, 93, 88, 86, 81, 80, 77, 76, 73, 69, 75, 67, 70, 63, 64, 59, 59, 56, 53, 52, 50, 50, 48, 58, 45, 54, 44, 41, 41, 40, 40, 38, 38, 38, 50, 36, 49, 35, 38, 55, 33, 33, 33, 32, 32, 39, 36, 50, 32, 41, 32, 32, 32, 38, 31, 33]",128000000,500000,1224006250,39,0
0,2,0,"[47, 55, 47, 61, 50, 47, 54, 46, 60, 49, 49, 54, 47, 60, 50, 53, 56, 50, 62, 52, 68, 54, 50, 61, 52, 69, 54, 55, 60, 52, 70, 57, 98, 63, 71, 71, 59, 61, 65, 59, 67, 60, 74, 63, 58, 66, 61, 77, 68, 65, 71, 91, 77, 96, 74, 96, 81, 88, 82, 89, 86, 89, 109, 102, 105, 109, 112, 118, 124, 125, 124, 127, 130, 131, 133, 133, 136, 137, 138, 140, 141, 142, 143, 143, 143, 141, 158, 162, 159, 152, 154, 154, 159, 162, 163, 163, 164, 160, 166, 164, 146, 161, 141, 165, 148, 161, 152, 159, 159, 160, 158, 163, 162, 158, 159, 143, 158, 146, 154, 147, 150, 147, 143, 154, 152, 145, 149, 153, 157, 155, 157, 161, 156, 154, 161, 149, 153, 152, 156, 145, 154, 147, 148, 142, 140, 137, 138, 135, 136, 139, 141, 136, 135, 136, 135, 135, 137, 134, 136, 135, 138, 136, 135, 136, 135, 137, 136, 138, 136, 138, 138, 138, 138, 138, 138, 139, 136, 137, 138, 136, 135, 131, 131, 130, 129, 126, 125, 121, 121, 117, 115, 111, 109, 107, 101, 97, 96, 89, 87, 79, 75, 73, 66, 73, 65, 61, 65, 60, 69, 60, 61, 63, 59, 64, 58, 57, 58, 54, 58, 54, 67, 56, 53, 62, 56, 59, 53, 52, 54, 50, 57, 51, 54, 53, 48, 54, 51, 63, 52, 47, 53, 48, 58, 49, 47, 50, 45, 66, 48, 48, 52, 48, 56, 47, 51, 50]",128000000,500000,1583461250,45,0,"[55, 34, 54, 36, 36, 37, 35, 38, 38, 39, 39, 54, 40, 57, 41, 44, 47, 46, 50, 48, 49, 51, 59, 52, 65, 55, 59, 57, 59, 58, 62, 61, 65, 65, 64, 70, 68, 71, 124, 75, 74, 76, 80, 84, 82, 84, 85, 87, 92, 94, 96, 96, 98, 104, 111, 123, 115, 118, 112, 119, 117, 119, 120, 120, 122, 123, 124, 125, 127, 127, 126, 127, 127, 128, 124, 126, 126, 148, 126, 128, 126, 125, 125, 124, 125, 124, 125, 124, 125, 128, 128, 125, 126, 131, 136, 130, 128, 127, 130, 131, 127, 127, 126, 127, 126, 126, 129, 126, 127, 131, 128, 133, 130, 133, 133, 130, 132, 133, 133, 135, 134, 137, 135, 135, 137, 136, 136, 140, 135, 136, 136, 135, 135, 135, 138, 133, 132, 133, 130, 129, 126, 127, 128, 126, 126, 123, 124, 127, 123, 125, 122, 123, 124, 124, 124, 120, 122, 119, 123, 120, 121, 119, 123, 118, 152, 120, 118, 117, 116, 118, 116, 116, 114, 151, 119, 151, 116, 127, 115, 118, 114, 115, 114, 114, 114, 112, 148, 110, 112, 108, 106, 106, 104, 103, 102, 137, 99, 125, 94, 99, 92, 91, 87, 84, 83, 82, 78, 77, 79, 73, 78, 69, 69, 64, 60, 60, 58, 57, 54, 56, 51, 66, 49, 62, 45, 44, 44, 42, 42, 39, 43, 40, 59, 37, 67, 35, 34, 36, 35, 52, 34, 50, 85, 49, 33, 55, 33, 47, 32, 33, 31, 32, 32, 32, 58, 85]",128000000,500000,1224006250,39,0
0,2,0,"[50, 52, 50, 50, 53, 51, 54, 52, 53, 54, 52, 53, 53, 50, 57, 52, 53, 53, 52, 53, 53, 57, 55, 56, 56, 56, 58, 57, 60, 59, 56, 64, 98, 65, 74, 61, 64, 61, 63, 62, 71, 66, 65, 67, 71, 66, 66, 64, 70, 68, 74, 92, 73, 76, 72, 80, 79, 80, 84, 84, 90, 92, 96, 100, 103, 108, 112, 118, 122, 123, 126, 127, 131, 132, 132, 133, 136, 138, 137, 138, 141, 142, 141, 142, 140, 142, 146, 166, 160, 168, 162, 165, 162, 163, 156, 153, 159, 148, 150, 150, 155, 146, 160, 155, 162, 158, 165, 163, 164, 161, 165, 165, 163, 160, 160, 141, 155, 148, 147, 149, 157, 154, 160, 152, 159, 152, 158, 159, 150, 161, 143, 162, 144, 161, 145, 160, 150, 160, 156, 161, 154, 160, 154, 144, 141, 137, 139, 139, 135, 135, 136, 136, 134, 136, 137, 135, 136, 135, 135, 136, 138, 135, 138, 135, 136, 135, 136, 137, 137, 137, 137, 138, 137, 137, 138, 138, 137, 136, 135, 135, 135, 132, 131, 131, 128, 126, 125, 123, 119, 117, 115, 113, 109, 104, 103, 99, 94, 89, 85, 81, 77, 74, 71, 66, 66, 63, 65, 63, 63, 65, 59, 62, 61, 58, 60, 57, 57, 58, 59, 59, 57, 56, 57, 57, 56, 54, 57, 54, 54, 54, 52, 54, 54, 55, 53, 52, 53, 50, 52, 52, 52, 51, 50, 53, 50, 52, 50, 49, 56, 50, 51, 51, 49, 51, 49, 50]",128000000,500000,1583461250,45,0,"[50, 33, 33, 36, 35, 36, 36, 39, 38, 61, 39, 51, 39, 41, 43, 42, 46, 104, 46, 50, 61, 52, 60, 53, 60, 54, 54, 57, 58, 60, 60, 64, 65, 66, 67, 66, 70, 71, 72, 75, 76, 79, 79, 80, 85, 85, 85, 88, 90, 93, 94, 96, 99, 103, 106, 125, 139, 113, 114, 117, 117, 116, 120, 120, 121, 123, 123, 124, 127, 128, 127, 129, 127, 128, 129, 127, 127, 127, 126, 129, 127, 126, 127, 126, 125, 126, 126, 127, 127, 129, 130, 128, 127, 134, 137, 137, 127, 128, 130, 130, 127, 126, 128, 126, 128, 127, 127, 129, 128, 130, 130, 130, 131, 130, 130, 132, 131, 133, 134, 135, 135, 135, 136, 135, 136, 136, 136, 136, 134, 134, 135, 135, 133, 135, 135, 135, 130, 130, 127, 128, 127, 127, 126, 127, 125, 125, 125, 128, 124, 123, 125, 124, 123, 122, 124, 120, 122, 120, 122, 119, 131, 119, 150, 119, 126, 117, 117, 116, 117, 116, 117, 151, 114, 152, 116, 118, 115, 115, 116, 117, 114, 113, 149, 114, 150, 113, 123, 111, 112, 108, 107, 107, 104, 144, 102, 143, 99, 101, 94, 94, 92, 88, 87, 86, 83, 81, 84, 76, 81, 73, 70, 68, 67, 63, 62, 61, 58, 65, 54, 67, 51, 61, 47, 47, 45, 44, 45, 42, 43, 40, 54, 38, 59, 37, 79, 35, 34, 36, 34, 52, 34, 54, 33, 69, 31, 40, 34, 33, 32, 32, 31, 32, 40, 33, 56, 42]",128000000,500000,1224006250,39,0
0,2,0,"[41, 37, 38, 42, 40, 41, 40, 39, 42, 41, 43, 40, 40, 41, 42, 42, 42, 39, 44, 40, 45, 41, 46, 42, 42, 44, 44, 49, 46, 44, 48, 48, 89, 50, 64, 48, 48, 52, 52, 55, 49, 50, 53, 57, 62, 50, 50, 56, 55, 57, 57, 58, 64, 61, 69, 71, 65, 67, 69, 74, 75, 80, 87, 90, 94, 99, 102, 109, 111, 112, 114, 118, 118, 121, 122, 124, 125, 126, 126, 127, 131, 134, 132, 134, 132, 132, 152, 164, 161, 158, 135, 159, 138, 159, 139, 160, 141, 161, 133, 160, 135, 160, 158, 160, 156, 160, 158, 134, 158, 142, 160, 150, 158, 143, 158, 147, 158, 149, 159, 151, 161, 153, 160, 152, 154, 150, 154, 156, 155, 142, 150, 145, 155, 144, 150, 134, 153, 150, 154, 136, 151, 147, 150, 133, 128, 129, 129, 127, 127, 126, 127, 125, 125, 125, 127, 125, 124, 123, 126, 125, 130, 125, 124, 124, 123, 124, 126, 126, 125, 126, 126, 127, 126, 126, 126, 125, 126, 126, 126, 124, 124, 120, 122, 119, 117, 115, 114, 110, 109, 108, 106, 101, 99, 96, 91, 88, 91, 78, 74, 69, 65, 61, 57, 55, 53, 54, 52, 48, 51, 50, 51, 48, 45, 48, 46, 49, 46, 46, 44, 44, 47, 45, 46, 41, 44, 43, 44, 43, 40, 39, 43, 42, 45, 41, 39, 39, 40, 41, 40, 41, 41, 38, 40, 38, 43, 40, 37, 40, 39, 43, 38, 39, 40, 38, 43, 39]",128000000,500000,1583461250,45,0,"[33, 34, 35, 37, 35, 40, 36, 46, 39, 45, 40, 38, 40, 42, 42, 47, 46, 46, 49, 47, 51, 51, 50, 52, 51, 55, 57, 55, 56, 61, 58, 62, 62, 64, 64, 66, 70, 69, 71, 73, 75, 79, 80, 82, 84, 85, 86, 90, 92, 92, 96, 98, 101, 104, 106, 118, 110, 120, 112, 122, 117, 119, 120, 121, 123, 123, 123, 125, 125, 128, 127, 126, 129, 126, 126, 126, 127, 126, 124, 126, 126, 125, 126, 125, 125, 126, 124, 125, 126, 128, 129, 126, 128, 131, 138, 130, 127, 128, 131, 130, 128, 128, 130, 128, 128, 130, 126, 129, 128, 130, 128, 130, 134, 129, 131, 131, 132, 130, 132, 132, 133, 133, 132, 133, 132, 135, 134, 146, 134, 134, 136, 135, 133, 136, 139, 136, 134, 132, 132, 130, 128, 130, 126, 128, 127, 125, 126, 122, 124, 124, 121, 122, 121, 121, 124, 119, 119, 117, 123, 120, 124, 118, 117, 117, 119, 119, 116, 116, 117, 147, 116, 150, 116, 114, 115, 115, 115, 116, 116, 120, 149, 115, 148, 114, 114, 115, 113, 112, 110, 110, 107, 143, 106, 142, 101, 101, 99, 97, 94, 93, 91, 88, 87, 84, 84, 80, 81, 75, 74, 72, 68, 67, 65, 64, 61, 63, 58, 66, 54, 55, 53, 49, 48, 46, 45, 44, 49, 42, 50, 41, 48, 42, 38, 38, 38, 36, 35, 36, 35, 62, 34, 48, 131, 33, 32, 37, 32, 32, 39, 31, 39, 36, 40, 33, 73, 34]",128000000,500000,1224006250,39,0
0,2,0,"[35, 36, 35, 36, 36, 36, 37, 34, 36, 35, 36, 36, 37, 37, 35, 37, 36, 37, 38, 35, 38, 37, 40, 41, 39, 39, 40, 40, 46, 39, 42, 44, 84, 47, 59, 43, 43, 43, 44, 53, 49, 46, 49, 52, 57, 49, 45, 53, 51, 54, 57, 55, 61, 60, 61, 63, 64, 70, 68, 73, 73, 78, 84, 89, 93, 98, 103, 107, 114, 111, 112, 118, 119, 122, 122, 123, 124, 127, 127, 127, 130, 128, 132, 130, 128, 127, 135, 145, 154, 138, 151, 134, 132, 130, 135, 126, 126, 139, 129, 144, 133, 141, 132, 138, 139, 136, 147, 153, 152, 158, 148, 162, 148, 161, 141, 156, 139, 155, 137, 155, 137, 157, 134, 159, 137, 161, 140, 160, 145, 162, 143, 142, 152, 151, 152, 154, 151, 148, 155, 144, 160, 135, 157, 131, 133, 130, 127, 127, 130, 129, 125, 126, 126, 127, 126, 128, 128, 126, 126, 126, 130, 127, 127, 126, 124, 125, 126, 126, 124, 125, 126, 126, 125, 125, 124, 125, 124, 125, 123, 122, 123, 122, 119, 119, 116, 114, 114, 112, 111, 107, 105, 102, 100, 96, 92, 87, 82, 79, 73, 69, 65, 60, 55, 53, 51, 49, 52, 48, 49, 47, 48, 46, 46, 45, 44, 44, 41, 44, 44, 41, 45, 40, 41, 40, 40, 39, 41, 39, 40, 40, 38, 35, 41, 39, 36, 39, 36, 37, 38, 37, 38, 36, 35, 36, 36, 36, 34, 36, 35, 37, 37, 36, 37, 36, 36, 37]",128000000,500000,1583461250,42,0,"[32, 34, 33, 35, 34, 39, 36, 38, 37, 38, 39, 40, 42, 42, 45, 46, 52, 48, 53, 49, 50, 52, 53, 56, 53, 60, 54, 57, 59, 59, 135, 63, 65, 68, 70, 69, 70, 72, 71, 75, 78, 79, 81, 79, 82, 84, 87, 88, 89, 91, 93, 97, 100, 101, 104, 111, 111, 114, 111, 118, 113, 115, 117, 119, 118, 122, 121, 120, 123, 148, 126, 127, 126, 127, 126, 129, 127, 127, 126, 129, 126, 128, 126, 127, 126, 128, 128, 127, 128, 128, 129, 128, 128, 133, 142, 137, 132, 128, 129, 131, 126, 127, 127, 126, 128, 125, 125, 126, 126, 126, 127, 128, 133, 129, 127, 128, 127, 131, 131, 131, 132, 133, 134, 134, 134, 132, 135, 155, 136, 136, 137, 136, 136, 137, 140, 137, 134, 135, 134, 131, 132, 130, 130, 130, 127, 129, 129, 127, 126, 128, 127, 125, 126, 124, 126, 124, 124, 122, 123, 123, 120, 118, 119, 120, 121, 118, 119, 143, 118, 142, 117, 118, 118, 116, 115, 117, 116, 116, 140, 116, 127, 115, 115, 114, 115, 114, 111, 111, 111, 128, 108, 123, 105, 104, 101, 102, 97, 95, 94, 91, 93, 88, 87, 83, 81, 79, 77, 76, 73, 71, 69, 67, 66, 65, 62, 61, 59, 58, 55, 54, 52, 49, 48, 46, 47, 43, 47, 42, 41, 41, 39, 39, 36, 38, 37, 36, 35, 40, 36, 53, 35, 40, 33, 30, 33, 31, 33, 74, 33, 31, 34, 33, 33, 32, 31, 33]",128000000,500000,1224006250,39,0
0,2,0,"[36, 35, 38, 37, 39, 36, 36, 36, 38, 40, 37, 38, 38, 38, 37, 36, 40, 39, 38, 40, 39, 38, 41, 38, 42, 40, 40, 42, 43, 43, 44, 45, 87, 47, 62, 54, 43, 48, 46, 48, 50, 53, 46, 50, 48, 53, 50, 51, 58, 58, 56, 59, 62, 58, 61, 63, 64, 65, 71, 70, 73, 78, 87, 91, 93, 97, 103, 108, 116, 112, 114, 117, 121, 121, 121, 124, 125, 128, 125, 126, 128, 129, 131, 130, 130, 127, 139, 143, 155, 140, 154, 145, 154, 149, 156, 152, 150, 155, 145, 149, 143, 154, 145, 158, 158, 156, 150, 158, 136, 156, 141, 160, 146, 156, 139, 152, 132, 149, 140, 155, 149, 153, 160, 148, 161, 146, 158, 150, 157, 134, 149, 145, 150, 143, 148, 142, 147, 144, 154, 140, 142, 145, 135, 136, 129, 129, 129, 126, 125, 124, 125, 126, 127, 124, 125, 122, 126, 124, 126, 125, 126, 127, 126, 126, 125, 125, 125, 126, 125, 127, 125, 125, 126, 126, 126, 124, 126, 122, 121, 123, 122, 122, 119, 118, 117, 115, 114, 112, 111, 107, 104, 102, 99, 96, 91, 88, 83, 79, 73, 69, 66, 60, 57, 54, 52, 50, 50, 50, 46, 48, 46, 44, 45, 45, 46, 45, 44, 43, 44, 42, 44, 41, 43, 40, 43, 40, 43, 39, 40, 41, 39, 38, 41, 40, 38, 38, 40, 36, 38, 39, 36, 40, 36, 38, 35, 38, 36, 35, 37, 37, 36, 37, 36, 39, 37, 36]",128000000,500000,1583461250,42,0,"[33, 48, 44, 36, 48, 36, 47, 48, 48, 84, 41, 52, 53, 54, 55, 43, 62, 44, 62, 59, 49, 62, 50, 66, 65, 68, 67, 58, 71, 74, 72, 76, 63, 74, 68, 79, 81, 70, 84, 74, 86, 89, 77, 92, 83, 95, 97, 100, 132, 91, 106, 106, 110, 113, 107, 139, 117, 127, 122, 117, 126, 117, 129, 131, 132, 132, 122, 136, 138, 139, 138, 127, 141, 128, 141, 142, 129, 143, 129, 143, 143, 128, 141, 128, 140, 141, 139, 159, 127, 141, 142, 140, 140, 130, 148, 131, 139, 138, 128, 138, 125, 135, 136, 136, 137, 126, 135, 136, 137, 137, 128, 138, 130, 140, 138, 129, 140, 129, 141, 141, 131, 142, 132, 143, 145, 144, 144, 150, 147, 147, 147, 150, 137, 150, 142, 151, 148, 135, 147, 133, 145, 144, 143, 144, 131, 141, 140, 140, 138, 124, 140, 124, 134, 136, 133, 135, 127, 134, 137, 123, 134, 122, 133, 134, 132, 151, 117, 150, 131, 130, 128, 115, 127, 113, 129, 127, 134, 125, 131, 127, 125, 123, 123, 113, 123, 121, 121, 142, 108, 142, 117, 116, 114, 103, 112, 100, 109, 107, 98, 104, 93, 101, 100, 97, 96, 81, 91, 89, 86, 84, 71, 82, 66, 78, 74, 61, 69, 56, 66, 64, 60, 60, 51, 60, 63, 55, 85, 41, 54, 50, 51, 49, 38, 50, 37, 53, 46, 39, 45, 52, 48, 43, 44, 49, 33, 43, 50, 43, 48, 32, 46, 33, 42, 42, 32, 44]",128000000,500000,1224006250,39,0
0,2,0,"[36, 38, 36, 36, 37, 36, 40, 35, 37, 37, 37, 37, 37, 38, 40, 38, 39, 37, 39, 39, 39, 38, 38, 40, 39, 40, 42, 43, 45, 43, 42, 49, 82, 48, 60, 47, 47, 44, 44, 43, 53, 52, 45, 51, 54, 48, 50, 53, 51, 54, 57, 55, 60, 66, 62, 84, 64, 72, 69, 72, 74, 79, 86, 90, 94, 99, 109, 107, 115, 112, 113, 117, 117, 120, 123, 123, 126, 125, 125, 127, 129, 131, 131, 132, 130, 129, 140, 141, 159, 134, 142, 139, 134, 152, 158, 157, 155, 157, 149, 152, 135, 154, 144, 154, 151, 156, 145, 151, 138, 159, 143, 160, 146, 160, 144, 154, 138, 152, 132, 146, 130, 156, 140, 155, 139, 152, 150, 158, 153, 146, 157, 141, 161, 148, 159, 142, 160, 137, 153, 135, 148, 136, 143, 134, 129, 129, 127, 126, 126, 126, 125, 125, 124, 123, 123, 125, 125, 124, 124, 123, 126, 126, 126, 126, 125, 125, 124, 125, 128, 126, 125, 126, 126, 126, 126, 125, 125, 124, 125, 123, 123, 121, 121, 119, 117, 116, 115, 111, 109, 109, 104, 102, 99, 94, 90, 87, 82, 79, 75, 69, 63, 60, 56, 53, 51, 51, 49, 49, 48, 48, 47, 46, 44, 47, 45, 44, 44, 42, 43, 41, 43, 43, 42, 42, 41, 42, 43, 40, 39, 38, 39, 39, 41, 40, 37, 40, 38, 38, 38, 37, 37, 38, 37, 35, 36, 38, 34, 37, 38, 37, 37, 36, 37, 36, 35, 35]",128000000,500000,1583461250,42,0,"[45, 74, 44, 68, 45, 46, 47, 48, 52, 50, 52, 52, 71, 52, 66, 55, 56, 57, 58, 57, 60, 64, 61, 79, 65, 84, 70, 67, 70, 71, 71, 74, 75, 78, 79, 78, 81, 80, 84, 85, 87, 90, 91, 92, 94, 95, 96, 99, 101, 102, 104, 108, 110, 113, 116, 132, 125, 122, 121, 129, 127, 128, 132, 132, 134, 136, 136, 139, 140, 138, 141, 139, 142, 142, 143, 142, 141, 141, 143, 143, 140, 141, 136, 139, 135, 138, 137, 137, 137, 138, 139, 136, 140, 138, 143, 137, 137, 136, 138, 138, 138, 136, 136, 137, 135, 137, 135, 137, 137, 139, 139, 141, 139, 139, 142, 140, 142, 139, 143, 142, 144, 145, 145, 145, 145, 146, 147, 150, 143, 148, 144, 147, 148, 148, 151, 147, 144, 146, 144, 143, 143, 139, 139, 139, 139, 137, 138, 136, 136, 135, 135, 135, 132, 134, 136, 133, 135, 131, 136, 133, 132, 134, 133, 154, 131, 154, 133, 129, 134, 131, 129, 139, 129, 128, 155, 130, 153, 127, 128, 127, 125, 125, 124, 122, 123, 151, 120, 146, 120, 117, 116, 116, 117, 113, 111, 111, 141, 107, 114, 105, 106, 101, 99, 97, 94, 91, 90, 88, 87, 88, 81, 88, 78, 76, 74, 70, 70, 68, 66, 62, 73, 60, 74, 58, 69, 55, 53, 51, 52, 50, 51, 53, 49, 72, 47, 76, 48, 45, 45, 67, 44, 44, 98, 62, 64, 43, 67, 42, 43, 41, 42, 44, 42, 40, 81, 66]",128000000,500000,1224006250,42,0
0,2,0,"[35, 36, 35, 37, 36, 35, 34, 35, 35, 34, 35, 36, 35, 36, 34, 36, 37, 37, 36, 38, 38, 38, 40, 39, 39, 39, 39, 41, 42, 45, 43, 42, 86, 46, 61, 44, 46, 50, 44, 43, 46, 46, 48, 54, 49, 47, 48, 54, 54, 71, 55, 55, 58, 57, 65, 62, 63, 65, 67, 70, 73, 79, 85, 89, 93, 98, 102, 105, 121, 112, 113, 115, 118, 119, 121, 123, 124, 125, 126, 126, 130, 131, 133, 133, 130, 127, 133, 141, 136, 131, 135, 139, 133, 143, 147, 147, 142, 150, 137, 131, 135, 142, 140, 151, 139, 157, 148, 158, 142, 155, 147, 159, 147, 157, 150, 156, 138, 150, 145, 139, 144, 147, 151, 151, 150, 150, 144, 148, 157, 142, 156, 138, 160, 143, 158, 142, 156, 141, 158, 141, 162, 141, 157, 130, 131, 127, 128, 128, 125, 125, 125, 125, 124, 123, 125, 123, 124, 124, 124, 123, 127, 126, 123, 124, 124, 125, 124, 126, 126, 125, 125, 126, 128, 125, 127, 125, 126, 125, 124, 124, 122, 122, 121, 119, 117, 117, 114, 111, 109, 108, 105, 102, 99, 94, 90, 85, 82, 79, 73, 70, 63, 59, 55, 52, 51, 49, 50, 48, 48, 46, 47, 46, 46, 45, 42, 42, 43, 42, 43, 42, 44, 41, 41, 41, 43, 40, 39, 38, 38, 38, 38, 37, 41, 39, 36, 39, 36, 36, 36, 37, 37, 37, 36, 34, 37, 36, 37, 35, 34, 37, 35, 36, 36, 34, 34, 35]",128000000,500000,1583461250,42,0,"[35, 37, 33, 36, 36, 37, 35, 37, 42, 38, 47, 40, 51, 43, 42, 44, 44, 48, 47, 47, 54, 56, 108, 53, 55, 58, 55, 55, 58, 59, 59, 62, 65, 66, 69, 67, 69, 69, 74, 75, 76, 78, 79, 80, 83, 84, 86, 87, 89, 92, 94, 95, 96, 102, 104, 115, 113, 113, 112, 117, 115, 142, 119, 120, 120, 124, 123, 126, 125, 126, 128, 127, 129, 130, 129, 128, 129, 129, 129, 132, 128, 129, 127, 129, 129, 130, 128, 127, 129, 127, 126, 125, 126, 125, 133, 126, 126, 125, 124, 126, 126, 124, 123, 125, 125, 122, 125, 125, 123, 129, 126, 128, 125, 127, 130, 127, 129, 128, 130, 130, 130, 132, 131, 135, 133, 134, 134, 148, 135, 134, 137, 133, 137, 136, 140, 138, 131, 135, 132, 132, 132, 131, 130, 127, 127, 128, 127, 127, 123, 126, 125, 126, 125, 121, 125, 122, 124, 122, 123, 123, 121, 142, 119, 151, 121, 119, 117, 115, 118, 117, 119, 115, 149, 116, 149, 117, 113, 115, 113, 113, 111, 113, 111, 147, 111, 149, 110, 110, 111, 108, 107, 106, 105, 102, 139, 101, 139, 96, 96, 94, 91, 90, 86, 85, 83, 82, 79, 81, 74, 75, 69, 67, 66, 64, 61, 59, 60, 57, 61, 51, 60, 50, 54, 48, 47, 44, 45, 43, 41, 46, 38, 48, 38, 46, 36, 35, 37, 36, 34, 85, 37, 33, 46, 62, 48, 31, 47, 38, 33, 31, 32, 33, 32, 48, 33, 43]",128000000,500000,1224006250,39,0
0,2,0,"[32, 34, 32, 34, 33, 34, 35, 33, 35, 33, 33, 35, 34, 34, 34, 35, 34, 35, 35, 35, 37, 35, 36, 37, 36, 36, 39, 39, 43, 38, 44, 43, 88, 47, 59, 47, 43, 48, 41, 47, 42, 53, 49, 43, 51, 49, 45, 50, 50, 52, 55, 54, 55, 56, 58, 62, 65, 63, 66, 71, 74, 79, 83, 88, 93, 97, 100, 107, 112, 113, 115, 116, 119, 121, 123, 123, 127, 128, 127, 128, 129, 129, 130, 131, 130, 128, 130, 140, 150, 135, 148, 127, 150, 131, 148, 130, 153, 131, 155, 129, 149, 130, 150, 131, 145, 135, 143, 131, 141, 136, 144, 144, 143, 138, 134, 129, 137, 129, 134, 128, 140, 131, 147, 146, 143, 152, 143, 152, 146, 139, 135, 142, 136, 141, 139, 148, 138, 149, 139, 146, 141, 144, 148, 136, 130, 129, 127, 128, 126, 127, 126, 127, 126, 124, 124, 127, 125, 125, 126, 125, 129, 124, 125, 125, 123, 126, 124, 125, 125, 125, 125, 125, 126, 126, 125, 123, 126, 123, 124, 122, 121, 122, 121, 119, 118, 115, 114, 112, 109, 107, 105, 101, 99, 95, 91, 87, 83, 79, 74, 68, 64, 57, 54, 51, 50, 49, 47, 45, 45, 45, 46, 45, 43, 44, 41, 42, 41, 41, 39, 40, 42, 38, 40, 40, 41, 37, 38, 37, 37, 36, 35, 34, 40, 37, 36, 34, 34, 34, 33, 33, 34, 34, 33, 32, 33, 34, 34, 32, 32, 34, 33, 33, 34, 33, 33, 33]",128000000,500000,1583461250,42,0,"[34, 81, 33, 35, 36, 35, 51, 38, 62, 38, 61, 40, 41, 44, 43, 44, 47, 54, 48, 68, 52, 61, 56, 53, 53, 53, 57, 55, 58, 61, 72, 63, 75, 68, 66, 69, 69, 71, 72, 75, 129, 78, 80, 81, 80, 84, 84, 87, 89, 92, 94, 96, 97, 100, 103, 120, 107, 111, 111, 119, 112, 114, 118, 119, 118, 120, 122, 122, 123, 126, 125, 126, 129, 127, 127, 127, 127, 130, 124, 164, 125, 128, 130, 128, 127, 126, 127, 124, 126, 126, 126, 125, 126, 129, 136, 127, 126, 126, 126, 125, 123, 127, 123, 128, 127, 127, 127, 128, 130, 130, 130, 128, 133, 128, 134, 133, 129, 134, 134, 134, 137, 132, 134, 136, 134, 137, 133, 141, 137, 136, 137, 136, 135, 139, 138, 135, 133, 131, 136, 130, 131, 128, 126, 126, 125, 126, 123, 124, 121, 123, 124, 120, 120, 121, 121, 123, 120, 123, 122, 127, 128, 143, 119, 119, 121, 118, 116, 118, 117, 121, 151, 116, 149, 121, 118, 117, 114, 115, 112, 113, 114, 151, 113, 151, 111, 112, 110, 111, 109, 107, 107, 104, 147, 103, 147, 100, 98, 94, 93, 91, 89, 87, 85, 89, 82, 92, 78, 87, 73, 71, 70, 69, 66, 64, 62, 60, 72, 58, 86, 52, 58, 49, 49, 47, 45, 44, 43, 61, 40, 72, 39, 61, 38, 39, 37, 37, 34, 36, 46, 53, 62, 34, 63, 33, 33, 35, 35, 34, 33, 32, 32, 68, 34, 65, 33, 37]",128000000,500000,1224006250,39,0
0,2,0,"[33, 38, 33, 33, 35, 33, 38, 34, 34, 35, 34, 37, 33, 32, 35, 34, 38, 34, 34, 37, 36, 38, 36, 42, 36, 38, 40, 37, 43, 45, 46, 44, 87, 49, 58, 41, 46, 47, 43, 49, 48, 51, 45, 47, 48, 50, 45, 55, 51, 51, 56, 55, 59, 57, 61, 64, 63, 66, 69, 71, 73, 77, 84, 90, 93, 96, 102, 107, 113, 112, 116, 118, 120, 121, 122, 123, 130, 130, 129, 128, 128, 129, 130, 131, 131, 127, 134, 156, 147, 157, 138, 126, 132, 131, 136, 138, 132, 146, 127, 149, 129, 153, 129, 128, 130, 134, 139, 134, 133, 140, 144, 144, 144, 138, 138, 147, 140, 143, 138, 151, 148, 151, 138, 157, 138, 153, 152, 155, 161, 149, 146, 153, 141, 155, 142, 134, 151, 140, 155, 155, 159, 154, 135, 140, 129, 129, 129, 127, 126, 126, 127, 126, 124, 123, 126, 126, 123, 126, 126, 125, 128, 125, 126, 124, 125, 124, 125, 125, 126, 126, 125, 126, 126, 126, 127, 126, 124, 123, 124, 123, 122, 122, 121, 120, 116, 115, 114, 111, 109, 107, 105, 101, 98, 97, 92, 88, 83, 78, 73, 69, 64, 59, 56, 52, 52, 49, 50, 46, 46, 46, 45, 47, 44, 42, 43, 43, 43, 41, 45, 41, 43, 41, 40, 42, 40, 37, 40, 37, 39, 37, 36, 37, 42, 39, 36, 34, 34, 34, 36, 34, 37, 35, 33, 35, 34, 38, 34, 33, 35, 35, 35, 32, 31, 35, 33, 36]",128000000,500000,1583461250,42,0,"[33, 34, 34, 35, 38, 35, 37, 36, 39, 38, 40, 42, 41, 42, 45, 45, 46, 48, 48, 49, 51, 54, 54, 53, 56, 57, 57, 62, 60, 60, 62, 64, 66, 65, 65, 68, 67, 70, 71, 73, 75, 76, 78, 78, 82, 82, 84, 87, 87, 90, 91, 94, 96, 99, 103, 125, 115, 108, 109, 117, 114, 116, 115, 119, 121, 120, 124, 124, 124, 127, 128, 128, 130, 130, 130, 130, 130, 129, 130, 133, 130, 131, 130, 131, 130, 129, 131, 130, 130, 130, 130, 128, 132, 129, 135, 130, 127, 127, 125, 127, 124, 126, 126, 124, 125, 124, 123, 123, 123, 125, 125, 125, 126, 126, 127, 129, 125, 128, 128, 128, 129, 131, 131, 130, 131, 133, 133, 150, 134, 133, 135, 136, 136, 140, 141, 141, 139, 139, 136, 137, 136, 134, 134, 135, 133, 130, 130, 131, 128, 126, 128, 126, 126, 126, 124, 123, 124, 121, 124, 123, 120, 119, 124, 119, 118, 117, 117, 115, 138, 117, 136, 115, 115, 116, 114, 113, 113, 111, 114, 129, 111, 132, 111, 112, 110, 109, 109, 109, 108, 107, 127, 104, 126, 101, 101, 100, 97, 95, 93, 93, 89, 87, 84, 84, 82, 80, 77, 75, 73, 69, 69, 67, 64, 63, 63, 60, 61, 57, 54, 53, 52, 49, 47, 46, 45, 45, 45, 46, 40, 42, 40, 39, 40, 35, 37, 35, 36, 35, 37, 53, 35, 73, 118, 33, 32, 36, 33, 32, 33, 36, 33, 39, 32, 32, 33, 33]",128000000,500000,1224006250,39,0
0,2,0,"[33, 31, 31, 43, 33, 43, 32, 31, 42, 33, 44, 33, 33, 42, 34, 43, 34, 33, 35, 34, 45, 36, 46, 37, 36, 47, 35, 46, 41, 41, 50, 45, 95, 45, 61, 43, 39, 57, 51, 43, 48, 45, 57, 45, 67, 48, 47, 61, 50, 61, 54, 52, 70, 56, 71, 63, 61, 63, 71, 82, 73, 88, 84, 87, 104, 99, 112, 110, 110, 124, 115, 130, 119, 122, 123, 123, 145, 131, 127, 125, 129, 142, 133, 143, 129, 129, 140, 138, 143, 133, 132, 139, 134, 141, 130, 129, 146, 135, 149, 138, 145, 141, 133, 146, 140, 144, 148, 132, 149, 138, 158, 143, 144, 141, 136, 154, 134, 140, 129, 141, 155, 146, 145, 141, 130, 146, 132, 159, 132, 143, 154, 147, 154, 147, 136, 148, 136, 157, 136, 150, 136, 149, 150, 136, 141, 131, 129, 140, 127, 139, 126, 126, 137, 125, 136, 125, 126, 124, 124, 136, 127, 137, 126, 123, 135, 125, 136, 123, 125, 135, 124, 138, 125, 126, 125, 126, 138, 126, 124, 124, 125, 133, 122, 130, 119, 116, 126, 111, 121, 107, 104, 112, 98, 106, 90, 87, 83, 81, 86, 69, 76, 57, 54, 64, 51, 61, 48, 45, 57, 45, 56, 45, 43, 43, 41, 53, 41, 40, 40, 39, 54, 40, 48, 37, 40, 48, 39, 48, 35, 34, 45, 36, 51, 36, 34, 33, 35, 45, 35, 43, 32, 31, 43, 33, 43, 31, 32, 42, 33, 45, 33, 31, 33, 34, 42, 33]",128000000,500000,1583461250,42,0,"[44, 44, 71, 46, 62, 46, 47, 47, 49, 48, 49, 51, 52, 58, 126, 69, 55, 72, 59, 61, 62, 63, 61, 64, 64, 68, 71, 67, 74, 73, 74, 75, 77, 77, 79, 80, 84, 84, 82, 88, 89, 91, 90, 92, 94, 95, 97, 101, 100, 104, 104, 106, 111, 144, 119, 138, 122, 127, 122, 129, 125, 124, 128, 128, 130, 132, 133, 134, 135, 137, 138, 139, 139, 140, 139, 142, 141, 141, 142, 144, 142, 140, 139, 140, 141, 138, 139, 139, 138, 139, 139, 137, 152, 137, 140, 138, 135, 135, 134, 137, 135, 135, 135, 136, 136, 136, 135, 133, 137, 135, 138, 139, 141, 140, 138, 141, 140, 139, 142, 143, 141, 143, 142, 145, 146, 145, 145, 144, 149, 147, 148, 144, 145, 149, 149, 151, 147, 147, 147, 145, 145, 144, 142, 144, 140, 141, 141, 139, 137, 139, 138, 138, 137, 136, 137, 134, 134, 133, 135, 134, 131, 131, 130, 129, 130, 130, 154, 127, 154, 129, 126, 126, 127, 124, 129, 126, 125, 150, 123, 150, 123, 123, 124, 121, 120, 121, 118, 120, 148, 119, 150, 117, 114, 114, 110, 111, 109, 105, 106, 108, 102, 105, 98, 97, 95, 92, 89, 87, 86, 83, 83, 80, 88, 76, 83, 71, 70, 69, 64, 66, 63, 62, 59, 72, 56, 68, 56, 62, 51, 51, 50, 89, 48, 48, 60, 46, 72, 47, 57, 66, 43, 98, 41, 44, 46, 51, 40, 63, 42, 68, 42, 43, 43, 49, 42, 42]",128000000,500000,1224006250,42,0
0,2,0,"[44, 46, 46, 46, 45, 45, 44, 44, 47, 44, 45, 44, 45, 46, 45, 46, 44, 46, 48, 48, 47, 46, 48, 48, 50, 50, 47, 53, 50, 50, 52, 55, 99, 56, 69, 56, 55, 64, 52, 58, 55, 63, 62, 63, 59, 60, 65, 63, 61, 66, 71, 71, 74, 73, 71, 73, 76, 78, 82, 83, 85, 89, 94, 102, 106, 109, 111, 118, 122, 122, 125, 128, 130, 131, 132, 136, 151, 136, 136, 137, 140, 141, 142, 140, 140, 139, 143, 151, 143, 141, 144, 144, 150, 150, 145, 146, 140, 144, 142, 149, 148, 151, 147, 149, 149, 157, 154, 159, 153, 160, 156, 157, 160, 154, 152, 153, 151, 148, 150, 156, 145, 145, 152, 143, 144, 146, 145, 156, 156, 152, 157, 154, 149, 150, 162, 162, 164, 163, 162, 162, 167, 162, 167, 145, 144, 141, 140, 140, 139, 140, 139, 138, 137, 137, 137, 137, 136, 138, 136, 137, 139, 137, 136, 135, 135, 135, 134, 135, 136, 133, 135, 134, 135, 133, 135, 136, 136, 135, 136, 133, 133, 133, 131, 132, 130, 129, 129, 125, 123, 120, 115, 123, 110, 111, 101, 98, 95, 89, 85, 78, 74, 70, 66, 66, 63, 63, 59, 59, 61, 59, 59, 56, 57, 56, 55, 56, 55, 54, 52, 53, 57, 51, 52, 50, 54, 51, 51, 49, 48, 49, 49, 50, 53, 46, 47, 48, 47, 46, 45, 45, 45, 45, 47, 44, 45, 43, 45, 47, 44, 47, 43, 45, 45, 45, 43, 43]",128000000,500000,1583461250,45,0,"[49, 44, 51, 45, 45, 46, 47, 50, 49, 49, 49, 53, 54, 57, 55, 56, 55, 57, 58, 61, 60, 63, 66, 71, 68, 67, 68, 69, 69, 72, 73, 74, 129, 76, 78, 80, 80, 81, 84, 87, 87, 90, 89, 94, 94, 96, 97, 100, 101, 103, 105, 109, 109, 110, 116, 130, 124, 123, 122, 127, 125, 131, 127, 130, 132, 132, 134, 135, 137, 139, 138, 150, 143, 141, 142, 141, 143, 142, 142, 146, 143, 144, 143, 142, 142, 143, 142, 143, 143, 146, 142, 142, 142, 143, 145, 141, 141, 139, 139, 139, 136, 136, 135, 136, 136, 134, 134, 135, 135, 134, 136, 135, 137, 136, 138, 137, 139, 138, 139, 140, 141, 141, 140, 141, 143, 144, 142, 150, 145, 147, 149, 148, 147, 153, 154, 153, 151, 151, 148, 149, 148, 148, 147, 147, 144, 145, 143, 141, 140, 139, 140, 136, 137, 137, 141, 134, 135, 131, 135, 135, 131, 131, 132, 131, 138, 131, 142, 128, 133, 132, 127, 135, 126, 128, 133, 147, 126, 141, 125, 127, 124, 125, 124, 124, 123, 124, 142, 121, 146, 119, 119, 119, 116, 114, 112, 112, 108, 132, 106, 105, 102, 101, 99, 99, 93, 93, 90, 87, 87, 84, 88, 79, 78, 77, 75, 73, 70, 69, 65, 66, 64, 65, 59, 61, 56, 56, 55, 55, 52, 50, 51, 51, 52, 48, 53, 48, 51, 46, 45, 66, 45, 44, 103, 44, 44, 50, 43, 43, 42, 96, 43, 41, 44, 42, 43, 58]",128000000,500000,1224006250,42,0
0,2,0,"[43, 43, 45, 44, 46, 43, 45, 46, 44, 46, 44, 45, 46, 45, 48, 45, 47, 45, 45, 47, 46, 50, 47, 47, 49, 52, 52, 49, 52, 52, 50, 57, 96, 56, 70, 52, 57, 53, 56, 60, 56, 57, 62, 64, 62, 64, 60, 58, 69, 65, 67, 66, 67, 72, 72, 75, 74, 77, 80, 83, 85, 89, 96, 100, 105, 108, 113, 119, 126, 124, 125, 127, 128, 132, 133, 134, 135, 137, 137, 138, 140, 143, 142, 143, 142, 138, 142, 155, 143, 148, 144, 150, 155, 142, 151, 142, 144, 144, 139, 141, 139, 140, 142, 139, 154, 143, 141, 148, 143, 151, 163, 159, 157, 149, 161, 144, 146, 149, 143, 154, 143, 152, 151, 148, 142, 152, 151, 162, 154, 159, 161, 159, 157, 150, 162, 153, 164, 156, 165, 147, 158, 165, 156, 150, 141, 141, 140, 139, 139, 138, 139, 137, 137, 137, 136, 134, 136, 135, 135, 137, 138, 135, 135, 134, 135, 134, 135, 135, 137, 135, 135, 136, 136, 137, 137, 137, 137, 137, 135, 136, 135, 134, 133, 131, 128, 127, 126, 123, 120, 122, 114, 113, 110, 107, 106, 98, 93, 91, 83, 79, 74, 70, 68, 63, 66, 62, 60, 60, 58, 61, 56, 59, 56, 54, 57, 54, 55, 52, 52, 54, 54, 54, 51, 50, 55, 48, 54, 48, 51, 49, 47, 51, 51, 51, 46, 45, 49, 43, 48, 45, 45, 47, 44, 47, 44, 47, 45, 43, 47, 44, 45, 44, 43, 48, 43, 44]",128000000,500000,1583461250,45,0,"[73, 44, 46, 44, 45, 46, 47, 48, 49, 67, 51, 75, 54, 59, 54, 55, 57, 58, 59, 60, 69, 63, 79, 63, 75, 63, 65, 65, 67, 73, 75, 77, 76, 83, 79, 84, 81, 83, 84, 87, 86, 89, 90, 92, 93, 95, 97, 100, 102, 103, 106, 108, 109, 112, 116, 129, 123, 120, 124, 129, 126, 128, 130, 132, 133, 134, 133, 136, 134, 138, 135, 139, 138, 140, 140, 140, 140, 141, 142, 140, 141, 136, 140, 142, 140, 140, 140, 140, 141, 143, 141, 140, 139, 141, 142, 145, 146, 139, 139, 140, 137, 137, 137, 136, 137, 136, 136, 137, 136, 137, 137, 138, 138, 138, 138, 138, 137, 141, 140, 142, 144, 144, 142, 144, 147, 145, 147, 147, 148, 148, 150, 152, 150, 154, 156, 153, 149, 149, 145, 147, 144, 144, 142, 143, 141, 141, 141, 138, 138, 135, 137, 133, 135, 137, 156, 134, 133, 131, 135, 132, 130, 135, 153, 133, 153, 130, 130, 128, 130, 129, 134, 130, 127, 153, 144, 153, 124, 124, 126, 127, 127, 126, 125, 124, 151, 124, 149, 122, 121, 120, 118, 118, 117, 115, 113, 144, 110, 135, 107, 107, 102, 100, 98, 96, 94, 92, 92, 89, 95, 83, 90, 81, 77, 76, 72, 71, 71, 70, 66, 82, 63, 82, 59, 60, 57, 55, 56, 52, 52, 52, 71, 48, 76, 49, 62, 48, 47, 45, 46, 65, 46, 56, 44, 75, 53, 71, 42, 41, 43, 41, 43, 43, 45, 43, 76, 43]",128000000,500000,1224006250,42,0
0,2,0,"[45, 45, 44, 46, 44, 44, 45, 48, 45, 45, 45, 43, 47, 45, 46, 45, 47, 47, 47, 47, 46, 48, 48, 48, 50, 49, 52, 51, 52, 54, 50, 57, 94, 59, 72, 52, 55, 56, 54, 62, 55, 59, 68, 59, 61, 57, 64, 61, 65, 62, 64, 67, 69, 75, 73, 83, 74, 77, 81, 85, 83, 88, 94, 101, 104, 107, 113, 119, 123, 124, 125, 128, 130, 132, 131, 133, 140, 137, 140, 139, 139, 141, 141, 140, 139, 138, 143, 150, 147, 142, 151, 137, 149, 139, 156, 156, 157, 156, 157, 144, 155, 141, 148, 143, 152, 145, 150, 143, 149, 151, 156, 163, 156, 156, 147, 155, 143, 158, 145, 152, 145, 159, 147, 157, 148, 157, 156, 160, 154, 161, 156, 164, 165, 164, 148, 156, 145, 151, 159, 158, 151, 165, 155, 144, 141, 141, 140, 139, 138, 138, 138, 138, 137, 135, 134, 135, 136, 136, 136, 136, 137, 137, 137, 136, 135, 134, 135, 137, 136, 135, 136, 133, 137, 136, 137, 135, 134, 135, 136, 136, 132, 133, 133, 130, 129, 127, 126, 123, 121, 119, 116, 112, 108, 105, 101, 99, 94, 90, 84, 81, 76, 72, 67, 64, 63, 61, 60, 60, 57, 58, 57, 58, 58, 55, 55, 53, 53, 54, 53, 54, 55, 52, 50, 50, 54, 50, 51, 48, 48, 49, 47, 48, 53, 48, 48, 45, 48, 46, 46, 46, 44, 47, 45, 45, 46, 45, 43, 45, 45, 44, 46, 46, 44, 43, 44, 45]",128000000,500000,1583461250,45,0,"[46, 45, 44, 45, 44, 48, 98, 52, 49, 55, 51, 53, 52, 53, 55, 55, 55, 58, 58, 57, 61, 62, 63, 64, 63, 64, 65, 69, 69, 73, 72, 74, 79, 77, 77, 80, 81, 83, 84, 86, 86, 89, 91, 93, 96, 119, 98, 99, 100, 103, 108, 107, 110, 112, 113, 125, 120, 120, 122, 130, 124, 130, 130, 129, 131, 132, 135, 135, 135, 139, 139, 139, 139, 140, 140, 139, 139, 139, 138, 142, 140, 137, 138, 139, 148, 138, 140, 140, 140, 143, 144, 140, 141, 145, 150, 144, 141, 140, 141, 139, 138, 137, 137, 136, 135, 136, 136, 135, 136, 137, 136, 137, 137, 137, 137, 139, 139, 139, 142, 141, 141, 143, 144, 140, 146, 145, 146, 158, 148, 150, 149, 149, 151, 153, 155, 153, 148, 150, 147, 147, 148, 144, 144, 144, 141, 140, 139, 138, 137, 136, 137, 135, 135, 135, 138, 134, 133, 132, 133, 131, 131, 129, 149, 129, 128, 129, 128, 128, 127, 128, 125, 147, 127, 148, 126, 128, 126, 126, 126, 126, 125, 124, 143, 123, 140, 124, 123, 122, 121, 120, 118, 119, 116, 135, 114, 134, 110, 107, 106, 104, 103, 99, 98, 94, 94, 91, 91, 88, 84, 83, 81, 79, 77, 76, 73, 71, 71, 69, 66, 68, 63, 60, 58, 86, 56, 55, 55, 53, 57, 51, 54, 48, 51, 48, 47, 47, 47, 45, 47, 66, 44, 49, 83, 50, 42, 42, 43, 40, 42, 41, 48, 43, 45, 45, 43, 42]",128000000,500000,1224006250,42,0
0,2,0,"[45, 44, 43, 47, 45, 47, 46, 45, 46, 45, 46, 44, 44, 46, 44, 47, 48, 47, 48, 47, 48, 47, 51, 48, 48, 51, 49, 51, 50, 54, 53, 54, 94, 63, 71, 56, 54, 56, 57, 60, 59, 58, 62, 60, 66, 59, 60, 65, 63, 62, 68, 70, 74, 71, 71, 74, 82, 78, 82, 98, 84, 89, 95, 99, 102, 109, 113, 119, 122, 123, 126, 128, 130, 131, 134, 136, 142, 140, 137, 139, 138, 139, 143, 141, 140, 140, 141, 143, 138, 138, 140, 150, 145, 143, 154, 150, 156, 158, 159, 148, 160, 142, 150, 143, 158, 153, 160, 151, 162, 150, 164, 157, 161, 149, 150, 153, 150, 151, 156, 141, 152, 148, 160, 151, 162, 152, 160, 153, 157, 156, 153, 156, 158, 160, 161, 160, 152, 154, 146, 150, 145, 155, 151, 145, 142, 141, 140, 141, 140, 139, 138, 139, 138, 139, 138, 136, 137, 136, 137, 136, 138, 137, 137, 134, 133, 134, 134, 134, 135, 135, 135, 135, 135, 135, 135, 137, 137, 133, 133, 135, 136, 133, 131, 131, 130, 128, 126, 124, 121, 119, 116, 114, 109, 105, 103, 98, 93, 90, 83, 78, 74, 71, 66, 66, 62, 62, 60, 60, 58, 57, 59, 57, 57, 55, 55, 54, 53, 54, 54, 52, 56, 51, 52, 50, 53, 49, 49, 50, 48, 48, 49, 46, 52, 46, 48, 48, 45, 46, 46, 47, 46, 46, 46, 44, 45, 45, 44, 47, 45, 49, 44, 45, 47, 43, 45, 43]",128000000,500000,1583461250,45,0,"[45, 48, 45, 46, 45, 80, 47, 71, 49, 48, 49, 51, 54, 53, 54, 55, 62, 55, 68, 59, 68, 61, 64, 63, 140, 65, 69, 73, 70, 81, 70, 79, 77, 79, 78, 80, 80, 81, 82, 88, 87, 88, 91, 93, 93, 96, 96, 98, 101, 102, 104, 105, 109, 111, 113, 122, 124, 126, 121, 129, 126, 126, 128, 157, 130, 131, 132, 136, 136, 135, 139, 140, 139, 138, 138, 138, 140, 138, 141, 144, 140, 142, 142, 142, 141, 141, 141, 144, 141, 145, 144, 141, 144, 146, 151, 143, 141, 138, 141, 138, 138, 134, 136, 136, 135, 135, 135, 133, 136, 135, 133, 137, 134, 136, 138, 138, 137, 139, 139, 138, 140, 140, 141, 141, 142, 144, 144, 150, 146, 145, 149, 150, 149, 151, 150, 151, 150, 151, 150, 150, 150, 145, 147, 147, 144, 140, 142, 138, 140, 139, 139, 136, 135, 137, 135, 135, 133, 132, 137, 133, 140, 130, 129, 128, 128, 130, 130, 128, 128, 153, 127, 153, 129, 128, 127, 128, 126, 126, 129, 128, 151, 124, 149, 123, 124, 123, 122, 121, 121, 119, 119, 146, 116, 142, 113, 111, 110, 107, 105, 105, 101, 101, 103, 95, 97, 91, 92, 87, 85, 82, 80, 79, 76, 76, 72, 79, 72, 85, 65, 63, 63, 61, 59, 59, 57, 54, 73, 54, 71, 51, 58, 51, 49, 49, 47, 46, 44, 53, 46, 84, 61, 113, 43, 44, 42, 44, 43, 41, 47, 43, 71, 43, 65, 43, 48, 42]",128000000,500000,1224006250,42,0
0,2,0,"[44, 46, 43, 46, 44, 43, 45, 47, 44, 43, 44, 45, 46, 46, 44, 45, 47, 46, 48, 45, 47, 48, 47, 47, 46, 49, 48, 47, 53, 52, 51, 58, 94, 54, 69, 52, 56, 66, 66, 54, 58, 64, 57, 58, 56, 57, 62, 63, 60, 64, 67, 67, 69, 72, 72, 72, 76, 78, 79, 81, 85, 87, 94, 100, 104, 108, 113, 118, 124, 123, 125, 130, 132, 133, 133, 134, 147, 137, 137, 141, 140, 140, 141, 140, 139, 137, 140, 162, 142, 155, 137, 158, 141, 157, 139, 156, 141, 149, 142, 157, 145, 158, 150, 160, 143, 159, 155, 162, 144, 159, 153, 159, 156, 152, 153, 154, 150, 155, 154, 155, 141, 147, 148, 157, 154, 153, 143, 155, 143, 153, 144, 151, 149, 161, 146, 155, 154, 157, 151, 160, 145, 147, 153, 140, 142, 141, 140, 140, 139, 140, 138, 136, 138, 138, 137, 138, 135, 136, 137, 137, 139, 135, 137, 136, 134, 136, 136, 135, 136, 135, 137, 136, 136, 136, 136, 136, 136, 136, 136, 136, 133, 134, 132, 130, 128, 128, 125, 125, 121, 118, 115, 113, 110, 106, 102, 99, 95, 89, 84, 79, 74, 72, 67, 63, 63, 61, 61, 59, 57, 57, 56, 57, 56, 55, 54, 53, 53, 53, 52, 51, 54, 50, 52, 49, 53, 49, 50, 48, 50, 48, 47, 48, 52, 48, 48, 47, 45, 45, 46, 45, 46, 42, 43, 44, 44, 45, 46, 45, 42, 44, 45, 43, 44, 41, 44, 43]",128000000,500000,1583461250,45,0,"[58, 35, 34, 50, 35, 50, 36, 36, 38, 41, 39, 41, 41, 42, 53, 43, 54, 45, 50, 46, 53, 51, 51, 53, 54, 55, 59, 63, 59, 63, 61, 63, 65, 65, 67, 68, 69, 71, 73, 73, 78, 78, 79, 80, 84, 83, 85, 88, 88, 91, 94, 96, 97, 100, 103, 113, 110, 111, 110, 115, 113, 115, 114, 117, 118, 121, 121, 123, 123, 124, 125, 125, 125, 126, 125, 127, 127, 128, 129, 128, 128, 128, 128, 130, 129, 128, 129, 129, 129, 132, 131, 129, 132, 131, 138, 130, 129, 128, 127, 129, 126, 126, 126, 125, 124, 125, 123, 122, 122, 125, 124, 124, 124, 125, 126, 125, 126, 127, 127, 126, 129, 129, 129, 128, 132, 131, 133, 136, 134, 136, 135, 137, 137, 138, 141, 141, 139, 138, 137, 137, 136, 136, 134, 133, 133, 130, 130, 129, 128, 128, 127, 125, 125, 124, 124, 121, 124, 121, 123, 119, 119, 119, 119, 117, 119, 117, 117, 150, 115, 150, 116, 116, 115, 116, 112, 115, 114, 113, 149, 114, 148, 113, 113, 112, 112, 113, 110, 111, 110, 149, 107, 146, 106, 103, 101, 99, 96, 96, 93, 93, 97, 88, 93, 85, 83, 79, 78, 75, 74, 72, 68, 72, 66, 71, 61, 67, 58, 59, 54, 55, 50, 50, 46, 48, 64, 43, 57, 43, 40, 41, 39, 40, 38, 39, 37, 48, 39, 52, 35, 65, 74, 75, 33, 33, 34, 33, 43, 38, 50, 30, 52, 33, 30, 58, 32, 33]",128000000,500000,1224006250,39,0
0,2,0,"[50, 48, 47, 48, 46, 50, 49, 49, 46, 47, 49, 50, 50, 49, 48, 49, 48, 51, 52, 52, 53, 49, 54, 53, 54, 53, 51, 56, 56, 57, 58, 59, 99, 59, 74, 57, 58, 58, 57, 63, 61, 64, 62, 59, 62, 62, 63, 63, 65, 69, 71, 71, 74, 73, 74, 75, 80, 81, 83, 97, 87, 92, 95, 107, 103, 109, 115, 119, 123, 123, 126, 129, 132, 132, 132, 133, 138, 137, 137, 137, 139, 140, 141, 140, 137, 138, 136, 149, 151, 146, 146, 142, 152, 143, 157, 146, 157, 141, 160, 149, 162, 157, 161, 157, 159, 159, 163, 150, 163, 165, 168, 167, 168, 161, 155, 154, 159, 145, 157, 147, 161, 147, 156, 158, 159, 151, 161, 154, 154, 156, 161, 143, 163, 153, 150, 151, 164, 160, 159, 164, 162, 164, 162, 144, 141, 141, 139, 140, 140, 137, 140, 137, 138, 137, 136, 137, 135, 136, 135, 136, 137, 132, 137, 135, 134, 135, 134, 135, 135, 134, 136, 135, 135, 136, 136, 135, 138, 134, 133, 134, 132, 132, 131, 129, 127, 127, 126, 124, 121, 119, 116, 114, 111, 107, 104, 99, 95, 89, 85, 80, 76, 72, 70, 66, 65, 66, 64, 64, 62, 60, 61, 58, 62, 59, 58, 58, 56, 58, 56, 57, 56, 52, 57, 54, 57, 52, 53, 53, 52, 52, 52, 49, 54, 50, 51, 50, 50, 49, 48, 52, 50, 50, 48, 46, 48, 48, 49, 46, 45, 48, 49, 49, 47, 48, 49, 46]",128000000,500000,1583461250,45,0,"[32, 64, 33, 57, 35, 35, 36, 36, 36, 39, 39, 40, 77, 42, 75, 45, 48, 46, 47, 50, 47, 51, 51, 57, 52, 66, 56, 61, 59, 62, 60, 63, 63, 66, 66, 65, 75, 133, 76, 73, 74, 82, 79, 79, 82, 83, 83, 87, 89, 92, 93, 95, 96, 99, 104, 107, 107, 112, 109, 114, 109, 116, 114, 119, 119, 120, 122, 124, 124, 125, 126, 125, 126, 125, 127, 127, 161, 129, 128, 129, 128, 128, 126, 129, 126, 128, 127, 129, 130, 130, 131, 129, 128, 131, 180, 132, 127, 127, 129, 127, 126, 126, 124, 124, 124, 126, 121, 125, 122, 124, 123, 126, 126, 123, 125, 124, 123, 126, 127, 123, 128, 126, 130, 129, 129, 130, 129, 153, 132, 130, 135, 134, 136, 138, 142, 139, 137, 139, 135, 137, 139, 134, 134, 134, 132, 133, 134, 130, 130, 129, 130, 126, 127, 127, 123, 125, 123, 124, 125, 121, 121, 118, 120, 137, 117, 154, 116, 151, 115, 116, 116, 115, 114, 115, 116, 114, 150, 111, 150, 113, 114, 112, 110, 113, 110, 125, 109, 147, 110, 147, 107, 104, 103, 103, 99, 100, 95, 95, 106, 92, 97, 88, 87, 83, 82, 79, 77, 74, 75, 79, 69, 81, 66, 73, 62, 86, 58, 55, 53, 53, 54, 50, 64, 45, 72, 44, 45, 42, 41, 40, 39, 38, 39, 65, 37, 65, 36, 51, 34, 53, 33, 34, 34, 40, 41, 33, 72, 32, 68, 36, 31, 30, 33, 32, 105, 45]",128000000,500000,1224006250,39,0
0,2,0,"[45, 44, 44, 45, 45, 46, 46, 45, 46, 45, 46, 45, 45, 46, 48, 47, 48, 47, 48, 48, 47, 49, 46, 48, 50, 48, 51, 50, 51, 55, 53, 59, 97, 56, 71, 55, 60, 59, 61, 56, 63, 60, 62, 60, 62, 59, 60, 65, 62, 67, 63, 68, 68, 71, 72, 72, 76, 76, 79, 80, 86, 88, 92, 98, 102, 108, 112, 119, 123, 125, 128, 129, 130, 131, 133, 134, 137, 137, 138, 139, 138, 140, 142, 141, 139, 136, 135, 143, 140, 139, 136, 139, 140, 136, 141, 140, 143, 141, 140, 138, 141, 146, 141, 146, 142, 145, 149, 155, 149, 161, 152, 159, 158, 156, 150, 150, 142, 154, 144, 155, 149, 165, 158, 162, 158, 161, 165, 164, 150, 163, 149, 160, 150, 168, 153, 164, 155, 166, 161, 165, 162, 166, 151, 152, 143, 141, 140, 142, 141, 139, 138, 136, 137, 135, 135, 138, 135, 135, 135, 137, 140, 137, 137, 135, 137, 136, 139, 137, 139, 137, 138, 139, 137, 137, 138, 138, 140, 136, 137, 135, 136, 134, 132, 133, 130, 128, 129, 122, 124, 121, 117, 113, 109, 109, 103, 99, 95, 90, 86, 80, 75, 72, 68, 64, 64, 62, 61, 62, 60, 61, 60, 58, 59, 58, 59, 57, 57, 57, 53, 55, 57, 55, 52, 53, 55, 52, 52, 50, 51, 50, 48, 51, 55, 51, 48, 48, 47, 47, 46, 46, 48, 47, 46, 47, 46, 45, 47, 47, 47, 45, 44, 45, 45, 46, 46, 45]",128000000,500000,1583461250,45,0,"[32, 69, 34, 37, 34, 36, 34, 39, 37, 38, 70, 42, 71, 43, 43, 43, 118, 44, 47, 49, 49, 57, 50, 75, 52, 70, 54, 56, 59, 62, 61, 62, 64, 67, 72, 68, 75, 71, 71, 73, 76, 77, 80, 81, 82, 83, 86, 88, 90, 92, 94, 97, 98, 102, 104, 143, 114, 119, 110, 118, 114, 117, 116, 118, 122, 121, 121, 124, 123, 124, 127, 122, 126, 125, 125, 127, 127, 125, 124, 128, 123, 125, 124, 124, 125, 126, 126, 125, 126, 126, 126, 123, 129, 124, 130, 126, 127, 126, 125, 127, 126, 126, 125, 125, 124, 126, 123, 126, 126, 126, 125, 126, 128, 127, 126, 125, 128, 126, 127, 129, 128, 128, 130, 131, 130, 131, 130, 141, 129, 131, 133, 132, 133, 135, 137, 136, 133, 134, 134, 130, 133, 129, 132, 131, 131, 131, 127, 131, 130, 128, 127, 126, 125, 126, 125, 125, 122, 122, 124, 120, 123, 122, 120, 155, 120, 122, 117, 118, 117, 117, 117, 114, 131, 114, 153, 115, 151, 114, 113, 114, 111, 112, 111, 112, 110, 150, 108, 112, 107, 106, 105, 105, 102, 100, 102, 99, 144, 93, 111, 90, 91, 85, 85, 82, 81, 78, 77, 81, 74, 80, 68, 75, 64, 63, 61, 60, 57, 57, 58, 53, 75, 51, 71, 48, 45, 46, 44, 42, 42, 39, 40, 66, 38, 95, 35, 37, 35, 35, 33, 54, 34, 33, 96, 32, 72, 34, 68, 32, 35, 31, 31, 33, 33, 40, 31, 66]",128000000,500000,1224006250,39,0
0,2,0,"[45, 46, 43, 46, 44, 45, 46, 42, 45, 44, 46, 47, 46, 45, 45, 47, 47, 46, 47, 48, 49, 47, 47, 49, 48, 49, 49, 49, 53, 51, 54, 55, 95, 56, 71, 56, 51, 59, 61, 54, 61, 58, 58, 56, 58, 60, 59, 61, 60, 64, 67, 67, 70, 69, 76, 74, 74, 78, 79, 84, 85, 88, 95, 100, 104, 109, 112, 118, 124, 123, 125, 128, 129, 131, 131, 134, 135, 136, 138, 136, 140, 142, 143, 143, 140, 139, 144, 148, 162, 143, 156, 140, 146, 140, 139, 144, 145, 141, 143, 141, 148, 145, 147, 144, 154, 144, 150, 143, 153, 155, 155, 163, 159, 162, 143, 156, 156, 153, 156, 152, 157, 144, 153, 157, 156, 151, 155, 156, 161, 151, 154, 147, 156, 163, 163, 157, 159, 165, 166, 163, 157, 166, 155, 147, 144, 141, 146, 140, 139, 138, 139, 139, 137, 137, 135, 137, 135, 136, 139, 134, 140, 135, 136, 134, 134, 135, 132, 135, 136, 136, 136, 136, 135, 137, 135, 138, 139, 138, 138, 136, 138, 137, 135, 132, 131, 131, 128, 126, 122, 120, 117, 111, 107, 105, 101, 97, 93, 89, 84, 79, 76, 71, 68, 66, 63, 61, 62, 60, 59, 59, 57, 57, 58, 54, 55, 56, 57, 55, 55, 54, 55, 52, 52, 52, 53, 52, 49, 51, 51, 50, 47, 48, 53, 50, 48, 47, 46, 46, 44, 46, 46, 45, 46, 46, 45, 46, 45, 45, 43, 46, 46, 47, 45, 44, 45, 47]",128000000,500000,1583461250,45,0,"[33, 33, 35, 36, 36, 36, 35, 39, 43, 40, 41, 40, 39, 44, 41, 46, 52, 46, 46, 49, 51, 52, 51, 53, 54, 55, 57, 56, 59, 60, 60, 63, 66, 65, 65, 69, 69, 70, 73, 74, 75, 78, 78, 80, 83, 84, 87, 88, 90, 92, 94, 95, 97, 100, 101, 111, 107, 108, 110, 115, 113, 115, 115, 119, 119, 121, 121, 122, 125, 124, 124, 123, 125, 125, 127, 126, 125, 127, 126, 129, 126, 126, 127, 127, 125, 127, 128, 126, 126, 127, 128, 127, 128, 126, 129, 130, 128, 127, 127, 128, 126, 127, 127, 128, 126, 128, 126, 127, 127, 126, 129, 129, 128, 128, 130, 130, 128, 129, 129, 129, 131, 129, 131, 131, 132, 132, 131, 142, 132, 133, 132, 132, 132, 135, 135, 134, 132, 132, 130, 133, 131, 130, 131, 130, 129, 128, 126, 129, 126, 128, 127, 126, 124, 124, 126, 124, 123, 122, 123, 126, 121, 141, 120, 149, 120, 119, 120, 118, 117, 116, 146, 116, 144, 120, 117, 116, 113, 113, 113, 113, 114, 115, 110, 139, 110, 140, 109, 107, 109, 106, 105, 103, 137, 100, 132, 98, 98, 94, 93, 92, 89, 87, 86, 83, 80, 80, 76, 79, 73, 73, 70, 67, 66, 63, 62, 62, 61, 57, 59, 54, 54, 49, 48, 47, 47, 46, 45, 43, 41, 48, 39, 43, 37, 35, 37, 35, 36, 34, 33, 54, 39, 50, 38, 32, 35, 31, 31, 32, 32, 32, 32, 34, 33, 37, 32, 36]",128000000,500000,1224006250,39,0
0,2,0,"[45, 45, 46, 48, 45, 46, 44, 45, 46, 45, 47, 44, 47, 48, 48, 47, 45, 47, 47, 47, 50, 47, 52, 52, 49, 53, 51, 51, 57, 56, 57, 57, 98, 57, 70, 63, 57, 57, 53, 60, 56, 57, 60, 63, 63, 58, 61, 63, 64, 65, 72, 70, 73, 71, 72, 72, 77, 83, 77, 81, 84, 90, 96, 100, 105, 109, 112, 119, 122, 123, 127, 127, 130, 130, 132, 134, 134, 137, 137, 137, 139, 141, 143, 142, 140, 138, 139, 138, 137, 139, 139, 148, 147, 145, 140, 147, 142, 143, 150, 148, 148, 146, 149, 145, 146, 144, 159, 146, 160, 153, 164, 154, 162, 158, 153, 155, 153, 161, 144, 157, 143, 159, 146, 162, 147, 154, 145, 157, 151, 162, 163, 160, 166, 160, 164, 149, 161, 149, 160, 148, 164, 155, 164, 157, 145, 142, 140, 143, 140, 139, 140, 137, 138, 138, 139, 137, 136, 136, 137, 137, 142, 137, 138, 137, 135, 135, 135, 134, 138, 137, 136, 136, 137, 135, 138, 137, 139, 137, 138, 136, 138, 137, 135, 134, 132, 130, 127, 125, 122, 122, 116, 113, 110, 105, 103, 98, 94, 90, 85, 80, 78, 73, 68, 67, 63, 64, 60, 63, 63, 59, 60, 56, 58, 58, 56, 56, 55, 57, 55, 54, 59, 53, 54, 51, 55, 52, 52, 51, 50, 50, 51, 51, 53, 49, 47, 48, 48, 49, 46, 47, 48, 46, 47, 47, 47, 44, 45, 47, 43, 47, 43, 47, 45, 46, 47, 45]",128000000,500000,1583461250,45,0,"[48, 33, 33, 33, 35, 36, 48, 38, 45, 38, 40, 42, 49, 42, 43, 42, 45, 48, 48, 50, 48, 51, 50, 53, 55, 52, 53, 57, 59, 135, 61, 61, 63, 63, 67, 67, 68, 71, 72, 71, 74, 77, 79, 82, 82, 83, 85, 89, 88, 91, 94, 96, 98, 99, 103, 111, 109, 109, 110, 115, 115, 115, 116, 117, 120, 121, 122, 123, 151, 123, 126, 125, 126, 128, 127, 125, 127, 126, 127, 130, 128, 127, 127, 128, 127, 128, 127, 128, 128, 126, 127, 128, 128, 127, 127, 128, 127, 127, 126, 127, 127, 126, 127, 127, 127, 127, 127, 124, 127, 127, 127, 129, 128, 128, 129, 129, 130, 130, 131, 131, 131, 131, 130, 131, 131, 132, 132, 147, 134, 132, 133, 133, 133, 135, 138, 135, 133, 135, 133, 131, 132, 131, 130, 130, 130, 130, 128, 128, 127, 126, 126, 126, 125, 126, 124, 124, 123, 128, 124, 123, 123, 122, 120, 120, 122, 120, 117, 119, 122, 117, 143, 114, 118, 117, 114, 115, 114, 112, 113, 148, 112, 148, 112, 114, 112, 110, 110, 108, 107, 108, 109, 106, 133, 100, 102, 99, 96, 94, 92, 89, 88, 87, 85, 87, 81, 83, 77, 82, 72, 72, 68, 67, 66, 64, 64, 61, 67, 57, 59, 53, 51, 50, 50, 48, 47, 47, 45, 49, 43, 45, 40, 40, 38, 36, 37, 36, 34, 33, 48, 54, 47, 65, 33, 32, 37, 34, 81, 32, 30, 36, 32, 38, 33, 35, 31, 34]",128000000,500000,1224006250,39,0
0,2,0,"[46, 46, 49, 50, 47, 47, 47, 50, 51, 52, 48, 50, 49, 52, 50, 48, 53, 49, 51, 53, 53, 52, 50, 50, 54, 57, 54, 53, 55, 57, 59, 61, 98, 62, 73, 63, 62, 61, 57, 58, 68, 67, 65, 65, 62, 59, 65, 71, 68, 65, 73, 76, 75, 72, 74, 76, 75, 76, 84, 85, 87, 89, 95, 100, 103, 108, 113, 120, 124, 123, 125, 128, 132, 132, 132, 133, 136, 136, 136, 139, 140, 140, 143, 142, 141, 139, 136, 144, 146, 152, 150, 154, 154, 155, 161, 155, 159, 163, 157, 161, 152, 163, 142, 163, 147, 163, 142, 161, 152, 160, 159, 160, 153, 156, 146, 149, 149, 147, 143, 162, 158, 159, 160, 163, 161, 160, 163, 162, 150, 156, 162, 153, 162, 156, 162, 155, 156, 160, 159, 154, 156, 157, 149, 152, 143, 141, 141, 138, 139, 140, 137, 136, 138, 138, 136, 135, 137, 136, 135, 137, 139, 136, 137, 135, 134, 135, 134, 136, 135, 135, 136, 136, 135, 136, 134, 138, 135, 137, 136, 137, 137, 133, 133, 133, 130, 131, 130, 124, 123, 120, 116, 115, 110, 106, 102, 98, 94, 90, 85, 80, 76, 72, 69, 69, 65, 63, 62, 62, 64, 63, 59, 59, 60, 61, 60, 59, 57, 54, 56, 58, 61, 54, 54, 51, 58, 56, 54, 53, 53, 52, 54, 51, 53, 53, 50, 47, 50, 50, 48, 48, 46, 48, 50, 49, 47, 46, 48, 50, 48, 46, 47, 48, 49, 49, 48, 48]",128000000,500000,1583461250,45,0,"[34, 34, 35, 33, 46, 35, 55, 36, 97, 38, 39, 40, 44, 43, 42, 59, 47, 57, 48, 49, 50, 52, 53, 54, 53, 54, 55, 56, 66, 61, 68, 63, 63, 65, 66, 70, 69, 72, 71, 75, 76, 76, 78, 80, 83, 82, 86, 121, 87, 90, 92, 96, 96, 100, 102, 111, 108, 117, 110, 115, 113, 114, 116, 118, 119, 121, 121, 123, 124, 125, 126, 125, 127, 126, 126, 125, 125, 126, 125, 128, 126, 128, 126, 125, 126, 125, 126, 124, 125, 124, 125, 125, 127, 127, 127, 126, 125, 126, 126, 125, 124, 126, 126, 126, 127, 126, 126, 126, 126, 128, 127, 128, 128, 129, 129, 129, 130, 130, 130, 130, 128, 131, 131, 131, 131, 131, 131, 134, 133, 132, 132, 134, 132, 134, 136, 134, 132, 131, 132, 132, 133, 131, 132, 132, 129, 129, 129, 128, 127, 128, 129, 126, 126, 127, 125, 125, 125, 125, 124, 123, 120, 121, 125, 121, 119, 117, 151, 118, 152, 118, 121, 114, 116, 115, 118, 114, 113, 120, 112, 150, 113, 113, 112, 110, 109, 108, 107, 107, 144, 106, 144, 103, 107, 100, 98, 98, 96, 94, 92, 90, 88, 96, 83, 90, 80, 79, 76, 74, 72, 71, 71, 68, 70, 63, 69, 60, 64, 57, 55, 54, 53, 51, 49, 53, 45, 96, 45, 59, 43, 42, 38, 38, 37, 38, 38, 37, 50, 34, 48, 55, 57, 34, 35, 42, 31, 32, 31, 50, 32, 56, 33, 49, 31, 31, 68, 33]",128000000,500000,1224006250,39,0
0,2,0,"[50, 50, 50, 47, 51, 50, 49, 49, 48, 52, 50, 49, 55, 52, 53, 51, 52, 55, 54, 54, 51, 54, 54, 54, 56, 51, 59, 56, 55, 57, 58, 64, 97, 63, 74, 61, 62, 65, 60, 60, 66, 64, 63, 64, 65, 65, 62, 68, 72, 68, 73, 72, 70, 75, 75, 74, 78, 80, 81, 83, 88, 92, 98, 103, 105, 110, 114, 120, 127, 123, 126, 127, 128, 131, 133, 133, 137, 135, 136, 136, 141, 141, 143, 144, 140, 139, 141, 152, 162, 145, 147, 149, 148, 155, 146, 162, 155, 163, 159, 164, 159, 162, 145, 154, 149, 149, 158, 161, 159, 163, 166, 167, 166, 154, 162, 150, 155, 143, 154, 143, 162, 156, 158, 158, 158, 146, 153, 156, 154, 159, 149, 163, 161, 161, 165, 162, 163, 160, 155, 148, 153, 154, 164, 155, 146, 141, 142, 139, 138, 138, 139, 136, 139, 137, 138, 137, 138, 138, 138, 135, 140, 136, 137, 136, 136, 134, 135, 136, 135, 135, 135, 136, 135, 134, 136, 135, 138, 135, 135, 135, 136, 134, 133, 133, 133, 131, 127, 125, 122, 121, 116, 114, 112, 105, 103, 100, 95, 89, 85, 80, 77, 73, 72, 67, 68, 67, 64, 63, 62, 65, 61, 59, 61, 60, 61, 58, 58, 58, 58, 57, 57, 60, 57, 55, 58, 54, 57, 55, 55, 56, 52, 53, 54, 53, 54, 51, 52, 50, 53, 51, 51, 51, 48, 52, 49, 48, 48, 48, 52, 49, 49, 51, 49, 50, 50, 47]",128000000,500000,1583461250,45,0,"[47, 33, 35, 35, 35, 35, 35, 36, 35, 39, 41, 42, 43, 43, 42, 47, 46, 46, 48, 51, 50, 49, 51, 52, 58, 55, 55, 58, 59, 59, 62, 61, 63, 63, 69, 70, 69, 71, 74, 74, 76, 77, 78, 80, 82, 84, 84, 87, 89, 92, 94, 93, 98, 101, 103, 113, 107, 114, 111, 114, 114, 115, 117, 119, 120, 121, 121, 123, 123, 124, 127, 126, 126, 127, 126, 127, 127, 126, 128, 128, 126, 128, 126, 126, 125, 127, 126, 125, 126, 125, 127, 126, 125, 128, 130, 126, 125, 126, 126, 126, 126, 125, 126, 127, 127, 125, 126, 126, 125, 127, 128, 128, 127, 128, 127, 128, 128, 129, 129, 130, 129, 129, 130, 130, 132, 131, 131, 154, 132, 131, 134, 133, 133, 136, 137, 135, 134, 133, 134, 133, 132, 132, 133, 131, 131, 128, 130, 130, 128, 128, 127, 127, 127, 126, 126, 125, 124, 123, 124, 124, 120, 121, 122, 119, 145, 121, 145, 119, 119, 117, 117, 122, 115, 114, 115, 138, 114, 139, 114, 113, 112, 112, 110, 111, 109, 108, 135, 108, 135, 106, 105, 101, 102, 100, 99, 96, 95, 115, 92, 95, 88, 86, 84, 83, 80, 79, 76, 75, 72, 72, 71, 68, 68, 63, 62, 61, 59, 57, 55, 53, 51, 51, 50, 51, 46, 46, 44, 43, 42, 40, 38, 38, 37, 37, 41, 35, 38, 35, 34, 57, 49, 34, 33, 33, 32, 33, 34, 38, 32, 32, 34, 31, 31, 42, 33, 33]",128000000,500000,1224006250,39,0
0,2,0,"[49, 47, 51, 48, 49, 50, 46, 49, 48, 48, 52, 49, 52, 49, 52, 49, 53, 53, 51, 52, 52, 54, 54, 52, 56, 54, 54, 57, 57, 63, 59, 65, 97, 60, 74, 61, 63, 60, 62, 68, 59, 65, 64, 66, 64, 65, 65, 65, 70, 68, 70, 76, 69, 75, 75, 79, 77, 78, 80, 84, 86, 90, 96, 105, 104, 108, 114, 122, 124, 121, 127, 128, 129, 131, 132, 135, 135, 136, 138, 139, 141, 140, 141, 142, 141, 136, 138, 139, 144, 142, 148, 141, 153, 156, 156, 143, 150, 140, 151, 153, 160, 150, 159, 161, 160, 165, 159, 155, 158, 161, 164, 158, 166, 156, 165, 164, 163, 162, 160, 161, 158, 156, 149, 161, 157, 158, 151, 159, 158, 164, 151, 165, 161, 164, 155, 163, 153, 165, 159, 147, 154, 147, 158, 150, 154, 140, 143, 140, 139, 139, 136, 138, 137, 139, 138, 138, 135, 137, 134, 138, 140, 137, 138, 136, 135, 135, 137, 134, 136, 137, 136, 138, 136, 137, 137, 136, 138, 137, 135, 137, 135, 134, 133, 132, 132, 128, 127, 124, 122, 119, 115, 112, 108, 106, 104, 98, 94, 89, 87, 81, 78, 73, 69, 68, 68, 67, 65, 65, 63, 63, 61, 61, 66, 59, 61, 60, 60, 59, 56, 60, 58, 54, 58, 54, 57, 54, 55, 54, 53, 55, 50, 53, 55, 55, 52, 49, 50, 52, 50, 51, 48, 49, 50, 49, 50, 49, 50, 48, 49, 48, 47, 50, 47, 48, 48, 47]",128000000,500000,1583461250,45,0,"[38, 33, 38, 45, 34, 46, 36, 37, 47, 41, 51, 46, 40, 64, 45, 56, 48, 46, 48, 48, 61, 91, 54, 54, 55, 66, 56, 67, 57, 59, 70, 64, 78, 65, 67, 70, 69, 83, 72, 73, 75, 77, 90, 82, 94, 83, 84, 99, 90, 102, 95, 95, 108, 100, 113, 116, 110, 111, 109, 125, 146, 114, 118, 118, 131, 121, 135, 123, 121, 136, 125, 139, 127, 127, 126, 128, 141, 126, 126, 128, 127, 137, 128, 138, 127, 129, 140, 127, 139, 126, 128, 139, 129, 141, 133, 126, 126, 127, 138, 126, 125, 127, 126, 137, 126, 136, 125, 126, 138, 126, 140, 128, 127, 128, 129, 142, 128, 129, 128, 129, 141, 130, 141, 130, 133, 144, 132, 148, 133, 131, 145, 133, 145, 135, 136, 136, 133, 146, 132, 133, 133, 131, 142, 132, 141, 131, 130, 140, 128, 138, 127, 126, 127, 126, 137, 124, 125, 122, 125, 134, 120, 132, 148, 122, 154, 118, 131, 116, 118, 129, 117, 126, 116, 148, 118, 148, 126, 116, 114, 113, 112, 124, 113, 123, 144, 110, 150, 109, 118, 107, 106, 104, 103, 113, 101, 129, 94, 119, 104, 96, 99, 88, 86, 96, 81, 91, 78, 74, 89, 71, 88, 66, 66, 64, 62, 71, 58, 57, 55, 57, 63, 54, 59, 52, 46, 55, 45, 56, 42, 41, 55, 38, 68, 38, 43, 36, 36, 46, 75, 53, 33, 35, 117, 42, 42, 43, 35, 41, 31, 45, 31, 32, 35, 31, 91, 72]",128000000,500000,1224006250,42,0
0,2,0,"[45, 45, 47, 45, 43, 46, 44, 44, 45, 45, 46, 46, 48, 45, 46, 45, 48, 48, 45, 48, 51, 45, 48, 51, 51, 50, 48, 56, 53, 53, 54, 55, 94, 60, 73, 56, 57, 57, 57, 56, 62, 60, 58, 57, 59, 57, 62, 71, 61, 63, 68, 71, 69, 70, 72, 75, 78, 77, 81, 83, 86, 88, 97, 101, 110, 111, 113, 121, 124, 122, 125, 127, 129, 131, 132, 133, 138, 141, 139, 138, 141, 144, 143, 142, 142, 138, 139, 140, 140, 159, 143, 146, 153, 150, 145, 151, 141, 143, 146, 149, 143, 154, 141, 161, 149, 147, 143, 148, 161, 155, 163, 162, 160, 159, 143, 159, 144, 147, 145, 142, 145, 147, 149, 145, 150, 152, 161, 159, 163, 164, 159, 159, 149, 164, 152, 150, 162, 156, 150, 166, 159, 164, 150, 146, 144, 141, 142, 140, 140, 138, 139, 138, 139, 139, 137, 136, 140, 139, 137, 137, 142, 138, 138, 136, 135, 136, 135, 136, 137, 138, 138, 136, 138, 138, 138, 138, 139, 139, 138, 139, 137, 135, 135, 133, 132, 130, 128, 127, 121, 120, 115, 113, 110, 105, 102, 98, 95, 89, 84, 80, 78, 71, 71, 67, 64, 64, 62, 62, 57, 58, 58, 58, 62, 55, 56, 55, 55, 55, 53, 56, 57, 51, 56, 50, 55, 50, 51, 49, 50, 53, 48, 47, 51, 48, 48, 45, 49, 48, 46, 46, 44, 49, 46, 44, 49, 46, 46, 43, 43, 44, 46, 45, 44, 44, 45, 43]",128000000,500000,1583461250,45,0,"[99, 42, 43, 36, 45, 46, 46, 56, 48, 81, 51, 79, 51, 58, 53, 45, 56, 55, 59, 60, 56, 61, 80, 63, 64, 64, 66, 71, 70, 69, 71, 79, 76, 83, 76, 79, 83, 69, 85, 125, 87, 89, 79, 94, 96, 96, 97, 99, 102, 103, 106, 107, 110, 113, 104, 129, 119, 124, 123, 116, 126, 128, 129, 131, 131, 133, 129, 135, 133, 136, 136, 139, 136, 137, 139, 138, 128, 137, 139, 137, 139, 129, 140, 140, 140, 139, 139, 139, 139, 139, 137, 137, 137, 127, 141, 140, 139, 140, 126, 139, 138, 138, 139, 137, 139, 137, 140, 137, 139, 141, 139, 140, 139, 140, 138, 129, 141, 139, 142, 143, 129, 143, 143, 142, 141, 141, 145, 144, 145, 146, 144, 144, 134, 144, 150, 147, 140, 132, 141, 143, 141, 144, 131, 139, 140, 141, 139, 138, 139, 135, 135, 136, 136, 135, 125, 134, 133, 134, 135, 120, 139, 132, 153, 131, 134, 130, 130, 128, 128, 130, 130, 151, 126, 154, 130, 128, 114, 127, 123, 125, 126, 112, 151, 126, 151, 124, 121, 123, 119, 118, 117, 115, 114, 128, 114, 134, 108, 108, 94, 103, 102, 99, 98, 95, 92, 92, 96, 87, 94, 83, 72, 80, 78, 74, 74, 61, 69, 92, 65, 82, 53, 78, 59, 60, 54, 55, 56, 53, 56, 50, 82, 48, 50, 48, 47, 46, 46, 34, 44, 65, 44, 84, 39, 77, 46, 49, 42, 41, 41, 42, 40, 40, 62, 45, 53, 43]",128000000,500000,1224006250,42,0
0,2,0,"[39, 39, 37, 36, 39, 37, 38, 38, 37, 40, 39, 42, 42, 38, 39, 39, 42, 42, 40, 40, 40, 41, 45, 42, 42, 41, 44, 40, 45, 46, 43, 49, 83, 55, 62, 45, 47, 48, 53, 50, 45, 53, 51, 56, 47, 55, 51, 51, 55, 55, 60, 59, 59, 60, 61, 65, 68, 66, 68, 73, 74, 80, 86, 91, 94, 98, 101, 109, 116, 111, 115, 117, 118, 119, 121, 123, 127, 124, 125, 128, 129, 130, 133, 132, 130, 126, 126, 131, 138, 130, 150, 140, 153, 145, 152, 146, 141, 141, 146, 152, 154, 155, 155, 159, 161, 158, 157, 162, 144, 158, 157, 151, 155, 157, 156, 161, 161, 155, 156, 157, 147, 147, 157, 150, 156, 151, 149, 151, 160, 141, 159, 147, 143, 161, 152, 150, 159, 141, 157, 138, 149, 138, 143, 137, 135, 131, 130, 129, 128, 127, 128, 127, 126, 126, 124, 126, 126, 124, 126, 124, 129, 126, 126, 126, 124, 125, 124, 126, 126, 126, 126, 126, 125, 126, 125, 127, 128, 125, 125, 125, 125, 123, 123, 123, 120, 117, 114, 114, 111, 108, 102, 101, 99, 93, 91, 86, 80, 78, 73, 70, 66, 60, 57, 54, 53, 51, 52, 52, 50, 49, 46, 49, 48, 47, 46, 45, 46, 48, 44, 43, 45, 42, 42, 43, 47, 41, 45, 40, 43, 40, 39, 42, 42, 42, 40, 39, 39, 38, 38, 41, 38, 36, 38, 38, 36, 40, 39, 37, 38, 37, 40, 38, 36, 37, 37, 38]",128000000,500000,1583461250,42,0,"[35, 32, 35, 35, 36, 38, 36, 48, 38, 43, 40, 41, 41, 44, 44, 43, 46, 45, 50, 49, 52, 49, 51, 51, 57, 55, 58, 58, 60, 63, 60, 63, 64, 63, 66, 68, 68, 71, 71, 74, 75, 76, 81, 80, 82, 86, 87, 89, 91, 94, 94, 97, 99, 100, 102, 115, 109, 118, 111, 115, 113, 115, 117, 119, 119, 121, 120, 122, 124, 125, 124, 126, 126, 126, 125, 126, 126, 128, 128, 129, 127, 128, 128, 128, 128, 127, 128, 128, 126, 127, 128, 127, 127, 129, 130, 126, 127, 129, 128, 127, 127, 127, 127, 128, 125, 126, 127, 125, 127, 127, 128, 126, 127, 130, 129, 129, 129, 129, 130, 131, 130, 131, 132, 130, 133, 132, 133, 140, 134, 134, 134, 133, 136, 135, 136, 136, 132, 134, 134, 132, 132, 130, 129, 129, 130, 130, 128, 128, 129, 127, 126, 127, 124, 123, 127, 123, 122, 124, 127, 119, 128, 121, 119, 119, 120, 118, 117, 119, 117, 148, 116, 147, 115, 116, 116, 115, 114, 113, 113, 113, 148, 113, 145, 113, 111, 110, 111, 110, 107, 106, 106, 122, 103, 132, 101, 99, 96, 94, 93, 90, 89, 87, 87, 84, 85, 79, 80, 76, 72, 71, 70, 66, 64, 64, 62, 65, 58, 62, 55, 54, 51, 51, 49, 46, 45, 44, 48, 43, 46, 41, 46, 39, 37, 39, 36, 36, 38, 36, 33, 57, 55, 47, 35, 44, 32, 30, 31, 31, 31, 32, 37, 31, 41, 33, 33, 32]",128000000,500000,1224006250,39,0
0,2,0,"[50, 45, 39, 46, 37, 47, 47, 38, 46, 36, 47, 51, 39, 49, 39, 51, 50, 57, 51, 45, 51, 41, 54, 57, 43, 54, 38, 53, 57, 45, 59, 45, 84, 63, 66, 58, 45, 61, 60, 66, 64, 49, 61, 47, 65, 72, 50, 63, 67, 63, 71, 59, 69, 58, 72, 70, 73, 71, 63, 77, 67, 82, 84, 81, 93, 88, 102, 108, 101, 109, 107, 117, 115, 118, 121, 112, 123, 122, 124, 127, 118, 128, 120, 130, 128, 117, 128, 137, 136, 137, 142, 136, 124, 160, 160, 159, 155, 138, 132, 156, 162, 137, 161, 158, 157, 159, 159, 162, 163, 161, 148, 165, 163, 161, 162, 164, 163, 161, 166, 157, 165, 155, 165, 163, 134, 166, 150, 161, 150, 137, 157, 149, 166, 155, 161, 155, 131, 141, 158, 165, 160, 152, 156, 127, 136, 135, 119, 127, 115, 124, 124, 115, 124, 113, 128, 124, 124, 124, 114, 125, 116, 124, 124, 113, 123, 117, 123, 123, 113, 125, 114, 124, 128, 123, 124, 113, 128, 125, 122, 124, 113, 121, 109, 120, 120, 106, 113, 102, 108, 106, 95, 101, 88, 96, 90, 88, 83, 69, 78, 62, 69, 69, 53, 66, 48, 63, 62, 46, 60, 46, 63, 61, 64, 59, 45, 57, 57, 59, 59, 43, 55, 40, 55, 53, 41, 51, 39, 52, 51, 39, 51, 38, 54, 48, 54, 48, 38, 47, 38, 49, 47, 36, 46, 35, 46, 48, 37, 46, 37, 47, 47, 48, 46, 38, 45, 45]",128000000,500000,1583461250,42,0,"[44, 33, 46, 36, 35, 52, 35, 52, 39, 41, 38, 41, 53, 108, 44, 44, 46, 57, 48, 61, 48, 52, 65, 51, 65, 53, 58, 69, 58, 72, 62, 64, 64, 63, 77, 67, 82, 70, 71, 85, 76, 87, 80, 81, 93, 85, 100, 87, 91, 91, 94, 106, 155, 101, 105, 118, 123, 112, 125, 117, 113, 126, 115, 132, 119, 119, 133, 120, 136, 123, 124, 127, 124, 137, 127, 137, 128, 126, 139, 130, 140, 129, 127, 140, 130, 140, 128, 129, 140, 127, 140, 140, 127, 129, 132, 139, 129, 141, 129, 128, 139, 127, 140, 129, 127, 138, 129, 138, 127, 131, 129, 128, 140, 128, 141, 129, 131, 142, 130, 144, 131, 130, 144, 132, 144, 133, 133, 153, 134, 149, 134, 135, 136, 136, 151, 137, 147, 134, 134, 146, 130, 145, 129, 129, 142, 130, 140, 127, 128, 127, 125, 137, 124, 135, 127, 122, 133, 121, 134, 120, 121, 131, 120, 133, 120, 120, 129, 143, 129, 144, 116, 116, 115, 128, 116, 128, 116, 114, 148, 114, 149, 114, 113, 122, 111, 123, 110, 108, 108, 139, 118, 138, 114, 102, 100, 110, 97, 106, 93, 92, 103, 88, 100, 84, 82, 90, 76, 86, 75, 71, 69, 67, 76, 68, 72, 64, 58, 68, 55, 65, 52, 50, 61, 46, 63, 45, 48, 43, 43, 51, 90, 41, 38, 40, 48, 36, 46, 41, 35, 67, 34, 57, 33, 31, 51, 32, 45, 32, 35, 30, 36, 43, 34, 43, 37, 33]",128000000,500000,1224006250,42,0
0,2,0,"[29, 31, 28, 32, 34, 29, 33, 29, 31, 34, 29, 32, 29, 31, 36, 32, 35, 31, 32, 34, 32, 37, 30, 33, 33, 33, 37, 36, 38, 35, 36, 40, 75, 40, 49, 38, 41, 38, 42, 42, 40, 40, 44, 45, 37, 43, 51, 45, 45, 43, 49, 50, 50, 57, 52, 57, 54, 56, 60, 60, 65, 68, 74, 80, 83, 87, 89, 97, 102, 103, 104, 109, 109, 112, 112, 113, 115, 113, 117, 117, 118, 123, 120, 118, 119, 119, 117, 116, 141, 153, 154, 123, 155, 150, 136, 144, 129, 155, 132, 147, 129, 156, 129, 136, 147, 141, 147, 137, 155, 145, 137, 138, 148, 138, 137, 135, 159, 129, 132, 135, 153, 132, 137, 131, 148, 154, 148, 145, 156, 142, 131, 160, 143, 148, 144, 155, 160, 145, 157, 144, 159, 125, 148, 164, 147, 124, 118, 116, 119, 117, 117, 114, 114, 112, 114, 113, 114, 111, 113, 114, 117, 113, 117, 114, 113, 115, 114, 114, 115, 117, 116, 115, 117, 116, 117, 115, 116, 113, 115, 113, 112, 111, 108, 107, 106, 103, 102, 101, 98, 96, 92, 89, 89, 82, 81, 77, 77, 68, 64, 61, 54, 50, 47, 45, 46, 41, 42, 37, 42, 42, 38, 42, 36, 37, 39, 36, 39, 33, 36, 34, 39, 37, 35, 35, 35, 34, 38, 31, 35, 31, 32, 37, 34, 36, 31, 33, 34, 31, 34, 29, 31, 30, 31, 33, 29, 32, 27, 31, 34, 30, 33, 29, 29, 32, 29, 34]",128000000,500000,1583461250,39,0,"[44, 52, 43, 58, 44, 56, 46, 45, 48, 49, 51, 50, 60, 50, 63, 55, 59, 58, 57, 60, 65, 61, 62, 65, 62, 68, 71, 75, 72, 72, 76, 124, 78, 82, 83, 81, 83, 84, 84, 88, 88, 90, 92, 93, 95, 98, 98, 99, 101, 103, 107, 108, 110, 112, 114, 124, 121, 125, 124, 127, 123, 125, 128, 130, 130, 132, 133, 135, 136, 135, 138, 137, 138, 136, 138, 137, 139, 140, 139, 139, 137, 138, 137, 138, 138, 137, 135, 138, 137, 137, 138, 137, 156, 141, 141, 136, 137, 136, 137, 137, 138, 136, 138, 138, 136, 136, 138, 139, 138, 138, 140, 139, 139, 142, 140, 141, 141, 141, 142, 141, 142, 141, 146, 143, 142, 143, 145, 150, 144, 144, 144, 144, 147, 148, 147, 148, 145, 146, 146, 146, 145, 144, 144, 142, 142, 144, 142, 142, 141, 141, 139, 142, 138, 139, 139, 137, 135, 136, 138, 135, 134, 135, 132, 133, 133, 153, 128, 150, 129, 129, 125, 127, 127, 128, 134, 125, 151, 124, 151, 123, 123, 124, 120, 122, 121, 120, 119, 148, 118, 146, 115, 114, 113, 112, 109, 108, 106, 105, 111, 103, 107, 98, 97, 93, 93, 92, 89, 88, 85, 93, 79, 81, 77, 80, 75, 73, 69, 69, 66, 65, 62, 62, 70, 58, 73, 57, 60, 54, 52, 50, 51, 48, 47, 53, 47, 57, 46, 57, 46, 66, 44, 42, 76, 42, 42, 44, 68, 41, 109, 43, 42, 41, 41, 48, 42, 43]",128000000,500000,1224006250,42,0
0,2,0,"[28, 31, 30, 29, 29, 28, 31, 28, 28, 29, 28, 30, 29, 31, 33, 30, 32, 30, 32, 32, 31, 34, 31, 34, 31, 30, 35, 32, 42, 31, 35, 42, 70, 40, 49, 40, 33, 39, 39, 36, 43, 37, 38, 40, 39, 43, 41, 41, 43, 49, 88, 63, 49, 50, 49, 54, 52, 63, 58, 59, 67, 70, 74, 76, 82, 84, 89, 97, 103, 99, 103, 107, 108, 108, 111, 112, 115, 114, 116, 117, 117, 118, 121, 118, 119, 115, 116, 124, 118, 153, 137, 119, 132, 144, 144, 124, 149, 126, 138, 137, 137, 147, 126, 138, 123, 141, 147, 149, 140, 142, 137, 150, 140, 159, 152, 149, 154, 126, 140, 154, 154, 152, 138, 134, 135, 137, 155, 135, 151, 147, 125, 156, 146, 156, 149, 143, 151, 135, 135, 155, 130, 148, 129, 133, 130, 118, 117, 117, 115, 115, 115, 115, 116, 114, 115, 114, 115, 116, 114, 116, 120, 115, 117, 115, 114, 115, 115, 115, 115, 116, 115, 114, 115, 112, 113, 112, 114, 112, 111, 111, 112, 110, 109, 109, 107, 105, 104, 100, 99, 98, 95, 90, 87, 84, 79, 76, 73, 67, 63, 58, 53, 49, 46, 44, 43, 41, 41, 39, 39, 40, 37, 39, 36, 37, 36, 34, 36, 35, 33, 35, 34, 33, 32, 33, 34, 31, 34, 30, 32, 31, 33, 34, 31, 34, 30, 32, 30, 30, 32, 29, 31, 30, 28, 29, 29, 30, 27, 29, 31, 30, 32, 28, 29, 29, 28, 31]",128000000,500000,1583461250,39,0,"[42, 65, 45, 47, 45, 45, 47, 44, 50, 51, 50, 52, 54, 53, 56, 55, 56, 58, 58, 60, 61, 62, 66, 71, 65, 66, 66, 68, 69, 71, 72, 74, 76, 76, 78, 80, 82, 81, 84, 87, 87, 90, 92, 92, 94, 96, 95, 98, 100, 103, 105, 107, 110, 111, 113, 123, 122, 121, 121, 126, 127, 128, 129, 131, 130, 133, 132, 134, 136, 135, 136, 139, 137, 138, 139, 139, 137, 139, 138, 140, 137, 138, 138, 139, 141, 139, 139, 139, 137, 138, 140, 139, 139, 140, 141, 139, 140, 138, 138, 138, 140, 139, 138, 141, 138, 138, 139, 139, 136, 141, 139, 140, 140, 139, 140, 140, 141, 140, 138, 141, 141, 143, 143, 142, 142, 143, 143, 142, 144, 146, 143, 145, 147, 146, 149, 149, 147, 146, 148, 145, 145, 145, 143, 144, 145, 144, 141, 141, 142, 141, 139, 141, 138, 136, 139, 137, 137, 134, 138, 131, 131, 133, 132, 150, 132, 150, 129, 130, 125, 126, 130, 126, 126, 126, 146, 125, 142, 123, 124, 124, 122, 121, 124, 125, 122, 144, 121, 141, 118, 118, 116, 116, 114, 113, 112, 110, 123, 105, 105, 103, 100, 99, 97, 95, 90, 90, 89, 87, 85, 87, 81, 81, 77, 76, 74, 72, 71, 69, 68, 64, 64, 63, 61, 59, 59, 54, 56, 52, 55, 49, 50, 53, 50, 53, 48, 51, 45, 52, 47, 67, 80, 100, 43, 42, 78, 60, 52, 40, 42, 40, 41, 52, 69, 42, 43, 50]",128000000,500000,1224006250,42,0
0,2,0,"[38, 40, 39, 40, 39, 39, 39, 38, 40, 41, 39, 41, 39, 42, 42, 37, 44, 41, 44, 41, 41, 41, 44, 42, 44, 45, 45, 45, 45, 45, 42, 52, 87, 50, 63, 55, 53, 45, 53, 48, 53, 54, 52, 59, 53, 56, 56, 55, 61, 58, 59, 57, 63, 63, 62, 74, 69, 68, 69, 72, 77, 78, 86, 90, 93, 97, 101, 108, 113, 115, 113, 116, 117, 121, 125, 123, 126, 129, 127, 129, 129, 130, 132, 132, 129, 127, 128, 128, 154, 166, 137, 161, 157, 149, 149, 157, 150, 150, 162, 149, 156, 146, 154, 151, 159, 159, 154, 157, 153, 161, 158, 162, 162, 159, 162, 159, 160, 156, 148, 161, 132, 158, 161, 156, 152, 142, 149, 147, 145, 131, 146, 153, 137, 146, 143, 152, 138, 154, 154, 144, 157, 137, 143, 164, 130, 138, 129, 127, 128, 128, 126, 125, 126, 126, 127, 127, 125, 128, 127, 127, 130, 126, 128, 126, 126, 125, 126, 126, 126, 127, 125, 124, 123, 125, 124, 125, 125, 124, 123, 122, 121, 122, 120, 120, 119, 117, 114, 114, 112, 108, 105, 103, 99, 96, 91, 89, 84, 78, 73, 69, 65, 60, 58, 56, 57, 52, 52, 50, 48, 51, 48, 50, 46, 48, 48, 48, 45, 46, 45, 45, 46, 43, 45, 44, 45, 42, 45, 41, 43, 41, 43, 41, 44, 45, 39, 42, 40, 42, 41, 42, 38, 40, 39, 41, 40, 39, 38, 36, 41, 38, 41, 39, 39, 38, 39, 38]",128000000,500000,1583461250,42,0,"[44, 45, 44, 46, 46, 105, 45, 49, 60, 49, 66, 51, 61, 52, 54, 54, 57, 59, 63, 61, 61, 76, 64, 75, 64, 67, 70, 68, 70, 72, 73, 77, 81, 80, 82, 80, 81, 82, 86, 85, 88, 88, 91, 94, 138, 95, 95, 99, 102, 104, 105, 106, 108, 111, 113, 125, 121, 128, 121, 127, 123, 126, 128, 130, 131, 132, 134, 133, 136, 134, 136, 138, 138, 138, 139, 140, 138, 138, 137, 142, 139, 138, 139, 146, 141, 139, 138, 140, 138, 138, 140, 137, 140, 140, 142, 143, 140, 139, 139, 138, 138, 138, 137, 140, 135, 138, 141, 138, 139, 140, 139, 139, 141, 139, 139, 137, 141, 139, 139, 142, 142, 140, 142, 141, 144, 144, 142, 146, 140, 147, 145, 144, 148, 148, 151, 150, 145, 144, 147, 144, 144, 147, 145, 144, 143, 143, 141, 142, 142, 141, 139, 138, 138, 139, 137, 135, 134, 134, 137, 134, 133, 146, 132, 154, 136, 129, 136, 132, 141, 127, 129, 133, 152, 136, 153, 125, 125, 127, 125, 126, 126, 124, 123, 151, 123, 148, 124, 121, 119, 119, 118, 115, 114, 113, 145, 111, 142, 105, 104, 103, 102, 97, 97, 94, 93, 93, 89, 91, 84, 87, 82, 78, 79, 75, 74, 72, 72, 69, 81, 65, 78, 62, 87, 57, 58, 57, 56, 54, 54, 60, 50, 69, 51, 66, 49, 46, 46, 45, 45, 68, 59, 43, 66, 44, 69, 46, 43, 43, 42, 41, 42, 48, 43, 66, 88, 71]",128000000,500000,1224006250,42,0
0,2,0,"[35, 34, 34, 34, 34, 35, 34, 35, 36, 36, 35, 37, 37, 36, 34, 37, 35, 37, 35, 36, 36, 36, 38, 40, 39, 38, 39, 38, 41, 41, 42, 44, 85, 46, 62, 50, 43, 49, 46, 44, 44, 48, 47, 54, 45, 46, 49, 49, 54, 55, 74, 56, 58, 58, 63, 89, 66, 69, 67, 70, 75, 79, 86, 89, 93, 98, 103, 107, 114, 112, 114, 117, 119, 121, 123, 123, 126, 127, 127, 131, 131, 132, 132, 132, 129, 127, 126, 134, 131, 143, 140, 129, 133, 135, 143, 138, 132, 134, 132, 136, 145, 141, 131, 134, 133, 139, 154, 136, 150, 158, 158, 150, 149, 156, 151, 143, 153, 137, 152, 147, 153, 141, 138, 149, 152, 136, 155, 152, 143, 159, 136, 149, 146, 148, 154, 147, 145, 155, 155, 151, 158, 150, 146, 148, 145, 135, 129, 140, 128, 128, 128, 126, 129, 127, 126, 127, 126, 125, 125, 126, 128, 125, 126, 125, 125, 123, 126, 126, 126, 126, 124, 125, 126, 126, 128, 127, 128, 127, 127, 124, 126, 124, 123, 123, 120, 118, 117, 112, 112, 108, 105, 102, 98, 95, 92, 88, 82, 78, 72, 70, 65, 59, 56, 54, 51, 49, 50, 49, 48, 47, 46, 45, 46, 44, 44, 44, 44, 42, 42, 42, 45, 40, 40, 40, 43, 40, 40, 38, 38, 40, 37, 35, 42, 38, 37, 35, 36, 35, 34, 37, 36, 36, 36, 35, 35, 35, 38, 35, 33, 34, 33, 35, 33, 34, 35, 35]",128000000,500000,1583461250,42,0,"[44, 44, 43, 45, 47, 45, 56, 49, 56, 50, 56, 52, 51, 53, 57, 56, 57, 59, 59, 64, 61, 67, 62, 126, 65, 67, 69, 69, 70, 69, 74, 74, 78, 75, 76, 80, 82, 86, 83, 86, 86, 89, 91, 93, 94, 95, 97, 98, 101, 105, 104, 107, 111, 113, 115, 123, 122, 127, 124, 130, 125, 128, 128, 129, 132, 132, 133, 132, 135, 136, 136, 140, 139, 139, 139, 138, 139, 140, 138, 140, 139, 140, 138, 139, 142, 139, 140, 141, 138, 139, 141, 141, 142, 142, 141, 142, 140, 140, 140, 141, 140, 139, 138, 140, 138, 140, 141, 138, 139, 141, 139, 140, 139, 141, 143, 139, 143, 141, 143, 144, 142, 140, 145, 142, 144, 146, 145, 147, 145, 147, 147, 147, 147, 147, 149, 150, 146, 147, 147, 143, 144, 141, 143, 144, 142, 144, 137, 140, 137, 135, 140, 138, 136, 136, 136, 133, 132, 137, 135, 135, 131, 148, 127, 133, 131, 129, 129, 129, 128, 128, 150, 127, 150, 127, 128, 126, 125, 125, 127, 125, 126, 145, 123, 145, 126, 122, 121, 122, 120, 121, 119, 117, 139, 113, 118, 111, 110, 107, 106, 105, 100, 101, 97, 96, 93, 92, 88, 90, 84, 84, 82, 80, 77, 75, 73, 72, 77, 70, 71, 65, 62, 63, 60, 60, 56, 56, 55, 60, 53, 62, 51, 55, 51, 46, 47, 46, 46, 47, 50, 68, 106, 43, 54, 42, 47, 42, 43, 44, 42, 44, 43, 57, 41, 60, 44, 46]",128000000,500000,1224006250,42,0
0,2,0,"[34, 34, 33, 33, 32, 33, 36, 32, 32, 34, 34, 34, 34, 35, 33, 36, 35, 36, 34, 35, 37, 36, 37, 37, 36, 39, 37, 39, 40, 41, 41, 51, 86, 45, 60, 42, 44, 54, 43, 42, 43, 48, 45, 50, 51, 57, 52, 50, 51, 57, 53, 59, 57, 57, 59, 62, 66, 65, 67, 71, 77, 79, 86, 90, 92, 98, 101, 110, 114, 112, 116, 118, 121, 123, 125, 126, 126, 128, 129, 136, 132, 133, 132, 134, 132, 128, 127, 126, 151, 128, 155, 154, 141, 136, 131, 148, 132, 132, 134, 131, 129, 137, 130, 131, 131, 138, 146, 147, 136, 141, 144, 149, 157, 142, 134, 149, 136, 141, 148, 137, 141, 147, 152, 148, 136, 144, 138, 145, 145, 137, 148, 154, 138, 138, 138, 136, 133, 133, 137, 140, 144, 141, 133, 134, 132, 132, 129, 127, 130, 128, 130, 138, 127, 129, 129, 129, 131, 127, 128, 131, 131, 127, 127, 126, 127, 127, 130, 126, 127, 127, 125, 126, 127, 125, 126, 126, 126, 124, 126, 122, 124, 120, 121, 119, 117, 117, 114, 113, 111, 107, 106, 101, 99, 96, 92, 88, 83, 78, 73, 68, 62, 60, 55, 52, 51, 49, 51, 48, 46, 48, 47, 45, 44, 43, 40, 43, 42, 42, 41, 38, 41, 38, 40, 38, 41, 37, 39, 36, 36, 36, 36, 35, 41, 37, 36, 36, 33, 35, 34, 35, 35, 34, 35, 33, 34, 35, 33, 34, 34, 36, 32, 35, 35, 33, 35, 32]",128000000,500000,1583461250,42,0,"[46, 46, 42, 45, 60, 45, 59, 47, 52, 48, 51, 51, 49, 53, 54, 60, 55, 73, 58, 71, 61, 64, 63, 65, 65, 67, 68, 70, 73, 73, 81, 75, 77, 79, 78, 80, 83, 85, 84, 89, 88, 89, 91, 95, 95, 95, 98, 101, 102, 104, 103, 108, 109, 111, 112, 124, 124, 123, 123, 126, 124, 126, 126, 130, 130, 129, 132, 133, 134, 134, 137, 138, 137, 138, 138, 139, 137, 139, 138, 141, 140, 141, 140, 139, 142, 140, 140, 141, 141, 140, 143, 141, 143, 142, 142, 141, 144, 141, 140, 140, 140, 140, 140, 143, 141, 140, 141, 138, 139, 139, 139, 137, 139, 139, 138, 139, 142, 141, 140, 141, 138, 140, 139, 140, 139, 142, 144, 152, 143, 144, 144, 143, 144, 146, 148, 148, 146, 145, 147, 144, 145, 146, 145, 146, 141, 143, 141, 142, 144, 141, 140, 142, 138, 138, 140, 134, 136, 137, 137, 137, 135, 134, 133, 133, 133, 132, 130, 130, 154, 130, 153, 127, 125, 128, 127, 125, 124, 128, 125, 150, 125, 149, 125, 124, 122, 122, 123, 120, 120, 119, 147, 116, 144, 114, 113, 110, 108, 106, 104, 102, 101, 100, 96, 99, 94, 94, 90, 87, 86, 83, 81, 79, 79, 77, 82, 73, 75, 69, 67, 63, 65, 62, 59, 60, 57, 72, 57, 77, 53, 67, 51, 51, 49, 50, 48, 45, 54, 48, 70, 66, 60, 43, 43, 65, 41, 41, 42, 45, 43, 73, 40, 70, 42, 42, 43, 43]",128000000,500000,1224006250,42,0
0,2,0,"[34, 33, 33, 34, 33, 33, 33, 33, 33, 35, 33, 34, 33, 34, 36, 32, 36, 34, 35, 36, 35, 36, 36, 36, 38, 37, 38, 37, 41, 41, 38, 45, 88, 44, 58, 39, 42, 42, 47, 43, 43, 44, 44, 46, 46, 46, 48, 47, 51, 55, 54, 55, 56, 58, 60, 60, 64, 67, 68, 68, 73, 76, 85, 88, 93, 97, 100, 108, 114, 115, 116, 118, 122, 122, 123, 123, 129, 129, 132, 131, 130, 132, 134, 131, 129, 129, 124, 131, 130, 133, 125, 127, 144, 137, 130, 137, 141, 135, 131, 140, 135, 140, 129, 137, 148, 146, 143, 131, 139, 143, 145, 154, 152, 141, 134, 145, 139, 148, 135, 140, 138, 151, 139, 151, 151, 134, 154, 148, 162, 138, 135, 153, 142, 144, 131, 137, 132, 141, 132, 134, 132, 130, 147, 136, 135, 128, 128, 128, 128, 129, 128, 126, 130, 128, 133, 129, 127, 129, 128, 125, 128, 127, 127, 125, 126, 125, 126, 126, 127, 127, 126, 126, 126, 125, 126, 124, 125, 126, 124, 123, 123, 125, 123, 120, 116, 117, 115, 113, 110, 108, 105, 101, 99, 95, 93, 87, 85, 78, 72, 70, 63, 57, 55, 53, 51, 48, 48, 47, 48, 47, 46, 45, 44, 45, 42, 43, 43, 40, 39, 38, 44, 39, 39, 39, 41, 36, 39, 36, 37, 35, 34, 34, 39, 37, 36, 35, 36, 33, 35, 34, 34, 34, 34, 33, 34, 35, 33, 34, 33, 34, 34, 34, 34, 32, 35, 34]",128000000,500000,1583461250,42,0,"[41, 38, 38, 33, 39, 34, 37, 38, 36, 41, 39, 40, 40, 46, 42, 46, 47, 47, 49, 48, 49, 53, 54, 55, 55, 55, 57, 58, 59, 63, 65, 66, 65, 67, 67, 71, 111, 73, 74, 77, 78, 81, 81, 83, 84, 84, 85, 87, 90, 92, 93, 94, 99, 100, 103, 116, 111, 115, 107, 113, 111, 112, 115, 115, 118, 120, 119, 120, 121, 123, 123, 126, 126, 125, 128, 128, 126, 127, 126, 130, 128, 128, 128, 129, 129, 128, 129, 132, 130, 128, 130, 129, 131, 132, 135, 133, 130, 131, 130, 130, 130, 127, 127, 130, 129, 128, 129, 126, 126, 130, 127, 126, 128, 130, 128, 126, 129, 127, 130, 132, 127, 128, 131, 128, 128, 131, 129, 149, 131, 132, 131, 132, 135, 133, 137, 137, 132, 134, 136, 133, 131, 134, 132, 131, 132, 131, 130, 129, 131, 127, 127, 131, 127, 129, 128, 127, 124, 125, 126, 121, 123, 122, 119, 124, 120, 119, 146, 117, 147, 115, 116, 117, 115, 116, 113, 115, 113, 138, 114, 143, 116, 112, 111, 112, 112, 110, 111, 109, 138, 107, 130, 107, 107, 103, 100, 98, 97, 95, 93, 93, 88, 91, 85, 84, 82, 79, 76, 75, 73, 71, 71, 69, 68, 63, 73, 61, 59, 59, 56, 55, 52, 50, 49, 55, 46, 51, 45, 42, 42, 40, 40, 40, 38, 36, 41, 36, 42, 40, 37, 52, 41, 33, 33, 64, 33, 36, 34, 39, 32, 39, 32, 33, 33, 88, 34, 31]",128000000,500000,1224006250,42,0
0,2,0,"[42, 31, 41, 39, 43, 42, 32, 40, 32, 44, 42, 31, 42, 31, 43, 45, 44, 43, 35, 45, 44, 43, 46, 36, 45, 36, 47, 48, 41, 48, 43, 58, 96, 47, 70, 41, 52, 49, 52, 60, 54, 54, 54, 53, 58, 44, 56, 45, 60, 60, 52, 67, 58, 68, 69, 63, 74, 63, 80, 82, 84, 93, 85, 100, 92, 109, 114, 107, 123, 112, 127, 128, 118, 131, 122, 135, 138, 141, 142, 129, 143, 142, 144, 143, 130, 139, 127, 138, 137, 138, 151, 130, 139, 145, 130, 151, 140, 142, 142, 139, 148, 133, 145, 142, 150, 150, 139, 151, 145, 153, 156, 150, 160, 149, 155, 151, 150, 147, 132, 147, 147, 144, 148, 133, 147, 144, 144, 148, 145, 147, 138, 145, 148, 139, 142, 151, 152, 141, 144, 153, 141, 144, 149, 141, 140, 129, 137, 134, 138, 138, 127, 137, 126, 140, 139, 139, 137, 127, 139, 137, 142, 137, 126, 136, 126, 136, 137, 127, 139, 127, 138, 137, 126, 137, 126, 137, 137, 136, 139, 125, 136, 134, 134, 131, 119, 128, 116, 124, 122, 109, 117, 101, 111, 107, 103, 98, 82, 88, 84, 80, 74, 57, 66, 53, 62, 61, 47, 58, 46, 56, 55, 45, 56, 43, 53, 51, 53, 51, 39, 49, 53, 50, 49, 37, 51, 37, 49, 45, 36, 45, 36, 46, 50, 48, 44, 33, 44, 44, 42, 44, 35, 43, 33, 43, 44, 33, 43, 33, 44, 42, 30, 44, 33, 43, 42, 42]",128000000,500000,1583461250,42,0,"[70, 32, 65, 45, 33, 45, 35, 46, 48, 38, 50, 42, 53, 72, 52, 122, 45, 58, 57, 59, 65, 50, 66, 54, 75, 69, 56, 68, 59, 75, 73, 76, 75, 66, 78, 82, 82, 86, 72, 88, 76, 91, 92, 80, 94, 83, 97, 98, 89, 104, 90, 106, 111, 111, 115, 110, 130, 133, 123, 121, 113, 125, 117, 129, 129, 121, 132, 120, 136, 134, 135, 137, 126, 137, 139, 139, 155, 126, 138, 128, 139, 137, 125, 138, 129, 140, 137, 129, 139, 128, 141, 140, 141, 141, 129, 141, 138, 141, 138, 127, 139, 126, 136, 141, 127, 135, 129, 136, 137, 140, 139, 126, 138, 138, 139, 138, 131, 140, 138, 142, 140, 129, 143, 129, 143, 142, 132, 141, 132, 145, 144, 142, 146, 136, 148, 150, 145, 146, 136, 145, 131, 145, 143, 132, 143, 132, 140, 142, 140, 138, 126, 139, 137, 135, 134, 123, 134, 134, 135, 132, 120, 133, 119, 132, 154, 117, 155, 118, 127, 129, 129, 126, 114, 127, 127, 150, 127, 144, 124, 114, 125, 123, 112, 124, 113, 122, 149, 108, 149, 108, 118, 117, 114, 114, 99, 109, 108, 130, 104, 95, 99, 87, 97, 94, 78, 91, 76, 87, 88, 84, 88, 66, 84, 75, 73, 72, 58, 69, 55, 65, 62, 54, 59, 51, 56, 55, 44, 52, 42, 51, 51, 49, 106, 38, 69, 48, 57, 45, 35, 67, 33, 43, 100, 37, 42, 39, 42, 66, 45, 45, 31, 42, 40, 42, 49, 60]",128000000,500000,1224006250,39,0
0,2,0,"[42, 44, 43, 43, 44, 42, 43, 43, 44, 43, 45, 44, 46, 45, 45, 45, 44, 47, 45, 47, 48, 48, 45, 48, 48, 48, 48, 46, 53, 49, 51, 62, 100, 54, 70, 60, 58, 56, 53, 52, 61, 57, 62, 61, 58, 57, 57, 66, 60, 63, 79, 65, 70, 71, 70, 75, 76, 76, 80, 86, 85, 89, 96, 99, 105, 108, 113, 118, 123, 123, 126, 129, 130, 131, 132, 134, 138, 137, 139, 146, 143, 142, 145, 144, 141, 140, 138, 143, 142, 149, 141, 142, 143, 141, 140, 142, 140, 145, 144, 150, 139, 143, 143, 154, 147, 150, 147, 147, 146, 158, 155, 158, 155, 155, 154, 153, 148, 148, 148, 143, 153, 150, 153, 154, 150, 160, 150, 155, 151, 146, 148, 145, 157, 152, 162, 154, 143, 144, 148, 145, 147, 145, 155, 146, 144, 139, 141, 140, 138, 141, 142, 138, 141, 138, 137, 140, 139, 136, 137, 139, 141, 136, 138, 136, 136, 137, 135, 137, 137, 138, 137, 137, 138, 138, 137, 138, 139, 137, 138, 136, 137, 135, 132, 134, 131, 130, 129, 126, 123, 121, 118, 113, 111, 106, 101, 98, 93, 91, 85, 80, 74, 72, 66, 63, 63, 60, 60, 58, 58, 59, 56, 55, 57, 56, 55, 55, 52, 52, 52, 51, 54, 51, 51, 49, 49, 49, 52, 49, 47, 48, 48, 47, 51, 46, 47, 47, 46, 46, 46, 43, 44, 44, 45, 44, 43, 45, 44, 45, 46, 44, 42, 43, 45, 43, 43, 41]",128000000,500000,1583461250,45,0,"[61, 34, 36, 34, 34, 37, 36, 38, 41, 68, 40, 79, 43, 42, 44, 45, 44, 47, 50, 47, 60, 52, 65, 54, 64, 58, 58, 57, 60, 59, 62, 64, 64, 75, 66, 75, 69, 68, 71, 73, 77, 79, 81, 82, 84, 83, 85, 88, 90, 91, 93, 96, 98, 100, 104, 117, 118, 114, 112, 114, 113, 116, 117, 120, 121, 121, 122, 123, 122, 124, 122, 126, 125, 125, 126, 127, 127, 128, 127, 126, 126, 125, 125, 127, 128, 127, 130, 129, 126, 126, 127, 127, 124, 130, 128, 128, 128, 127, 127, 127, 127, 126, 126, 126, 126, 125, 127, 127, 128, 129, 127, 126, 128, 128, 126, 126, 127, 129, 127, 130, 130, 131, 131, 131, 132, 133, 133, 140, 134, 133, 135, 135, 137, 136, 141, 139, 135, 133, 133, 135, 130, 133, 131, 130, 130, 129, 127, 131, 129, 125, 125, 126, 124, 123, 125, 123, 121, 123, 121, 120, 126, 119, 152, 124, 136, 130, 125, 118, 117, 114, 116, 118, 123, 153, 115, 153, 113, 115, 113, 115, 112, 111, 113, 111, 150, 109, 126, 109, 107, 107, 105, 104, 103, 103, 99, 146, 97, 131, 92, 94, 90, 87, 85, 83, 81, 78, 84, 76, 84, 71, 76, 68, 66, 63, 62, 60, 58, 63, 55, 73, 52, 75, 51, 48, 46, 45, 43, 42, 41, 42, 65, 39, 66, 36, 43, 40, 36, 33, 38, 55, 34, 70, 34, 70, 33, 69, 32, 32, 37, 32, 33, 31, 34, 31, 60, 82]",128000000,500000,1224006250,42,0
0,2,0,"[54, 44, 56, 44, 48, 50, 44, 55, 44, 48, 51, 47, 56, 45, 53, 43, 49, 59, 48, 57, 44, 48, 56, 48, 58, 48, 50, 55, 54, 59, 54, 57, 95, 59, 76, 54, 67, 51, 56, 66, 56, 72, 55, 65, 65, 65, 73, 61, 66, 84, 74, 74, 69, 80, 69, 77, 87, 77, 84, 81, 86, 90, 95, 100, 104, 107, 113, 116, 120, 121, 123, 128, 127, 130, 132, 133, 136, 134, 137, 140, 141, 144, 145, 144, 144, 140, 139, 158, 158, 153, 161, 152, 159, 146, 154, 159, 144, 159, 140, 157, 153, 150, 151, 153, 147, 141, 154, 155, 142, 152, 156, 151, 160, 157, 159, 141, 143, 151, 157, 156, 153, 150, 162, 159, 160, 155, 159, 167, 156, 162, 163, 164, 153, 159, 166, 165, 163, 151, 161, 165, 158, 161, 152, 147, 145, 142, 140, 138, 139, 137, 136, 136, 136, 135, 137, 135, 133, 136, 135, 135, 139, 136, 135, 134, 135, 136, 135, 136, 137, 139, 137, 138, 137, 136, 138, 137, 140, 139, 135, 138, 135, 135, 134, 132, 130, 128, 127, 124, 120, 118, 115, 113, 108, 106, 102, 98, 95, 91, 84, 80, 82, 73, 73, 66, 65, 65, 61, 67, 59, 61, 57, 58, 66, 56, 64, 54, 56, 61, 54, 64, 53, 53, 58, 54, 61, 51, 54, 53, 51, 59, 48, 57, 49, 50, 57, 49, 56, 45, 49, 52, 47, 54, 47, 48, 49, 46, 55, 45, 48, 42, 48, 54, 46, 52, 41, 44]",128000000,500000,1583461250,45,0,"[45, 35, 34, 35, 34, 39, 37, 71, 36, 70, 41, 41, 42, 44, 43, 44, 46, 49, 58, 49, 62, 51, 63, 55, 53, 54, 54, 57, 119, 61, 61, 71, 65, 72, 64, 66, 68, 68, 70, 73, 74, 78, 81, 80, 84, 86, 84, 87, 91, 92, 95, 97, 98, 100, 105, 111, 125, 125, 113, 116, 114, 115, 116, 118, 119, 119, 119, 148, 121, 122, 124, 125, 122, 125, 126, 125, 125, 123, 126, 125, 125, 125, 127, 126, 126, 127, 128, 126, 126, 126, 126, 128, 127, 129, 130, 128, 127, 127, 130, 126, 127, 124, 127, 128, 127, 128, 125, 127, 127, 130, 129, 128, 127, 128, 128, 131, 130, 130, 132, 131, 131, 132, 132, 130, 133, 131, 134, 145, 134, 139, 136, 135, 136, 134, 140, 137, 131, 134, 133, 133, 131, 132, 129, 129, 129, 128, 126, 123, 126, 123, 123, 124, 122, 122, 122, 120, 124, 120, 125, 120, 134, 127, 150, 117, 122, 115, 117, 115, 113, 115, 115, 152, 112, 132, 114, 115, 113, 112, 112, 114, 116, 110, 151, 113, 150, 112, 110, 110, 109, 107, 105, 104, 102, 144, 100, 120, 98, 96, 94, 90, 90, 87, 85, 84, 90, 80, 97, 75, 82, 72, 70, 66, 64, 64, 61, 67, 57, 75, 54, 73, 52, 50, 48, 48, 45, 45, 46, 45, 72, 40, 73, 40, 38, 37, 38, 36, 36, 36, 35, 66, 35, 68, 34, 75, 40, 73, 33, 33, 32, 31, 41, 33, 73, 32, 56, 33]",128000000,500000,1224006250,39,0
