iTOW,version,numSvs,reserved0,gnssId_01,svId_01,cno_01,elev_01,azim_01,prRes_01,qualityInd_01,svUsed_01,health_01,diffCorr_01,smoothed_01,orbitSource_01,ephAvail_01,almAvail_01,anoAvail_01,aopAvail_01,sbasCorrUsed_01,rtcmCorrUsed_01,slasCorrUsed_01,spartnCorrUsed_01,prCorrUsed_01,crCorrUsed_01,doCorrUsed_01,gnssId_02,svId_02,cno_02,elev_02,azim_02,prRes_02,qualityInd_02,svUsed_02,health_02,diffCorr_02,smoothed_02,orbitSource_02,ephAvail_02,almAvail_02,anoAvail_02,aopAvail_02,sbasCorrUsed_02,rtcmCorrUsed_02,slasCorrUsed_02,spartnCorrUsed_02,prCorrUsed_02,crCorrUsed_02,doCorrUsed_02,gnssId_03,svId_03,cno_03,elev_03,azim_03,prRes_03,qualityInd_03,svUsed_03,health_03,diffCorr_03,smoothed_03,orbitSource_03,ephAvail_03,almAvail_03,anoAvail_03,aopAvail_03,sbasCorrUsed_03,rtcmCorrUsed_03,slasCorrUsed_03,spartnCorrUsed_03,prCorrUsed_03,crCorrUsed_03,doCorrUsed_03,gnssId_04,svId_04,cno_04,elev_04,azim_04,prRes_04,qualityInd_04,svUsed_04,health_04,diffCorr_04,smoothed_04,orbitSource_04,ephAvail_04,almAvail_04,anoAvail_04,aopAvail_04,sbasCorrUsed_04,rtcmCorrUsed_04,slasCorrUsed_04,spartnCorrUsed_04,prCorrUsed_04,crCorrUsed_04,doCorrUsed_04,gnssId_05,svId_05,cno_05,elev_05,azim_05,prRes_05,qualityInd_05,svUsed_05,health_05,diffCorr_05,smoothed_05,orbitSource_05,ephAvail_05,almAvail_05,anoAvail_05,aopAvail_05,sbasCorrUsed_05,rtcmCorrUsed_05,slasCorrUsed_05,spartnCorrUsed_05,prCorrUsed_05,crCorrUsed_05,doCorrUsed_05,gnssId_06,svId_06,cno_06,elev_06,azim_06,prRes_06,qualityInd_06,svUsed_06,health_06,diffCorr_06,smoothed_06,orbitSource_06,ephAvail_06,almAvail_06,anoAvail_06,aopAvail_06,sbasCorrUsed_06,rtcmCorrUsed_06,slasCorrUsed_06,spartnCorrUsed_06,prCorrUsed_06,crCorrUsed_06,doCorrUsed_06,gnssId_07,svId_07,cno_07,elev_07,azim_07,prRes_07,qualityInd_07,svUsed_07,health_07,diffCorr_07,smoothed_07,orbitSource_07,ephAvail_07,almAvail_07,anoAvail_07,aopAvail_07,sbasCorrUsed_07,rtcmCorrUsed_07,slasCorrUsed_07,spartnCorrUsed_07,prCorrUsed_07,crCorrUsed_07,doCorrUsed_07,gnssId_08,svId_08,cno_08,elev_08,azim_08,prRes_08,qualityInd_08,svUsed_08,health_08,diffCorr_08,smoothed_08,orbitSource_08,ephAvail_08,almAvail_08,anoAvail_08,aopAvail_08,sbasCorrUsed_08,rtcmCorrUsed_08,slasCorrUsed_08,spartnCorrUsed_08,prCorrUsed_08,crCorrUsed_08,doCorrUsed_08,gnssId_09,svId_09,cno_09,elev_09,azim_09,prRes_09,qualityInd_09,svUsed_09,health_09,diffCorr_09,smoothed_09,orbitSource_09,ephAvail_09,almAvail_09,anoAvail_09,aopAvail_09,sbasCorrUsed_09,rtcmCorrUsed_09,slasCorrUsed_09,spartnCorrUsed_09,prCorrUsed_09,crCorrUsed_09,doCorrUsed_09,gnssId_10,svId_10,cno_10,elev_10,azim_10,prRes_10,qualityInd_10,svUsed_10,health_10,diffCorr_10,smoothed_10,orbitSource_10,ephAvail_10,almAvail_10,anoAvail_10,aopAvail_10,sbasCorrUsed_10,rtcmCorrUsed_10,slasCorrUsed_10,spartnCorrUsed_10,prCorrUsed_10,crCorrUsed_10,doCorrUsed_10,gnssId_11,svId_11,cno_11,elev_11,azim_11,prRes_11,qualityInd_11,svUsed_11,health_11,diffCorr_11,smoothed_11,orbitSource_11,ephAvail_11,almAvail_11,anoAvail_11,aopAvail_11,sbasCorrUsed_11,rtcmCorrUsed_11,slasCorrUsed_11,spartnCorrUsed_11,prCorrUsed_11,crCorrUsed_11,doCorrUsed_11,gnssId_12,svId_12,cno_12,elev_12,azim_12,prRes_12,qualityInd_12,svUsed_12,health_12,diffCorr_12,smoothed_12,orbitSource_12,ephAvail_12,almAvail_12,anoAvail_12,aopAvail_12,sbasCorrUsed_12,rtcmCorrUsed_12,slasCorrUsed_12,spartnCorrUsed_12,prCorrUsed_12,crCorrUsed_12,doCorrUsed_12,gnssId_13,svId_13,cno_13,elev_13,azim_13,prRes_13,qualityInd_13,svUsed_13,health_13,diffCorr_13,smoothed_13,orbitSource_13,ephAvail_13,almAvail_13,anoAvail_13,aopAvail_13,sbasCorrUsed_13,rtcmCorrUsed_13,slasCorrUsed_13,spartnCorrUsed_13,prCorrUsed_13,crCorrUsed_13,doCorrUsed_13,gnssId_14,svId_14,cno_14,elev_14,azim_14,prRes_14,qualityInd_14,svUsed_14,health_14,diffCorr_14,smoothed_14,orbitSource_14,ephAvail_14,almAvail_14,anoAvail_14,aopAvail_14,sbasCorrUsed_14,rtcmCorrUsed_14,slasCorrUsed_14,spartnCorrUsed_14,prCorrUsed_14,crCorrUsed_14,doCorrUsed_14,gnssId_15,svId_15,cno_15,elev_15,azim_15,prRes_15,qualityInd_15,svUsed_15,health_15,diffCorr_15,smoothed_15,orbitSource_15,ephAvail_15,almAvail_15,anoAvail_15,aopAvail_15,sbasCorrUsed_15,rtcmCorrUsed_15,slasCorrUsed_15,spartnCorrUsed_15,prCorrUsed_15,crCorrUsed_15,doCorrUsed_15,gnssId_16,svId_16,cno_16,elev_16,azim_16,prRes_16,qualityInd_16,svUsed_16,health_16,diffCorr_16,smoothed_16,orbitSource_16,ephAvail_16,almAvail_16,anoAvail_16,aopAvail_16,sbasCorrUsed_16,rtcmCorrUsed_16,slasCorrUsed_16,spartnCorrUsed_16,prCorrUsed_16,crCorrUsed_16,doCorrUsed_16,gnssId_17,svId_17,cno_17,elev_17,azim_17,prRes_17,qualityInd_17,svUsed_17,health_17,diffCorr_17,smoothed_17,orbitSource_17,ephAvail_17,almAvail_17,anoAvail_17,aopAvail_17,sbasCorrUsed_17,rtcmCorrUsed_17,slasCorrUsed_17,spartnCorrUsed_17,prCorrUsed_17,crCorrUsed_17,doCorrUsed_17,gnssId_18,svId_18,cno_18,elev_18,azim_18,prRes_18,qualityInd_18,svUsed_18,health_18,diffCorr_18,smoothed_18,orbitSource_18,ephAvail_18,almAvail_18,anoAvail_18,aopAvail_18,sbasCorrUsed_18,rtcmCorrUsed_18,slasCorrUsed_18,spartnCorrUsed_18,prCorrUsed_18,crCorrUsed_18,doCorrUsed_18,gnssId_19,svId_19,cno_19,elev_19,azim_19,prRes_19,qualityInd_19,svUsed_19,health_19,diffCorr_19,smoothed_19,orbitSource_19,ephAvail_19,almAvail_19,anoAvail_19,aopAvail_19,sbasCorrUsed_19,rtcmCorrUsed_19,slasCorrUsed_19,spartnCorrUsed_19,prCorrUsed_19,crCorrUsed_19,doCorrUsed_19,gnssId_20,svId_20,cno_20,elev_20,azim_20,prRes_20,qualityInd_20,svUsed_20,health_20,diffCorr_20,smoothed_20,orbitSource_20,ephAvail_20,almAvail_20,anoAvail_20,aopAvail_20,sbasCorrUsed_20,rtcmCorrUsed_20,slasCorrUsed_20,spartnCorrUsed_20,prCorrUsed_20,crCorrUsed_20,doCorrUsed_20,gnssId_21,svId_21,cno_21,elev_21,azim_21,prRes_21,qualityInd_21,svUsed_21,health_21,diffCorr_21,smoothed_21,orbitSource_21,ephAvail_21,almAvail_21,anoAvail_21,aopAvail_21,sbasCorrUsed_21,rtcmCorrUsed_21,slasCorrUsed_21,spartnCorrUsed_21,prCorrUsed_21,crCorrUsed_21,doCorrUsed_21,gnssId_22,svId_22,cno_22,elev_22,azim_22,prRes_22,qualityInd_22,svUsed_22,health_22,diffCorr_22,smoothed_22,orbitSource_22,ephAvail_22,almAvail_22,anoAvail_22,aopAvail_22,sbasCorrUsed_22,rtcmCorrUsed_22,slasCorrUsed_22,spartnCorrUsed_22,prCorrUsed_22,crCorrUsed_22,doCorrUsed_22,gnssId_23,svId_23,cno_23,elev_23,azim_23,prRes_23,qualityInd_23,svUsed_23,health_23,diffCorr_23,smoothed_23,orbitSource_23,ephAvail_23,almAvail_23,anoAvail_23,aopAvail_23,sbasCorrUsed_23,rtcmCorrUsed_23,slasCorrUsed_23,spartnCorrUsed_23,prCorrUsed_23,crCorrUsed_23,doCorrUsed_23,gnssId_24,svId_24,cno_24,elev_24,azim_24,prRes_24,qualityInd_24,svUsed_24,health_24,diffCorr_24,smoothed_24,orbitSource_24,ephAvail_24,almAvail_24,anoAvail_24,aopAvail_24,sbasCorrUsed_24,rtcmCorrUsed_24,slasCorrUsed_24,spartnCorrUsed_24,prCorrUsed_24,crCorrUsed_24,doCorrUsed_24,gnssId_25,svId_25,cno_25,elev_25,azim_25,prRes_25,qualityInd_25,svUsed_25,health_25,diffCorr_25,smoothed_25,orbitSource_25,ephAvail_25,almAvail_25,anoAvail_25,aopAvail_25,sbasCorrUsed_25,rtcmCorrUsed_25,slasCorrUsed_25,spartnCorrUsed_25,prCorrUsed_25,crCorrUsed_25,doCorrUsed_25,gnssId_26,svId_26,cno_26,elev_26,azim_26,prRes_26,qualityInd_26,svUsed_26,health_26,diffCorr_26,smoothed_26,orbitSource_26,ephAvail_26,almAvail_26,anoAvail_26,aopAvail_26,sbasCorrUsed_26,rtcmCorrUsed_26,slasCorrUsed_26,spartnCorrUsed_26,prCorrUsed_26,crCorrUsed_26,doCorrUsed_26,gnssId_27,svId_27,cno_27,elev_27,azim_27,prRes_27,qualityInd_27,svUsed_27,health_27,diffCorr_27,smoothed_27,orbitSource_27,ephAvail_27,almAvail_27,anoAvail_27,aopAvail_27,sbasCorrUsed_27,rtcmCorrUsed_27,slasCorrUsed_27,spartnCorrUsed_27,prCorrUsed_27,crCorrUsed_27,doCorrUsed_27,gnssId_28,svId_28,cno_28,elev_28,azim_28,prRes_28,qualityInd_28,svUsed_28,health_28,diffCorr_28,smoothed_28,orbitSource_28,ephAvail_28,almAvail_28,anoAvail_28,aopAvail_28,sbasCorrUsed_28,rtcmCorrUsed_28,slasCorrUsed_28,spartnCorrUsed_28,prCorrUsed_28,crCorrUsed_28,doCorrUsed_28,gnssId_29,svId_29,cno_29,elev_29,azim_29,prRes_29,qualityInd_29,svUsed_29,health_29,diffCorr_29,smoothed_29,orbitSource_29,ephAvail_29,almAvail_29,anoAvail_29,aopAvail_29,sbasCorrUsed_29,rtcmCorrUsed_29,slasCorrUsed_29,spartnCorrUsed_29,prCorrUsed_29,crCorrUsed_29,doCorrUsed_29,gnssId_30,svId_30,cno_30,elev_30,azim_30,prRes_30,qualityInd_30,svUsed_30,health_30,diffCorr_30,smoothed_30,orbitSource_30,ephAvail_30,almAvail_30,anoAvail_30,aopAvail_30,sbasCorrUsed_30,rtcmCorrUsed_30,slasCorrUsed_30,spartnCorrUsed_30,prCorrUsed_30,crCorrUsed_30,doCorrUsed_30,gnssId_31,svId_31,cno_31,elev_31,azim_31,prRes_31,qualityInd_31,svUsed_31,health_31,diffCorr_31,smoothed_31,orbitSource_31,ephAvail_31,almAvail_31,anoAvail_31,aopAvail_31,sbasCorrUsed_31,rtcmCorrUsed_31,slasCorrUsed_31,spartnCorrUsed_31,prCorrUsed_31,crCorrUsed_31,doCorrUsed_31,gnssId_32,svId_32,cno_32,elev_32,azim_32,prRes_32,qualityInd_32,svUsed_32,health_32,diffCorr_32,smoothed_32,orbitSource_32,ephAvail_32,almAvail_32,anoAvail_32,aopAvail_32,sbasCorrUsed_32,rtcmCorrUsed_32,slasCorrUsed_32,spartnCorrUsed_32,prCorrUsed_32,crCorrUsed_32,doCorrUsed_32,gnssId_33,svId_33,cno_33,elev_33,azim_33,prRes_33,qualityInd_33,svUsed_33,health_33,diffCorr_33,smoothed_33,orbitSource_33,ephAvail_33,almAvail_33,anoAvail_33,aopAvail_33,sbasCorrUsed_33,rtcmCorrUsed_33,slasCorrUsed_33,spartnCorrUsed_33,prCorrUsed_33,crCorrUsed_33,doCorrUsed_33,gnssId_34,svId_34,cno_34,elev_34,azim_34,prRes_34,qualityInd_34,svUsed_34,health_34,diffCorr_34,smoothed_34,orbitSource_34,ephAvail_34,almAvail_34,anoAvail_34,aopAvail_34,sbasCorrUsed_34,rtcmCorrUsed_34,slasCorrUsed_34,spartnCorrUsed_34,prCorrUsed_34,crCorrUsed_34,doCorrUsed_34,gnssId_35,svId_35,cno_35,elev_35,azim_35,prRes_35,qualityInd_35,svUsed_35,health_35,diffCorr_35,smoothed_35,orbitSource_35,ephAvail_35,almAvail_35,anoAvail_35,aopAvail_35,sbasCorrUsed_35,rtcmCorrUsed_35,slasCorrUsed_35,spartnCorrUsed_35,prCorrUsed_35,crCorrUsed_35,doCorrUsed_35,gnssId_36,svId_36,cno_36,elev_36,azim_36,prRes_36,qualityInd_36,svUsed_36,health_36,diffCorr_36,smoothed_36,orbitSource_36,ephAvail_36,almAvail_36,anoAvail_36,aopAvail_36,sbasCorrUsed_36,rtcmCorrUsed_36,slasCorrUsed_36,spartnCorrUsed_36,prCorrUsed_36,crCorrUsed_36,doCorrUsed_36,gnssId_37,svId_37,cno_37,elev_37,azim_37,prRes_37,qualityInd_37,svUsed_37,health_37,diffCorr_37,smoothed_37,orbitSource_37,ephAvail_37,almAvail_37,anoAvail_37,aopAvail_37,sbasCorrUsed_37,rtcmCorrUsed_37,slasCorrUsed_37,spartnCorrUsed_37,prCorrUsed_37,crCorrUsed_37,doCorrUsed_37,gnssId_38,svId_38,cno_38,elev_38,azim_38,prRes_38,qualityInd_38,svUsed_38,health_38,diffCorr_38,smoothed_38,orbitSource_38,ephAvail_38,almAvail_38,anoAvail_38,aopAvail_38,sbasCorrUsed_38,rtcmCorrUsed_38,slasCorrUsed_38,spartnCorrUsed_38,prCorrUsed_38,crCorrUsed_38,doCorrUsed_38,gnssId_39,svId_39,cno_39,elev_39,azim_39,prRes_39,qualityInd_39,svUsed_39,health_39,diffCorr_39,smoothed_39,orbitSource_39,ephAvail_39,almAvail_39,anoAvail_39,aopAvail_39,sbasCorrUsed_39,rtcmCorrUsed_39,slasCorrUsed_39,spartnCorrUsed_39,prCorrUsed_39,crCorrUsed_39,doCorrUsed_39,gnssId_40,svId_40,cno_40,elev_40,azim_40,prRes_40,qualityInd_40,svUsed_40,health_40,diffCorr_40,smoothed_40,orbitSource_40,ephAvail_40,almAvail_40,anoAvail_40,aopAvail_40,sbasCorrUsed_40,rtcmCorrUsed_40,slasCorrUsed_40,spartnCorrUsed_40,prCorrUsed_40,crCorrUsed_40,doCorrUsed_40,gnssId_41,svId_41,cno_41,elev_41,azim_41,prRes_41,qualityInd_41,svUsed_41,health_41,diffCorr_41,smoothed_41,orbitSource_41,ephAvail_41,almAvail_41,anoAvail_41,aopAvail_41,sbasCorrUsed_41,rtcmCorrUsed_41,slasCorrUsed_41,spartnCorrUsed_41,prCorrUsed_41,crCorrUsed_41,doCorrUsed_41,gnssId_42,svId_42,cno_42,elev_42,azim_42,prRes_42,qualityInd_42,svUsed_42,health_42,diffCorr_42,smoothed_42,orbitSource_42,ephAvail_42,almAvail_42,anoAvail_42,aopAvail_42,sbasCorrUsed_42,rtcmCorrUsed_42,slasCorrUsed_42,spartnCorrUsed_42,prCorrUsed_42,crCorrUsed_42,doCorrUsed_42,gnssId_43,svId_43,cno_43,elev_43,azim_43,prRes_43,qualityInd_43,svUsed_43,health_43,diffCorr_43,smoothed_43,orbitSource_43,ephAvail_43,almAvail_43,anoAvail_43,aopAvail_43,sbasCorrUsed_43,rtcmCorrUsed_43,slasCorrUsed_43,spartnCorrUsed_43,prCorrUsed_43,crCorrUsed_43,doCorrUsed_43,gnssId_44,svId_44,cno_44,elev_44,azim_44,prRes_44,qualityInd_44,svUsed_44,health_44,diffCorr_44,smoothed_44,orbitSource_44,ephAvail_44,almAvail_44,anoAvail_44,aopAvail_44,sbasCorrUsed_44,rtcmCorrUsed_44,slasCorrUsed_44,spartnCorrUsed_44,prCorrUsed_44,crCorrUsed_44,doCorrUsed_44,gnssId_45,svId_45,cno_45,elev_45,azim_45,prRes_45,qualityInd_45,svUsed_45,health_45,diffCorr_45,smoothed_45,orbitSource_45,ephAvail_45,almAvail_45,anoAvail_45,aopAvail_45,sbasCorrUsed_45,rtcmCorrUsed_45,slasCorrUsed_45,spartnCorrUsed_45,prCorrUsed_45,crCorrUsed_45,doCorrUsed_45
94417000,1,45,0,0,10,31,42,334,-3.5,7,1,1,1,0,1,1,0,0,0,1,0,0,0,1,0,1,0,12,41,32,104,-1.0,7,1,1,1,0,1,1,0,0,0,1,0,0,0,1,0,1,0,15,0,14,75,0.0,1,0,1,0,0,2,0,1,0,0,0,0,0,0,0,0,0,0,18,47,40,199,0.7,7,1,1,1,0,1,1,1,0,0,1,0,0,0,1,0,1,0,23,43,72,49,0.1,7,1,1,1,0,1,1,0,0,0,1,0,0,0,1,0,1,0,24,42,34,36,0.7,7,1,1,1,0,1,1,0,0,0,1,0,0,0,1,0,1,0,25,42,35,145,-0.6,7,1,1,1,0,1,1,0,0,0,1,0,0,0,1,0,1,0,28,29,27,227,3.1,7,1,1,0,0,1,1,0,0,0,0,0,0,0,0,0,0,0,29,0,-91,0,0.0,1,0,0,0,0,0,0,0,0,0,0,0,0,0,0,0,0,0,31,16,-91,0,0.0,3,0,0,0,0,0,0,0,0,0,0,0,0,0,0,0,0,0,32,29,31,301,-5.8,7,1,1,1,0,1,1,0,0,0,1,0,0,0,1,0,1,1,127,0,21,258,0.0,0,0,0,0,0,2,0,1,0,0,0,0,0,0,0,0,0,1,128,28,46,238,0.0,4,0,0,0,0,2,1,1,0,0,0,0,0,0,0,0,0,1,129,41,53,229,0.0,7,0,1,0,0,2,1,1,0,0,0,0,0,0,0,0,0,1,137,41,60,149,0.0,7,0,0,0,0,2,1,1,0,0,0,0,0,0,0,0,0,2,4,0,0,264,0.0,0,0,1,0,0,2,0,1,0,0,0,0,0,0,0,0,0,2,12,0,24,314,0.0,1,0,1,0,0,1,1,1,0,0,0,0,0,0,0,0,0,2,19,21,41,303,-21.1,4,1,1,0,0,1,1,1,0,0,0,0,0,0,0,0,0,2,21,36,25,150,7.3,7,1,1,0,0,1,1,1,0,0,0,0,0,0,0,0,0,2,26,42,34,178,-0.5,7,1,1,0,0,1,1,0,0,0,0,0,0,0,0,0,0,2,27,36,27,92,1.4,7,1,1,0,0,1,1,0,0,0,0,0,0,0,0,0,0,2,29,41,47,14,0.9,7,1,1,0,0,1,1,0,0,0,0,0,0,0,0,0,0,2,30,26,4,48,0.0,7,0,1,0,0,2,0,1,0,0,0,0,0,0,0,0,0,2,33,30,60,250,0.6,7,1,1,0,0,1,1,1,0,0,0,0,0,0,0,0,0,3,6,43,69,221,-0.7,7,1,1,0,0,1,1,0,0,0,0,0,0,0,0,0,0,3,9,39,53,216,-0.1,7,1,1,0,0,1,1,0,0,0,0,0,0,0,0,0,0,3,13,45,61,358,-0.1,7,1,1,0,0,1,1,0,0,0,0,0,0,0,0,0,0,3,16,45,77,224,0.3,7,1,1,0,0,1,1,0,0,0,0,0,0,0,0,0,0,3,23,46,66,118,-0.3,7,1,1,0,0,1,1,0,0,0,0,0,0,0,0,0,0,3,27,0,20,216,0.0,0,0,1,0,0,1,1,0,0,0,0,0,0,0,0,0,0,3,32,27,41,338,-8.6,5,1,1,0,0,1,1,0,0,0,0,0,0,0,0,0,0,3,38,41,70,64,0.9,7,1,1,0,0,1,1,0,0,0,0,0,0,0,0,0,0,3,39,44,83,264,1.5,7,1,1,0,0,1,1,0,0,0,0,0,0,0,0,0,0,5,2,39,26,135,0.8,7,1,1,0,0,1,1,1,0,0,0,0,0,0,0,0,0,5,3,41,38,165,2.3,7,1,1,0,0,1,1,1,0,0,0,0,0,0,0,0,0,5,7,38,60,149,0.3,7,1,1,0,0,1,1,1,0,0,0,0,0,0,0,0,0,5,8,18,-91,0,0.0,3,0,2,0,0,0,0,0,0,0,0,0,0,0,0,0,0,6,6,26,35,40,0.0,4,0,1,0,0,2,0,1,0,0,0,0,0,0,0,0,0,6,7,26,31,342,-6.6,7,1,1,0,0,1,1,1,0,0,0,0,0,0,0,0,0,6,9,50,60,121,0.7,7,1,1,0,0,1,1,0,0,0,0,0,0,0,0,0,0,6,10,37,28,177,6.9,7,1,1,0,0,1,1,0,0,0,0,0,0,0,0,0,0,6,16,36,30,43,2.9,7,1,1,0,0,1,1,1,0,0,0,0,0,0,0,0,0,6,21,48,21,211,-3.7,7,1,1,0,0,1,1,1,0,0,0,0,0,0,0,0,0,6,22,24,31,278,-32.7,4,0,1,0,0,1,1,1,0,0,0,0,0,0,0,0,0,6,23,0,12,318,0.0,1,0,1,0,0,2,0,1,0,0,0,0,0,0,0,0,0
94418000,1,42,0,0,10,24,42,334,-3.6,7,1,1,1,0,1,1,0,0,0,1,0,0,0,1,0,1,0,12,44,32,104,-1.1,7,1,1,1,0,1,1,0,0,0,1,0,0,0,1,0,1,0,15,0,14,75,0.0,1,0,1,0,0,2,0,1,0,0,0,0,0,0,0,0,0,0,18,44,40,199,0.7,7,1,1,1,0,1,1,1,0,0,1,0,0,0,1,0,1,0,23,44,72,49,0.1,7,1,1,1,0,1,1,0,0,0,1,0,0,0,1,0,1,0,24,40,34,36,0.5,7,1,1,1,0,1,1,0,0,0,1,0,0,0,1,0,1,0,25,39,35,145,-0.6,7,1,1,1,0,1,1,0,0,0,1,0,0,0,1,0,1,0,28,32,27,227,3.3,7,1,1,0,0,1,1,0,0,0,0,0,0,0,0,0,0,0,32,20,31,301,-4.9,7,1,1,1,0,1,1,0,0,0,1,0,0,0,1,0,1,1,127,0,21,258,0.0,0,0,0,0,0,2,0,1,0,0,0,0,0,0,0,0,0,1,128,28,46,238,0.0,4,0,0,0,0,2,1,1,0,0,0,0,0,0,0,0,0,1,129,40,53,229,0.0,7,0,1,0,0,2,1,1,0,0,0,0,0,0,0,0,0,1,137,41,60,149,0.0,7,0,0,0,0,2,1,1,0,0,0,0,0,0,0,0,0,2,4,0,0,264,0.0,0,0,1,0,0,2,0,1,0,0,0,0,0,0,0,0,0,2,12,0,24,314,0.0,1,0,1,0,0,1,1,1,0,0,0,0,0,0,0,0,0,2,19,19,41,303,-21.3,4,1,1,0,0,1,1,1,0,0,0,0,0,0,0,0,0,2,21,36,25,150,4.1,7,1,1,0,0,1,1,1,0,0,0,0,0,0,0,0,0,2,26,43,34,178,-0.3,7,1,1,0,0,1,1,0,0,0,0,0,0,0,0,0,0,2,27,36,27,92,1.2,7,1,1,0,0,1,1,0,0,0,0,0,0,0,0,0,0,2,29,43,47,14,0.4,7,1,1,0,0,1,1,0,0,0,0,0,0,0,0,0,0,2,30,23,4,48,0.0,4,0,1,0,0,2,0,1,0,0,0,0,0,0,0,0,0,2,33,33,60,250,-2.7,7,1,1,0,0,1,1,1,0,0,0,0,0,0,0,0,0,3,6,41,69,221,-0.8,7,1,1,0,0,1,1,0,0,0,0,0,0,0,0,0,0,3,9,39,53,216,0.0,7,1,1,0,0,1,1,0,0,0,0,0,0,0,0,0,0,3,13,43,61,358,-0.2,7,1,1,0,0,1,1,0,0,0,0,0,0,0,0,0,0,3,16,44,77,224,0.4,7,1,1,0,0,1,1,0,0,0,0,0,0,0,0,0,0,3,23,46,66,118,-0.5,7,1,1,0,0,1,1,0,0,0,0,0,0,0,0,0,0,3,27,0,20,216,0.0,0,0,1,0,0,1,1,0,0,0,0,0,0,0,0,0,0,3,32,23,41,338,-3.3,4,1,1,0,0,1,1,0,0,0,0,0,0,0,0,0,0,3,38,42,70,64,1.0,7,1,1,0,0,1,1,0,0,0,0,0,0,0,0,0,0,3,39,45,83,264,1.5,7,1,1,0,0,1,1,0,0,0,0,0,0,0,0,0,0,5,2,35,26,135,1.0,7,1,1,0,0,1,1,1,0,0,0,0,0,0,0,0,0,5,3,40,38,165,2.3,7,1,1,0,0,1,1,1,0,0,0,0,0,0,0,0,0,5,7,38,60,149,0.2,7,1,1,0,0,1,1,1,0,0,0,0,0,0,0,0,0,6,6,27,35,40,0.0,5,0,1,0,0,2,0,1,0,0,0,0,0,0,0,0,0,6,7,29,31,342,-7.0,7,1,1,0,0,1,1,1,0,0,0,0,0,0,0,0,0,6,9,49,60,121,0.7,7,1,1,0,0,1,1,0,0,0,0,0,0,0,0,0,0,6,10,41,28,177,6.9,7,1,1,0,0,1,1,0,0,0,0,0,0,0,0,0,0,6,16,39,30,43,2.7,7,1,1,0,0,1,1,1,0,0,0,0,0,0,0,0,0,6,21,44,21,211,-3.7,7,1,1,0,0,1,1,1,0,0,0,0,0,0,0,0,0,6,22,25,31,278,-28.6,4,1,1,0,0,1,1,1,0,0,0,0,0,0,0,0,0,6,23,0,12,318,0.0,1,0,1,0,0,2,0,1,0,0,0,0,0,0,0,0,0,,,,,,,,,,,,,,,,,,,,,,,,,,,,,,,,,,,,,,,,,,,,,,,,,,,,,,,,,,,,,,,,,,,,,
94419000,1,44,0,0,5,21,-91,0,0.0,3,0,0,0,0,0,0,0,0,0,0,0,0,0,0,0,0,0,10,23,42,334,-2.0,4,1,1,1,0,1,1,0,0,0,1,0,0,0,1,0,1,0,12,40,32,104,-1.1,7,1,1,1,0,1,1,0,0,0,1,0,0,0,1,0,1,0,15,23,14,75,0.0,3,0,1,0,0,2,0,1,0,0,0,0,0,0,0,0,0,0,18,46,40,199,0.6,7,1,1,1,0,1,1,1,0,0,1,0,0,0,1,0,1,0,23,44,72,49,0.1,7,1,1,1,0,1,1,0,0,0,1,0,0,0,1,0,1,0,24,41,34,36,0.5,7,1,1,1,0,1,1,0,0,0,1,0,0,0,1,0,1,0,25,40,35,145,-0.6,7,1,1,1,0,1,1,0,0,0,1,0,0,0,1,0,1,0,28,32,27,227,1.1,7,1,1,0,0,1,1,0,0,0,0,0,0,0,0,0,0,0,32,29,31,301,-8.4,5,1,1,1,0,1,1,0,0,0,1,0,0,0,1,0,1,1,127,0,21,258,0.0,0,0,0,0,0,2,0,1,0,0,0,0,0,0,0,0,0,1,128,28,46,238,0.0,4,0,0,0,0,2,1,1,0,0,0,0,0,0,0,0,0,1,129,42,53,229,0.0,7,0,1,0,0,2,1,1,0,0,0,0,0,0,0,0,0,1,137,41,60,149,0.0,7,0,0,0,0,2,1,1,0,0,0,0,0,0,0,0,0,2,4,0,0,264,0.0,0,0,1,0,0,2,0,1,0,0,0,0,0,0,0,0,0,2,12,0,24,314,0.0,1,0,1,0,0,1,1,1,0,0,0,0,0,0,0,0,0,2,19,18,41,303,-23.6,4,1,1,0,0,1,1,1,0,0,0,0,0,0,0,0,0,2,21,36,25,150,4.4,7,1,1,0,0,1,1,1,0,0,0,0,0,0,0,0,0,2,26,42,34,178,-0.4,7,1,1,0,0,1,1,0,0,0,0,0,0,0,0,0,0,2,27,35,27,92,1.3,7,1,1,0,0,1,1,0,0,0,0,0,0,0,0,0,0,2,29,41,47,14,0.4,7,1,1,0,0,1,1,0,0,0,0,0,0,0,0,0,0,2,30,21,4,48,0.0,4,0,1,0,0,2,0,1,0,0,0,0,0,0,0,0,0,2,33,33,60,250,-4.9,7,1,1,0,0,1,1,1,0,0,0,0,0,0,0,0,0,3,6,41,69,221,-0.8,7,1,1,0,0,1,1,0,0,0,0,0,0,0,0,0,0,3,9,39,53,216,0.0,7,1,1,0,0,1,1,0,0,0,0,0,0,0,0,0,0,3,13,44,61,358,-0.1,7,1,1,0,0,1,1,0,0,0,0,0,0,0,0,0,0,3,16,44,77,224,0.3,7,1,1,0,0,1,1,0,0,0,0,0,0,0,0,0,0,3,23,45,66,118,-0.4,7,1,1,0,0,1,1,0,0,0,0,0,0,0,0,0,0,3,27,0,20,216,0.0,0,0,1,0,0,1,1,0,0,0,0,0,0,0,0,0,0,3,32,21,41,338,-5.6,4,1,1,0,0,1,1,0,0,0,0,0,0,0,0,0,0,3,38,42,70,64,1.2,7,1,1,0,0,1,1,0,0,0,0,0,0,0,0,0,0,3,39,45,83,264,1.5,7,1,1,0,0,1,1,0,0,0,0,0,0,0,0,0,0,5,2,41,26,135,0.9,7,1,1,0,0,1,1,1,0,0,0,0,0,0,0,0,0,5,3,40,38,165,2.3,7,1,1,0,0,1,1,1,0,0,0,0,0,0,0,0,0,5,7,38,60,149,0.3,7,1,1,0,0,1,1,1,0,0,0,0,0,0,0,0,0,5,8,21,-91,0,0.0,3,0,2,0,0,0,0,0,0,0,0,0,0,0,0,0,0,6,6,27,35,40,0.0,7,0,1,0,0,2,0,1,0,0,0,0,0,0,0,0,0,6,7,29,31,342,-7.2,7,1,1,0,0,1,1,1,0,0,0,0,0,0,0,0,0,6,9,50,60,121,0.7,7,1,1,0,0,1,1,0,0,0,0,0,0,0,0,0,0,6,10,39,28,177,6.9,7,1,1,0,0,1,1,0,0,0,0,0,0,0,0,0,0,6,16,39,30,43,2.5,7,1,1,0,0,1,1,1,0,0,0,0,0,0,0,0,0,6,21,46,21,211,-3.6,7,1,1,0,0,1,1,1,0,0,0,0,0,0,0,0,0,6,22,23,31,278,-25.6,4,1,1,0,0,1,1,1,0,0,0,0,0,0,0,0,0,6,23,0,12,318,0.0,1,0,1,0,0,2,0,1,0,0,0,0,0,0,0,0,0,,,,,,,,,,,,,,,,,,,,,,,
94420000,1,45,0,0,5,19,-91,0,0.0,3,0,0,0,0,0,0,0,0,0,0,0,0,0,0,0,0,0,7,0,-91,0,0.0,1,0,0,0,0,0,0,0,0,0,0,0,0,0,0,0,0,0,10,30,42,334,-4.2,5,1,1,1,0,1,1,0,0,0,1,0,0,0,1,0,1,0,12,40,32,104,-1.1,7,1,1,1,0,1,1,0,0,0,1,0,0,0,1,0,1,0,15,21,14,75,0.0,3,0,1,0,0,2,0,1,0,0,0,0,0,0,0,0,0,0,18,46,40,199,0.7,7,1,1,1,0,1,1,1,0,0,1,0,0,0,1,0,1,0,23,44,72,49,0.0,7,1,1,1,0,1,1,0,0,0,1,0,0,0,1,0,1,0,24,43,34,36,0.3,7,1,1,1,0,1,1,0,0,0,1,0,0,0,1,0,1,0,25,41,35,145,-0.6,7,1,1,1,0,1,1,0,0,0,1,0,0,0,1,0,1,0,28,27,27,227,2.3,7,1,1,0,0,1,1,0,0,0,0,0,0,0,0,0,0,0,32,32,31,301,-8.6,6,1,1,1,0,1,1,0,0,0,1,0,0,0,1,0,1,1,127,0,21,258,0.0,0,0,0,0,0,2,0,1,0,0,0,0,0,0,0,0,0,1,128,29,46,238,0.0,5,0,0,0,0,2,1,1,0,0,0,0,0,0,0,0,0,1,129,42,53,229,0.0,7,0,1,0,0,2,1,1,0,0,0,0,0,0,0,0,0,1,137,41,60,149,0.0,7,0,0,0,0,2,1,1,0,0,0,0,0,0,0,0,0,2,4,0,0,264,0.0,0,0,1,0,0,2,0,1,0,0,0,0,0,0,0,0,0,2,12,0,24,314,0.0,1,0,1,0,0,1,1,1,0,0,0,0,0,0,0,0,0,2,19,19,41,303,-26.1,4,0,1,0,0,1,1,1,0,0,0,0,0,0,0,0,0,2,21,36,25,150,3.3,7,1,1,0,0,1,1,1,0,0,0,0,0,0,0,0,0,2,26,40,34,178,-0.6,7,1,1,0,0,1,1,0,0,0,0,0,0,0,0,0,0,2,27,35,27,92,1.0,7,1,1,0,0,1,1,0,0,0,0,0,0,0,0,0,0,2,29,40,47,14,0.6,7,1,1,0,0,1,1,0,0,0,0,0,0,0,0,0,0,2,30,22,4,48,0.0,4,0,1,0,0,2,0,1,0,0,0,0,0,0,0,0,0,2,33,28,60,250,-4.4,7,1,1,0,0,1,1,1,0,0,0,0,0,0,0,0,0,3,6,44,69,221,-0.8,7,1,1,0,0,1,1,0,0,0,0,0,0,0,0,0,0,3,9,39,53,216,0.1,7,1,1,0,0,1,1,0,0,0,0,0,0,0,0,0,0,3,13,45,61,358,-0.2,7,1,1,0,0,1,1,0,0,0,0,0,0,0,0,0,0,3,16,45,77,224,0.0,7,1,1,0,0,1,1,0,0,0,0,0,0,0,0,0,0,3,23,46,66,118,-0.3,7,1,1,0,0,1,1,0,0,0,0,0,0,0,0,0,0,3,27,0,20,216,0.0,0,0,1,0,0,1,1,0,0,0,0,0,0,0,0,0,0,3,32,22,41,338,-2.6,4,1,1,0,0,1,1,0,0,0,0,0,0,0,0,0,0,3,38,42,70,64,1.2,7,1,1,0,0,1,1,0,0,0,0,0,0,0,0,0,0,3,39,45,83,264,1.4,7,1,1,0,0,1,1,0,0,0,0,0,0,0,0,0,0,5,2,37,26,135,0.8,7,1,1,0,0,1,1,1,0,0,0,0,0,0,0,0,0,5,3,40,38,165,2.2,7,1,1,0,0,1,1,1,0,0,0,0,0,0,0,0,0,5,7,37,60,149,0.2,7,1,1,0,0,1,1,1,0,0,0,0,0,0,0,0,0,5,8,20,-91,0,0.0,3,0,2,0,0,0,0,0,0,0,0,0,0,0,0,0,0,6,6,28,35,40,0.0,7,0,1,0,0,2,0,1,0,0,0,0,0,0,0,0,0,6,7,24,31,342,-7.3,7,1,1,0,0,1,1,1,0,0,0,0,0,0,0,0,0,6,9,50,60,121,0.4,7,1,1,0,0,1,1,0,0,0,0,0,0,0,0,0,0,6,10,37,28,177,6.9,7,1,1,0,0,1,1,0,0,0,0,0,0,0,0,0,0,6,16,38,30,43,2.4,7,1,1,0,0,1,1,1,0,0,0,0,0,0,0,0,0,6,21,47,21,211,-3.6,7,1,1,0,0,1,1,1,0,0,0,0,0,0,0,0,0,6,22,23,31,278,-27.5,4,1,1,0,0,1,1,1,0,0,0,0,0,0,0,0,0,6,23,15,12,318,0.0,3,0,1,0,0,2,0,1,0,0,0,0,0,0,0,0,0
94421000,1,47,0,0,5,17,-91,0,0.0,3,0,0,0,0,0,0,0,0,0,0,0,0,0,0,0,0,0,7,0,-91,0,0.0,1,0,0,0,0,0,0,0,0,0,0,0,0,0,0,0,0,0,10,25,42,334,-5.7,4,1,1,1,0,1,1,0,0,0,1,0,0,0,1,0,1,0,12,43,32,104,-1.1,7,1,1,1,0,1,1,0,0,0,1,0,0,0,1,0,1,0,15,18,14,75,0.0,3,0,1,0,0,2,0,1,0,0,0,0,0,0,0,0,0,0,18,46,40,199,0.9,7,1,1,1,0,1,1,1,0,0,1,0,0,0,1,0,1,0,23,44,72,49,0.1,7,1,1,1,0,1,1,0,0,0,1,0,0,0,1,0,1,0,24,38,34,36,0.3,7,1,1,1,0,1,1,0,0,0,1,0,0,0,1,0,1,0,25,37,35,145,-0.5,7,1,1,1,0,1,1,0,0,0,1,0,0,0,1,0,1,0,28,32,27,227,2.6,7,1,1,0,0,1,1,0,0,0,0,0,0,0,0,0,0,0,32,30,31,301,-7.3,5,1,1,1,0,1,1,0,0,0,1,0,0,0,1,0,1,1,127,0,21,258,0.0,0,0,0,0,0,2,0,1,0,0,0,0,0,0,0,0,0,1,128,28,46,238,0.0,4,0,0,0,0,2,1,1,0,0,0,0,0,0,0,0,0,1,129,41,53,229,0.0,7,0,1,0,0,2,1,1,0,0,0,0,0,0,0,0,0,1,137,41,60,149,0.0,7,0,0,0,0,2,1,1,0,0,0,0,0,0,0,0,0,2,4,0,0,264,0.0,0,0,1,0,0,2,0,1,0,0,0,0,0,0,0,0,0,2,12,0,24,314,0.0,1,0,1,0,0,1,1,1,0,0,0,0,0,0,0,0,0,2,19,20,41,303,-27.0,4,1,1,0,0,1,1,1,0,0,0,0,0,0,0,0,0,2,21,33,25,150,3.2,7,1,1,0,0,1,1,1,0,0,0,0,0,0,0,0,0,2,23,0,0,193,0.0,1,0,1,0,0,2,0,1,0,0,0,0,0,0,0,0,0,2,26,41,34,178,-0.4,7,1,1,0,0,1,1,0,0,0,0,0,0,0,0,0,0,2,27,37,27,92,1.2,7,1,1,0,0,1,1,0,0,0,0,0,0,0,0,0,0,2,29,42,47,14,0.2,7,1,1,0,0,1,1,0,0,0,0,0,0,0,0,0,0,2,30,21,4,48,0.0,4,0,1,0,0,2,0,1,0,0,0,0,0,0,0,0,0,2,33,29,60,250,-5.9,7,1,1,0,0,1,1,1,0,0,0,0,0,0,0,0,0,3,6,43,69,221,-0.8,7,1,1,0,0,1,1,0,0,0,0,0,0,0,0,0,0,3,9,38,53,216,0.0,7,1,1,0,0,1,1,0,0,0,0,0,0,0,0,0,0,3,13,44,61,358,-0.2,7,1,1,0,0,1,1,0,0,0,0,0,0,0,0,0,0,3,16,45,77,224,-0.1,7,1,1,0,0,1,1,0,0,0,0,0,0,0,0,0,0,3,23,47,66,118,-0.4,7,1,1,0,0,1,1,0,0,0,0,0,0,0,0,0,0,3,27,0,20,216,0.0,0,0,1,0,0,1,1,0,0,0,0,0,0,0,0,0,0,3,32,21,41,338,-2.8,4,1,1,0,0,1,1,0,0,0,0,0,0,0,0,0,0,3,38,43,70,64,1.2,7,1,1,0,0,1,1,0,0,0,0,0,0,0,0,0,0,3,39,45,83,264,1.3,7,1,1,0,0,1,1,0,0,0,0,0,0,0,0,0,0,5,2,35,26,135,0.8,7,1,1,0,0,1,1,1,0,0,0,0,0,0,0,0,0,5,3,42,38,165,2.2,7,1,1,0,0,1,1,1,0,0,0,0,0,0,0,0,0,5,7,37,60,149,0.2,7,1,1,0,0,1,1,1,0,0,0,0,0,0,0,0,0,5,8,20,-91,0,0.0,3,0,2,0,0,0,0,0,0,0,0,0,0,0,0,0,0,6,6,27,35,40,0.0,7,0,1,0,0,2,0,1,0,0,0,0,0,0,0,0,0,6,7,26,31,342,-7.7,7,1,1,0,0,1,1,1,0,0,0,0,0,0,0,0,0,6,8,0,3,301,0.0,0,0,0,0,0,2,0,1,0,0,0,0,0,0,0,0,0,6,9,49,60,121,0.4,7,1,1,0,0,1,1,0,0,0,0,0,0,0,0,0,0,6,10,40,28,177,6.9,7,1,1,0,0,1,1,0,0,0,0,0,0,0,0,0,0,6,16,38,30,43,2.3,7,1,1,0,0,1,1,1,0,0,0,0,0,0,0,0,0,6,21,45,21,211,-3.5,7,1,1,0,0,1,1,1,0,0,0,0,0,0,0,0,0
94422000,1,47,0,0,5,16,-91,0,0.0,3,0,0,0,0,0,0,0,0,0,0,0,0,0,0,0,0,0,7,0,-91,0,0.0,1,0,0,0,0,0,0,0,0,0,0,0,0,0,0,0,0,0,10,27,42,334,-5.2,5,1,1,1,0,1,1,0,0,0,1,0,0,0,1,0,1,0,12,45,32,104,-1.2,7,1,1,1,0,1,1,0,0,0,1,0,0,0,1,0,1,0,15,17,14,75,0.0,3,0,1,0,0,2,0,1,0,0,0,0,0,0,0,0,0,0,18,43,40,199,0.9,7,1,1,1,0,1,1,1,0,0,1,0,0,0,1,0,1,0,23,43,72,49,0.1,7,1,1,1,0,1,1,0,0,0,1,0,0,0,1,0,1,0,24,39,34,36,0.1,7,1,1,1,0,1,1,0,0,0,1,0,0,0,1,0,1,0,25,40,35,145,-0.4,7,1,1,1,0,1,1,0,0,0,1,0,0,0,1,0,1,0,28,33,27,227,2.6,7,1,1,0,0,1,1,0,0,0,0,0,0,0,0,0,0,0,32,28,31,301,-2.6,6,1,1,1,0,1,1,0,0,0,1,0,0,0,1,0,1,1,127,0,21,258,0.0,0,0,0,0,0,2,0,1,0,0,0,0,0,0,0,0,0,1,128,28,46,238,0.0,4,0,0,0,0,2,1,1,0,0,0,0,0,0,0,0,0,1,129,41,53,229,0.0,7,0,1,0,0,2,1,1,0,0,0,0,0,0,0,0,0,1,137,41,60,149,0.0,7,0,0,0,0,2,1,1,0,0,0,0,0,0,0,0,0,2,4,0,0,264,0.0,0,0,1,0,0,2,0,1,0,0,0,0,0,0,0,0,0,2,12,0,24,314,0.0,1,0,1,0,0,1,1,1,0,0,0,0,0,0,0,0,0,2,19,19,41,303,-28.0,4,1,1,0,0,1,1,1,0,0,0,0,0,0,0,0,0,2,21,36,25,150,3.1,7,1,1,0,0,1,1,1,0,0,0,0,0,0,0,0,0,2,23,0,0,193,0.0,1,0,1,0,0,2,0,1,0,0,0,0,0,0,0,0,0,2,26,43,34,178,-0.2,7,1,1,0,0,1,1,0,0,0,0,0,0,0,0,0,0,2,27,37,27,92,1.0,7,1,1,0,0,1,1,0,0,0,0,0,0,0,0,0,0,2,29,43,47,14,-0.1,7,1,1,0,0,1,1,0,0,0,0,0,0,0,0,0,0,2,30,21,4,48,0.0,4,0,1,0,0,2,0,1,0,0,0,0,0,0,0,0,0,2,33,31,60,250,-7.5,7,1,1,0,0,1,1,1,0,0,0,0,0,0,0,0,0,3,6,42,69,221,-0.8,7,1,1,0,0,1,1,0,0,0,0,0,0,0,0,0,0,3,9,38,53,216,0.0,7,1,1,0,0,1,1,0,0,0,0,0,0,0,0,0,0,3,13,43,61,358,-0.1,7,1,1,0,0,1,1,0,0,0,0,0,0,0,0,0,0,3,16,44,77,224,0.0,7,1,1,0,0,1,1,0,0,0,0,0,0,0,0,0,0,3,23,48,66,118,-0.5,7,1,1,0,0,1,1,0,0,0,0,0,0,0,0,0,0,3,27,0,20,216,0.0,0,0,1,0,0,1,1,0,0,0,0,0,0,0,0,0,0,3,32,21,41,338,-2.3,4,1,1,0,0,1,1,0,0,0,0,0,0,0,0,0,0,3,38,43,70,64,1.2,7,1,1,0,0,1,1,0,0,0,0,0,0,0,0,0,0,3,39,45,83,264,1.4,7,1,1,0,0,1,1,0,0,0,0,0,0,0,0,0,0,5,2,32,26,135,0.8,7,1,1,0,0,1,1,1,0,0,0,0,0,0,0,0,0,5,3,40,38,165,2.2,7,1,1,0,0,1,1,1,0,0,0,0,0,0,0,0,0,5,7,38,60,149,0.3,7,1,1,0,0,1,1,1,0,0,0,0,0,0,0,0,0,5,8,20,-91,0,0.0,3,0,2,0,0,0,0,0,0,0,0,0,0,0,0,0,0,6,6,27,35,40,0.0,7,0,1,0,0,2,0,1,0,0,0,0,0,0,0,0,0,6,7,27,31,342,-7.7,7,1,1,0,0,1,1,1,0,0,0,0,0,0,0,0,0,6,8,0,3,301,0.0,0,0,1,0,0,2,0,1,0,0,0,0,0,0,0,0,0,6,9,49,60,121,0.4,7,1,1,0,0,1,1,0,0,0,0,0,0,0,0,0,0,6,10,40,28,177,6.8,7,1,1,0,0,1,1,0,0,0,0,0,0,0,0,0,0,6,16,38,30,43,2.2,7,1,1,0,0,1,1,1,0,0,0,0,0,0,0,0,0,6,21,46,21,211,-3.4,7,1,1,0,0,1,1,1,0,0,0,0,0,0,0,0,0
94423000,1,46,0,0,5,14,-91,0,0.0,3,0,0,0,0,0,0,0,0,0,0,0,0,0,0,0,0,0,10,27,42,334,-9.5,5,1,1,1,0,1,1,0,0,0,1,0,0,0,1,0,1,0,12,42,32,104,-1.1,7,1,1,1,0,1,1,0,0,0,1,0,0,0,1,0,1,0,15,21,14,75,0.0,3,0,1,0,0,2,0,1,0,0,0,0,0,0,0,0,0,0,18,46,40,199,0.8,7,1,1,1,0,1,1,1,0,0,1,0,0,0,1,0,1,0,23,41,72,49,0.1,7,1,1,1,0,1,1,0,0,0,1,0,0,0,1,0,1,0,24,39,34,36,0.0,7,1,1,1,0,1,1,0,0,0,1,0,0,0,1,0,1,0,25,40,35,145,-0.5,7,1,1,1,0,1,1,0,0,0,1,0,0,0,1,0,1,0,28,31,27,227,2.5,7,1,1,0,0,1,1,0,0,0,0,0,0,0,0,0,0,0,32,18,31,301,-4.3,4,1,1,1,0,1,1,0,0,0,1,0,0,0,1,0,1,1,127,0,21,258,0.0,0,0,0,0,0,2,0,1,0,0,0,0,0,0,0,0,0,1,128,28,46,238,0.0,5,0,0,0,0,2,1,1,0,0,0,0,0,0,0,0,0,1,129,41,53,229,0.0,7,0,1,0,0,2,1,1,0,0,0,0,0,0,0,0,0,1,137,40,60,149,0.0,7,0,0,0,0,2,1,1,0,0,0,0,0,0,0,0,0,2,4,0,0,264,0.0,0,0,1,0,0,2,0,1,0,0,0,0,0,0,0,0,0,2,12,0,24,314,0.0,1,0,1,0,0,1,1,1,0,0,0,0,0,0,0,0,0,2,19,20,41,303,-27.1,4,1,1,0,0,1,1,1,0,0,0,0,0,0,0,0,0,2,21,37,25,150,2.6,7,1,1,0,0,1,1,1,0,0,0,0,0,0,0,0,0,2,23,0,0,193,0.0,1,0,1,0,0,2,0,1,0,0,0,0,0,0,0,0,0,2,26,42,34,178,0.2,7,1,1,0,0,1,1,0,0,0,0,0,0,0,0,0,0,2,27,30,27,92,1.4,7,1,1,0,0,1,1,0,0,0,0,0,0,0,0,0,0,2,29,43,47,14,0.2,7,1,1,0,0,1,1,0,0,0,0,0,0,0,0,0,0,2,30,21,4,48,0.0,4,0,1,0,0,2,0,1,0,0,0,0,0,0,0,0,0,2,33,31,60,250,-9.4,7,1,1,0,0,1,1,1,0,0,0,0,0,0,0,0,0,3,6,42,69,221,-0.8,7,1,1,0,0,1,1,0,0,0,0,0,0,0,0,0,0,3,9,35,53,216,-0.1,7,1,1,0,0,1,1,0,0,0,0,0,0,0,0,0,0,3,13,45,61,358,-0.2,7,1,1,0,0,1,1,0,0,0,0,0,0,0,0,0,0,3,16,44,77,224,0.1,7,1,1,0,0,1,1,0,0,0,0,0,0,0,0,0,0,3,23,47,66,118,-0.5,7,1,1,0,0,1,1,0,0,0,0,0,0,0,0,0,0,3,27,0,20,216,0.0,0,0,1,0,0,1,1,0,0,0,0,0,0,0,0,0,0,3,32,21,41,338,0.1,4,1,1,0,0,1,1,0,0,0,0,0,0,0,0,0,0,3,38,43,70,64,1.3,7,1,1,0,0,1,1,0,0,0,0,0,0,0,0,0,0,3,39,45,83,264,1.4,7,1,1,0,0,1,1,0,0,0,0,0,0,0,0,0,0,5,2,38,26,135,0.8,7,1,1,0,0,1,1,1,0,0,0,0,0,0,0,0,0,5,3,40,38,165,2.2,7,1,1,0,0,1,1,1,0,0,0,0,0,0,0,0,0,5,7,37,60,149,0.3,7,1,1,0,0,1,1,1,0,0,0,0,0,0,0,0,0,5,8,21,-91,0,0.0,3,0,2,0,0,0,0,0,0,0,0,0,0,0,0,0,0,6,6,27,35,40,0.0,7,0,1,0,0,2,0,1,0,0,0,0,0,0,0,0,0,6,7,27,31,342,-7.9,7,1,1,0,0,1,1,1,0,0,0,0,0,0,0,0,0,6,8,0,3,301,0.0,0,0,1,0,0,2,0,1,0,0,0,0,0,0,0,0,0,6,9,49,60,121,0.3,7,1,1,0,0,1,1,0,0,0,0,0,0,0,0,0,0,6,10,40,28,177,6.8,7,1,1,0,0,1,1,0,0,0,0,0,0,0,0,0,0,6,16,37,30,43,2.1,7,1,1,0,0,1,1,1,0,0,0,0,0,0,0,0,0,6,21,47,21,211,-3.5,7,1,1,0,0,1,1,1,0,0,0,0,0,0,0,0,0,6,22,29,31,278,-26.7,5,1,1,0,0,1,1,1,0,0,0,0,0,0,0,0,0
94424000,1,45,0,0,10,27,42,334,-18.2,6,1,1,1,0,1,1,0,0,0,1,0,0,0,1,0,1,0,12,43,32,104,-1.1,7,1,1,1,0,1,1,0,0,0,1,0,0,0,1,0,1,0,15,19,14,75,0.0,3,0,1,0,0,2,0,1,0,0,0,0,0,0,0,0,0,0,18,45,40,199,0.8,7,1,1,1,0,1,1,1,0,0,1,0,0,0,1,0,1,0,23,39,72,49,0.1,7,1,1,1,0,1,1,0,0,0,1,0,0,0,1,0,1,0,24,37,34,36,0.1,7,1,1,1,0,1,1,0,0,0,1,0,0,0,1,0,1,0,25,43,35,145,-0.5,7,1,1,1,0,1,1,0,0,0,1,0,0,0,1,0,1,0,28,30,27,227,2.4,7,1,1,0,0,1,1,0,0,0,0,0,0,0,0,0,0,0,32,21,31,301,0.8,4,1,1,1,0,1,1,0,0,0,1,0,0,0,1,0,1,1,127,0,21,258,0.0,0,0,0,0,0,2,0,1,0,0,0,0,0,0,0,0,0,1,128,29,46,238,0.0,5,0,0,0,0,2,1,1,0,0,0,0,0,0,0,0,0,1,129,42,53,229,0.0,7,0,1,0,0,2,1,1,0,0,0,0,0,0,0,0,0,1,137,40,60,149,0.0,7,0,0,0,0,2,1,1,0,0,0,0,0,0,0,0,0,2,4,0,0,264,0.0,0,0,1,0,0,2,0,1,0,0,0,0,0,0,0,0,0,2,12,0,24,314,0.0,1,0,1,0,0,1,1,1,0,0,0,0,0,0,0,0,0,2,19,19,41,303,-27.5,4,0,1,0,0,1,1,1,0,0,0,0,0,0,0,0,0,2,21,39,25,150,1.4,7,1,1,0,0,1,1,1,0,0,0,0,0,0,0,0,0,2,23,0,0,193,0.0,1,0,1,0,0,2,0,1,0,0,0,0,0,0,0,0,0,2,26,40,34,178,0.6,7,1,1,0,0,1,1,0,0,0,0,0,0,0,0,0,0,2,27,29,27,92,3.1,7,1,1,0,0,1,1,0,0,0,0,0,0,0,0,0,0,2,29,43,47,14,0.3,7,1,1,0,0,1,1,0,0,0,0,0,0,0,0,0,0,2,30,23,4,48,0.0,4,0,1,0,0,2,0,1,0,0,0,0,0,0,0,0,0,2,33,29,60,250,-10.3,7,1,1,0,0,1,1,1,0,0,0,0,0,0,0,0,0,3,6,42,69,221,-0.8,7,1,1,0,0,1,1,0,0,0,0,0,0,0,0,0,0,3,9,39,53,216,0.0,7,1,1,0,0,1,1,0,0,0,0,0,0,0,0,0,0,3,13,44,61,358,-0.1,7,1,1,0,0,1,1,0,0,0,0,0,0,0,0,0,0,3,16,44,77,224,0.2,7,1,1,0,0,1,1,0,0,0,0,0,0,0,0,0,0,3,23,47,66,118,-0.4,7,1,1,0,0,1,1,0,0,0,0,0,0,0,0,0,0,3,27,0,20,216,0.0,0,0,1,0,0,1,1,0,0,0,0,0,0,0,0,0,0,3,32,23,41,338,3.8,4,1,1,0,0,1,1,0,0,0,0,0,0,0,0,0,0,3,38,41,70,64,1.4,7,1,1,0,0,1,1,0,0,0,0,0,0,0,0,0,0,3,39,45,83,264,1.3,7,1,1,0,0,1,1,0,0,0,0,0,0,0,0,0,0,5,2,40,26,135,0.7,7,1,1,0,0,1,1,1,0,0,0,0,0,0,0,0,0,5,3,41,38,165,2.2,7,1,1,0,0,1,1,1,0,0,0,0,0,0,0,0,0,5,7,37,60,149,0.3,7,1,1,0,0,1,1,1,0,0,0,0,0,0,0,0,0,5,8,21,-91,0,0.0,3,0,2,0,0,0,0,0,0,0,0,0,0,0,0,0,0,6,6,27,35,40,0.0,7,0,1,0,0,2,0,1,0,0,0,0,0,0,0,0,0,6,7,28,31,342,-8.1,7,1,1,0,0,1,1,1,0,0,0,0,0,0,0,0,0,6,8,0,3,301,0.0,0,0,1,0,0,2,0,1,0,0,0,0,0,0,0,0,0,6,9,48,60,121,0.3,7,1,1,0,0,1,1,0,0,0,0,0,0,0,0,0,0,6,10,38,28,177,6.8,7,1,1,0,0,1,1,0,0,0,0,0,0,0,0,0,0,6,16,34,30,43,2.0,7,1,1,0,0,1,1,1,0,0,0,0,0,0,0,0,0,6,21,46,21,211,-3.3,7,1,1,0,0,1,1,1,0,0,0,0,0,0,0,0,0,6,22,30,31,278,-27.6,6,1,1,0,0,1,1,1,0,0,0,0,0,0,0,0,0,6,23,21,12,318,0.0,4,0,1,0,0,2,0,1,0,0,0,0,0,0,0,0,0
94425000,1,45,0,0,10,28,42,334,-18.9,6,1,1,1,0,1,1,0,0,0,1,0,0,0,1,0,1,0,12,42,32,104,-0.9,7,1,1,1,0,1,1,0,0,0,1,0,0,0,1,0,1,0,15,22,14,75,0.0,3,0,1,0,0,2,0,1,0,0,0,0,0,0,0,0,0,0,18,43,40,199,1.0,7,1,1,1,0,1,1,1,0,0,1,0,0,0,1,0,1,0,23,40,72,49,0.2,7,1,1,1,0,1,1,0,0,0,1,0,0,0,1,0,1,0,24,38,34,36,0.2,7,1,1,1,0,1,1,0,0,0,1,0,0,0,1,0,1,0,25,43,35,145,-0.5,7,1,1,1,0,1,1,0,0,0,1,0,0,0,1,0,1,0,28,30,27,227,2.1,7,1,1,0,0,1,1,0,0,0,0,0,0,0,0,0,0,0,32,21,31,301,2.9,4,1,1,1,0,1,1,0,0,0,1,0,0,0,1,0,1,1,127,0,21,258,0.0,0,0,0,0,0,2,0,1,0,0,0,0,0,0,0,0,0,1,128,31,46,238,0.0,6,0,0,0,0,2,1,1,0,0,0,0,0,0,0,0,0,1,129,43,53,229,0.0,7,0,1,0,0,2,1,1,0,0,0,0,0,0,0,0,0,1,137,42,60,149,0.0,7,0,0,0,0,2,1,1,0,0,0,0,0,0,0,0,0,2,4,0,0,264,0.0,0,0,1,0,0,2,0,1,0,0,0,0,0,0,0,0,0,2,12,0,24,314,0.0,1,0,1,0,0,1,1,1,0,0,0,0,0,0,0,0,0,2,19,18,41,303,-25.7,4,1,1,0,0,1,1,1,0,0,0,0,0,0,0,0,0,2,21,39,25,150,0.8,7,1,1,0,0,1,1,1,0,0,0,0,0,0,0,0,0,2,23,0,0,193,0.0,1,0,1,0,0,2,0,1,0,0,0,0,0,0,0,0,0,2,26,40,34,178,0.3,7,1,1,0,0,1,1,0,0,0,0,0,0,0,0,0,0,2,27,29,27,92,2.1,7,1,1,0,0,1,1,0,0,0,0,0,0,0,0,0,0,2,29,43,47,14,0.3,7,1,1,0,0,1,1,0,0,0,0,0,0,0,0,0,0,2,30,26,4,48,0.0,5,0,1,0,0,2,0,1,0,0,0,0,0,0,0,0,0,2,33,28,60,250,-8.6,7,1,1,0,0,1,1,1,0,0,0,0,0,0,0,0,0,3,6,43,69,221,-0.8,7,1,1,0,0,1,1,0,0,0,0,0,0,0,0,0,0,3,9,39,53,216,0.1,7,1,1,0,0,1,1,0,0,0,0,0,0,0,0,0,0,3,13,44,61,358,-0.2,7,1,1,0,0,1,1,0,0,0,0,0,0,0,0,0,0,3,16,44,77,224,0.4,7,1,1,0,0,1,1,0,0,0,0,0,0,0,0,0,0,3,23,46,66,118,-0.4,7,1,1,0,0,1,1,0,0,0,0,0,0,0,0,0,0,3,27,0,20,216,0.0,0,0,1,0,0,1,1,0,0,0,0,0,0,0,0,0,0,3,32,24,41,338,3.0,4,1,1,0,0,1,1,0,0,0,0,0,0,0,0,0,0,3,38,41,70,64,1.4,7,1,1,0,0,1,1,0,0,0,0,0,0,0,0,0,0,3,39,45,83,264,1.5,7,1,1,0,0,1,1,0,0,0,0,0,0,0,0,0,0,5,2,40,26,135,0.7,7,1,1,0,0,1,1,1,0,0,0,0,0,0,0,0,0,5,3,41,38,165,2.2,7,1,1,0,0,1,1,1,0,0,0,0,0,0,0,0,0,5,7,38,60,149,0.4,7,1,1,0,0,1,1,1,0,0,0,0,0,0,0,0,0,5,8,20,-91,0,0.0,3,0,2,0,0,0,0,0,0,0,0,0,0,0,0,0,0,6,6,27,35,40,0.0,7,0,1,0,0,2,0,1,0,0,0,0,0,0,0,0,0,6,7,28,31,342,-8.0,7,1,1,0,0,1,1,1,0,0,0,0,0,0,0,0,0,6,8,0,3,301,0.0,0,0,1,0,0,2,0,1,0,0,0,0,0,0,0,0,0,6,9,48,60,121,0.4,7,1,1,0,0,1,1,1,0,0,0,0,0,0,0,0,0,6,10,39,28,177,6.8,7,1,1,0,0,1,1,0,0,0,0,0,0,0,0,0,0,6,16,34,30,43,2.1,7,1,1,0,0,1,1,1,0,0,0,0,0,0,0,0,0,6,21,47,20,211,-3.2,7,1,1,0,0,1,1,1,0,0,0,0,0,0,0,0,0,6,22,23,31,278,-31.0,7,1,1,0,0,1,1,1,0,0,0,0,0,0,0,0,0,6,23,23,12,318,0.0,4,0,1,0,0,2,0,1,0,0,0,0,0,0,0,0,0
94426000,1,45,0,0,10,26,42,334,-24.3,6,1,1,1,0,1,1,0,0,0,1,0,0,0,1,0,1,0,12,44,32,104,-0.8,7,1,1,1,0,1,1,0,0,0,1,0,0,0,1,0,1,0,15,19,14,75,0.0,3,0,1,0,0,2,0,1,0,0,0,0,0,0,0,0,0,0,18,42,40,199,1.0,7,1,1,1,0,1,1,1,0,0,1,0,0,0,1,0,1,0,23,43,72,49,0.3,7,1,1,1,0,1,1,0,0,0,1,0,0,0,1,0,1,0,24,33,34,36,0.2,7,1,1,1,0,1,1,0,0,0,1,0,0,0,1,0,1,0,25,39,35,145,-0.5,7,1,1,1,0,1,1,0,0,0,1,0,0,0,1,0,1,0,28,29,27,227,2.1,7,1,1,0,0,1,1,0,0,0,0,0,0,0,0,0,0,0,32,22,31,301,2.1,4,1,1,1,0,1,1,0,0,0,1,0,0,0,1,0,1,1,127,0,21,258,0.0,0,0,0,0,0,2,0,1,0,0,0,0,0,0,0,0,0,1,128,32,46,238,0.0,6,0,0,0,0,2,1,1,0,0,0,0,0,0,0,0,0,1,129,43,53,229,0.0,7,0,1,0,0,2,1,1,0,0,0,0,0,0,0,0,0,1,137,40,60,149,0.0,7,0,0,0,0,2,1,1,0,0,0,0,0,0,0,0,0,2,4,0,0,264,0.0,0,0,1,0,0,2,0,1,0,0,0,0,0,0,0,0,0,2,12,0,24,314,0.0,1,0,1,0,0,1,1,1,0,0,0,0,0,0,0,0,0,2,19,20,41,303,-22.7,4,1,1,0,0,1,1,1,0,0,0,0,0,0,0,0,0,2,21,37,25,150,0.7,7,1,1,0,0,1,1,1,0,0,0,0,0,0,0,0,0,2,23,0,0,193,0.0,1,0,1,0,0,2,0,1,0,0,0,0,0,0,0,0,0,2,26,40,34,178,0.2,7,1,1,0,0,1,1,0,0,0,0,0,0,0,0,0,0,2,27,22,27,92,-0.1,4,1,1,0,0,1,1,0,0,0,0,0,0,0,0,0,0,2,29,45,47,14,0.2,7,1,1,0,0,1,1,0,0,0,0,0,0,0,0,0,0,2,30,27,4,48,0.0,7,0,1,0,0,2,0,1,0,0,0,0,0,0,0,0,0,2,33,27,60,250,-7.8,7,1,1,0,0,1,1,1,0,0,0,0,0,0,0,0,0,3,6,43,69,221,-0.7,7,1,1,0,0,1,1,0,0,0,0,0,0,0,0,0,0,3,9,41,53,216,0.0,7,1,1,0,0,1,1,0,0,0,0,0,0,0,0,0,0,3,13,43,61,358,-0.1,7,1,1,0,0,1,1,0,0,0,0,0,0,0,0,0,0,3,16,45,77,224,0.4,7,1,1,0,0,1,1,0,0,0,0,0,0,0,0,0,0,3,23,45,66,118,-0.4,7,1,1,0,0,1,1,0,0,0,0,0,0,0,0,0,0,3,27,0,20,216,0.0,0,0,1,0,0,1,1,0,0,0,0,0,0,0,0,0,0,3,32,26,41,338,-1.1,4,1,1,0,0,1,1,0,0,0,0,0,0,0,0,0,0,3,38,43,70,64,1.5,7,1,1,0,0,1,1,0,0,0,0,0,0,0,0,0,0,3,39,41,83,264,1.4,7,1,1,0,0,1,1,0,0,0,0,0,0,0,0,0,0,5,2,39,26,135,0.8,7,1,1,0,0,1,1,1,0,0,0,0,0,0,0,0,0,5,3,43,38,165,2.1,7,1,1,0,0,1,1,1,0,0,0,0,0,0,0,0,0,5,7,38,60,149,0.4,7,1,1,0,0,1,1,1,0,0,0,0,0,0,0,0,0,5,8,20,-91,0,0.0,3,0,2,0,0,0,0,0,0,0,0,0,0,0,0,0,0,6,6,27,35,40,0.0,4,0,1,0,0,2,0,1,0,0,0,0,0,0,0,0,0,6,7,30,31,342,-8.3,7,1,1,0,0,1,1,1,0,0,0,0,0,0,0,0,0,6,8,0,3,301,0.0,0,0,1,0,0,2,0,1,0,0,0,0,0,0,0,0,0,6,9,45,60,121,0.4,7,1,1,0,0,1,1,1,0,0,0,0,0,0,0,0,0,6,10,33,28,177,6.9,7,1,1,0,0,1,1,0,0,0,0,0,0,0,0,0,0,6,16,33,30,43,2.2,7,1,1,0,0,1,1,1,0,0,0,0,0,0,0,0,0,6,21,42,20,211,-3.3,7,1,1,0,0,1,1,1,0,0,0,0,0,0,0,0,0,6,22,22,31,277,-30.4,4,1,1,0,0,1,1,1,0,0,0,0,0,0,0,0,0,6,23,24,12,318,0.0,4,0,1,0,0,2,0,1,0,0,0,0,0,0,0,0,0
94427000,1,44,0,0,10,25,42,334,-21.7,4,1,1,1,0,1,1,0,0,0,1,0,0,0,1,0,1,0,12,46,32,104,-1.0,7,1,1,1,0,1,1,0,0,0,1,0,0,0,1,0,1,0,15,0,14,75,0.0,1,0,1,0,0,2,0,1,0,0,0,0,0,0,0,0,0,0,18,44,40,199,0.7,7,1,1,1,0,1,1,1,0,0,1,0,0,0,1,0,1,0,23,41,72,49,0.0,7,1,1,1,0,1,1,0,0,0,1,0,0,0,1,0,1,0,24,37,34,36,-0.1,7,1,1,1,0,1,1,0,0,0,1,0,0,0,1,0,1,0,25,43,35,145,-0.5,7,1,1,1,0,1,1,0,0,0,1,0,0,0,1,0,1,0,28,33,27,227,1.8,7,1,1,0,0,1,1,0,0,0,0,0,0,0,0,0,0,0,32,21,31,301,-4.2,4,1,1,1,0,1,1,0,0,0,1,0,0,0,1,0,1,1,127,0,21,258,0.0,0,0,0,0,0,2,0,1,0,0,0,0,0,0,0,0,0,1,128,30,46,238,0.0,4,0,0,0,0,2,1,1,0,0,0,0,0,0,0,0,0,1,129,40,53,229,0.0,7,0,1,0,0,2,1,1,0,0,0,0,0,0,0,0,0,1,137,41,60,149,0.0,7,0,0,0,0,2,1,1,0,0,0,0,0,0,0,0,0,2,4,0,0,264,0.0,0,0,1,0,0,2,0,1,0,0,0,0,0,0,0,0,0,2,12,0,24,314,0.0,1,0,1,0,0,1,1,1,0,0,0,0,0,0,0,0,0,2,19,17,41,303,-23.0,4,1,1,0,0,1,1,1,0,0,0,0,0,0,0,0,0,2,21,36,25,150,0.5,7,1,1,0,0,1,1,1,0,0,0,0,0,0,0,0,0,2,23,0,0,193,0.0,1,0,1,0,0,2,0,1,0,0,0,0,0,0,0,0,0,2,26,36,34,178,0.9,7,1,1,0,0,1,1,0,0,0,0,0,0,0,0,0,0,2,27,35,27,92,-0.3,5,1,1,0,0,1,1,0,0,0,0,0,0,0,0,0,0,2,29,43,47,14,0.1,7,1,1,0,0,1,1,0,0,0,0,0,0,0,0,0,0,2,30,28,4,48,0.0,5,0,1,0,0,2,0,1,0,0,0,0,0,0,0,0,0,2,33,26,60,250,-5.2,5,1,1,0,0,1,1,1,0,0,0,0,0,0,0,0,0,3,6,41,69,221,-0.9,7,1,1,0,0,1,1,0,0,0,0,0,0,0,0,0,0,3,9,42,53,216,-0.3,7,1,1,0,0,1,1,0,0,0,0,0,0,0,0,0,0,3,13,45,61,358,-0.2,7,1,1,0,0,1,1,0,0,0,0,0,0,0,0,0,0,3,16,43,77,224,0.0,7,1,1,0,0,1,1,0,0,0,0,0,0,0,0,0,0,3,23,44,66,118,-0.3,7,1,1,0,0,1,1,0,0,0,0,0,0,0,0,0,0,3,27,0,20,216,0.0,0,0,1,0,0,1,1,0,0,0,0,0,0,0,0,0,0,3,32,23,41,338,-1.7,4,1,1,0,0,1,1,0,0,0,0,0,0,0,0,0,0,3,38,40,70,64,1.2,7,1,1,0,0,1,1,0,0,0,0,0,0,0,0,0,0,3,39,41,83,264,1.1,7,1,1,0,0,1,1,0,0,0,0,0,0,0,0,0,0,5,2,37,26,135,0.6,7,1,1,0,0,1,1,1,0,0,0,0,0,0,0,0,0,5,3,42,38,165,2.0,7,1,1,0,0,1,1,1,0,0,0,0,0,0,0,0,0,5,7,38,60,149,0.2,7,1,1,0,0,1,1,1,0,0,0,0,0,0,0,0,0,6,6,25,35,40,0.0,4,0,1,0,0,2,0,1,0,0,0,0,0,0,0,0,0,6,7,31,31,342,-9.1,5,1,1,0,0,1,1,1,0,0,0,0,0,0,0,0,0,6,8,0,3,301,0.0,0,0,1,0,0,2,0,1,0,0,0,0,0,0,0,0,0,6,9,48,60,121,0.2,7,1,1,0,0,1,1,1,0,0,0,0,0,0,0,0,0,6,10,38,28,177,6.7,7,1,1,0,0,1,1,0,0,0,0,0,0,0,0,0,0,6,16,38,30,43,-3.2,5,1,1,0,0,1,1,1,0,0,0,0,0,0,0,0,0,6,21,42,20,211,-3.7,7,1,1,0,0,1,1,1,0,0,0,0,0,0,0,0,0,6,22,30,31,277,-19.7,4,1,1,0,0,1,1,1,0,0,0,0,0,0,0,0,0,6,23,24,12,317,0.0,4,0,1,0,0,2,0,1,0,0,0,0,0,0,0,0,0,,,,,,,,,,,,,,,,,,,,,,,
94428000,1,44,0,0,10,31,42,334,-12.5,5,1,1,1,0,1,1,0,0,0,1,0,0,0,1,0,1,0,12,40,32,104,-1.0,7,1,1,1,0,1,1,0,0,0,1,0,0,0,1,0,1,0,15,0,14,75,0.0,1,0,1,0,0,2,0,1,0,0,0,0,0,0,0,0,0,0,18,44,40,199,0.7,7,1,1,1,0,1,1,1,0,0,1,0,0,0,1,0,1,0,23,40,72,49,0.0,7,1,1,1,0,1,1,0,0,0,1,0,0,0,1,0,1,0,24,37,34,36,0.0,7,1,1,1,0,1,1,0,0,0,1,0,0,0,1,0,1,0,25,43,35,145,-0.5,7,1,1,1,0,1,1,0,0,0,1,0,0,0,1,0,1,0,28,27,27,227,1.8,7,1,1,0,0,1,1,0,0,0,0,0,0,0,0,0,0,0,32,24,31,301,-9.2,4,1,1,1,0,1,1,0,0,0,1,0,0,0,1,0,1,1,127,0,21,258,0.0,0,0,0,0,0,2,0,1,0,0,0,0,0,0,0,0,0,1,128,27,46,238,0.0,4,0,0,0,0,2,1,1,0,0,0,0,0,0,0,0,0,1,129,38,53,229,0.0,7,0,1,0,0,2,1,1,0,0,0,0,0,0,0,0,0,1,137,43,60,149,0.0,7,0,0,0,0,2,1,1,0,0,0,0,0,0,0,0,0,2,4,0,0,264,0.0,0,0,1,0,0,2,0,1,0,0,0,0,0,0,0,0,0,2,12,0,24,314,0.0,1,0,1,0,0,1,1,1,0,0,0,0,0,0,0,0,0,2,19,18,41,303,-23.6,4,1,1,0,0,1,1,1,0,0,0,0,0,0,0,0,0,2,21,37,25,150,0.2,7,1,1,0,0,1,1,1,0,0,0,0,0,0,0,0,0,2,23,0,0,193,0.0,1,0,1,0,0,2,0,1,0,0,0,0,0,0,0,0,0,2,26,40,34,178,0.5,7,1,1,0,0,1,1,0,0,0,0,0,0,0,0,0,0,2,27,38,27,92,-5.3,7,1,1,0,0,1,1,0,0,0,0,0,0,0,0,0,0,2,29,41,47,14,0.1,7,1,1,0,0,1,1,0,0,0,0,0,0,0,0,0,0,2,30,25,4,48,0.0,4,0,1,0,0,2,0,1,0,0,0,0,0,0,0,0,0,2,33,26,60,250,-1.6,7,1,1,0,0,1,1,1,0,0,0,0,0,0,0,0,0,3,6,41,69,221,-0.8,7,1,1,0,0,1,1,0,0,0,0,0,0,0,0,0,0,3,9,39,53,216,-0.3,7,1,1,0,0,1,1,0,0,0,0,0,0,0,0,0,0,3,13,44,61,358,0.0,7,1,1,0,0,1,1,0,0,0,0,0,0,0,0,0,0,3,16,42,77,224,-0.2,7,1,1,0,0,1,1,0,0,0,0,0,0,0,0,0,0,3,23,44,66,118,0.0,7,1,1,0,0,1,1,0,0,0,0,0,0,0,0,0,0,3,27,0,20,216,0.0,0,0,1,0,0,1,1,0,0,0,0,0,0,0,0,0,0,3,32,27,41,338,-4.8,5,1,1,0,0,1,1,0,0,0,0,0,0,0,0,0,0,3,38,38,70,64,1.2,7,1,1,0,0,1,1,0,0,0,0,0,0,0,0,0,0,3,39,40,83,264,1.4,7,1,1,0,0,1,1,0,0,0,0,0,0,0,0,0,0,5,2,38,26,135,0.8,7,1,1,0,0,1,1,1,0,0,0,0,0,0,0,0,0,5,3,41,38,165,2.0,7,1,1,0,0,1,1,1,0,0,0,0,0,0,0,0,0,5,7,39,60,149,0.2,7,1,1,0,0,1,1,1,0,0,0,0,0,0,0,0,0,6,6,27,35,40,0.0,5,0,1,0,0,2,0,1,0,0,0,0,0,0,0,0,0,6,7,36,31,342,-7.8,6,1,1,0,0,1,1,1,0,0,0,0,0,0,0,0,0,6,8,0,3,301,0.0,0,0,1,0,0,2,0,1,0,0,0,0,0,0,0,0,0,6,9,48,60,121,0.2,7,1,1,0,0,1,1,1,0,0,0,0,0,0,0,0,0,6,10,35,28,177,6.8,7,1,1,0,0,1,1,0,0,0,0,0,0,0,0,0,0,6,16,39,30,43,-6.4,5,1,1,0,0,1,1,1,0,0,0,0,0,0,0,0,0,6,21,44,20,211,-3.8,7,1,1,0,0,1,1,1,0,0,0,0,0,0,0,0,0,6,22,30,31,277,-19.1,5,1,1,0,0,1,1,1,0,0,0,0,0,0,0,0,0,6,23,23,12,317,0.0,4,0,1,0,0,2,0,1,0,0,0,0,0,0,0,0,0,,,,,,,,,,,,,,,,,,,,,,,
94429000,1,45,0,0,10,24,42,334,-9.8,5,1,1,1,0,1,1,0,0,0,1,0,0,0,1,0,1,0,12,44,32,104,-1.0,7,1,1,1,0,1,1,0,0,0,1,0,0,0,1,0,1,0,15,0,14,75,0.0,1,0,1,0,0,2,0,1,0,0,0,0,0,0,0,0,0,0,18,46,40,199,0.8,7,1,1,1,0,1,1,1,0,0,1,0,0,0,1,0,1,0,23,44,72,49,0.0,7,1,1,1,0,1,1,0,0,0,1,0,0,0,1,0,1,0,24,34,34,36,0.1,7,1,1,1,0,1,1,0,0,0,1,0,0,0,1,0,1,0,25,38,35,145,-0.5,7,1,1,1,0,1,1,0,0,0,1,0,0,0,1,0,1,0,28,25,27,227,0.5,4,1,1,0,0,1,1,0,0,0,0,0,0,0,0,0,0,0,32,27,31,301,-7.4,5,1,1,1,0,1,1,0,0,0,1,0,0,0,1,0,1,1,127,0,21,258,0.0,0,0,0,0,0,2,0,1,0,0,0,0,0,0,0,0,0,1,128,0,46,238,0.0,1,0,0,0,0,2,1,1,0,0,0,0,0,0,0,0,0,1,129,41,53,229,0.0,7,0,1,0,0,2,1,1,0,0,0,0,0,0,0,0,0,1,137,40,60,149,0.0,7,0,0,0,0,2,1,1,0,0,0,0,0,0,0,0,0,2,4,0,0,264,0.0,0,0,1,0,0,2,0,1,0,0,0,0,0,0,0,0,0,2,12,0,24,314,0.0,1,0,1,0,0,1,1,1,0,0,0,0,0,0,0,0,0,2,19,16,41,303,-22.0,4,1,1,0,0,1,1,1,0,0,0,0,0,0,0,0,0,2,21,34,25,150,0.3,7,1,1,0,0,1,1,1,0,0,0,0,0,0,0,0,0,2,23,0,0,193,0.0,1,0,1,0,0,2,0,1,0,0,0,0,0,0,0,0,0,2,26,43,34,178,0.8,7,1,1,0,0,1,1,0,0,0,0,0,0,0,0,0,0,2,27,35,27,92,-2.2,7,1,1,0,0,1,1,0,0,0,0,0,0,0,0,0,0,2,29,43,47,14,0.0,7,1,1,0,0,1,1,0,0,0,0,0,0,0,0,0,0,2,30,21,4,48,0.0,4,0,1,0,0,2,0,1,0,0,0,0,0,0,0,0,0,2,33,25,60,250,-1.2,7,1,1,0,0,1,1,1,0,0,0,0,0,0,0,0,0,3,6,41,69,221,-0.9,7,1,1,0,0,1,1,0,0,0,0,0,0,0,0,0,0,3,9,38,53,216,-0.2,7,1,1,0,0,1,1,0,0,0,0,0,0,0,0,0,0,3,13,44,61,358,0.2,7,1,1,0,0,1,1,0,0,0,0,0,0,0,0,0,0,3,16,43,77,224,-0.2,7,1,1,0,0,1,1,0,0,0,0,0,0,0,0,0,0,3,23,46,66,118,0.3,7,1,1,0,0,1,1,0,0,0,0,0,0,0,0,0,0,3,27,0,20,216,0.0,0,0,1,0,0,1,1,0,0,0,0,0,0,0,0,0,0,3,32,26,41,338,-5.7,6,1,1,0,0,1,1,0,0,0,0,0,0,0,0,0,0,3,38,44,70,64,1.4,7,1,1,0,0,1,1,0,0,0,0,0,0,0,0,0,0,3,39,40,83,264,1.5,7,1,1,0,0,1,1,0,0,0,0,0,0,0,0,0,0,5,2,36,26,135,1.0,7,1,1,0,0,1,1,1,0,0,0,0,0,0,0,0,0,5,3,43,38,165,2.0,7,1,1,0,0,1,1,1,0,0,0,0,0,0,0,0,0,5,4,26,-91,0,0.0,3,0,2,0,0,0,0,0,0,0,0,0,0,0,0,0,0,5,7,34,60,149,0.2,7,1,1,0,0,1,1,1,0,0,0,0,0,0,0,0,0,6,6,28,35,40,0.0,7,0,1,0,0,2,0,1,0,0,0,0,0,0,0,0,0,6,7,31,31,342,-8.4,7,1,1,0,0,1,1,1,0,0,0,0,0,0,0,0,0,6,8,0,3,301,0.0,0,0,1,0,0,2,0,1,0,0,0,0,0,0,0,0,0,6,9,45,60,121,0.4,7,1,1,0,0,1,1,1,0,0,0,0,0,0,0,0,0,6,10,41,28,177,6.9,7,1,1,0,0,1,1,1,0,0,0,0,0,0,0,0,0,6,16,34,30,43,-0.7,5,1,1,0,0,1,1,1,0,0,0,0,0,0,0,0,0,6,21,43,20,211,-4.1,7,1,1,0,0,1,1,1,0,0,0,0,0,0,0,0,0,6,22,29,31,277,-14.8,5,1,1,0,0,1,1,1,0,0,0,0,0,0,0,0,0,6,23,22,12,317,0.0,4,0,1,0,0,2,0,1,0,0,0,0,0,0,0,0,0
94430000,1,45,0,0,10,26,43,334,-6.7,6,1,1,1,0,1,1,0,0,0,1,0,0,0,1,0,1,0,12,43,32,104,-1.0,7,1,1,1,0,1,1,0,0,0,1,0,0,0,1,0,1,0,15,23,14,75,0.0,3,0,1,0,0,2,0,1,0,0,0,0,0,0,0,0,0,0,18,45,40,199,0.8,7,1,1,1,0,1,1,1,0,0,1,0,0,0,1,0,1,0,23,43,72,49,-0.2,7,1,1,1,0,1,1,0,0,0,1,0,0,0,1,0,1,0,24,37,34,36,0.2,7,1,1,1,0,1,1,0,0,0,1,0,0,0,1,0,1,0,25,37,35,145,-0.6,7,1,1,1,0,1,1,0,0,0,1,0,0,0,1,0,1,0,28,25,27,227,3.1,4,1,1,0,0,1,1,0,0,0,0,0,0,0,0,0,0,0,32,28,31,301,-8.2,6,1,1,1,0,1,1,0,0,0,1,0,0,0,1,0,1,1,127,0,21,258,0.0,0,0,0,0,0,2,0,1,0,0,0,0,0,0,0,0,0,1,128,26,46,238,0.0,3,0,0,0,0,2,1,1,0,0,0,0,0,0,0,0,0,1,129,38,53,229,0.0,7,0,1,0,0,2,1,1,0,0,0,0,0,0,0,0,0,1,137,42,60,149,0.0,7,0,0,0,0,2,1,1,0,0,0,0,0,0,0,0,0,2,4,0,0,264,0.0,0,0,1,0,0,2,0,1,0,0,0,0,0,0,0,0,0,2,12,0,24,314,0.0,1,0,1,0,0,1,1,1,0,0,0,0,0,0,0,0,0,2,19,15,41,303,-24.0,4,1,1,0,0,1,1,1,0,0,0,0,0,0,0,0,0,2,21,30,25,150,1.0,7,1,1,0,0,1,1,1,0,0,0,0,0,0,0,0,0,2,23,0,0,193,0.0,1,0,1,0,0,2,0,1,0,0,0,0,0,0,0,0,0,2,26,43,34,178,0.7,7,1,1,0,0,1,1,0,0,0,0,0,0,0,0,0,0,2,27,39,27,92,-2.9,7,1,1,0,0,1,1,0,0,0,0,0,0,0,0,0,0,2,29,42,47,14,0.2,7,1,1,0,0,1,1,0,0,0,0,0,0,0,0,0,0,2,30,17,4,48,0.0,3,0,1,0,0,2,0,1,0,0,0,0,0,0,0,0,0,2,33,24,60,250,-7.1,4,1,1,0,0,1,1,1,0,0,0,0,0,0,0,0,0,3,6,41,69,221,-0.7,7,1,1,0,0,1,1,0,0,0,0,0,0,0,0,0,0,3,9,38,53,216,-0.3,7,1,1,0,0,1,1,0,0,0,0,0,0,0,0,0,0,3,13,44,61,358,0.3,7,1,1,0,0,1,1,0,0,0,0,0,0,0,0,0,0,3,16,43,77,224,-0.1,7,1,1,0,0,1,1,0,0,0,0,0,0,0,0,0,0,3,23,45,66,118,0.4,7,1,1,0,0,1,1,0,0,0,0,0,0,0,0,0,0,3,27,0,20,216,0.0,0,0,1,0,0,1,1,0,0,0,0,0,0,0,0,0,0,3,32,25,41,338,-6.4,4,1,1,0,0,1,1,0,0,0,0,0,0,0,0,0,0,3,38,42,70,64,1.5,7,1,1,0,0,1,1,0,0,0,0,0,0,0,0,0,0,3,39,39,83,264,1.6,7,1,1,0,0,1,1,0,0,0,0,0,0,0,0,0,0,5,2,32,26,135,1.3,7,1,1,0,0,1,1,1,0,0,0,0,0,0,0,0,0,5,3,42,38,165,1.9,7,1,1,0,0,1,1,1,0,0,0,0,0,0,0,0,0,5,4,23,-91,0,0.0,3,0,2,0,0,0,0,0,0,0,0,0,0,0,0,0,0,5,7,38,60,149,0.3,7,1,1,0,0,1,1,1,0,0,0,0,0,0,0,0,0,6,6,28,35,40,0.0,7,0,1,0,0,2,0,1,0,0,0,0,0,0,0,0,0,6,7,33,31,342,-8.3,7,1,1,0,0,1,1,1,0,0,0,0,0,0,0,0,0,6,8,0,3,301,0.0,0,0,1,0,0,2,0,1,0,0,0,0,0,0,0,0,0,6,9,45,60,121,0.5,7,1,1,0,0,1,1,1,0,0,0,0,0,0,0,0,0,6,10,40,28,177,6.9,7,1,1,0,0,1,1,1,0,0,0,0,0,0,0,0,0,6,16,37,30,43,2.9,6,1,1,0,0,1,1,1,0,0,0,0,0,0,0,0,0,6,21,42,20,211,-4.2,7,1,1,0,0,1,1,1,0,0,0,0,0,0,0,0,0,6,22,29,31,277,-14.0,6,1,1,0,0,1,1,1,0,0,0,0,0,0,0,0,0,6,23,19,12,317,0.0,4,0,1,0,0,2,0,1,0,0,0,0,0,0,0,0,0
94431000,1,45,0,0,10,27,43,334,-3.8,6,1,1,1,0,1,1,0,0,0,1,0,0,0,1,0,1,0,12,43,33,103,-1.1,7,1,1,1,0,1,1,0,0,0,1,0,0,0,1,0,1,0,15,19,14,75,0.0,3,0,1,0,0,2,0,1,0,0,0,0,0,0,0,0,0,0,18,44,40,199,0.8,7,1,1,1,0,1,1,1,0,0,1,0,0,0,1,0,1,0,23,43,72,49,-0.2,7,1,1,1,0,1,1,0,0,0,1,0,0,0,1,0,1,0,24,35,34,36,0.2,7,1,1,1,0,1,1,0,0,0,1,0,0,0,1,0,1,0,25,39,35,145,-0.4,7,1,1,1,0,1,1,0,0,0,1,0,0,0,1,0,1,0,28,25,27,227,6.1,4,1,1,0,0,1,1,0,0,0,0,0,0,0,0,0,0,0,32,28,31,301,-4.7,6,1,1,1,0,1,1,0,0,0,1,0,0,0,1,0,1,1,127,0,21,258,0.0,0,0,0,0,0,2,0,1,0,0,0,0,0,0,0,0,0,1,128,27,46,238,0.0,3,0,0,0,0,2,1,1,0,0,0,0,0,0,0,0,0,1,129,39,53,229,0.0,7,0,1,0,0,2,1,1,0,0,0,0,0,0,0,0,0,1,137,42,60,149,0.0,7,0,0,0,0,2,1,1,0,0,0,0,0,0,0,0,0,2,4,0,0,264,0.0,0,0,1,0,0,2,0,1,0,0,0,0,0,0,0,0,0,2,12,0,24,314,0.0,1,0,1,0,0,1,1,1,0,0,0,0,0,0,0,0,0,2,19,12,41,303,-24.2,4,1,1,0,0,1,1,1,0,0,0,0,0,0,0,0,0,2,21,34,25,150,1.0,7,1,1,0,0,1,1,1,0,0,0,0,0,0,0,0,0,2,23,0,0,193,0.0,1,0,1,0,0,2,0,1,0,0,0,0,0,0,0,0,0,2,26,44,34,178,0.3,7,1,1,0,0,1,1,0,0,0,0,0,0,0,0,0,0,2,27,38,27,92,-0.7,7,1,1,0,0,1,1,0,0,0,0,0,0,0,0,0,0,2,29,43,47,14,-0.2,7,1,1,0,0,1,1,0,0,0,0,0,0,0,0,0,0,2,30,18,4,48,0.0,3,0,1,0,0,2,0,1,0,0,0,0,0,0,0,0,0,2,33,23,60,250,-13.2,4,1,1,0,0,1,1,1,0,0,0,0,0,0,0,0,0,3,6,42,69,221,-0.7,7,1,1,0,0,1,1,0,0,0,0,0,0,0,0,0,0,3,9,36,53,216,-0.5,7,1,1,0,0,1,1,0,0,0,0,0,0,0,0,0,0,3,13,44,61,358,0.2,7,1,1,0,0,1,1,0,0,0,0,0,0,0,0,0,0,3,16,44,77,224,0.3,7,1,1,0,0,1,1,0,0,0,0,0,0,0,0,0,0,3,23,46,66,118,0.4,7,1,1,0,0,1,1,0,0,0,0,0,0,0,0,0,0,3,27,0,20,216,0.0,0,0,1,0,0,1,1,0,0,0,0,0,0,0,0,0,0,3,32,25,41,338,-9.9,4,1,1,0,0,1,1,0,0,0,0,0,0,0,0,0,0,3,38,42,70,64,1.5,7,1,1,0,0,1,1,0,0,0,0,0,0,0,0,0,0,3,39,41,83,264,1.6,7,1,1,0,0,1,1,0,0,0,0,0,0,0,0,0,0,5,2,35,26,135,1.7,7,1,1,0,0,1,1,1,0,0,0,0,0,0,0,0,0,5,3,42,38,165,2.2,7,1,1,0,0,1,1,1,0,0,0,0,0,0,0,0,0,5,4,19,-91,0,0.0,3,0,2,0,0,0,0,0,0,0,0,0,0,0,0,0,0,5,7,39,60,149,0.4,7,1,1,0,0,1,1,1,0,0,0,0,0,0,0,0,0,6,6,30,35,40,0.0,7,0,1,0,0,2,0,1,0,0,0,0,0,0,0,0,0,6,7,28,31,342,-9.4,7,1,1,0,0,1,1,1,0,0,0,0,0,0,0,0,0,6,8,0,3,301,0.0,0,0,1,0,0,2,0,1,0,0,0,0,0,0,0,0,0,6,9,46,60,121,0.4,7,1,1,0,0,1,1,1,0,0,0,0,0,0,0,0,0,6,10,42,28,177,7.3,7,1,1,0,0,1,1,1,0,0,0,0,0,0,0,0,0,6,16,35,30,43,4.1,7,1,1,0,0,1,1,1,0,0,0,0,0,0,0,0,0,6,21,42,20,211,-4.3,7,1,1,0,0,1,1,1,0,0,0,0,0,0,0,0,0,6,22,28,31,277,-15.3,7,1,1,0,0,1,1,1,0,0,0,0,0,0,0,0,0,6,23,17,12,317,0.0,4,0,1,0,0,2,0,1,0,0,0,0,0,0,0,0,0
94432000,1,45,0,0,10,27,43,334,-6.8,6,1,1,1,0,1,1,0,0,0,1,0,0,0,1,0,1,0,12,43,33,103,-1.0,7,1,1,1,0,1,1,0,0,0,1,0,0,0,1,0,1,0,15,0,14,75,0.0,1,0,1,0,0,2,0,1,0,0,0,0,0,0,0,0,0,0,18,41,40,199,0.9,7,1,1,1,0,1,1,1,0,0,1,0,0,0,1,0,1,0,23,41,72,49,-0.2,7,1,1,1,0,1,1,0,0,0,1,0,0,0,1,0,1,0,24,38,34,36,0.2,7,1,1,1,0,1,1,0,0,0,1,0,0,0,1,0,1,0,25,41,35,145,-0.4,7,1,1,1,0,1,1,0,0,0,1,0,0,0,1,0,1,0,28,26,27,227,6.8,5,1,1,0,0,1,1,0,0,0,0,0,0,0,0,0,0,0,32,21,31,301,-3.2,4,1,1,1,0,1,1,0,0,0,1,0,0,0,1,0,1,1,127,0,21,258,0.0,0,0,0,0,0,2,0,1,0,0,0,0,0,0,0,0,0,1,128,31,46,238,0.0,4,0,0,0,0,2,1,1,0,0,0,0,0,0,0,0,0,1,129,48,53,229,0.0,7,0,1,0,0,2,1,1,0,0,0,0,0,0,0,0,0,1,137,33,60,149,0.0,7,0,0,0,0,2,1,1,0,0,0,0,0,0,0,0,0,2,4,0,0,264,0.0,0,0,1,0,0,2,0,1,0,0,0,0,0,0,0,0,0,2,12,0,24,314,0.0,1,0,1,0,0,1,1,1,0,0,0,0,0,0,0,0,0,2,19,10,41,303,-24.5,4,1,1,0,0,1,1,1,0,0,0,0,0,0,0,0,0,2,21,36,25,150,0.8,7,1,1,0,0,1,1,1,0,0,0,0,0,0,0,0,0,2,23,0,0,193,0.0,1,0,1,0,0,2,0,1,0,0,0,0,0,0,0,0,0,2,26,41,34,178,0.9,7,1,1,0,0,1,1,0,0,0,0,0,0,0,0,0,0,2,27,36,27,92,-1.4,7,1,1,0,0,1,1,0,0,0,0,0,0,0,0,0,0,2,29,43,47,14,-0.1,7,1,1,0,0,1,1,0,0,0,0,0,0,0,0,0,0,2,30,21,4,48,0.0,4,0,1,0,0,2,0,1,0,0,0,0,0,0,0,0,0,2,33,24,60,250,-16.3,4,1,1,0,0,1,1,1,0,0,0,0,0,0,0,0,0,3,6,41,69,221,-0.7,7,1,1,0,0,1,1,0,0,0,0,0,0,0,0,0,0,3,9,43,53,216,-0.5,7,1,1,0,0,1,1,0,0,0,0,0,0,0,0,0,0,3,13,38,61,358,0.3,7,1,1,0,0,1,1,0,0,0,0,0,0,0,0,0,0,3,16,39,77,224,0.5,7,1,1,0,0,1,1,0,0,0,0,0,0,0,0,0,0,3,23,46,66,118,0.5,7,1,1,0,0,1,1,0,0,0,0,0,0,0,0,0,0,3,27,0,20,216,0.0,0,0,1,0,0,1,1,0,0,0,0,0,0,0,0,0,0,3,32,26,41,338,-10.2,4,1,1,0,0,1,1,0,0,0,0,0,0,0,0,0,0,3,38,42,70,64,1.7,7,1,1,0,0,1,1,0,0,0,0,0,0,0,0,0,0,3,39,39,83,264,1.6,7,1,1,0,0,1,1,0,0,0,0,0,0,0,0,0,0,5,2,31,26,135,1.9,7,1,1,0,0,1,1,1,0,0,0,0,0,0,0,0,0,5,3,43,38,165,2.2,7,1,1,0,0,1,1,1,0,0,0,0,0,0,0,0,0,5,7,31,60,149,0.8,7,1,1,0,0,1,1,1,0,0,0,0,0,0,0,0,0,5,8,0,-91,0,0.0,1,0,2,0,0,0,0,0,0,0,0,0,0,0,0,0,0,6,6,30,35,40,0.0,7,0,1,0,0,2,0,1,0,0,0,0,0,0,0,0,0,6,7,29,31,342,-9.8,7,1,1,0,0,1,1,1,0,0,0,0,0,0,0,0,0,6,8,0,3,301,0.0,0,0,1,0,0,2,0,1,0,0,0,0,0,0,0,0,0,6,9,45,60,121,0.6,7,1,1,0,0,1,1,1,0,0,0,0,0,0,0,0,0,6,10,37,28,177,7.5,7,1,1,0,0,1,1,1,0,0,0,0,0,0,0,0,0,6,16,34,30,43,5.2,7,1,1,0,0,1,1,1,0,0,0,0,0,0,0,0,0,6,21,48,20,211,-4.5,7,1,1,0,0,1,1,1,0,0,0,0,0,0,0,0,0,6,22,26,31,277,-13.1,4,1,1,0,0,1,1,1,0,0,0,0,0,0,0,0,0,6,23,15,12,317,0.0,4,0,1,0,0,2,0,1,0,0,0,0,0,0,0,0,0
94433000,1,45,0,0,10,32,43,334,-6.0,6,1,1,1,0,1,1,0,0,0,1,0,0,0,1,0,1,0,12,39,33,103,-1.0,7,1,1,1,0,1,1,0,0,0,1,0,0,0,1,0,1,0,15,0,14,75,0.0,1,0,1,0,0,2,0,1,0,0,0,0,0,0,0,0,0,0,18,39,40,199,1.0,7,1,1,1,0,1,1,1,0,0,1,0,0,0,1,0,1,0,23,44,72,49,0.0,7,1,1,1,0,1,1,0,0,0,1,0,0,0,1,0,1,0,24,37,34,36,0.1,7,1,1,1,0,1,1,0,0,0,1,0,0,0,1,0,1,0,25,25,35,145,-0.3,7,1,1,1,0,1,1,0,0,0,1,0,0,0,1,0,1,0,28,26,27,227,6.7,5,1,1,0,0,1,1,0,0,0,0,0,0,0,0,0,0,0,32,29,31,301,-0.5,4,1,1,1,0,1,1,0,0,0,1,0,0,0,1,0,1,1,127,0,21,258,0.0,0,0,0,0,0,2,0,1,0,0,0,0,0,0,0,0,0,1,128,31,46,238,0.0,5,0,0,0,0,2,1,1,0,0,0,0,0,0,0,0,0,1,129,44,53,229,0.0,7,0,1,0,0,2,1,1,0,0,0,0,0,0,0,0,0,1,137,41,60,149,0.0,7,0,0,0,0,2,1,1,0,0,0,0,0,0,0,0,0,2,4,0,0,264,0.0,0,0,1,0,0,2,0,1,0,0,0,0,0,0,0,0,0,2,12,0,24,314,0.0,1,0,1,0,0,1,1,1,0,0,0,0,0,0,0,0,0,2,19,12,41,303,-6.5,4,1,1,0,0,1,1,1,0,0,0,0,0,0,0,0,0,2,21,29,25,150,0.2,5,1,1,0,0,1,1,1,0,0,0,0,0,0,0,0,0,2,23,0,0,193,0.0,1,0,1,0,0,2,0,1,0,0,0,0,0,0,0,0,0,2,26,44,34,178,0.9,7,1,1,0,0,1,1,0,0,0,0,0,0,0,0,0,0,2,27,35,27,92,-1.3,7,1,1,0,0,1,1,0,0,0,0,0,0,0,0,0,0,2,29,42,47,14,-0.2,7,1,1,0,0,1,1,0,0,0,0,0,0,0,0,0,0,2,30,20,4,48,0.0,4,0,1,0,0,2,0,1,0,0,0,0,0,0,0,0,0,2,33,24,60,250,-17.2,4,1,1,0,0,1,1,1,0,0,0,0,0,0,0,0,0,3,6,42,69,221,-0.6,7,1,1,0,0,1,1,0,0,0,0,0,0,0,0,0,0,3,9,41,53,216,-0.2,7,1,1,0,0,1,1,0,0,0,0,0,0,0,0,0,0,3,13,44,61,358,0.3,7,1,1,0,0,1,1,0,0,0,0,0,0,0,0,0,0,3,16,42,77,224,0.3,7,1,1,0,0,1,1,0,0,0,0,0,0,0,0,0,0,3,23,46,66,118,0.3,7,1,1,0,0,1,1,0,0,0,0,0,0,0,0,0,0,3,27,0,20,216,0.0,0,0,1,0,0,1,1,0,0,0,0,0,0,0,0,0,0,3,32,23,41,338,-8.1,4,1,1,0,0,1,1,0,0,0,0,0,0,0,0,0,0,3,38,45,70,64,1.5,7,1,1,0,0,1,1,0,0,0,0,0,0,0,0,0,0,3,39,41,83,264,1.7,7,1,1,0,0,1,1,0,0,0,0,0,0,0,0,0,0,5,2,31,26,135,2.3,7,1,1,0,0,1,1,1,0,0,0,0,0,0,0,0,0,5,3,42,38,165,2.1,7,1,1,0,0,1,1,1,0,0,0,0,0,0,0,0,0,5,7,38,60,149,0.6,7,1,1,0,0,1,1,1,0,0,0,0,0,0,0,0,0,5,8,0,-91,0,0.0,1,0,2,0,0,0,0,0,0,0,0,0,0,0,0,0,0,6,6,28,35,40,0.0,7,0,1,0,0,2,0,1,0,0,0,0,0,0,0,0,0,6,7,32,31,342,-10.1,7,1,1,0,0,1,1,1,0,0,0,0,0,0,0,0,0,6,8,0,3,301,0.0,0,0,1,0,0,2,0,1,0,0,0,0,0,0,0,0,0,6,9,47,60,121,0.6,7,1,1,0,0,1,1,1,0,0,0,0,0,0,0,0,0,6,10,41,28,177,7.6,7,1,1,0,0,1,1,1,0,0,0,0,0,0,0,0,0,6,16,31,30,43,5.9,5,1,1,0,0,1,1,1,0,0,0,0,0,0,0,0,0,6,21,43,20,211,-4.4,7,1,1,0,0,1,1,1,0,0,0,0,0,0,0,0,0,6,22,25,31,277,-14.0,4,1,1,0,0,1,1,1,0,0,0,0,0,0,0,0,0,6,23,0,12,317,0.0,1,0,1,0,0,2,0,1,0,0,0,0,0,0,0,0,0
94434000,1,45,0,0,10,25,43,334,-7.2,4,1,1,1,0,1,1,0,0,0,1,0,0,0,1,0,1,0,12,40,33,103,-0.9,7,1,1,1,0,1,1,0,0,0,1,0,0,0,1,0,1,0,15,0,13,75,0.0,1,0,1,0,0,2,0,1,0,0,0,0,0,0,0,0,0,0,18,44,40,199,1.1,7,1,1,1,0,1,1,1,0,0,1,0,0,0,1,0,1,0,23,46,72,49,0.0,7,1,1,1,0,1,1,0,0,0,1,0,0,0,1,0,1,0,24,35,34,36,0.4,7,1,1,1,0,1,1,0,0,0,1,0,0,0,1,0,1,0,25,35,35,145,-0.6,7,1,1,1,0,1,1,0,0,0,1,0,0,0,1,0,1,0,28,26,27,227,4.2,5,1,1,0,0,1,1,0,0,0,0,0,0,0,0,0,0,0,32,20,31,301,-2.5,4,1,1,1,0,1,1,0,0,0,1,0,0,0,1,0,1,1,127,0,21,258,0.0,0,0,0,0,0,2,0,1,0,0,0,0,0,0,0,0,0,1,128,31,46,238,0.0,6,0,0,0,0,2,1,1,0,0,0,0,0,0,0,0,0,1,129,43,53,229,0.0,7,0,1,0,0,2,1,1,0,0,0,0,0,0,0,0,0,1,137,34,60,149,0.0,7,0,0,0,0,2,1,1,0,0,0,0,0,0,0,0,0,2,4,0,0,264,0.0,0,0,1,0,0,2,0,1,0,0,0,0,0,0,0,0,0,2,12,0,24,314,0.0,1,0,1,0,0,1,1,1,0,0,0,0,0,0,0,0,0,2,19,13,41,303,7.6,4,1,1,0,0,1,1,1,0,0,0,0,0,0,0,0,0,2,21,31,25,150,-3.4,5,1,1,0,0,1,1,1,0,0,0,0,0,0,0,0,0,2,23,0,0,193,0.0,1,0,1,0,0,2,0,1,0,0,0,0,0,0,0,0,0,2,26,38,34,178,0.7,7,1,1,0,0,1,1,0,0,0,0,0,0,0,0,0,0,2,27,35,27,92,-1.5,7,1,1,0,0,1,1,0,0,0,0,0,0,0,0,0,0,2,29,39,47,14,-0.1,7,1,1,0,0,1,1,0,0,0,0,0,0,0,0,0,0,2,30,21,4,48,0.0,4,0,1,0,0,2,0,1,0,0,0,0,0,0,0,0,0,2,33,25,60,250,-10.8,5,1,1,0,0,1,1,1,0,0,0,0,0,0,0,0,0,3,6,42,69,221,-0.6,7,1,1,0,0,1,1,0,0,0,0,0,0,0,0,0,0,3,9,38,53,216,-0.3,7,1,1,0,0,1,1,0,0,0,0,0,0,0,0,0,0,3,13,40,61,358,0.1,7,1,1,0,0,1,1,0,0,0,0,0,0,0,0,0,0,3,16,43,77,224,0.0,7,1,1,0,0,1,1,0,0,0,0,0,0,0,0,0,0,3,23,44,66,118,0.1,7,1,1,0,0,1,1,0,0,0,0,0,0,0,0,0,0,3,27,0,20,216,0.0,0,0,1,0,0,1,1,0,0,0,0,0,0,0,0,0,0,3,32,23,41,338,-2.9,4,1,1,0,0,1,1,0,0,0,0,0,0,0,0,0,0,3,38,44,70,64,1.3,7,1,1,0,0,1,1,0,0,0,0,0,0,0,0,0,0,3,39,44,83,264,1.5,7,1,1,0,0,1,1,0,0,0,0,0,0,0,0,0,0,5,2,35,26,135,-3.6,5,1,1,0,0,1,1,1,0,0,0,0,0,0,0,0,0,5,3,37,38,165,2.1,7,1,1,0,0,1,1,1,0,0,0,0,0,0,0,0,0,5,7,31,60,149,0.4,7,1,1,0,0,1,1,1,0,0,0,0,0,0,0,0,0,5,8,0,-91,0,0.0,1,0,2,0,0,0,0,0,0,0,0,0,0,0,0,0,0,6,6,28,35,40,0.0,7,0,1,0,0,2,0,1,0,0,0,0,0,0,0,0,0,6,7,31,31,342,-9.9,7,1,1,0,0,1,1,1,0,0,0,0,0,0,0,0,0,6,8,0,3,301,0.0,0,0,1,0,0,2,0,1,0,0,0,0,0,0,0,0,0,6,9,46,60,121,0.6,7,1,1,0,0,1,1,1,0,0,0,0,0,0,0,0,0,6,10,38,28,177,7.5,7,1,1,0,0,1,1,1,0,0,0,0,0,0,0,0,0,6,16,31,30,43,8.0,6,1,1,0,0,1,1,1,0,0,0,0,0,0,0,0,0,6,21,35,20,211,-4.2,7,1,1,0,0,1,1,1,0,0,0,0,0,0,0,0,0,6,22,23,31,277,-10.0,4,1,1,0,0,1,1,1,0,0,0,0,0,0,0,0,0,6,23,0,12,317,0.0,1,0,1,0,0,2,0,1,0,0,0,0,0,0,0,0,0
94435000,1,44,0,0,10,27,43,334,-7.3,5,1,1,1,0,1,1,0,0,0,1,0,0,0,1,0,1,0,12,35,33,103,-1.0,7,1,1,1,0,1,1,0,0,0,1,0,0,0,1,0,1,0,15,0,13,75,0.0,1,0,1,0,0,2,0,1,0,0,0,0,0,0,0,0,0,0,18,40,40,199,1.0,7,1,1,1,0,1,1,1,0,0,1,0,0,0,1,0,1,0,23,44,72,49,0.0,7,1,1,1,0,1,1,0,0,0,1,0,0,0,1,0,1,0,24,44,34,36,0.3,7,1,1,1,0,1,1,0,0,0,1,0,0,0,1,0,1,0,25,35,35,145,-0.6,7,1,1,1,0,1,1,0,0,0,1,0,0,0,1,0,1,0,28,27,27,227,2.8,5,1,1,0,0,1,1,0,0,0,0,0,0,0,0,0,0,0,32,23,31,301,3.3,4,1,1,1,0,1,1,0,0,0,1,0,0,0,1,0,1,1,127,0,21,258,0.0,0,0,0,0,0,2,0,1,0,0,0,0,0,0,0,0,0,1,128,30,46,238,0.0,5,0,0,0,0,2,1,1,0,0,0,0,0,0,0,0,0,1,129,44,53,229,0.0,7,0,1,0,0,2,1,1,0,0,0,0,0,0,0,0,0,1,137,37,60,149,0.0,7,0,0,0,0,2,1,1,0,0,0,0,0,0,0,0,0,2,4,0,0,264,0.0,0,0,1,0,0,2,0,1,0,0,0,0,0,0,0,0,0,2,12,0,24,314,0.0,3,0,1,0,0,1,1,1,0,0,0,0,0,0,0,0,0,2,19,21,41,303,7.7,4,1,1,0,0,1,1,1,0,0,0,0,0,0,0,0,0,2,21,30,25,150,-2.1,5,1,1,0,0,1,1,1,0,0,0,0,0,0,0,0,0,2,23,0,0,193,0.0,1,0,1,0,0,2,0,1,0,0,0,0,0,0,0,0,0,2,26,38,34,178,0.6,7,1,1,0,0,1,1,0,0,0,0,0,0,0,0,0,0,2,27,27,27,92,-2.4,4,1,1,0,0,1,1,0,0,0,0,0,0,0,0,0,0,2,29,37,47,14,0.1,7,1,1,0,0,1,1,0,0,0,0,0,0,0,0,0,0,2,30,19,4,48,0.0,4,0,1,0,0,2,0,1,0,0,0,0,0,0,0,0,0,2,33,28,60,250,-7.6,7,1,1,0,0,1,1,1,0,0,0,0,0,0,0,0,0,3,6,42,69,221,-0.6,7,1,1,0,0,1,1,0,0,0,0,0,0,0,0,0,0,3,9,41,53,216,-0.4,7,1,1,0,0,1,1,0,0,0,0,0,0,0,0,0,0,3,13,41,61,358,0.0,7,1,1,0,0,1,1,0,0,0,0,0,0,0,0,0,0,3,16,45,77,224,-0.2,7,1,1,0,0,1,1,0,0,0,0,0,0,0,0,0,0,3,23,44,66,118,0.0,7,1,1,0,0,1,1,0,0,0,0,0,0,0,0,0,0,3,27,0,20,216,0.0,0,0,1,0,0,1,1,0,0,0,0,0,0,0,0,0,0,3,32,23,41,338,0.6,4,1,1,0,0,1,1,0,0,0,0,0,0,0,0,0,0,3,38,42,70,64,1.3,7,1,1,0,0,1,1,0,0,0,0,0,0,0,0,0,0,3,39,43,83,264,1.5,7,1,1,0,0,1,1,0,0,0,0,0,0,0,0,0,0,5,2,31,26,135,-11.8,4,1,1,0,0,1,1,1,0,0,0,0,0,0,0,0,0,5,3,32,38,165,2.1,7,1,1,0,0,1,1,1,0,0,0,0,0,0,0,0,0,5,7,35,60,149,0.1,7,1,1,0,0,1,1,1,0,0,0,0,0,0,0,0,0,6,6,27,35,40,0.0,4,0,1,0,0,2,0,1,0,0,0,0,0,0,0,0,0,6,7,31,31,342,-9.7,5,1,1,0,0,1,1,1,0,0,0,0,0,0,0,0,0,6,8,0,3,301,0.0,0,0,1,0,0,2,0,1,0,0,0,0,0,0,0,0,0,6,9,41,60,121,0.6,7,1,1,0,0,1,1,1,0,0,0,0,0,0,0,0,0,6,10,36,28,177,7.2,7,1,1,0,0,1,1,1,0,0,0,0,0,0,0,0,0,6,16,37,30,43,7.2,5,1,1,0,0,1,1,1,0,0,0,0,0,0,0,0,0,6,21,43,20,211,-4.3,7,1,1,0,0,1,1,1,0,0,0,0,0,0,0,0,0,6,22,34,31,277,-6.0,5,1,1,0,0,1,1,1,0,0,0,0,0,0,0,0,0,6,23,0,12,317,0.0,1,0,1,0,0,2,0,1,0,0,0,0,0,0,0,0,0,,,,,,,,,,,,,,,,,,,,,,,
94436000,1,44,0,0,10,27,43,334,-4.8,4,1,1,1,0,1,1,0,0,0,1,0,0,0,1,0,1,0,12,43,33,103,-1.2,7,1,1,1,0,1,1,0,0,0,1,0,0,0,1,0,1,0,15,0,13,75,0.0,1,0,1,0,0,2,0,1,0,0,0,0,0,0,0,0,0,0,18,28,40,199,1.0,7,1,1,1,0,1,1,1,0,0,1,0,0,0,1,0,1,0,23,42,72,49,-0.1,7,1,1,1,0,1,1,0,0,0,1,0,0,0,1,0,1,0,24,27,34,36,0.4,4,1,1,1,0,1,1,0,0,0,1,0,0,0,1,0,1,0,25,39,35,145,-0.4,7,1,1,1,0,1,1,0,0,0,1,0,0,0,1,0,1,0,28,28,27,227,-1.9,4,1,1,0,0,1,1,0,0,0,0,0,0,0,0,0,0,0,32,22,31,301,-3.7,4,1,1,1,0,1,1,0,0,0,1,0,0,0,1,0,1,1,127,0,21,258,0.0,0,0,0,0,0,2,0,1,0,0,0,0,0,0,0,0,0,1,128,31,46,238,0.0,6,0,0,0,0,2,1,1,0,0,0,0,0,0,0,0,0,1,129,43,53,229,0.0,7,0,1,0,0,2,1,1,0,0,0,0,0,0,0,0,0,1,137,37,60,149,0.0,7,0,0,0,0,2,1,1,0,0,0,0,0,0,0,0,0,2,4,0,0,264,0.0,0,0,1,0,0,2,0,1,0,0,0,0,0,0,0,0,0,2,12,20,24,314,0.0,3,0,1,0,0,1,1,1,0,0,0,0,0,0,0,0,0,2,19,20,41,303,7.9,4,1,1,0,0,1,1,1,0,0,0,0,0,0,0,0,0,2,21,39,25,150,3.7,5,1,1,0,0,1,1,1,0,0,0,0,0,0,0,0,0,2,23,0,0,193,0.0,1,0,1,0,0,2,0,1,0,0,0,0,0,0,0,0,0,2,26,33,34,178,0.1,7,1,1,0,0,1,1,0,0,0,0,0,0,0,0,0,0,2,27,27,27,92,-3.9,5,1,1,0,0,1,1,0,0,0,0,0,0,0,0,0,0,2,29,27,47,14,1.1,7,1,1,0,0,1,1,0,0,0,0,0,0,0,0,0,0,2,30,18,4,48,0.0,4,0,1,0,0,2,0,1,0,0,0,0,0,0,0,0,0,2,33,31,60,250,-3.9,7,1,1,0,0,1,1,1,0,0,0,0,0,0,0,0,0,3,6,39,69,221,-0.7,7,1,1,0,0,1,1,0,0,0,0,0,0,0,0,0,0,3,9,39,53,216,-0.6,7,1,1,0,0,1,1,0,0,0,0,0,0,0,0,0,0,3,13,36,61,358,0.0,7,1,1,0,0,1,1,0,0,0,0,0,0,0,0,0,0,3,16,42,77,224,-0.1,7,1,1,0,0,1,1,0,0,0,0,0,0,0,0,0,0,3,23,42,66,118,0.0,7,1,1,0,0,1,1,0,0,0,0,0,0,0,0,0,0,3,27,0,20,216,0.0,0,0,1,0,0,1,1,0,0,0,0,0,0,0,0,0,0,3,32,30,41,338,-3.0,4,1,1,0,0,1,1,0,0,0,0,0,0,0,0,0,0,3,38,41,70,64,1.2,7,1,1,0,0,1,1,0,0,0,0,0,0,0,0,0,0,3,39,46,83,264,1.4,7,1,1,0,0,1,1,0,0,0,0,0,0,0,0,0,0,5,2,37,26,135,0.2,5,1,1,0,0,1,1,1,0,0,0,0,0,0,0,0,0,5,3,32,38,165,2.0,7,1,1,0,0,1,1,1,0,0,0,0,0,0,0,0,0,5,7,34,60,149,0.1,7,1,1,0,0,1,1,1,0,0,0,0,0,0,0,0,0,6,6,26,35,40,0.0,5,0,1,0,0,2,0,1,0,0,0,0,0,0,0,0,0,6,7,25,31,342,-5.4,4,1,1,0,0,1,1,1,0,0,0,0,0,0,0,0,0,6,8,0,3,301,0.0,0,0,1,0,0,2,0,1,0,0,0,0,0,0,0,0,0,6,9,39,60,121,0.5,7,1,1,0,0,1,1,1,0,0,0,0,0,0,0,0,0,6,10,33,28,177,5.8,5,1,1,0,0,1,1,1,0,0,0,0,0,0,0,0,0,6,16,26,30,43,5.3,6,1,1,0,0,1,1,1,0,0,0,0,0,0,0,0,0,6,21,37,20,211,-4.3,7,1,1,0,0,1,1,1,0,0,0,0,0,0,0,0,0,6,22,30,31,277,-3.3,4,1,1,0,0,1,1,1,0,0,0,0,0,0,0,0,0,6,23,0,12,317,0.0,1,0,1,0,0,2,0,1,0,0,0,0,0,0,0,0,0,,,,,,,,,,,,,,,,,,,,,,,
94437000,1,44,0,0,10,26,43,334,-2.6,5,1,1,1,0,1,1,0,0,0,1,0,0,0,1,0,1,0,12,40,33,103,-1.1,7,1,1,1,0,1,1,0,0,0,1,0,0,0,1,0,1,0,15,0,13,75,0.0,1,0,1,0,0,2,0,1,0,0,0,0,0,0,0,0,0,0,18,30,40,198,-1.7,5,1,1,1,0,1,1,1,0,0,1,0,0,0,1,0,1,0,23,43,72,49,-0.1,7,1,1,1,0,1,1,0,0,0,1,0,0,0,1,0,1,0,24,33,34,36,-1.0,5,1,1,1,0,1,1,0,0,0,1,0,0,0,1,0,1,0,25,35,35,145,-0.4,7,1,1,1,0,1,1,0,0,0,1,0,0,0,1,0,1,0,28,26,27,227,-4.0,4,1,1,0,0,1,1,0,0,0,0,0,0,0,0,0,0,0,32,34,31,301,-4.2,5,1,1,1,0,1,1,0,0,0,1,0,0,0,1,0,1,1,127,0,21,258,0.0,0,0,0,0,0,2,0,1,0,0,0,0,0,0,0,0,0,1,128,29,46,238,0.0,3,0,0,0,0,2,1,1,0,0,0,0,0,0,0,0,0,1,129,41,53,229,0.0,5,0,1,0,0,2,1,1,0,0,0,0,0,0,0,0,0,1,137,44,60,149,0.0,5,0,0,0,0,2,1,1,0,0,0,0,0,0,0,0,0,2,4,0,0,264,0.0,0,0,1,0,0,2,0,1,0,0,0,0,0,0,0,0,0,2,12,23,24,314,0.0,3,0,1,0,0,1,1,1,0,0,0,0,0,0,0,0,0,2,19,22,41,303,3.4,4,1,1,0,0,1,1,1,0,0,0,0,0,0,0,0,0,2,21,31,25,150,-0.2,5,1,1,0,0,1,1,1,0,0,0,0,0,0,0,0,0,2,23,0,0,193,0.0,1,0,1,0,0,2,0,1,0,0,0,0,0,0,0,0,0,2,26,40,34,178,1.2,5,1,1,0,0,1,1,0,0,0,0,0,0,0,0,0,0,2,27,32,27,92,-2.9,5,1,1,0,0,1,1,0,0,0,0,0,0,0,0,0,0,2,29,33,47,14,1.1,7,1,1,0,0,1,1,0,0,0,0,0,0,0,0,0,0,2,30,17,4,48,0.0,4,0,1,0,0,2,0,1,0,0,0,0,0,0,0,0,0,2,33,22,60,250,5.4,4,1,1,0,0,1,1,1,0,0,0,0,0,0,0,0,0,3,6,37,69,221,-0.9,6,1,1,0,0,1,1,0,0,0,0,0,0,0,0,0,0,3,9,41,53,216,-0.7,7,1,1,0,0,1,1,0,0,0,0,0,0,0,0,0,0,3,13,38,61,358,0.1,7,1,1,0,0,1,1,0,0,0,0,0,0,0,0,0,0,3,16,39,77,224,-0.1,7,1,1,0,0,1,1,0,0,0,0,0,0,0,0,0,0,3,23,43,66,118,0.0,6,1,1,0,0,1,1,0,0,0,0,0,0,0,0,0,0,3,27,0,20,216,0.0,0,0,1,0,0,1,1,0,0,0,0,0,0,0,0,0,0,3,32,24,41,338,-10.5,4,1,1,0,0,1,1,0,0,0,0,0,0,0,0,0,0,3,38,43,70,64,1.1,7,1,1,0,0,1,1,0,0,0,0,0,0,0,0,0,0,3,39,42,83,264,1.2,7,1,1,0,0,1,1,0,0,0,0,0,0,0,0,0,0,5,2,34,26,135,-0.3,6,1,1,0,0,1,1,1,0,0,0,0,0,0,0,0,0,5,3,45,38,165,2.2,7,1,1,0,0,1,1,1,0,0,0,0,0,0,0,0,0,5,7,39,60,149,0.2,7,1,1,0,0,1,1,1,0,0,0,0,0,0,0,0,0,6,6,25,35,40,0.0,4,0,1,0,0,2,0,1,0,0,0,0,0,0,0,0,0,6,7,35,31,342,-5.9,5,1,1,0,0,1,1,1,0,0,0,0,0,0,0,0,0,6,8,0,3,301,0.0,0,0,1,0,0,2,0,1,0,0,0,0,0,0,0,0,0,6,9,43,60,121,0.6,7,1,1,0,0,1,1,1,0,0,0,0,0,0,0,0,0,6,10,32,28,177,4.2,5,1,1,0,0,1,1,1,0,0,0,0,0,0,0,0,0,6,16,35,30,43,5.1,5,1,1,0,0,1,1,1,0,0,0,0,0,0,0,0,0,6,21,30,20,211,-5.1,4,1,1,0,0,1,1,1,0,0,0,0,0,0,0,0,0,6,22,25,31,277,-4.8,4,1,1,0,0,1,1,1,0,0,0,0,0,0,0,0,0,6,23,17,12,317,0.0,3,0,1,0,0,2,0,1,0,0,0,0,0,0,0,0,0,,,,,,,,,,,,,,,,,,,,,,,
94438000,1,44,0,0,10,25,43,334,-7.2,5,1,1,1,0,1,1,0,0,0,1,0,0,0,1,0,1,0,12,39,33,103,-1.0,7,1,1,1,0,1,1,0,0,0,1,0,0,0,1,0,1,0,15,0,13,75,0.0,3,0,1,0,0,2,0,1,0,0,0,0,0,0,0,0,0,0,18,30,40,198,0.9,6,1,1,1,0,1,1,1,0,0,1,0,0,0,1,0,1,0,23,44,72,49,0.0,7,1,1,1,0,1,1,0,0,0,1,0,0,0,1,0,1,0,24,35,34,36,-2.6,4,1,1,1,0,1,1,0,0,0,1,0,0,0,1,0,1,0,25,37,35,145,-0.3,7,1,1,1,0,1,1,0,0,0,1,0,0,0,1,0,1,0,28,8,27,227,0.0,3,0,1,0,0,1,1,0,0,0,0,0,0,0,0,0,0,0,32,36,31,301,-1.7,5,1,1,1,0,1,1,0,0,0,1,0,0,0,1,0,1,1,127,0,21,258,0.0,0,0,0,0,0,2,0,1,0,0,0,0,0,0,0,0,0,1,128,32,46,238,0.0,4,0,0,0,0,2,1,1,0,0,0,0,0,0,0,0,0,1,129,41,53,229,0.0,6,0,1,0,0,2,1,1,0,0,0,0,0,0,0,0,0,1,137,38,60,149,0.0,6,0,0,0,0,2,1,1,0,0,0,0,0,0,0,0,0,2,4,0,0,264,0.0,0,0,1,0,0,2,0,1,0,0,0,0,0,0,0,0,0,2,12,26,24,314,2.3,5,1,1,0,0,1,1,1,0,0,0,0,0,0,0,0,0,2,19,25,41,303,0.3,4,1,1,0,0,1,1,1,0,0,0,0,0,0,0,0,0,2,21,31,25,150,6.1,4,1,1,0,0,1,1,1,0,0,0,0,0,0,0,0,0,2,23,0,0,193,0.0,1,0,1,0,0,2,0,1,0,0,0,0,0,0,0,0,0,2,26,36,34,178,-2.7,7,1,1,0,0,1,1,0,0,0,0,0,0,0,0,0,0,2,27,29,27,92,-2.2,7,1,1,0,0,1,1,0,0,0,0,0,0,0,0,0,0,2,29,36,47,14,0.7,7,1,1,0,0,1,1,0,0,0,0,0,0,0,0,0,0,2,30,18,4,48,0.0,4,0,1,0,0,2,0,1,0,0,0,0,0,0,0,0,0,2,33,29,60,250,-5.4,5,1,1,0,0,1,1,1,0,0,0,0,0,0,0,0,0,3,6,39,69,221,-1.0,6,1,1,0,0,1,1,0,0,0,0,0,0,0,0,0,0,3,9,38,53,216,-0.7,7,1,1,0,0,1,1,0,0,0,0,0,0,0,0,0,0,3,13,36,61,358,0.1,7,1,1,0,0,1,1,0,0,0,0,0,0,0,0,0,0,3,16,43,77,224,-0.2,7,1,1,0,0,1,1,0,0,0,0,0,0,0,0,0,0,3,23,44,66,118,0.0,6,1,1,0,0,1,1,0,0,0,0,0,0,0,0,0,0,3,27,0,20,216,0.0,0,0,1,0,0,1,1,0,0,0,0,0,0,0,0,0,0,3,32,24,41,338,-10.1,4,1,1,0,0,1,1,0,0,0,0,0,0,0,0,0,0,3,38,43,70,64,1.0,7,1,1,0,0,1,1,0,0,0,0,0,0,0,0,0,0,3,39,44,83,264,1.3,7,1,1,0,0,1,1,0,0,0,0,0,0,0,0,0,0,5,2,41,26,135,2.7,5,1,1,0,0,1,1,1,0,0,0,0,0,0,0,0,0,5,3,32,38,165,2.1,5,1,1,0,0,1,1,1,0,0,0,0,0,0,0,0,0,5,7,35,60,149,0.3,7,1,1,0,0,1,1,1,0,0,0,0,0,0,0,0,0,6,6,25,35,40,0.0,4,0,1,0,0,2,0,1,0,0,0,0,0,0,0,0,0,6,7,27,31,342,-8.0,6,1,1,0,0,1,1,1,0,0,0,0,0,0,0,0,0,6,8,0,3,301,0.0,0,0,1,0,0,2,0,1,0,0,0,0,0,0,0,0,0,6,9,42,60,121,0.7,7,1,1,0,0,1,1,1,0,0,0,0,0,0,0,0,0,6,10,27,28,177,0.0,4,0,1,0,0,1,1,1,0,0,0,0,0,0,0,0,0,6,16,37,30,43,3.8,6,1,1,0,0,1,1,1,0,0,0,0,0,0,0,0,0,6,21,39,20,211,-5.2,6,1,1,0,0,1,1,1,0,0,0,0,0,0,0,0,0,6,22,23,31,277,-7.9,4,1,1,0,0,1,1,1,0,0,0,0,0,0,0,0,0,6,23,20,12,317,0.0,3,0,1,0,0,2,0,1,0,0,0,0,0,0,0,0,0,,,,,,,,,,,,,,,,,,,,,,,
94439000,1,44,0,0,10,31,43,334,-7.5,4,1,1,1,0,1,1,0,0,0,1,0,0,0,1,0,1,0,12,34,33,103,-0.9,7,1,1,1,0,1,1,0,0,0,1,0,0,0,1,0,1,0,15,21,13,75,0.0,3,0,1,0,0,2,0,1,0,0,0,0,0,0,0,0,0,0,18,41,40,198,-0.5,6,1,1,1,0,1,1,1,0,0,1,0,0,0,1,0,1,0,23,44,72,49,-0.2,7,1,1,1,0,1,1,0,0,0,1,0,0,0,1,0,1,0,24,40,34,36,1.5,5,1,1,1,0,1,1,0,0,0,1,0,0,0,1,0,1,0,25,42,35,145,-0.3,7,1,1,1,0,1,1,0,0,0,1,0,0,0,1,0,1,0,28,24,27,227,-8.0,4,1,1,0,0,1,1,0,0,0,0,0,0,0,0,0,0,0,32,32,31,301,0.5,5,1,1,1,0,1,1,0,0,0,1,0,0,0,1,0,1,1,127,0,21,258,0.0,0,0,0,0,0,2,0,1,0,0,0,0,0,0,0,0,0,1,128,27,46,238,0.0,4,0,0,0,0,2,1,1,0,0,0,0,0,0,0,0,0,1,129,41,53,229,0.0,6,0,1,0,0,2,1,1,0,0,0,0,0,0,0,0,0,1,137,41,60,149,0.0,6,0,0,0,0,2,1,1,0,0,0,0,0,0,0,0,0,2,4,0,0,264,0.0,0,0,1,0,0,2,0,1,0,0,0,0,0,0,0,0,0,2,12,30,24,314,-2.2,7,1,1,0,0,1,1,1,0,0,0,0,0,0,0,0,0,2,19,25,41,303,1.5,4,1,1,0,0,1,1,1,0,0,0,0,0,0,0,0,0,2,21,38,25,150,-3.4,5,1,1,0,0,1,1,1,0,0,0,0,0,0,0,0,0,2,23,0,0,193,0.0,1,0,1,0,0,2,0,1,0,0,0,0,0,0,0,0,0,2,26,35,34,178,-4.6,7,1,1,0,0,1,1,0,0,0,0,0,0,0,0,0,0,2,27,27,27,92,-4.5,4,1,1,0,0,1,1,0,0,0,0,0,0,0,0,0,0,2,29,35,47,14,0.5,7,1,1,0,0,1,1,0,0,0,0,0,0,0,0,0,0,2,30,18,4,48,0.0,3,0,1,0,0,2,0,1,0,0,0,0,0,0,0,0,0,2,33,29,60,250,-2.1,4,1,1,0,0,1,1,1,0,0,0,0,0,0,0,0,0,3,6,41,69,221,-1.0,6,1,1,0,0,1,1,0,0,0,0,0,0,0,0,0,0,3,9,41,53,216,-0.7,7,1,1,0,0,1,1,0,0,0,0,0,0,0,0,0,0,3,13,33,61,358,0.0,7,1,1,0,0,1,1,0,0,0,0,0,0,0,0,0,0,3,16,44,77,224,-0.6,7,1,1,0,0,1,1,0,0,0,0,0,0,0,0,0,0,3,23,42,66,118,0.0,6,1,1,0,0,1,1,0,0,0,0,0,0,0,0,0,0,3,27,0,20,216,0.0,0,0,1,0,0,1,1,0,0,0,0,0,0,0,0,0,0,3,32,25,41,338,-9.0,4,1,1,0,0,1,1,0,0,0,0,0,0,0,0,0,0,3,38,43,70,64,1.0,7,1,1,0,0,1,1,0,0,0,0,0,0,0,0,0,0,3,39,43,83,264,1.3,7,1,1,0,0,1,1,0,0,0,0,0,0,0,0,0,0,5,2,30,26,135,0.0,4,1,1,0,0,1,1,1,0,0,0,0,0,0,0,0,0,5,3,39,38,165,1.6,5,1,1,0,0,1,1,1,0,0,0,0,0,0,0,0,0,5,7,37,60,149,0.4,7,1,1,0,0,1,1,1,0,0,0,0,0,0,0,0,0,6,6,35,35,40,0.0,5,0,1,0,0,2,0,1,0,0,0,0,0,0,0,0,0,6,7,18,31,342,-8.2,4,1,1,0,0,1,1,1,0,0,0,0,0,0,0,0,0,6,8,0,3,301,0.0,0,0,1,0,0,2,0,1,0,0,0,0,0,0,0,0,0,6,9,39,60,121,0.6,7,1,1,0,0,1,1,1,0,0,0,0,0,0,0,0,0,6,10,25,28,177,0.0,4,0,1,0,0,1,1,1,0,0,0,0,0,0,0,0,0,6,16,43,30,43,2.1,5,1,1,0,0,1,1,1,0,0,0,0,0,0,0,0,0,6,21,42,20,211,-5.2,7,1,1,0,0,1,1,1,0,0,0,0,0,0,0,0,0,6,22,30,31,277,-4.5,4,1,1,0,0,1,1,1,0,0,0,0,0,0,0,0,0,6,23,20,12,317,0.0,3,0,1,0,0,2,0,1,0,0,0,0,0,0,0,0,0,,,,,,,,,,,,,,,,,,,,,,,
94440000,1,44,0,0,10,24,43,334,-16.5,4,1,1,1,0,1,1,0,0,0,1,0,0,0,1,0,1,0,12,35,33,103,-0.8,7,1,1,1,0,1,1,0,0,0,1,0,0,0,1,0,1,0,15,21,13,75,0.0,3,0,1,0,0,2,0,1,0,0,0,0,0,0,0,0,0,0,18,30,40,198,1.9,6,1,1,1,0,1,1,1,0,0,1,0,0,0,1,0,1,0,23,46,72,49,-0.3,7,1,1,1,0,1,1,0,0,0,1,0,0,0,1,0,1,0,24,43,34,36,-0.1,5,1,1,1,0,1,1,0,0,0,1,0,0,0,1,0,1,0,25,35,35,145,-0.3,7,1,1,1,0,1,1,0,0,0,1,0,0,0,1,0,1,0,28,25,27,227,-7.4,4,1,1,0,0,1,1,0,0,0,0,0,0,0,0,0,0,0,32,32,31,301,4.4,5,1,1,1,0,1,1,0,0,0,1,0,0,0,1,0,1,1,127,0,21,258,0.0,0,0,0,0,0,2,0,1,0,0,0,0,0,0,0,0,0,1,128,27,46,238,0.0,4,0,0,0,0,2,1,1,0,0,0,0,0,0,0,0,0,1,129,42,53,229,0.0,6,0,1,0,0,2,1,1,0,0,0,0,0,0,0,0,0,1,137,39,60,149,0.0,6,0,0,0,0,2,1,1,0,0,0,0,0,0,0,0,0,2,4,0,0,264,0.0,0,0,1,0,0,2,0,1,0,0,0,0,0,0,0,0,0,2,12,29,24,314,-5.1,7,1,1,0,0,1,1,1,0,0,0,0,0,0,0,0,0,2,19,23,41,303,-3.3,4,1,1,0,0,1,1,1,0,0,0,0,0,0,0,0,0,2,21,36,25,150,5.5,7,1,1,0,0,1,1,1,0,0,0,0,0,0,0,0,0,2,23,0,0,193,0.0,1,0,1,0,0,2,0,1,0,0,0,0,0,0,0,0,0,2,26,40,34,178,1.1,7,1,1,0,0,1,1,0,0,0,0,0,0,0,0,0,0,2,27,27,27,92,0.4,5,1,1,0,0,1,1,0,0,0,0,0,0,0,0,0,0,2,29,35,47,14,0.3,7,1,1,0,0,1,1,0,0,0,0,0,0,0,0,0,0,2,30,17,4,48,0.0,3,0,1,0,0,2,0,1,0,0,0,0,0,0,0,0,0,2,33,22,60,250,-5.3,4,1,1,0,0,1,1,1,0,0,0,0,0,0,0,0,0,3,6,38,69,221,-0.8,6,1,1,0,0,1,1,0,0,0,0,0,0,0,0,0,0,3,9,35,53,216,-0.7,7,1,1,0,0,1,1,0,0,0,0,0,0,0,0,0,0,3,13,34,61,358,0.0,7,1,1,0,0,1,1,0,0,0,0,0,0,0,0,0,0,3,16,40,77,224,-0.6,7,1,1,0,0,1,1,0,0,0,0,0,0,0,0,0,0,3,23,42,66,118,0.0,6,1,1,0,0,1,1,0,0,0,0,0,0,0,0,0,0,3,27,0,20,216,0.0,0,0,1,0,0,1,1,0,0,0,0,0,0,0,0,0,0,3,32,23,41,338,-6.0,4,1,1,0,0,1,1,0,0,0,0,0,0,0,0,0,0,3,38,43,70,64,0.9,7,1,1,0,0,1,1,0,0,0,0,0,0,0,0,0,0,3,39,42,83,264,1.4,7,1,1,0,0,1,1,0,0,0,0,0,0,0,0,0,0,5,2,37,26,135,-1.5,5,1,1,0,0,1,1,1,0,0,0,0,0,0,0,0,0,5,3,41,38,165,2.9,6,1,1,0,0,1,1,1,0,0,0,0,0,0,0,0,0,5,7,35,60,149,0.4,7,1,1,0,0,1,1,1,0,0,0,0,0,0,0,0,0,6,6,34,35,40,0.0,6,0,1,0,0,2,0,1,0,0,0,0,0,0,0,0,0,6,7,35,31,342,-6.5,5,1,1,0,0,1,1,1,0,0,0,0,0,0,0,0,0,6,8,0,3,301,0.0,0,0,1,0,0,2,0,1,0,0,0,0,0,0,0,0,0,6,9,45,60,121,0.6,7,1,1,0,0,1,1,1,0,0,0,0,0,0,0,0,0,6,10,31,28,177,2.7,5,1,1,0,0,1,1,1,0,0,0,0,0,0,0,0,0,6,16,44,30,43,1.0,6,1,1,0,0,1,1,1,0,0,0,0,0,0,0,0,0,6,21,31,20,211,-4.9,4,1,1,0,0,1,1,1,0,0,0,0,0,0,0,0,0,6,22,30,31,277,0.0,3,0,1,0,0,1,1,1,0,0,0,0,0,0,0,0,0,6,23,19,12,317,0.0,4,0,1,0,0,2,0,1,0,0,0,0,0,0,0,0,0,,,,,,,,,,,,,,,,,,,,,,,
94441000,1,44,0,0,10,34,43,334,-7.1,5,1,1,1,0,1,1,0,0,0,1,0,0,0,1,0,1,0,12,43,33,103,-0.7,7,1,1,1,0,1,1,0,0,0,1,0,0,0,1,0,1,0,15,19,13,75,0.0,3,0,1,0,0,2,0,1,0,0,0,0,0,0,0,0,0,0,18,41,40,198,1.4,5,1,1,1,0,1,1,1,0,0,1,0,0,0,1,0,1,0,23,45,72,51,-0.3,7,1,1,1,0,1,1,1,0,0,1,0,0,0,1,0,1,0,24,41,34,36,1.3,5,1,1,1,0,1,1,0,0,0,1,0,0,0,1,0,1,0,25,32,35,145,-0.2,7,1,1,1,0,1,1,0,0,0,1,0,0,0,1,0,1,0,28,25,27,227,-5.3,4,1,1,0,0,1,1,0,0,0,0,0,0,0,0,0,0,0,32,26,31,301,1.1,5,1,1,1,0,1,1,0,0,0,1,0,0,0,1,0,1,1,127,0,21,258,0.0,0,0,0,0,0,2,0,1,0,0,0,0,0,0,0,0,0,1,128,27,46,238,0.0,4,0,0,0,0,2,1,1,0,0,0,0,0,0,0,0,0,1,129,35,53,229,0.0,6,0,1,0,0,2,1,1,0,0,0,0,0,0,0,0,0,1,137,42,60,149,0.0,6,0,0,0,0,2,1,1,0,0,0,0,0,0,0,0,0,2,4,0,0,264,0.0,0,0,1,0,0,2,0,1,0,0,0,0,0,0,0,0,0,2,12,28,24,314,2.0,7,1,1,0,0,1,1,1,0,0,0,0,0,0,0,0,0,2,19,21,41,303,-3.7,4,1,1,0,0,1,1,1,0,0,0,0,0,0,0,0,0,2,21,29,25,150,0.6,7,1,1,0,0,1,1,1,0,0,0,0,0,0,0,0,0,2,23,0,0,193,0.0,1,0,1,0,0,2,0,1,0,0,0,0,0,0,0,0,0,2,26,41,34,178,-1.1,7,1,1,0,0,1,1,0,0,0,0,0,0,0,0,0,0,2,27,30,27,92,3.3,7,1,1,0,0,1,1,0,0,0,0,0,0,0,0,0,0,2,29,35,47,14,0.2,7,1,1,0,0,1,1,0,0,0,0,0,0,0,0,0,0,2,30,17,4,48,0.0,3,0,1,0,0,2,0,1,0,0,0,0,0,0,0,0,0,2,33,28,60,250,-9.3,5,1,1,0,0,1,1,1,0,0,0,0,0,0,0,0,0,3,6,42,69,221,-0.8,6,1,1,0,0,1,1,0,0,0,0,0,0,0,0,0,0,3,9,39,53,216,-0.7,7,1,1,0,0,1,1,0,0,0,0,0,0,0,0,0,0,3,13,37,61,358,-0.1,7,1,1,0,0,1,1,0,0,0,0,0,0,0,0,0,0,3,16,45,77,224,-0.5,7,1,1,0,0,1,1,0,0,0,0,0,0,0,0,0,0,3,23,41,66,118,-0.1,6,1,1,0,0,1,1,0,0,0,0,0,0,0,0,0,0,3,27,0,20,216,0.0,0,0,1,0,0,1,1,0,0,0,0,0,0,0,0,0,0,3,32,22,41,338,-5.7,4,1,1,0,0,1,1,0,0,0,0,0,0,0,0,0,0,3,38,43,70,64,0.8,7,1,1,0,0,1,1,0,0,0,0,0,0,0,0,0,0,3,39,44,83,264,1.2,7,1,1,0,0,1,1,0,0,0,0,0,0,0,0,0,0,5,2,27,26,135,-5.9,4,1,1,0,0,1,1,1,0,0,0,0,0,0,0,0,0,5,3,36,38,165,3.5,7,1,1,0,0,1,1,1,0,0,0,0,0,0,0,0,0,5,7,38,60,149,0.4,7,1,1,0,0,1,1,1,0,0,0,0,0,0,0,0,0,6,6,34,35,40,0.0,7,0,1,0,0,2,0,1,0,0,0,0,0,0,0,0,0,6,7,32,31,342,-4.5,5,1,1,0,0,1,1,1,0,0,0,0,0,0,0,0,0,6,8,0,3,301,0.0,0,0,1,0,0,2,0,1,0,0,0,0,0,0,0,0,0,6,9,46,60,121,0.7,7,1,1,0,0,1,1,1,0,0,0,0,0,0,0,0,0,6,10,32,28,177,5.2,6,1,1,0,0,1,1,1,0,0,0,0,0,0,0,0,0,6,16,44,30,43,0.4,7,1,1,0,0,1,1,1,0,0,0,0,0,0,0,0,0,6,21,39,20,211,-2.5,5,1,1,0,0,1,1,1,0,0,0,0,0,0,0,0,0,6,22,25,31,277,0.0,3,0,1,0,0,1,1,1,0,0,0,0,0,0,0,0,0,6,23,18,12,317,0.0,4,0,1,0,0,2,0,1,0,0,0,0,0,0,0,0,0,,,,,,,,,,,,,,,,,,,,,,,
94442000,1,44,0,0,10,31,43,334,-6.3,4,1,1,1,0,1,1,0,0,0,1,0,0,0,1,0,1,0,12,45,33,103,-0.7,7,1,1,1,0,1,1,0,0,0,1,0,0,0,1,0,1,0,15,18,13,75,0.0,3,0,1,0,0,2,0,1,0,0,0,0,0,0,0,0,0,0,18,41,40,198,1.5,6,1,1,1,0,1,1,1,0,0,1,0,0,0,1,0,1,0,23,42,72,51,-0.2,7,1,1,1,0,1,1,1,0,0,1,0,0,0,1,0,1,0,24,40,34,36,1.7,6,1,1,1,0,1,1,0,0,0,1,0,0,0,1,0,1,0,25,34,35,145,0.0,7,1,1,1,0,1,1,0,0,0,1,0,0,0,1,0,1,0,28,25,27,227,-4.4,4,1,1,0,0,1,1,0,0,0,0,0,0,0,0,0,0,0,32,27,31,301,-18.8,5,1,1,1,0,1,1,0,0,0,1,0,0,0,1,0,1,1,127,0,21,258,0.0,0,0,0,0,0,2,0,1,0,0,0,0,0,0,0,0,0,1,128,27,46,238,0.0,4,0,0,0,0,2,1,1,0,0,0,0,0,0,0,0,0,1,129,37,53,229,0.0,6,0,1,0,0,2,1,1,0,0,0,0,0,0,0,0,0,1,137,37,60,149,0.0,6,0,0,0,0,2,1,1,0,0,0,0,0,0,0,0,0,2,4,0,0,264,0.0,0,0,1,0,0,2,0,1,0,0,0,0,0,0,0,0,0,2,12,20,24,314,0.0,4,0,1,0,0,1,1,1,0,0,0,0,0,0,0,0,0,2,19,20,41,303,-8.6,4,1,1,0,0,1,1,1,0,0,0,0,0,0,0,0,0,2,21,36,25,150,1.4,7,1,1,0,0,1,1,1,0,0,0,0,0,0,0,0,0,2,23,0,0,193,0.0,1,0,1,0,0,2,0,1,0,0,0,0,0,0,0,0,0,2,26,38,34,178,0.0,7,1,1,0,0,1,1,0,0,0,0,0,0,0,0,0,0,2,27,30,27,92,1.4,7,1,1,0,0,1,1,0,0,0,0,0,0,0,0,0,0,2,29,33,47,14,0.2,7,1,1,0,0,1,1,0,0,0,0,0,0,0,0,0,0,2,30,15,4,48,0.0,3,0,1,0,0,2,0,1,0,0,0,0,0,0,0,0,0,2,33,22,60,250,-26.7,4,1,1,0,0,1,1,1,0,0,0,0,0,0,0,0,0,3,6,41,69,221,-0.7,6,1,1,0,0,1,1,0,0,0,0,0,0,0,0,0,0,3,9,37,53,216,-0.5,7,1,1,0,0,1,1,0,0,0,0,0,0,0,0,0,0,3,13,38,61,358,-0.2,7,1,1,0,0,1,1,0,0,0,0,0,0,0,0,0,0,3,16,43,77,224,-0.1,7,1,1,0,0,1,1,0,0,0,0,0,0,0,0,0,0,3,23,46,66,118,0.1,6,1,1,0,0,1,1,0,0,0,0,0,0,0,0,0,0,3,27,0,20,216,0.0,0,0,1,0,0,1,1,0,0,0,0,0,0,0,0,0,0,3,32,30,41,338,-3.7,5,1,1,0,0,1,1,0,0,0,0,0,0,0,0,0,0,3,38,42,70,64,0.8,7,1,1,0,0,1,1,0,0,0,0,0,0,0,0,0,0,3,39,42,83,264,1.2,7,1,1,0,0,1,1,0,0,0,0,0,0,0,0,0,0,5,2,26,26,135,-12.6,4,1,1,0,0,1,1,1,0,0,0,0,0,0,0,0,0,5,3,36,38,165,2.8,7,1,1,0,0,1,1,1,0,0,0,0,0,0,0,0,0,5,7,32,60,149,0.5,7,1,1,0,0,1,1,1,0,0,0,0,0,0,0,0,0,6,6,33,35,40,0.0,7,0,1,0,0,2,0,1,0,0,0,0,0,0,0,0,0,6,7,27,31,342,-4.3,4,1,1,0,0,1,1,1,0,0,0,0,0,0,0,0,0,6,8,0,3,301,0.0,0,0,1,0,0,2,0,1,0,0,0,0,0,0,0,0,0,6,9,44,60,121,0.7,7,1,1,0,0,1,1,1,0,0,0,0,0,0,0,0,0,6,10,34,28,177,2.9,6,1,1,0,0,1,1,1,0,0,0,0,0,0,0,0,0,6,16,45,30,43,3.7,7,1,1,0,0,1,1,1,0,0,0,0,0,0,0,0,0,6,21,34,20,211,-5.2,6,1,1,0,0,1,1,1,0,0,0,0,0,0,0,0,0,6,22,31,31,277,-16.0,4,0,1,0,0,1,1,1,0,0,0,0,0,0,0,0,0,6,23,16,12,317,0.0,4,0,1,0,0,2,0,1,0,0,0,0,0,0,0,0,0,,,,,,,,,,,,,,,,,,,,,,,
94443000,1,44,0,0,10,26,43,334,-4.6,4,1,1,1,0,1,1,0,0,0,1,0,0,0,1,0,1,0,12,42,33,103,-0.8,7,1,1,1,0,1,1,0,0,0,1,0,0,0,1,0,1,0,15,18,13,75,0.0,3,0,1,0,0,2,0,1,0,0,0,0,0,0,0,0,0,0,18,41,40,198,3.3,6,1,1,1,0,1,1,1,0,0,1,0,0,0,1,0,1,0,23,43,72,51,-0.2,7,1,1,1,0,1,1,1,0,0,1,0,0,0,1,0,1,0,24,41,34,37,1.8,6,1,1,1,0,1,1,0,0,0,1,0,0,0,1,0,1,0,25,37,35,145,0.0,7,1,1,1,0,1,1,0,0,0,1,0,0,0,1,0,1,0,28,24,27,227,-19.4,4,1,1,0,0,1,1,0,0,0,0,0,0,0,0,0,0,0,32,27,31,301,-15.8,5,1,1,1,0,1,1,0,0,0,1,0,0,0,1,0,1,1,127,0,21,258,0.0,0,0,0,0,0,2,0,1,0,0,0,0,0,0,0,0,0,1,128,27,46,238,0.0,3,0,0,0,0,2,1,1,0,0,0,0,0,0,0,0,0,1,129,39,53,229,0.0,7,0,1,0,0,2,1,1,0,0,0,0,0,0,0,0,0,1,137,39,60,149,0.0,7,0,0,0,0,2,1,1,0,0,0,0,0,0,0,0,0,2,4,0,0,264,0.0,0,0,1,0,0,2,0,1,0,0,0,0,0,0,0,0,0,2,12,20,24,314,-4.8,4,1,1,0,0,1,1,1,0,0,0,0,0,0,0,0,0,2,19,21,41,303,-10.3,4,1,1,0,0,1,1,1,0,0,0,0,0,0,0,0,0,2,21,34,25,150,1.1,7,1,1,0,0,1,1,1,0,0,0,0,0,0,0,0,0,2,23,0,0,193,0.0,1,0,1,0,0,2,0,1,0,0,0,0,0,0,0,0,0,2,26,37,34,178,3.0,7,1,1,0,0,1,1,0,0,0,0,0,0,0,0,0,0,2,27,23,27,92,2.4,4,1,1,0,0,1,1,0,0,0,0,0,0,0,0,0,0,2,29,33,47,14,0.2,7,1,1,0,0,1,1,0,0,0,0,0,0,0,0,0,0,2,30,16,4,48,0.0,3,0,1,0,0,2,0,1,0,0,0,0,0,0,0,0,0,2,33,23,60,250,-12.1,5,1,1,0,0,1,1,1,0,0,0,0,0,0,0,0,0,3,6,41,69,221,-0.7,7,1,1,0,0,1,1,0,0,0,0,0,0,0,0,0,0,3,9,40,53,216,-0.6,7,1,1,0,0,1,1,0,0,0,0,0,0,0,0,0,0,3,13,38,61,358,-0.2,7,1,1,0,0,1,1,0,0,0,0,0,0,0,0,0,0,3,16,44,77,224,0.0,7,1,1,0,0,1,1,0,0,0,0,0,0,0,0,0,0,3,23,46,66,118,0.0,7,1,1,0,0,1,1,0,0,0,0,0,0,0,0,0,0,3,27,0,20,216,0.0,0,0,1,0,0,1,1,0,0,0,0,0,0,0,0,0,0,3,32,26,41,338,-4.3,7,1,1,0,0,1,1,0,0,0,0,0,0,0,0,0,0,3,38,43,70,64,0.7,7,1,1,0,0,1,1,0,0,0,0,0,0,0,0,0,0,3,39,43,83,264,1.1,7,1,1,0,0,1,1,0,0,0,0,0,0,0,0,0,0,5,2,41,26,135,-1.3,5,1,1,0,0,1,1,1,0,0,0,0,0,0,0,0,0,5,3,33,38,165,2.9,7,1,1,0,0,1,1,1,0,0,0,0,0,0,0,0,0,5,7,37,60,149,0.5,7,1,1,0,0,1,1,1,0,0,0,0,0,0,0,0,0,6,6,34,35,40,0.0,7,0,1,0,0,2,0,1,0,0,0,0,0,0,0,0,0,6,7,32,31,342,-5.8,5,1,1,0,0,1,1,1,0,0,0,0,0,0,0,0,0,6,8,0,3,301,0.0,0,0,1,0,0,2,0,1,0,0,0,0,0,0,0,0,0,6,9,46,60,121,0.8,7,1,1,0,0,1,1,1,0,0,0,0,0,0,0,0,0,6,10,30,28,177,1.5,4,1,1,0,0,1,1,1,0,0,0,0,0,0,0,0,0,6,16,45,30,43,2.7,7,1,1,0,0,1,1,1,0,0,0,0,0,0,0,0,0,6,21,37,20,211,-4.2,7,1,1,0,0,1,1,1,0,0,0,0,0,0,0,0,0,6,22,25,31,277,-17.3,4,1,1,0,0,1,1,1,0,0,0,0,0,0,0,0,0,6,23,17,12,317,0.0,4,0,1,0,0,2,0,1,0,0,0,0,0,0,0,0,0,,,,,,,,,,,,,,,,,,,,,,,
94444000,1,44,0,0,10,25,43,334,-0.1,5,1,1,1,0,1,1,0,0,0,1,0,0,0,1,0,1,0,12,43,33,103,-0.9,7,1,1,1,0,1,1,0,0,0,1,0,0,0,1,0,1,0,15,0,13,75,0.0,1,0,1,0,0,2,0,1,0,0,0,0,0,0,0,0,0,0,18,42,40,198,1.9,6,1,1,1,0,1,1,1,0,0,1,0,0,0,1,0,1,0,23,43,72,51,-0.3,7,1,1,1,0,1,1,1,0,0,1,0,0,0,1,0,1,0,24,43,34,37,1.5,6,1,1,1,0,1,1,0,0,0,1,0,0,0,1,0,1,0,25,39,35,144,0.0,7,1,1,1,0,1,1,0,0,0,1,0,0,0,1,0,1,0,28,26,27,227,-33.4,4,1,1,0,0,1,1,0,0,0,0,0,0,0,0,0,0,0,32,26,31,301,-15.3,4,1,1,1,0,1,1,0,0,0,1,0,0,0,1,0,1,1,127,0,21,258,0.0,0,0,0,0,0,2,0,1,0,0,0,0,0,0,0,0,0,1,128,27,46,238,0.0,4,0,0,0,0,2,1,1,0,0,0,0,0,0,0,0,0,1,129,42,53,229,0.0,7,0,1,0,0,2,1,1,0,0,0,0,0,0,0,0,0,1,137,36,60,149,0.0,7,0,0,0,0,2,1,1,0,0,0,0,0,0,0,0,0,2,4,0,0,264,0.0,0,0,1,0,0,2,0,1,0,0,0,0,0,0,0,0,0,2,12,19,24,314,0.0,4,0,1,0,0,1,1,1,0,0,0,0,0,0,0,0,0,2,19,22,41,303,-12.3,4,1,1,0,0,1,1,1,0,0,0,0,0,0,0,0,0,2,21,35,25,150,0.7,7,1,1,0,0,1,1,1,0,0,0,0,0,0,0,0,0,2,23,0,0,193,0.0,1,0,1,0,0,2,0,1,0,0,0,0,0,0,0,0,0,2,26,37,34,178,1.9,7,1,1,0,0,1,1,0,0,0,0,0,0,0,0,0,0,2,27,24,27,92,-2.8,4,1,1,0,0,1,1,0,0,0,0,0,0,0,0,0,0,2,29,36,47,14,0.0,7,1,1,0,0,1,1,0,0,0,0,0,0,0,0,0,0,2,30,17,4,48,0.0,3,0,1,0,0,2,0,1,0,0,0,0,0,0,0,0,0,2,33,24,60,250,-26.0,4,1,1,0,0,1,1,1,0,0,0,0,0,0,0,0,0,3,6,42,69,221,-0.7,7,1,1,0,0,1,1,0,0,0,0,0,0,0,0,0,0,3,9,42,53,216,-0.5,7,1,1,0,0,1,1,0,0,0,0,0,0,0,0,0,0,3,13,40,61,358,-0.2,7,1,1,0,0,1,1,0,0,0,0,0,0,0,0,0,0,3,16,44,77,224,-0.3,7,1,1,0,0,1,1,0,0,0,0,0,0,0,0,0,0,3,23,47,66,118,-0.2,7,1,1,0,0,1,1,0,0,0,0,0,0,0,0,0,0,3,27,0,20,216,0.0,0,0,1,0,0,1,1,0,0,0,0,0,0,0,0,0,0,3,32,31,41,338,-1.5,5,1,1,0,0,1,1,0,0,0,0,0,0,0,0,0,0,3,38,42,70,64,0.7,7,1,1,0,0,1,1,0,0,0,0,0,0,0,0,0,0,3,39,43,83,264,1.0,7,1,1,0,0,1,1,0,0,0,0,0,0,0,0,0,0,5,2,35,26,135,3.5,5,1,1,0,0,1,1,1,0,0,0,0,0,0,0,0,0,5,3,34,38,165,2.9,7,1,1,0,0,1,1,1,0,0,0,0,0,0,0,0,0,5,7,34,60,149,0.6,7,1,1,0,0,1,1,1,0,0,0,0,0,0,0,0,0,6,6,34,35,40,0.0,7,0,1,0,0,2,0,1,0,0,0,0,0,0,0,0,0,6,7,29,31,342,-4.7,6,1,1,0,0,1,1,1,0,0,0,0,0,0,0,0,0,6,8,0,3,301,0.0,0,0,1,0,0,2,0,1,0,0,0,0,0,0,0,0,0,6,9,43,60,121,0.7,7,1,1,0,0,1,1,1,0,0,0,0,0,0,0,0,0,6,10,25,28,177,0.2,6,1,1,0,0,1,1,1,0,0,0,0,0,0,0,0,0,6,16,44,30,43,2.1,7,1,1,0,0,1,1,1,0,0,0,0,0,0,0,0,0,6,21,35,20,211,-2.0,7,1,1,0,0,1,1,1,0,0,0,0,0,0,0,0,0,6,22,30,31,277,-22.5,4,1,1,0,0,1,1,1,0,0,0,0,0,0,0,0,0,6,23,17,12,317,0.0,4,0,1,0,0,2,0,1,0,0,0,0,0,0,0,0,0,,,,,,,,,,,,,,,,,,,,,,,
94445000,1,44,0,0,10,28,43,334,1.2,5,1,1,1,0,1,1,0,0,0,1,0,0,0,1,0,1,0,12,47,33,103,-0.8,7,1,1,1,0,1,1,0,0,0,1,0,0,0,1,0,1,0,15,0,13,75,0.0,1,0,1,0,0,2,0,1,0,0,0,0,0,0,0,0,0,0,18,42,40,198,3.3,6,1,1,1,0,1,1,1,0,0,1,0,0,0,1,0,1,0,23,41,72,51,-0.3,7,1,1,1,0,1,1,1,0,0,1,0,0,0,1,0,1,0,24,40,34,37,1.7,6,1,1,1,0,1,1,0,0,0,1,0,0,0,1,0,1,0,25,38,35,144,0.1,7,1,1,1,0,1,1,0,0,0,1,0,0,0,1,0,1,0,28,30,27,227,-17.0,5,1,1,0,0,1,1,0,0,0,0,0,0,0,0,0,0,0,32,26,31,301,-18.1,4,1,1,1,0,1,1,0,0,0,1,0,0,0,1,0,1,1,127,0,21,258,0.0,0,0,0,0,0,2,0,1,0,0,0,0,0,0,0,0,0,1,128,26,46,238,0.0,4,0,0,0,0,2,1,1,0,0,0,0,0,0,0,0,0,1,129,41,53,229,0.0,7,0,1,0,0,2,1,1,0,0,0,0,0,0,0,0,0,1,137,40,60,149,0.0,7,0,0,0,0,2,1,1,0,0,0,0,0,0,0,0,0,2,4,0,0,264,0.0,0,0,1,0,0,2,0,1,0,0,0,0,0,0,0,0,0,2,12,18,24,314,0.0,4,0,1,0,0,1,1,1,0,0,0,0,0,0,0,0,0,2,19,22,41,303,-12.0,4,1,1,0,0,1,1,1,0,0,0,0,0,0,0,0,0,2,21,33,25,150,-0.9,5,1,1,0,0,1,1,1,0,0,0,0,0,0,0,0,0,2,23,0,0,193,0.0,1,0,1,0,0,2,0,1,0,0,0,0,0,0,0,0,0,2,26,34,34,178,1.8,7,1,1,0,0,1,1,0,0,0,0,0,0,0,0,0,0,2,27,25,27,92,-3.3,4,1,1,0,0,1,1,0,0,0,0,0,0,0,0,0,0,2,29,39,47,14,0.1,7,1,1,0,0,1,1,0,0,0,0,0,0,0,0,0,0,2,30,17,4,48,0.0,4,0,1,0,0,2,0,1,0,0,0,0,0,0,0,0,0,2,33,24,60,250,-18.8,4,1,1,0,0,1,1,1,0,0,0,0,0,0,0,0,0,3,6,41,69,221,-0.6,7,1,1,0,0,1,1,0,0,0,0,0,0,0,0,0,0,3,9,37,53,216,-0.4,7,1,1,0,0,1,1,0,0,0,0,0,0,0,0,0,0,3,13,40,61,358,-0.2,7,1,1,0,0,1,1,0,0,0,0,0,0,0,0,0,0,3,16,42,77,224,-0.3,7,1,1,0,0,1,1,0,0,0,0,0,0,0,0,0,0,3,23,46,66,118,-0.1,7,1,1,0,0,1,1,0,0,0,0,0,0,0,0,0,0,3,27,0,20,216,0.0,0,0,1,0,0,1,1,0,0,0,0,0,0,0,0,0,0,3,32,31,41,338,-0.3,6,1,1,0,0,1,1,0,0,0,0,0,0,0,0,0,0,3,38,42,70,64,0.8,7,1,1,0,0,1,1,0,0,0,0,0,0,0,0,0,0,3,39,45,83,264,1.2,7,1,1,0,0,1,1,0,0,0,0,0,0,0,0,0,0,5,2,41,26,135,-11.7,5,1,1,0,0,1,1,1,0,0,0,0,0,0,0,0,0,5,3,36,38,165,2.8,7,1,1,0,0,1,1,1,0,0,0,0,0,0,0,0,0,5,7,34,60,149,0.7,7,1,1,0,0,1,1,1,0,0,0,0,0,0,0,0,0,6,6,33,35,40,0.0,7,0,1,0,0,2,0,1,0,0,0,0,0,0,0,0,0,6,7,29,31,342,-5.6,4,1,1,0,0,1,1,1,0,0,0,0,0,0,0,0,0,6,8,0,3,301,0.0,0,0,1,0,0,2,0,1,0,0,0,0,0,0,0,0,0,6,9,42,60,121,0.7,7,1,1,0,0,1,1,1,0,0,0,0,0,0,0,0,0,6,10,24,28,177,1.2,4,1,1,0,0,1,1,1,0,0,0,0,0,0,0,0,0,6,16,42,30,43,2.0,7,1,1,0,0,1,1,1,0,0,0,0,0,0,0,0,0,6,21,39,20,211,-1.3,7,1,1,0,0,1,1,1,0,0,0,0,0,0,0,0,0,6,22,30,31,277,-26.2,4,0,1,0,0,1,1,1,0,0,0,0,0,0,0,0,0,6,23,16,12,317,0.0,4,0,1,0,0,2,0,1,0,0,0,0,0,0,0,0,0,,,,,,,,,,,,,,,,,,,,,,,
94446000,1,44,0,0,10,31,43,334,1.0,5,1,1,1,0,1,1,0,0,0,1,0,0,0,1,0,1,0,12,41,33,103,-0.7,7,1,1,1,0,1,1,0,0,0,1,0,0,0,1,0,1,0,15,0,13,75,0.0,1,0,1,0,0,2,0,1,0,0,0,0,0,0,0,0,0,0,18,43,40,198,4.1,6,1,1,1,0,1,1,1,0,0,1,0,0,0,1,0,1,0,23,44,72,51,-0.3,7,1,1,1,0,1,1,1,0,0,1,0,0,0,1,0,1,0,24,43,34,37,1.6,6,1,1,1,0,1,1,0,0,0,1,0,0,0,1,0,1,0,25,36,35,144,-0.2,7,1,1,1,0,1,1,0,0,0,1,0,0,0,1,0,1,0,28,29,27,227,-7.7,5,1,1,0,0,1,1,0,0,0,0,0,0,0,0,0,0,0,32,31,31,301,-31.3,4,1,1,1,0,1,1,0,0,0,1,0,0,0,1,0,1,1,127,0,21,258,0.0,0,0,0,0,0,2,0,1,0,0,0,0,0,0,0,0,0,1,128,27,46,238,0.0,3,0,0,0,0,2,1,1,0,0,0,0,0,0,0,0,0,1,129,40,53,229,0.0,7,0,1,0,0,2,1,1,0,0,0,0,0,0,0,0,0,1,137,41,60,149,0.0,7,0,0,0,0,2,1,1,0,0,0,0,0,0,0,0,0,2,4,0,0,264,0.0,0,0,1,0,0,2,0,1,0,0,0,0,0,0,0,0,0,2,12,16,24,314,-3.8,4,1,1,0,0,1,1,1,0,0,0,0,0,0,0,0,0,2,19,22,41,303,-10.5,4,1,1,0,0,1,1,1,0,0,0,0,0,0,0,0,0,2,21,29,25,150,0.8,4,1,1,0,0,1,1,1,0,0,0,0,0,0,0,0,0,2,23,0,0,193,0.0,1,0,1,0,0,2,0,1,0,0,0,0,0,0,0,0,0,2,26,30,34,178,1.7,7,1,1,0,0,1,1,0,0,0,0,0,0,0,0,0,0,2,27,25,27,92,-5.5,4,1,1,0,0,1,1,0,0,0,0,0,0,0,0,0,0,2,29,39,47,14,0.3,7,1,1,0,0,1,1,0,0,0,0,0,0,0,0,0,0,2,30,19,4,48,0.0,3,0,1,0,0,2,0,1,0,0,0,0,0,0,0,0,0,2,33,30,60,250,-8.9,5,1,1,0,0,1,1,1,0,0,0,0,0,0,0,0,0,3,6,41,69,221,-0.7,7,1,1,0,0,1,1,0,0,0,0,0,0,0,0,0,0,3,9,39,53,216,-0.6,7,1,1,0,0,1,1,0,0,0,0,0,0,0,0,0,0,3,13,42,61,358,-0.2,7,1,1,0,0,1,1,0,0,0,0,0,0,0,0,0,0,3,16,43,77,224,-0.3,7,1,1,0,0,1,1,0,0,0,0,0,0,0,0,0,0,3,23,43,66,118,-0.2,7,1,1,0,0,1,1,0,0,0,0,0,0,0,0,0,0,3,27,0,20,216,0.0,0,0,1,0,0,1,1,0,0,0,0,0,0,0,0,0,0,3,32,34,41,338,-2.2,6,1,1,0,0,1,1,0,0,0,0,0,0,0,0,0,0,3,38,42,70,64,0.8,7,1,1,0,0,1,1,0,0,0,0,0,0,0,0,0,0,3,39,44,83,264,1.1,7,1,1,0,0,1,1,0,0,0,0,0,0,0,0,0,0,5,2,40,26,135,-11.5,4,0,1,0,0,1,1,1,0,0,0,0,0,0,0,0,0,5,3,39,38,165,3.0,5,1,1,0,0,1,1,1,0,0,0,0,0,0,0,0,0,5,7,38,60,149,0.8,7,1,1,0,0,1,1,1,0,0,0,0,0,0,0,0,0,6,6,33,35,40,0.0,7,0,1,0,0,2,0,1,0,0,0,0,0,0,0,0,0,6,7,28,31,342,-8.9,5,1,1,0,0,1,1,1,0,0,0,0,0,0,0,0,0,6,8,0,3,301,0.0,0,0,1,0,0,2,0,1,0,0,0,0,0,0,0,0,0,6,9,45,60,121,0.7,7,1,1,0,0,1,1,1,0,0,0,0,0,0,0,0,0,6,10,25,28,177,-0.4,4,1,1,0,0,1,1,1,0,0,0,0,0,0,0,0,0,6,16,41,30,43,1.7,7,1,1,0,0,1,1,1,0,0,0,0,0,0,0,0,0,6,21,40,20,211,-2.6,7,1,1,0,0,1,1,1,0,0,0,0,0,0,0,0,0,6,22,26,31,277,-29.2,4,0,1,0,0,1,1,1,0,0,0,0,0,0,0,0,0,6,23,17,12,317,0.0,4,0,1,0,0,2,0,1,0,0,0,0,0,0,0,0,0,,,,,,,,,,,,,,,,,,,,,,,
94447000,1,44,0,0,10,31,43,334,0.6,5,1,1,1,0,1,1,0,0,0,1,0,0,0,1,0,1,0,12,46,33,103,-0.7,7,1,1,1,0,1,1,0,0,0,1,0,0,0,1,0,1,0,15,21,13,75,0.0,3,0,1,0,0,2,0,1,0,0,0,0,0,0,0,0,0,0,18,45,40,198,2.3,7,1,1,1,0,1,1,1,0,0,1,0,0,0,1,0,1,0,23,44,72,51,-0.3,7,1,1,1,0,1,1,1,0,0,1,0,0,0,1,0,1,0,24,44,34,37,1.5,7,1,1,1,0,1,1,0,0,0,1,0,0,0,1,0,1,0,25,41,35,144,-0.3,7,1,1,1,0,1,1,0,0,0,1,0,0,0,1,0,1,0,28,27,27,227,-7.1,4,1,1,0,0,1,1,0,0,0,0,0,0,0,0,0,0,0,32,26,31,301,-30.1,4,0,1,0,0,1,1,0,0,0,0,0,0,0,0,0,0,1,127,0,21,258,0.0,0,0,0,0,0,2,0,1,0,0,0,0,0,0,0,0,0,1,128,27,46,238,0.0,3,0,0,0,0,2,1,1,0,0,0,0,0,0,0,0,0,1,129,41,53,229,0.0,5,0,1,0,0,2,1,1,0,0,0,0,0,0,0,0,0,1,137,40,60,149,0.0,7,0,0,0,0,2,1,1,0,0,0,0,0,0,0,0,0,2,4,0,0,264,0.0,0,0,1,0,0,2,0,1,0,0,0,0,0,0,0,0,0,2,12,16,24,314,-4.7,4,1,1,0,0,1,1,1,0,0,0,0,0,0,0,0,0,2,19,23,41,303,-11.0,4,1,1,0,0,1,1,1,0,0,0,0,0,0,0,0,0,2,21,30,25,150,-1.8,4,1,1,0,0,1,1,1,0,0,0,0,0,0,0,0,0,2,23,0,0,193,0.0,1,0,1,0,0,2,0,1,0,0,0,0,0,0,0,0,0,2,26,35,34,178,1.4,7,1,1,0,0,1,1,0,0,0,0,0,0,0,0,0,0,2,27,24,27,92,-2.0,4,1,1,0,0,1,1,0,0,0,0,0,0,0,0,0,0,2,29,40,47,14,0.6,7,1,1,0,0,1,1,0,0,0,0,0,0,0,0,0,0,2,30,20,4,48,0.0,4,0,1,0,0,2,0,1,0,0,0,0,0,0,0,0,0,2,33,30,60,250,-7.8,5,1,1,0,0,1,1,1,0,0,0,0,0,0,0,0,0,3,6,41,69,221,-0.8,7,1,1,0,0,1,1,0,0,0,0,0,0,0,0,0,0,3,9,39,53,216,-0.6,7,1,1,0,0,1,1,0,0,0,0,0,0,0,0,0,0,3,13,42,61,358,-0.2,7,1,1,0,0,1,1,0,0,0,0,0,0,0,0,0,0,3,16,44,77,224,-0.3,7,1,1,0,0,1,1,0,0,0,0,0,0,0,0,0,0,3,23,44,66,118,-0.2,7,1,1,0,0,1,1,0,0,0,0,0,0,0,0,0,0,3,27,0,20,216,0.0,0,0,1,0,0,1,1,0,0,0,0,0,0,0,0,0,0,3,32,29,41,338,-4.1,4,1,1,0,0,1,1,0,0,0,0,0,0,0,0,0,0,3,38,41,70,64,0.6,7,1,1,0,0,1,1,0,0,0,0,0,0,0,0,0,0,3,39,45,83,264,1.1,7,1,1,0,0,1,1,0,0,0,0,0,0,0,0,0,0,5,2,39,26,135,-1.2,5,1,1,0,0,1,1,1,0,0,0,0,0,0,0,0,0,5,3,35,38,165,3.0,7,1,1,0,0,1,1,1,0,0,0,0,0,0,0,0,0,5,7,36,60,149,0.8,7,1,1,0,0,1,1,1,0,0,0,0,0,0,0,0,0,6,6,35,35,40,0.0,7,0,1,0,0,2,0,1,0,0,0,0,0,0,0,0,0,6,7,33,31,342,-7.5,4,1,1,0,0,1,1,1,0,0,0,0,0,0,0,0,0,6,8,0,3,301,0.0,0,0,1,0,0,2,0,1,0,0,0,0,0,0,0,0,0,6,9,46,60,121,0.8,7,1,1,0,0,1,1,1,0,0,0,0,0,0,0,0,0,6,10,34,28,177,1.3,5,1,1,0,0,1,1,1,0,0,0,0,0,0,0,0,0,6,16,43,30,43,1.6,7,1,1,0,0,1,1,1,0,0,0,0,0,0,0,0,0,6,21,41,20,211,-2.8,7,1,1,0,0,1,1,1,0,0,0,0,0,0,0,0,0,6,22,26,31,277,-26.4,4,1,1,0,0,1,1,1,0,0,0,0,0,0,0,0,0,6,23,16,12,317,0.0,4,0,1,0,0,2,0,1,0,0,0,0,0,0,0,0,0,,,,,,,,,,,,,,,,,,,,,,,
94448000,1,44,0,0,10,31,43,334,0.6,5,1,1,1,0,1,1,0,0,0,1,0,0,0,1,0,1,0,12,42,33,103,-0.7,7,1,1,1,0,1,1,0,0,0,1,0,0,0,1,0,1,0,15,20,13,75,0.0,3,0,1,0,0,2,0,1,0,0,0,0,0,0,0,0,0,0,18,43,40,198,2.6,7,1,1,1,0,1,1,1,0,0,1,0,0,0,1,0,1,0,23,45,72,51,-0.2,7,1,1,1,0,1,1,1,0,0,1,0,0,0,1,0,1,0,24,43,34,37,1.4,7,1,1,1,0,1,1,0,0,0,1,0,0,0,1,0,1,0,25,38,35,144,-0.1,7,1,1,1,0,1,1,0,0,0,1,0,0,0,1,0,1,0,28,26,27,227,-8.0,4,1,1,0,0,1,1,0,0,0,0,0,0,0,0,0,0,0,32,27,31,301,-30.5,4,1,1,1,0,1,1,0,0,0,1,0,0,0,1,0,1,1,127,0,21,258,0.0,0,0,0,0,0,2,0,1,0,0,0,0,0,0,0,0,0,1,128,28,46,238,0.0,4,0,0,0,0,2,1,1,0,0,0,0,0,0,0,0,0,1,129,41,53,229,0.0,6,0,1,0,0,2,1,1,0,0,0,0,0,0,0,0,0,1,137,42,60,149,0.0,7,0,0,0,0,2,1,1,0,0,0,0,0,0,0,0,0,2,4,0,0,264,0.0,0,0,1,0,0,2,0,1,0,0,0,0,0,0,0,0,0,2,12,18,24,314,0.0,3,0,1,0,0,1,1,1,0,0,0,0,0,0,0,0,0,2,19,24,41,303,-8.3,4,1,1,0,0,1,1,1,0,0,0,0,0,0,0,0,0,2,21,30,25,150,0.4,5,1,1,0,0,1,1,1,0,0,0,0,0,0,0,0,0,2,23,0,0,193,0.0,1,0,1,0,0,2,0,1,0,0,0,0,0,0,0,0,0,2,26,37,34,178,1.4,7,1,1,0,0,1,1,0,0,0,0,0,0,0,0,0,0,2,27,30,27,92,-1.2,4,1,1,0,0,1,1,0,0,0,0,0,0,0,0,0,0,2,29,43,47,14,0.6,7,1,1,0,0,1,1,0,0,0,0,0,0,0,0,0,0,2,30,20,4,48,0.0,4,0,1,0,0,2,0,1,0,0,0,0,0,0,0,0,0,2,33,23,60,250,-13.4,4,1,1,0,0,1,1,1,0,0,0,0,0,0,0,0,0,3,6,43,69,221,-0.8,7,1,1,0,0,1,1,0,0,0,0,0,0,0,0,0,0,3,9,41,53,216,-0.5,7,1,1,0,0,1,1,0,0,0,0,0,0,0,0,0,0,3,13,43,61,358,-0.2,7,1,1,0,0,1,1,0,0,0,0,0,0,0,0,0,0,3,16,43,77,224,0.0,7,1,1,0,0,1,1,0,0,0,0,0,0,0,0,0,0,3,23,45,66,118,0.0,7,1,1,0,0,1,1,0,0,0,0,0,0,0,0,0,0,3,27,0,20,216,0.0,0,0,1,0,0,1,1,0,0,0,0,0,0,0,0,0,0,3,32,28,41,338,-2.0,6,1,1,0,0,1,1,0,0,0,0,0,0,0,0,0,0,3,38,44,70,64,0.9,7,1,1,0,0,1,1,0,0,0,0,0,0,0,0,0,0,3,39,44,83,264,1.3,7,1,1,0,0,1,1,0,0,0,0,0,0,0,0,0,0,5,2,38,26,135,1.7,6,1,1,0,0,1,1,1,0,0,0,0,0,0,0,0,0,5,3,37,38,165,3.1,7,1,1,0,0,1,1,1,0,0,0,0,0,0,0,0,0,5,7,37,60,149,0.9,7,1,1,0,0,1,1,1,0,0,0,0,0,0,0,0,0,6,6,34,35,40,0.0,7,0,1,0,0,2,0,1,0,0,0,0,0,0,0,0,0,6,7,29,31,342,-6.7,6,1,1,0,0,1,1,1,0,0,0,0,0,0,0,0,0,6,8,0,3,301,0.0,0,0,1,0,0,2,0,1,0,0,0,0,0,0,0,0,0,6,9,43,60,121,1.0,7,1,1,0,0,1,1,1,0,0,0,0,0,0,0,0,0,6,10,31,28,177,4.4,6,1,1,0,0,1,1,1,0,0,0,0,0,0,0,0,0,6,16,40,30,43,1.6,7,1,1,0,0,1,1,1,0,0,0,0,0,0,0,0,0,6,21,34,20,211,-3.0,4,1,1,0,0,1,1,1,0,0,0,0,0,0,0,0,0,6,22,31,31,277,-31.8,4,0,1,0,0,1,1,1,0,0,0,0,0,0,0,0,0,6,23,17,12,317,0.0,4,0,1,0,0,2,0,1,0,0,0,0,0,0,0,0,0,,,,,,,,,,,,,,,,,,,,,,,
94449000,1,44,0,0,10,35,43,334,-0.6,6,1,1,1,0,1,1,0,0,0,1,0,0,0,1,0,1,0,12,42,33,103,-0.6,7,1,1,1,0,1,1,0,0,0,1,0,0,0,1,0,1,0,15,18,13,75,0.0,3,0,1,0,0,2,0,1,0,0,0,0,0,0,0,0,0,0,18,44,40,198,2.6,7,1,1,1,0,1,1,1,0,0,1,0,0,0,1,0,1,0,23,44,72,51,-0.1,7,1,1,1,0,1,1,1,0,0,1,0,0,0,1,0,1,0,24,43,34,37,1.2,7,1,1,1,0,1,1,0,0,0,1,0,0,0,1,0,1,0,25,38,35,144,0.1,7,1,1,1,0,1,1,0,0,0,1,0,0,0,1,0,1,0,28,27,27,227,-2.0,4,1,1,0,0,1,1,0,0,0,0,0,0,0,0,0,0,0,32,27,31,301,-18.4,5,1,1,1,0,1,1,0,0,0,1,0,0,0,1,0,1,1,127,0,21,258,0.0,0,0,0,0,0,2,0,1,0,0,0,0,0,0,0,0,0,1,128,27,46,238,0.0,4,0,0,0,0,2,1,1,0,0,0,0,0,0,0,0,0,1,129,43,53,229,0.0,6,0,1,0,0,2,1,1,0,0,0,0,0,0,0,0,0,1,137,39,60,149,0.0,7,0,0,0,0,2,1,1,0,0,0,0,0,0,0,0,0,2,4,0,0,264,0.0,0,0,1,0,0,2,0,1,0,0,0,0,0,0,0,0,0,2,12,18,24,314,0.0,3,0,1,0,0,1,1,1,0,0,0,0,0,0,0,0,0,2,19,25,41,303,-7.0,4,1,1,0,0,1,1,1,0,0,0,0,0,0,0,0,0,2,21,33,25,150,4.3,5,1,1,0,0,1,1,1,0,0,0,0,0,0,0,0,0,2,23,0,0,193,0.0,1,0,1,0,0,2,0,1,0,0,0,0,0,0,0,0,0,2,26,35,34,178,1.6,7,1,1,0,0,1,1,0,0,0,0,0,0,0,0,0,0,2,27,23,27,92,3.1,4,1,1,0,0,1,1,0,0,0,0,0,0,0,0,0,0,2,29,43,47,14,0.5,7,1,1,0,0,1,1,0,0,0,0,0,0,0,0,0,0,2,30,19,4,48,0.0,3,0,1,0,0,2,0,1,0,0,0,0,0,0,0,0,0,2,33,34,60,250,-4.7,5,1,1,0,0,1,1,1,0,0,0,0,0,0,0,0,0,3,6,43,69,221,-0.8,7,1,1,0,0,1,1,0,0,0,0,0,0,0,0,0,0,3,9,38,53,216,-0.6,7,1,1,0,0,1,1,0,0,0,0,0,0,0,0,0,0,3,13,41,61,358,-0.3,7,1,1,0,0,1,1,0,0,0,0,0,0,0,0,0,0,3,16,42,77,224,-0.1,7,1,1,0,0,1,1,0,0,0,0,0,0,0,0,0,0,3,23,45,66,118,0.0,7,1,1,0,0,1,1,0,0,0,0,0,0,0,0,0,0,3,27,0,20,216,0.0,0,0,1,0,0,1,1,0,0,0,0,0,0,0,0,0,0,3,32,33,41,338,-0.7,5,1,1,0,0,1,1,0,0,0,0,0,0,0,0,0,0,3,38,40,70,64,0.9,7,1,1,0,0,1,1,0,0,0,0,0,0,0,0,0,0,3,39,46,83,264,1.2,7,1,1,0,0,1,1,0,0,0,0,0,0,0,0,0,0,5,2,40,26,135,0.8,6,1,1,0,0,1,1,1,0,0,0,0,0,0,0,0,0,5,3,34,38,165,3.2,7,1,1,0,0,1,1,1,0,0,0,0,0,0,0,0,0,5,7,35,60,149,1.1,7,1,1,0,0,1,1,1,0,0,0,0,0,0,0,0,0,6,6,34,35,40,0.0,7,0,1,0,0,2,0,1,0,0,0,0,0,0,0,0,0,6,7,33,31,342,-5.3,5,1,1,0,0,1,1,1,0,0,0,0,0,0,0,0,0,6,8,0,3,301,0.0,0,0,1,0,0,2,0,1,0,0,0,0,0,0,0,0,0,6,9,43,60,121,1.0,7,1,1,0,0,1,1,1,0,0,0,0,0,0,0,0,0,6,10,32,28,177,2.3,5,1,1,0,0,1,1,1,0,0,0,0,0,0,0,0,0,6,16,37,30,43,1.5,7,1,1,0,0,1,1,1,0,0,0,0,0,0,0,0,0,6,21,38,20,211,-2.7,6,1,1,0,0,1,1,1,0,0,0,0,0,0,0,0,0,6,22,30,31,277,-33.6,5,1,1,0,0,1,1,1,0,0,0,0,0,0,0,0,0,6,23,18,12,317,0.0,4,0,1,0,0,2,0,1,0,0,0,0,0,0,0,0,0,,,,,,,,,,,,,,,,,,,,,,,
94450000,1,44,0,0,10,36,43,334,1.9,6,1,1,1,0,1,1,0,0,0,1,0,0,0,1,0,1,0,12,42,33,103,-0.6,7,1,1,1,0,1,1,0,0,0,1,0,0,0,1,0,1,0,15,0,13,75,0.0,1,0,1,0,0,2,0,1,0,0,0,0,0,0,0,0,0,0,18,40,40,198,2.5,7,1,1,1,0,1,1,1,0,0,1,0,0,0,1,0,1,0,23,37,72,51,-0.4,7,1,1,1,0,1,1,1,0,0,1,0,0,0,1,0,1,0,24,40,34,37,0.9,7,1,1,1,0,1,1,0,0,0,1,0,0,0,1,0,1,0,25,30,35,144,0.2,7,1,1,1,0,1,1,0,0,0,1,0,0,0,1,0,1,0,28,31,27,227,1.3,5,1,1,0,0,1,1,0,0,0,0,0,0,0,0,0,0,0,32,32,31,301,-7.5,5,1,1,1,0,1,1,0,0,0,1,0,0,0,1,0,1,1,127,0,21,258,0.0,0,0,0,0,0,2,0,1,0,0,0,0,0,0,0,0,0,1,128,27,46,238,0.0,4,0,0,0,0,2,1,1,0,0,0,0,0,0,0,0,0,1,129,41,53,229,0.0,6,0,1,0,0,2,1,1,0,0,0,0,0,0,0,0,0,1,137,40,60,149,0.0,7,0,0,0,0,2,1,1,0,0,0,0,0,0,0,0,0,2,4,0,0,264,0.0,0,0,1,0,0,2,0,1,0,0,0,0,0,0,0,0,0,2,12,20,24,314,0.0,3,0,1,0,0,1,1,1,0,0,0,0,0,0,0,0,0,2,19,25,41,303,-3.8,4,1,1,0,0,1,1,1,0,0,0,0,0,0,0,0,0,2,21,33,25,150,3.2,7,1,1,0,0,1,1,1,0,0,0,0,0,0,0,0,0,2,23,0,0,193,0.0,1,0,1,0,0,2,0,1,0,0,0,0,0,0,0,0,0,2,26,37,34,178,1.2,7,1,1,0,0,1,1,0,0,0,0,0,0,0,0,0,0,2,27,25,27,92,1.1,4,1,1,0,0,1,1,0,0,0,0,0,0,0,0,0,0,2,29,43,47,14,0.5,7,1,1,0,0,1,1,0,0,0,0,0,0,0,0,0,0,2,30,19,4,48,0.0,3,0,1,0,0,2,0,1,0,0,0,0,0,0,0,0,0,2,33,34,60,250,-3.0,7,1,1,0,0,1,1,1,0,0,0,0,0,0,0,0,0,3,6,43,69,221,-0.9,7,1,1,0,0,1,1,0,0,0,0,0,0,0,0,0,0,3,9,36,53,216,-0.7,7,1,1,0,0,1,1,0,0,0,0,0,0,0,0,0,0,3,13,42,61,358,-0.3,7,1,1,0,0,1,1,0,0,0,0,0,0,0,0,0,0,3,16,44,77,224,-0.5,7,1,1,0,0,1,1,0,0,0,0,0,0,0,0,0,0,3,23,45,66,118,-0.1,7,1,1,0,0,1,1,0,0,0,0,0,0,0,0,0,0,3,27,0,20,216,0.0,0,0,1,0,0,1,1,0,0,0,0,0,0,0,0,0,0,3,32,33,41,338,0.3,6,1,1,0,0,1,1,0,0,0,0,0,0,0,0,0,0,3,38,42,70,64,0.8,7,1,1,0,0,1,1,0,0,0,0,0,0,0,0,0,0,3,39,44,83,264,0.9,7,1,1,0,0,1,1,0,0,0,0,0,0,0,0,0,0,5,2,39,26,135,2.5,6,1,1,0,0,1,1,1,0,0,0,0,0,0,0,0,0,5,3,30,38,165,0.6,4,1,1,0,0,1,1,1,0,0,0,0,0,0,0,0,0,5,7,37,60,149,0.9,7,1,1,0,0,1,1,1,0,0,0,0,0,0,0,0,0,6,6,30,35,40,0.0,7,0,1,0,0,2,0,1,0,0,0,0,0,0,0,0,0,6,7,33,31,342,-4.3,6,1,1,0,0,1,1,1,0,0,0,0,0,0,0,0,0,6,8,0,3,301,0.0,0,0,1,0,0,2,0,1,0,0,0,0,0,0,0,0,0,6,9,48,60,121,0.8,7,1,1,0,0,1,1,1,0,0,0,0,0,0,0,0,0,6,10,26,28,177,1.1,5,1,1,0,0,1,1,1,0,0,0,0,0,0,0,0,0,6,16,39,30,43,1.3,7,1,1,0,0,1,1,1,0,0,0,0,0,0,0,0,0,6,21,26,20,211,-3.0,4,1,1,0,0,1,1,1,0,0,0,0,0,0,0,0,0,6,22,25,31,277,-34.4,4,0,1,0,0,1,1,1,0,0,0,0,0,0,0,0,0,6,23,19,12,317,0.0,4,0,1,0,0,2,0,1,0,0,0,0,0,0,0,0,0,,,,,,,,,,,,,,,,,,,,,,,
94451000,1,45,0,0,10,38,43,334,1.6,6,1,1,1,0,1,1,0,0,0,1,0,0,0,1,0,1,0,12,39,33,103,-0.6,7,1,1,1,0,1,1,0,0,0,1,0,0,0,1,0,1,0,15,0,13,75,0.0,1,0,1,0,0,2,0,1,0,0,0,0,0,0,0,0,0,0,18,40,40,198,2.3,7,1,1,1,0,1,1,1,0,0,1,0,0,0,1,0,1,0,23,44,72,51,-0.4,7,1,1,1,0,1,1,1,0,0,1,0,0,0,1,0,1,0,24,41,34,37,0.8,7,1,1,1,0,1,1,0,0,0,1,0,0,0,1,0,1,0,25,36,35,144,3.2,5,1,1,1,0,1,1,0,0,0,1,0,0,0,1,0,1,0,28,34,27,227,0.1,5,1,1,0,0,1,1,0,0,0,0,0,0,0,0,0,0,0,32,32,31,301,-6.2,5,1,1,1,0,1,1,0,0,0,1,0,0,0,1,0,1,1,127,0,21,258,0.0,0,0,0,0,0,2,0,1,0,0,0,0,0,0,0,0,0,1,128,27,46,238,0.0,4,0,0,0,0,2,1,1,0,0,0,0,0,0,0,0,0,1,129,42,53,229,0.0,6,0,1,0,0,2,1,1,0,0,0,0,0,0,0,0,0,1,137,41,60,149,0.0,7,0,0,0,0,2,1,1,0,0,0,0,0,0,0,0,0,2,4,0,0,264,0.0,0,0,1,0,0,2,0,1,0,0,0,0,0,0,0,0,0,2,7,0,12,60,0.0,1,0,1,0,0,2,0,1,0,0,0,0,0,0,0,0,0,2,12,19,24,314,0.0,3,0,1,0,0,1,1,1,0,0,0,0,0,0,0,0,0,2,19,25,41,303,-1.8,4,1,1,0,0,1,1,1,0,0,0,0,0,0,0,0,0,2,21,36,25,150,0.5,7,1,1,0,0,1,1,1,0,0,0,0,0,0,0,0,0,2,23,0,0,193,0.0,1,0,1,0,0,2,0,1,0,0,0,0,0,0,0,0,0,2,26,39,34,178,1.1,7,1,1,0,0,1,1,0,0,0,0,0,0,0,0,0,0,2,27,26,27,92,-1.3,4,1,1,0,0,1,1,0,0,0,0,0,0,0,0,0,0,2,29,43,47,14,0.5,7,1,1,0,0,1,1,0,0,0,0,0,0,0,0,0,0,2,30,19,4,48,0.0,3,0,1,0,0,2,0,1,0,0,0,0,0,0,0,0,0,2,33,39,60,250,-18.3,4,0,1,0,0,1,1,1,0,0,0,0,0,0,0,0,0,3,6,44,69,221,-1.2,7,1,1,0,0,1,1,0,0,0,0,0,0,0,0,0,0,3,9,41,53,216,-0.7,7,1,1,0,0,1,1,0,0,0,0,0,0,0,0,0,0,3,13,43,61,358,-0.6,7,1,1,0,0,1,1,0,0,0,0,0,0,0,0,0,0,3,16,45,77,224,-0.7,7,1,1,0,0,1,1,0,0,0,0,0,0,0,0,0,0,3,23,47,66,118,-0.1,7,1,1,0,0,1,1,0,0,0,0,0,0,0,0,0,0,3,27,0,20,216,0.0,0,0,1,0,0,1,1,0,0,0,0,0,0,0,0,0,0,3,32,37,41,338,-1.3,6,1,1,0,0,1,1,0,0,0,0,0,0,0,0,0,0,3,38,44,70,64,0.9,7,1,1,0,0,1,1,0,0,0,0,0,0,0,0,0,0,3,39,45,83,264,0.8,7,1,1,0,0,1,1,0,0,0,0,0,0,0,0,0,0,5,2,40,26,135,3.2,6,1,1,0,0,1,1,1,0,0,0,0,0,0,0,0,0,5,3,39,38,165,2.0,5,1,1,0,0,1,1,1,0,0,0,0,0,0,0,0,0,5,7,38,60,149,0.8,7,1,1,0,0,1,1,1,0,0,0,0,0,0,0,0,0,6,6,31,35,40,0.0,7,0,1,0,0,2,0,1,0,0,0,0,0,0,0,0,0,6,7,33,31,342,-4.9,5,1,1,0,0,1,1,1,0,0,0,0,0,0,0,0,0,6,8,0,3,301,0.0,0,0,1,0,0,2,0,1,0,0,0,0,0,0,0,0,0,6,9,45,60,121,0.8,7,1,1,0,0,1,1,1,0,0,0,0,0,0,0,0,0,6,10,35,28,177,2.9,5,1,1,0,0,1,1,1,0,0,0,0,0,0,0,0,0,6,16,37,30,43,1.1,7,1,1,0,0,1,1,1,0,0,0,0,0,0,0,0,0,6,21,37,20,211,-3.1,4,1,1,0,0,1,1,1,0,0,0,0,0,0,0,0,0,6,22,31,31,277,-37.8,4,1,1,0,0,1,1,1,0,0,0,0,0,0,0,0,0,6,23,20,12,317,0.0,4,0,1,0,0,2,0,1,0,0,0,0,0,0,0,0,0
94452000,1,45,0,0,10,42,43,334,1.2,6,1,1,1,0,1,1,0,0,0,1,0,0,0,1,0,1,0,12,42,33,103,-0.4,7,1,1,1,0,1,1,0,0,0,1,0,0,0,1,0,1,0,15,0,13,75,0.0,1,0,1,0,0,2,0,1,0,0,0,0,0,0,0,0,0,0,18,37,40,198,2.3,7,1,1,1,0,1,1,1,0,0,1,0,0,0,1,0,1,0,23,41,72,51,-0.4,7,1,1,1,0,1,1,1,0,0,1,0,0,0,1,0,1,0,24,43,34,37,0.7,7,1,1,1,0,1,1,0,0,0,1,0,0,0,1,0,1,0,25,38,35,144,0.7,6,1,1,1,0,1,1,0,0,0,1,0,0,0,1,0,1,0,28,31,27,227,0.4,4,1,1,0,0,1,1,0,0,0,0,0,0,0,0,0,0,0,32,27,31,301,-1.0,5,1,1,1,0,1,1,0,0,0,1,0,0,0,1,0,1,1,127,0,21,258,0.0,0,0,0,0,0,2,0,1,0,0,0,0,0,0,0,0,0,1,128,28,46,238,0.0,4,0,0,0,0,2,1,1,0,0,0,0,0,0,0,0,0,1,129,43,53,229,0.0,6,0,1,0,0,2,1,1,0,0,0,0,0,0,0,0,0,1,137,42,60,149,0.0,7,0,0,0,0,2,1,1,0,0,0,0,0,0,0,0,0,2,4,0,0,264,0.0,0,0,1,0,0,2,0,1,0,0,0,0,0,0,0,0,0,2,7,0,12,60,0.0,1,0,1,0,0,2,0,1,0,0,0,0,0,0,0,0,0,2,12,21,24,314,0.0,3,0,1,0,0,1,1,1,0,0,0,0,0,0,0,0,0,2,19,25,41,303,-0.1,5,1,1,0,0,1,1,1,0,0,0,0,0,0,0,0,0,2,21,36,25,150,2.8,7,1,1,0,0,1,1,1,0,0,0,0,0,0,0,0,0,2,23,0,0,193,0.0,1,0,1,0,0,2,0,1,0,0,0,0,0,0,0,0,0,2,26,38,34,178,1.1,7,1,1,0,0,1,1,0,0,0,0,0,0,0,0,0,0,2,27,25,27,92,-8.7,4,1,1,0,0,1,1,0,0,0,0,0,0,0,0,0,0,2,29,42,47,14,0.6,7,1,1,0,0,1,1,0,0,0,0,0,0,0,0,0,0,2,30,19,4,48,0.0,3,0,1,0,0,2,0,1,0,0,0,0,0,0,0,0,0,2,33,38,60,250,-6.1,5,1,1,0,0,1,1,1,0,0,0,0,0,0,0,0,0,3,6,44,69,221,-1.1,7,1,1,0,0,1,1,0,0,0,0,0,0,0,0,0,0,3,9,40,53,216,-0.7,7,1,1,0,0,1,1,0,0,0,0,0,0,0,0,0,0,3,13,43,61,358,-0.5,7,1,1,0,0,1,1,0,0,0,0,0,0,0,0,0,0,3,16,45,77,224,-0.3,7,1,1,0,0,1,1,0,0,0,0,0,0,0,0,0,0,3,23,46,66,118,-0.3,7,1,1,0,0,1,1,0,0,0,0,0,0,0,0,0,0,3,27,0,20,216,0.0,0,0,1,0,0,1,1,0,0,0,0,0,0,0,0,0,0,3,32,38,41,338,-0.6,6,1,1,0,0,1,1,0,0,0,0,0,0,0,0,0,0,3,38,43,70,64,0.8,7,1,1,0,0,1,1,0,0,0,0,0,0,0,0,0,0,3,39,45,83,264,1.0,7,1,1,0,0,1,1,0,0,0,0,0,0,0,0,0,0,5,2,40,26,135,2.7,6,1,1,0,0,1,1,1,0,0,0,0,0,0,0,0,0,5,3,37,38,165,2.1,6,1,1,0,0,1,1,1,0,0,0,0,0,0,0,0,0,5,7,39,60,149,0.8,7,1,1,0,0,1,1,1,0,0,0,0,0,0,0,0,0,6,6,31,35,40,0.0,7,0,1,0,0,2,0,1,0,0,0,0,0,0,0,0,0,6,7,34,31,342,-3.5,6,1,1,0,0,1,1,1,0,0,0,0,0,0,0,0,0,6,8,0,3,301,0.0,0,0,1,0,0,2,0,1,0,0,0,0,0,0,0,0,0,6,9,45,60,121,0.7,7,1,1,0,0,1,1,1,0,0,0,0,0,0,0,0,0,6,10,36,28,177,4.8,5,1,1,0,0,1,1,1,0,0,0,0,0,0,0,0,0,6,16,34,30,43,1.1,7,1,1,0,0,1,1,1,0,0,0,0,0,0,0,0,0,6,21,37,20,211,-8.1,5,1,1,0,0,1,1,1,0,0,0,0,0,0,0,0,0,6,22,23,31,277,-37.7,4,1,1,0,0,1,1,1,0,0,0,0,0,0,0,0,0,6,23,19,12,317,0.0,4,0,1,0,0,2,0,1,0,0,0,0,0,0,0,0,0
94453000,1,45,0,0,10,46,43,334,2.2,7,1,1,1,0,1,1,0,0,0,1,0,0,0,1,0,1,0,12,39,33,103,-0.4,7,1,1,1,0,1,1,0,0,0,1,0,0,0,1,0,1,0,15,24,13,75,0.0,3,0,1,0,0,2,0,1,0,0,0,0,0,0,0,0,0,0,18,37,40,198,2.3,7,1,1,1,0,1,1,1,0,0,1,0,0,0,1,0,1,0,23,45,72,51,-0.3,7,1,1,1,0,1,1,1,0,0,1,0,0,0,1,0,1,0,24,42,34,37,0.6,7,1,1,1,0,1,1,0,0,0,1,0,0,0,1,0,1,0,25,35,35,144,3.1,7,1,1,1,0,1,1,0,0,0,1,0,0,0,1,0,1,0,28,32,27,227,2.3,4,1,1,0,0,1,1,0,0,0,0,0,0,0,0,0,0,0,32,36,31,301,0.7,5,1,1,1,0,1,1,0,0,0,1,0,0,0,1,0,1,1,127,0,21,258,0.0,0,0,0,0,0,2,0,1,0,0,0,0,0,0,0,0,0,1,128,28,46,238,0.0,4,0,0,0,0,2,1,1,0,0,0,0,0,0,0,0,0,1,129,44,53,229,0.0,6,0,1,0,0,2,1,1,0,0,0,0,0,0,0,0,0,1,137,39,60,149,0.0,7,0,0,0,0,2,1,1,0,0,0,0,0,0,0,0,0,2,4,0,0,264,0.0,0,0,1,0,0,2,0,1,0,0,0,0,0,0,0,0,0,2,7,0,12,60,0.0,1,0,1,0,0,2,0,1,0,0,0,0,0,0,0,0,0,2,12,21,24,314,0.0,3,0,1,0,0,1,1,1,0,0,0,0,0,0,0,0,0,2,19,32,41,303,-1.0,7,1,1,0,0,1,1,1,0,0,0,0,0,0,0,0,0,2,21,37,25,150,0.3,7,1,1,0,0,1,1,1,0,0,0,0,0,0,0,0,0,2,23,0,0,193,0.0,0,0,1,0,0,2,0,1,0,0,0,0,0,0,0,0,0,2,26,37,34,178,1.0,7,1,1,0,0,1,1,0,0,0,0,0,0,0,0,0,0,2,27,24,27,92,-7.9,4,1,1,0,0,1,1,0,0,0,0,0,0,0,0,0,0,2,29,42,47,14,0.7,7,1,1,0,0,1,1,0,0,0,0,0,0,0,0,0,0,2,30,20,4,48,0.0,4,0,1,0,0,2,0,1,0,0,0,0,0,0,0,0,0,2,33,40,60,250,3.0,7,1,1,0,0,1,1,1,0,0,0,0,0,0,0,0,0,3,6,43,69,221,-1.0,7,1,1,0,0,1,1,0,0,0,0,0,0,0,0,0,0,3,9,40,53,216,-0.6,7,1,1,0,0,1,1,0,0,0,0,0,0,0,0,0,0,3,13,41,61,358,-0.5,7,1,1,0,0,1,1,0,0,0,0,0,0,0,0,0,0,3,16,44,77,224,-0.2,7,1,1,0,0,1,1,0,0,0,0,0,0,0,0,0,0,3,23,46,66,118,-0.3,7,1,1,0,0,1,1,0,0,0,0,0,0,0,0,0,0,3,27,0,20,216,0.0,0,0,1,0,0,1,1,0,0,0,0,0,0,0,0,0,0,3,32,43,41,338,-0.4,6,1,1,0,0,1,1,0,0,0,0,0,0,0,0,0,0,3,38,43,70,64,0.8,7,1,1,0,0,1,1,0,0,0,0,0,0,0,0,0,0,3,39,43,83,264,1.1,7,1,1,0,0,1,1,0,0,0,0,0,0,0,0,0,0,5,2,42,26,135,2.1,7,1,1,0,0,1,1,1,0,0,0,0,0,0,0,0,0,5,3,38,38,165,2.9,7,1,1,0,0,1,1,1,0,0,0,0,0,0,0,0,0,5,7,37,60,149,0.9,7,1,1,0,0,1,1,1,0,0,0,0,0,0,0,0,0,6,6,32,35,40,0.0,7,0,1,0,0,2,0,1,0,0,0,0,0,0,0,0,0,6,7,38,31,342,-1.8,7,1,1,0,0,1,1,1,0,0,0,0,0,0,0,0,0,6,8,0,3,301,0.0,0,0,1,0,0,2,0,1,0,0,0,0,0,0,0,0,0,6,9,46,60,121,0.7,7,1,1,0,0,1,1,1,0,0,0,0,0,0,0,0,0,6,10,32,28,177,7.4,6,1,1,0,0,1,1,1,0,0,0,0,0,0,0,0,0,6,16,39,30,43,1.0,7,1,1,0,0,1,1,1,0,0,0,0,0,0,0,0,0,6,21,36,20,211,-6.2,5,1,1,0,0,1,1,1,0,0,0,0,0,0,0,0,0,6,22,37,31,277,-39.3,5,0,1,0,0,1,1,1,0,0,0,0,0,0,0,0,0,6,23,19,12,317,0.0,4,0,1,0,0,2,0,1,0,0,0,0,0,0,0,0,0
94454000,1,46,0,0,10,45,43,334,2.2,7,1,1,1,0,1,1,0,0,0,1,0,0,0,1,0,1,0,12,43,33,103,-0.5,7,1,1,1,0,1,1,0,0,0,1,0,0,0,1,0,1,0,15,22,13,75,0.0,3,0,1,0,0,2,0,1,0,0,0,0,0,0,0,0,0,0,18,43,40,198,2.2,7,1,1,1,0,1,1,1,0,0,1,0,0,0,1,0,1,0,23,44,72,51,-0.3,7,1,1,1,0,1,1,1,0,0,1,0,0,0,1,0,1,0,24,44,34,37,0.5,7,1,1,1,0,1,1,0,0,0,1,0,0,0,1,0,1,0,25,39,35,144,0.8,7,1,1,1,0,1,1,0,0,0,1,0,0,0,1,0,1,0,28,32,27,227,2.9,5,1,1,0,0,1,1,0,0,0,0,0,0,0,0,0,0,0,29,0,-91,0,0.0,1,0,0,0,0,0,0,0,0,0,0,0,0,0,0,0,0,0,32,33,31,301,0.9,4,1,1,1,0,1,1,0,0,0,1,0,0,0,1,0,1,1,127,0,21,258,0.0,0,0,0,0,0,2,0,1,0,0,0,0,0,0,0,0,0,1,128,29,46,238,0.0,4,0,0,0,0,2,1,1,0,0,0,0,0,0,0,0,0,1,129,40,53,229,0.0,7,0,1,0,0,2,1,1,0,0,0,0,0,0,0,0,0,1,137,39,60,149,0.0,7,0,0,0,0,2,1,1,0,0,0,0,0,0,0,0,0,2,4,0,0,264,0.0,0,0,1,0,0,2,0,1,0,0,0,0,0,0,0,0,0,2,7,0,12,60,0.0,1,0,1,0,0,2,0,1,0,0,0,0,0,0,0,0,0,2,12,22,24,314,0.0,3,0,1,0,0,1,1,1,0,0,0,0,0,0,0,0,0,2,19,35,41,303,3.5,7,1,1,0,0,1,1,1,0,0,0,0,0,0,0,0,0,2,21,27,25,150,1.3,5,1,1,0,0,1,1,1,0,0,0,0,0,0,0,0,0,2,23,0,0,193,0.0,0,0,1,0,0,2,0,1,0,0,0,0,0,0,0,0,0,2,26,35,34,178,1.0,7,1,1,0,0,1,1,0,0,0,0,0,0,0,0,0,0,2,27,23,27,92,-10.3,4,1,1,0,0,1,1,0,0,0,0,0,0,0,0,0,0,2,29,43,47,14,0.4,7,1,1,0,0,1,1,0,0,0,0,0,0,0,0,0,0,2,30,21,4,48,0.0,4,0,1,0,0,2,0,1,0,0,0,0,0,0,0,0,0,2,33,37,60,250,0.2,7,1,1,0,0,1,1,1,0,0,0,0,0,0,0,0,0,3,6,42,69,221,-1.0,7,1,1,0,0,1,1,0,0,0,0,0,0,0,0,0,0,3,9,40,53,216,-0.6,7,1,1,0,0,1,1,0,0,0,0,0,0,0,0,0,0,3,13,40,61,358,-0.5,7,1,1,0,0,1,1,0,0,0,0,0,0,0,0,0,0,3,16,44,77,224,-0.2,7,1,1,0,0,1,1,0,0,0,0,0,0,0,0,0,0,3,23,45,66,118,-0.3,7,1,1,0,0,1,1,0,0,0,0,0,0,0,0,0,0,3,27,0,20,216,0.0,0,0,1,0,0,1,1,0,0,0,0,0,0,0,0,0,0,3,32,43,41,338,-1.3,6,1,1,0,0,1,1,0,0,0,0,0,0,0,0,0,0,3,38,43,70,64,0.9,7,1,1,0,0,1,1,0,0,0,0,0,0,0,0,0,0,3,39,44,83,264,1.0,7,1,1,0,0,1,1,0,0,0,0,0,0,0,0,0,0,5,2,37,26,135,2.4,7,1,1,0,0,1,1,1,0,0,0,0,0,0,0,0,0,5,3,35,38,165,2.9,7,1,1,0,0,1,1,1,0,0,0,0,0,0,0,0,0,5,7,35,60,149,1.0,7,1,1,0,0,1,1,1,0,0,0,0,0,0,0,0,0,6,6,32,35,40,0.0,7,0,1,0,0,2,0,1,0,0,0,0,0,0,0,0,0,6,7,41,31,342,-1.7,7,1,1,0,0,1,1,1,0,0,0,0,0,0,0,0,0,6,8,0,3,301,0.0,0,0,1,0,0,2,0,1,0,0,0,0,0,0,0,0,0,6,9,44,60,121,0.9,7,1,1,0,0,1,1,1,0,0,0,0,0,0,0,0,0,6,10,36,28,177,5.1,6,1,1,0,0,1,1,1,0,0,0,0,0,0,0,0,0,6,16,41,30,43,1.2,7,1,1,0,0,1,1,1,0,0,0,0,0,0,0,0,0,6,21,39,20,211,-6.9,6,1,1,0,0,1,1,1,0,0,0,0,0,0,0,0,0,6,22,27,31,277,-38.5,4,0,1,0,0,1,1,1,0,0,0,0,0,0,0,0,0
94455000,1,47,0,0,8,0,-91,0,0.0,1,0,0,0,0,0,0,0,0,0,0,0,0,0,0,0,0,0,10,48,43,334,2.1,7,1,1,1,0,1,1,0,0,0,1,0,0,0,1,0,1,0,12,40,33,103,-0.4,7,1,1,1,0,1,1,0,0,0,1,0,0,0,1,0,1,0,15,20,13,75,0.0,3,0,1,0,0,2,0,1,0,0,0,0,0,0,0,0,0,0,18,41,40,198,2.2,7,1,1,1,0,1,1,1,0,0,1,0,0,0,1,0,1,0,23,45,72,51,-0.2,7,1,1,1,0,1,1,1,0,0,1,0,0,0,1,0,1,0,24,43,34,37,0.4,7,1,1,1,0,1,1,0,0,0,1,0,0,0,1,0,1,0,25,37,35,144,0.4,7,1,1,1,0,1,1,0,0,0,1,0,0,0,1,0,1,0,28,38,27,227,2.7,6,1,1,0,0,1,1,0,0,0,0,0,0,0,0,0,0,0,29,0,-91,0,0.0,1,0,0,0,0,0,0,0,0,0,0,0,0,0,0,0,0,0,32,38,31,301,0.1,5,1,1,1,0,1,1,0,0,0,1,0,0,0,1,0,1,1,127,0,21,258,0.0,0,0,0,0,0,2,0,1,0,0,0,0,0,0,0,0,0,1,128,29,46,238,0.0,4,0,0,0,0,2,1,1,0,0,0,0,0,0,0,0,0,1,129,43,53,229,0.0,7,0,1,0,0,2,1,1,0,0,0,0,0,0,0,0,0,1,137,41,60,149,0.0,7,0,0,0,0,2,1,1,0,0,0,0,0,0,0,0,0,2,4,0,0,264,0.0,0,0,1,0,0,2,0,1,0,0,0,0,0,0,0,0,0,2,7,0,12,60,0.0,1,0,1,0,0,2,0,1,0,0,0,0,0,0,0,0,0,2,12,21,24,314,-8.3,4,1,1,0,0,1,1,1,0,0,0,0,0,0,0,0,0,2,19,38,41,303,2.4,7,1,1,0,0,1,1,1,0,0,0,0,0,0,0,0,0,2,21,26,25,150,-9.0,4,1,1,0,0,1,1,1,0,0,0,0,0,0,0,0,0,2,23,0,0,193,0.0,0,0,1,0,0,2,0,1,0,0,0,0,0,0,0,0,0,2,26,38,34,178,1.1,7,1,1,0,0,1,1,0,0,0,0,0,0,0,0,0,0,2,27,21,27,92,-13.5,4,1,1,0,0,1,1,0,0,0,0,0,0,0,0,0,0,2,29,44,47,14,0.2,7,1,1,0,0,1,1,0,0,0,0,0,0,0,0,0,0,2,30,20,4,48,0.0,3,0,1,0,0,2,0,1,0,0,0,0,0,0,0,0,0,2,33,42,60,250,0.4,7,1,1,0,0,1,1,1,0,0,0,0,0,0,0,0,0,3,6,42,69,221,-0.9,7,1,1,0,0,1,1,0,0,0,0,0,0,0,0,0,0,3,9,43,53,216,-0.7,7,1,1,0,0,1,1,0,0,0,0,0,0,0,0,0,0,3,13,41,61,358,-0.3,7,1,1,0,0,1,1,0,0,0,0,0,0,0,0,0,0,3,16,43,77,224,-0.4,7,1,1,0,0,1,1,0,0,0,0,0,0,0,0,0,0,3,23,45,66,118,-0.2,7,1,1,0,0,1,1,0,0,0,0,0,0,0,0,0,0,3,27,0,20,216,0.0,0,0,1,0,0,1,1,0,0,0,0,0,0,0,0,0,0,3,32,45,41,338,-0.9,7,1,1,0,0,1,1,0,0,0,0,0,0,0,0,0,0,3,38,45,70,64,0.8,7,1,1,0,0,1,1,0,0,0,0,0,0,0,0,0,0,3,39,43,83,264,1.1,7,1,1,0,0,1,1,0,0,0,0,0,0,0,0,0,0,5,2,38,26,135,2.3,7,1,1,0,0,1,1,1,0,0,0,0,0,0,0,0,0,5,3,38,38,165,2.4,7,1,1,0,0,1,1,1,0,0,0,0,0,0,0,0,0,5,7,37,60,149,1.2,7,1,1,0,0,1,1,1,0,0,0,0,0,0,0,0,0,6,6,31,35,40,0.0,7,0,1,0,0,2,0,1,0,0,0,0,0,0,0,0,0,6,7,43,31,342,-1.5,7,1,1,0,0,1,1,1,0,0,0,0,0,0,0,0,0,6,8,0,3,301,0.0,0,0,1,0,0,2,0,1,0,0,0,0,0,0,0,0,0,6,9,45,60,121,1.0,7,1,1,0,0,1,1,1,0,0,0,0,0,0,0,0,0,6,10,33,28,177,3.9,7,1,1,0,0,1,1,1,0,0,0,0,0,0,0,0,0,6,16,41,30,43,1.2,7,1,1,0,0,1,1,1,0,0,0,0,0,0,0,0,0,6,21,41,20,211,-3.7,7,1,1,0,0,1,1,1,0,0,0,0,0,0,0,0,0
94456000,1,47,0,0,8,0,-91,0,0.0,1,0,0,0,0,0,0,0,0,0,0,0,0,0,0,0,0,0,10,46,43,334,2.1,7,1,1,1,0,1,1,0,0,0,1,0,0,0,1,0,1,0,12,42,33,103,-0.4,7,1,1,1,0,1,1,0,0,0,1,0,0,0,1,0,1,0,15,0,13,75,0.0,1,0,1,0,0,2,0,1,0,0,0,0,0,0,0,0,0,0,18,38,40,198,2.0,7,1,1,1,0,1,1,1,0,0,1,0,0,0,1,0,1,0,23,44,72,51,-0.1,7,1,1,1,0,1,1,1,0,0,1,0,0,0,1,0,1,0,24,44,34,37,0.3,7,1,1,1,0,1,1,0,0,0,1,0,0,0,1,0,1,0,25,38,35,144,0.0,7,1,1,1,0,1,1,0,0,0,1,0,0,0,1,0,1,0,28,38,27,227,3.4,6,1,1,0,0,1,1,0,0,0,0,0,0,0,0,0,0,0,29,0,-91,0,0.0,1,0,0,0,0,0,0,0,0,0,0,0,0,0,0,0,0,0,32,38,31,301,1.8,6,1,1,1,0,1,1,0,0,0,1,0,0,0,1,0,1,1,127,0,21,258,0.0,0,0,0,0,0,2,0,1,0,0,0,0,0,0,0,0,0,1,128,29,46,238,0.0,4,0,0,0,0,2,1,1,0,0,0,0,0,0,0,0,0,1,129,44,53,229,0.0,7,0,1,0,0,2,1,1,0,0,0,0,0,0,0,0,0,1,137,39,60,149,0.0,7,0,0,0,0,2,1,1,0,0,0,0,0,0,0,0,0,2,4,0,0,264,0.0,0,0,1,0,0,2,0,1,0,0,0,0,0,0,0,0,0,2,7,0,12,60,0.0,1,0,1,0,0,2,0,1,0,0,0,0,0,0,0,0,0,2,12,22,24,314,-8.8,4,1,1,0,0,1,1,1,0,0,0,0,0,0,0,0,0,2,19,40,41,303,1.7,7,1,1,0,0,1,1,1,0,0,0,0,0,0,0,0,0,2,21,26,25,150,-2.6,5,1,1,0,0,1,1,1,0,0,0,0,0,0,0,0,0,2,23,0,0,193,0.0,0,0,1,0,0,2,0,1,0,0,0,0,0,0,0,0,0,2,26,36,34,178,1.0,7,1,1,0,0,1,1,0,0,0,0,0,0,0,0,0,0,2,27,19,27,92,-15.7,4,1,1,0,0,1,1,0,0,0,0,0,0,0,0,0,0,2,29,43,47,14,0.2,7,1,1,0,0,1,1,0,0,0,0,0,0,0,0,0,0,2,30,21,4,48,0.0,4,0,1,0,0,2,0,1,0,0,0,0,0,0,0,0,0,2,33,42,60,250,-1.6,7,1,1,0,0,1,1,1,0,0,0,0,0,0,0,0,0,3,6,43,69,221,-0.9,7,1,1,0,0,1,1,0,0,0,0,0,0,0,0,0,0,3,9,43,53,216,-0.8,7,1,1,0,0,1,1,0,0,0,0,0,0,0,0,0,0,3,13,40,61,358,-0.3,7,1,1,0,0,1,1,0,0,0,0,0,0,0,0,0,0,3,16,43,77,224,-0.4,7,1,1,0,0,1,1,0,0,0,0,0,0,0,0,0,0,3,23,45,66,118,-0.2,7,1,1,0,0,1,1,0,0,0,0,0,0,0,0,0,0,3,27,0,20,216,0.0,0,0,1,0,0,1,1,0,0,0,0,0,0,0,0,0,0,3,32,45,41,338,-0.7,7,1,1,0,0,1,1,0,0,0,0,0,0,0,0,0,0,3,38,43,70,64,0.6,7,1,1,0,0,1,1,0,0,0,0,0,0,0,0,0,0,3,39,44,83,264,0.9,7,1,1,0,0,1,1,0,0,0,0,0,0,0,0,0,0,5,2,43,26,135,2.1,7,1,1,0,0,1,1,1,0,0,0,0,0,0,0,0,0,5,3,40,38,165,2.7,7,1,1,0,0,1,1,1,0,0,0,0,0,0,0,0,0,5,7,37,60,149,1.1,7,1,1,0,0,1,1,1,0,0,0,0,0,0,0,0,0,6,6,30,35,40,0.0,7,0,1,0,0,2,0,1,0,0,0,0,0,0,0,0,0,6,7,44,31,342,-1.6,7,1,1,0,0,1,1,1,0,0,0,0,0,0,0,0,0,6,8,0,3,301,0.0,0,0,1,0,0,2,0,1,0,0,0,0,0,0,0,0,0,6,9,44,60,121,1.0,7,1,1,0,0,1,1,1,0,0,0,0,0,0,0,0,0,6,10,28,28,177,1.7,5,1,1,0,0,1,1,1,0,0,0,0,0,0,0,0,0,6,16,38,30,43,1.0,7,1,1,0,0,1,1,1,0,0,0,0,0,0,0,0,0,6,21,42,20,211,-2.3,7,1,1,0,0,1,1,1,0,0,0,0,0,0,0,0,0
94457000,1,46,0,0,8,0,-91,0,0.0,1,0,0,0,0,0,0,0,0,0,0,0,0,0,0,0,0,0,10,46,43,334,1.9,7,1,1,1,0,1,1,0,0,0,1,0,0,0,1,0,1,0,12,42,33,103,-0.4,7,1,1,1,0,1,1,0,0,0,1,0,0,0,1,0,1,0,15,0,13,75,0.0,1,0,1,0,0,2,0,1,0,0,0,0,0,0,0,0,0,0,18,41,40,198,1.9,7,1,1,1,0,1,1,1,0,0,1,0,0,0,1,0,1,0,23,42,72,51,-0.1,7,1,1,1,0,1,1,1,0,0,1,0,0,0,1,0,1,0,24,44,34,37,0.2,7,1,1,1,0,1,1,0,0,0,1,0,0,0,1,0,1,0,25,36,35,144,0.3,7,1,1,1,0,1,1,0,0,0,1,0,0,0,1,0,1,0,28,36,27,227,2.4,6,1,1,0,0,1,1,0,0,0,0,0,0,0,0,0,0,0,32,39,31,301,2.0,6,1,1,1,0,1,1,0,0,0,1,0,0,0,1,0,1,1,127,0,21,258,0.0,0,0,0,0,0,2,0,1,0,0,0,0,0,0,0,0,0,1,128,29,46,238,0.0,4,0,0,0,0,2,1,1,0,0,0,0,0,0,0,0,0,1,129,42,53,229,0.0,7,0,1,0,0,2,1,1,0,0,0,0,0,0,0,0,0,1,137,41,60,149,0.0,7,0,0,0,0,2,1,1,0,0,0,0,0,0,0,0,0,2,4,0,0,264,0.0,0,0,1,0,0,2,0,1,0,0,0,0,0,0,0,0,0,2,7,0,12,60,0.0,1,0,1,0,0,2,0,1,0,0,0,0,0,0,0,0,0,2,12,22,24,314,-11.5,4,1,1,0,0,1,1,1,0,0,0,0,0,0,0,0,0,2,19,39,41,303,0.4,7,1,1,0,0,1,1,1,0,0,0,0,0,0,0,0,0,2,21,30,25,150,-2.0,7,1,1,0,0,1,1,1,0,0,0,0,0,0,0,0,0,2,23,0,0,193,0.0,0,0,1,0,0,2,0,1,0,0,0,0,0,0,0,0,0,2,26,36,34,178,1.4,7,1,1,0,0,1,1,0,0,0,0,0,0,0,0,0,0,2,27,17,27,92,-15.0,4,1,1,0,0,1,1,0,0,0,0,0,0,0,0,0,0,2,29,43,47,14,0.1,7,1,1,0,0,1,1,0,0,0,0,0,0,0,0,0,0,2,30,21,4,48,0.0,4,0,1,0,0,2,0,1,0,0,0,0,0,0,0,0,0,2,33,43,60,250,0.2,7,1,1,0,0,1,1,1,0,0,0,0,0,0,0,0,0,3,6,43,69,221,-1.0,7,1,1,0,0,1,1,0,0,0,0,0,0,0,0,0,0,3,9,42,53,216,-0.9,7,1,1,0,0,1,1,0,0,0,0,0,0,0,0,0,0,3,13,41,61,358,-0.4,7,1,1,0,0,1,1,0,0,0,0,0,0,0,0,0,0,3,16,44,77,224,-0.2,7,1,1,0,0,1,1,0,0,0,0,0,0,0,0,0,0,3,23,45,66,118,-0.1,7,1,1,0,0,1,1,0,0,0,0,0,0,0,0,0,0,3,27,0,20,216,0.0,0,0,1,0,0,1,1,0,0,0,0,0,0,0,0,0,0,3,32,46,41,338,-0.6,7,1,1,0,0,1,1,0,0,0,0,0,0,0,0,0,0,3,38,40,70,64,0.6,7,1,1,0,0,1,1,0,0,0,0,0,0,0,0,0,0,3,39,44,83,264,0.9,7,1,1,0,0,1,1,0,0,0,0,0,0,0,0,0,0,5,2,45,26,135,1.9,7,1,1,0,0,1,1,1,0,0,0,0,0,0,0,0,0,5,3,39,38,165,2.9,7,1,1,0,0,1,1,1,0,0,0,0,0,0,0,0,0,5,7,37,60,149,1.1,7,1,1,0,0,1,1,1,0,0,0,0,0,0,0,0,0,6,6,30,35,40,0.0,7,0,1,0,0,2,0,1,0,0,0,0,0,0,0,0,0,6,7,44,31,342,-1.6,7,1,1,0,0,1,1,1,0,0,0,0,0,0,0,0,0,6,8,0,3,301,0.0,0,0,1,0,0,2,0,1,0,0,0,0,0,0,0,0,0,6,9,44,60,121,1.1,7,1,1,0,0,1,1,1,0,0,0,0,0,0,0,0,0,6,10,29,28,177,2.0,5,1,1,0,0,1,1,1,0,0,0,0,0,0,0,0,0,6,16,36,30,43,0.9,7,1,1,0,0,1,1,1,0,0,0,0,0,0,0,0,0,6,21,43,20,211,-1.4,7,1,1,0,0,1,1,1,0,0,0,0,0,0,0,0,0,6,22,34,31,277,-27.1,4,0,1,0,0,1,1,1,0,0,0,0,0,0,0,0,0
94458000,1,46,0,0,8,0,-91,0,0.0,1,0,0,0,0,0,0,0,0,0,0,0,0,0,0,0,0,0,10,46,43,334,1.7,7,1,1,1,0,1,1,0,0,0,1,0,0,0,1,0,1,0,12,40,33,103,-0.6,7,1,1,1,0,1,1,0,0,0,1,0,0,0,1,0,1,0,15,0,13,75,0.0,1,0,1,0,0,2,0,1,0,0,0,0,0,0,0,0,0,0,18,44,40,198,1.9,7,1,1,1,0,1,1,1,0,0,1,0,0,0,1,0,1,0,23,44,72,51,-0.1,7,1,1,1,0,1,1,1,0,0,1,0,0,0,1,0,1,0,24,42,34,37,0.2,7,1,1,1,0,1,1,0,0,0,1,0,0,0,1,0,1,0,25,38,35,144,0.3,7,1,1,1,0,1,1,0,0,0,1,0,0,0,1,0,1,0,28,37,27,227,2.1,6,1,1,0,0,1,1,0,0,0,0,0,0,0,0,0,0,0,32,40,31,301,1.6,6,1,1,1,0,1,1,0,0,0,1,0,0,0,1,0,1,1,127,0,21,258,0.0,0,0,0,0,0,2,0,1,0,0,0,0,0,0,0,0,0,1,128,28,46,238,0.0,4,0,0,0,0,2,1,1,0,0,0,0,0,0,0,0,0,1,129,40,53,229,0.0,7,0,1,0,0,2,1,1,0,0,0,0,0,0,0,0,0,1,137,39,60,149,0.0,7,0,0,0,0,2,1,1,0,0,0,0,0,0,0,0,0,2,4,0,0,264,0.0,0,0,1,0,0,2,0,1,0,0,0,0,0,0,0,0,0,2,7,23,12,60,0.0,3,0,1,0,0,2,0,1,0,0,0,0,0,0,0,0,0,2,12,29,24,314,-8.7,4,1,1,0,0,1,1,1,0,0,0,0,0,0,0,0,0,2,19,40,41,303,0.4,7,1,1,0,0,1,1,1,0,0,0,0,0,0,0,0,0,2,21,36,25,150,1.8,5,1,1,0,0,1,1,1,0,0,0,0,0,0,0,0,0,2,23,0,0,193,0.0,0,0,1,0,0,2,0,1,0,0,0,0,0,0,0,0,0,2,26,38,34,178,1.5,7,1,1,0,0,1,1,0,0,0,0,0,0,0,0,0,0,2,27,16,27,92,-16.2,4,1,1,0,0,1,1,0,0,0,0,0,0,0,0,0,0,2,29,43,47,14,-0.2,7,1,1,0,0,1,1,0,0,0,0,0,0,0,0,0,0,2,30,23,4,48,0.0,4,0,1,0,0,2,0,1,0,0,0,0,0,0,0,0,0,2,33,41,60,250,0.6,7,1,1,0,0,1,1,1,0,0,0,0,0,0,0,0,0,3,6,42,69,221,-0.9,7,1,1,0,0,1,1,0,0,0,0,0,0,0,0,0,0,3,9,40,53,216,-0.9,7,1,1,0,0,1,1,0,0,0,0,0,0,0,0,0,0,3,13,42,61,358,-0.5,7,1,1,0,0,1,1,0,0,0,0,0,0,0,0,0,0,3,16,43,77,224,0.0,7,1,1,0,0,1,1,0,0,0,0,0,0,0,0,0,0,3,23,44,66,118,-0.2,7,1,1,0,0,1,1,0,0,0,0,0,0,0,0,0,0,3,27,0,20,216,0.0,0,0,1,0,0,1,1,0,0,0,0,0,0,0,0,0,0,3,32,44,41,338,-0.5,7,1,1,0,0,1,1,0,0,0,0,0,0,0,0,0,0,3,38,39,70,64,0.5,7,1,1,0,0,1,1,0,0,0,0,0,0,0,0,0,0,3,39,43,83,264,0.9,7,1,1,0,0,1,1,0,0,0,0,0,0,0,0,0,0,5,2,40,26,135,1.8,7,1,1,0,0,1,1,1,0,0,0,0,0,0,0,0,0,5,3,40,38,165,2.8,7,1,1,0,0,1,1,1,0,0,0,0,0,0,0,0,0,5,7,34,60,149,1.1,7,1,1,0,0,1,1,1,0,0,0,0,0,0,0,0,0,6,6,29,35,40,0.0,7,0,1,0,0,2,0,1,0,0,0,0,0,0,0,0,0,6,7,46,31,342,-1.8,7,1,1,0,0,1,1,1,0,0,0,0,0,0,0,0,0,6,8,0,3,301,0.0,0,0,1,0,0,2,0,1,0,0,0,0,0,0,0,0,0,6,9,46,60,121,1.0,7,1,1,0,0,1,1,1,0,0,0,0,0,0,0,0,0,6,10,30,28,177,3.1,6,1,1,0,0,1,1,1,0,0,0,0,0,0,0,0,0,6,16,29,30,43,0.5,4,1,1,0,0,1,1,1,0,0,0,0,0,0,0,0,0,6,21,43,20,211,-2.6,7,1,1,0,0,1,1,1,0,0,0,0,0,0,0,0,0,6,22,36,31,277,-23.3,5,1,1,0,0,1,1,1,0,0,0,0,0,0,0,0,0
94459000,1,46,0,0,8,0,-91,0,0.0,1,0,0,0,0,0,0,0,0,0,0,0,0,0,0,0,0,0,10,44,43,334,1.5,7,1,1,1,0,1,1,0,0,0,1,0,0,0,1,0,1,0,12,46,33,103,-0.4,7,1,1,1,0,1,1,0,0,0,1,0,0,0,1,0,1,0,15,24,13,75,0.0,3,0,1,0,0,2,0,1,0,0,0,0,0,0,0,0,0,0,18,44,40,198,1.9,7,1,1,1,0,1,1,1,0,0,1,0,0,0,1,0,1,0,23,46,72,51,-0.2,7,1,1,1,0,1,1,1,0,0,1,0,0,0,1,0,1,0,24,42,34,37,0.1,7,1,1,1,0,1,1,0,0,0,1,0,0,0,1,0,1,0,25,35,35,144,0.3,7,1,1,1,0,1,1,0,0,0,1,0,0,0,1,0,1,0,28,36,27,227,1.5,7,1,1,0,0,1,1,0,0,0,0,0,0,0,0,0,0,0,32,41,31,301,0.9,7,1,1,1,0,1,1,0,0,0,1,0,0,0,1,0,1,1,127,0,21,258,0.0,0,0,0,0,0,2,0,1,0,0,0,0,0,0,0,0,0,1,128,28,46,238,0.0,4,0,0,0,0,2,1,1,0,0,0,0,0,0,0,0,0,1,129,39,53,229,0.0,7,0,1,0,0,2,1,1,0,0,0,0,0,0,0,0,0,1,137,40,60,149,0.0,7,0,0,0,0,2,1,1,0,0,0,0,0,0,0,0,0,2,4,0,0,264,0.0,0,0,1,0,0,2,0,1,0,0,0,0,0,0,0,0,0,2,7,21,12,60,0.0,3,0,1,0,0,2,0,1,0,0,0,0,0,0,0,0,0,2,12,27,24,314,-8.6,4,1,1,0,0,1,1,1,0,0,0,0,0,0,0,0,0,2,19,40,41,303,2.1,7,1,1,0,0,1,1,1,0,0,0,0,0,0,0,0,0,2,21,30,25,150,2.0,7,1,1,0,0,1,1,1,0,0,0,0,0,0,0,0,0,2,23,0,0,193,0.0,0,0,1,0,0,2,0,1,0,0,0,0,0,0,0,0,0,2,26,32,34,178,1.2,7,1,1,0,0,1,1,0,0,0,0,0,0,0,0,0,0,2,27,16,27,92,0.0,3,0,1,0,0,1,1,0,0,0,0,0,0,0,0,0,0,2,29,44,47,14,-0.1,7,1,1,0,0,1,1,0,0,0,0,0,0,0,0,0,0,2,30,24,4,48,0.0,4,0,1,0,0,2,0,1,0,0,0,0,0,0,0,0,0,2,33,39,60,250,0.4,7,1,1,0,0,1,1,1,0,0,0,0,0,0,0,0,0,3,6,42,69,221,-0.9,7,1,1,0,0,1,1,0,0,0,0,0,0,0,0,0,0,3,9,41,53,216,-0.8,7,1,1,0,0,1,1,0,0,0,0,0,0,0,0,0,0,3,13,42,61,358,-0.5,7,1,1,0,0,1,1,0,0,0,0,0,0,0,0,0,0,3,16,43,77,224,-0.3,7,1,1,0,0,1,1,0,0,0,0,0,0,0,0,0,0,3,23,44,66,118,-0.3,7,1,1,0,0,1,1,0,0,0,0,0,0,0,0,0,0,3,27,0,20,216,0.0,0,0,1,0,0,1,1,0,0,0,0,0,0,0,0,0,0,3,32,42,41,338,-0.4,7,1,1,0,0,1,1,0,0,0,0,0,0,0,0,0,0,3,38,37,70,64,0.6,7,1,1,0,0,1,1,0,0,0,0,0,0,0,0,0,0,3,39,45,83,264,0.9,7,1,1,0,0,1,1,0,0,0,0,0,0,0,0,0,0,5,2,39,26,135,1.9,7,1,1,0,0,1,1,1,0,0,0,0,0,0,0,0,0,5,3,38,38,165,2.8,7,1,1,0,0,1,1,1,0,0,0,0,0,0,0,0,0,5,7,36,60,149,1.1,7,1,1,0,0,1,1,1,0,0,0,0,0,0,0,0,0,6,6,27,35,40,0.0,7,0,1,0,0,2,0,1,0,0,0,0,0,0,0,0,0,6,7,47,31,342,-1.9,7,1,1,0,0,1,1,1,0,0,0,0,0,0,0,0,0,6,8,0,3,301,0.0,0,0,1,0,0,2,0,1,0,0,0,0,0,0,0,0,0,6,9,46,60,121,1.0,7,1,1,0,0,1,1,1,0,0,0,0,0,0,0,0,0,6,10,30,28,177,1.3,5,1,1,0,0,1,1,1,0,0,0,0,0,0,0,0,0,6,16,33,30,43,4.2,5,1,1,0,0,1,1,1,0,0,0,0,0,0,0,0,0,6,21,34,20,211,-2.8,7,1,1,0,0,1,1,1,0,0,0,0,0,0,0,0,0,6,22,31,31,277,-23.3,4,0,1,0,0,1,1,1,0,0,0,0,0,0,0,0,0
94460000,1,46,0,0,10,44,43,334,1.5,7,1,1,1,0,1,1,0,0,0,1,0,0,0,1,0,1,0,12,43,33,103,-0.5,7,1,1,1,0,1,1,0,0,0,1,0,0,0,1,0,1,0,15,22,13,75,0.0,3,0,1,0,0,2,0,1,0,0,0,0,0,0,0,0,0,0,18,42,40,198,1.7,7,1,1,1,0,1,1,1,0,0,1,0,0,0,1,0,1,0,23,44,72,51,-0.2,7,1,1,1,0,1,1,1,0,0,1,0,0,0,1,0,1,0,24,42,34,37,0.1,7,1,1,1,0,1,1,0,0,0,1,0,0,0,1,0,1,0,25,34,35,144,0.3,7,1,1,1,0,1,1,0,0,0,1,0,0,0,1,0,1,0,28,40,27,227,1.4,7,1,1,0,0,1,1,0,0,0,0,0,0,0,0,0,0,0,32,42,31,301,0.1,7,1,1,1,0,1,1,0,0,0,1,0,0,0,1,0,1,1,127,0,21,258,0.0,0,0,0,0,0,2,0,1,0,0,0,0,0,0,0,0,0,1,128,29,46,238,0.0,4,0,0,0,0,2,1,1,0,0,0,0,0,0,0,0,0,1,129,42,53,229,0.0,7,0,1,0,0,2,1,1,0,0,0,0,0,0,0,0,0,1,137,39,60,149,0.0,7,0,0,0,0,2,1,1,0,0,0,0,0,0,0,0,0,2,4,0,1,265,0.0,0,0,1,0,0,2,0,1,0,0,0,0,0,0,0,0,0,2,7,20,12,60,0.0,3,0,1,0,0,2,0,1,0,0,0,0,0,0,0,0,0,2,12,27,24,314,-1.3,5,1,1,0,0,1,1,1,0,0,0,0,0,0,0,0,0,2,19,39,41,303,1.3,7,1,1,0,0,1,1,1,0,0,0,0,0,0,0,0,0,2,21,27,25,150,3.1,4,1,1,0,0,1,1,1,0,0,0,0,0,0,0,0,0,2,23,0,0,193,0.0,0,0,1,0,0,2,0,1,0,0,0,0,0,0,0,0,0,2,26,35,34,178,1.0,7,1,1,0,0,1,1,0,0,0,0,0,0,0,0,0,0,2,27,16,27,92,0.0,3,0,1,0,0,1,1,0,0,0,0,0,0,0,0,0,0,2,29,42,47,14,0.0,7,1,1,0,0,1,1,0,0,0,0,0,0,0,0,0,0,2,30,24,4,48,0.0,4,0,1,0,0,2,0,1,0,0,0,0,0,0,0,0,0,2,33,42,60,250,0.1,7,1,1,0,0,1,1,1,0,0,0,0,0,0,0,0,0,3,6,42,69,221,-1.0,7,1,1,0,0,1,1,0,0,0,0,0,0,0,0,0,0,3,9,42,53,216,-0.7,7,1,1,0,0,1,1,0,0,0,0,0,0,0,0,0,0,3,13,43,61,358,-0.6,7,1,1,0,0,1,1,0,0,0,0,0,0,0,0,0,0,3,16,44,77,224,-0.4,7,1,1,0,0,1,1,0,0,0,0,0,0,0,0,0,0,3,23,45,66,118,-0.2,7,1,1,0,0,1,1,0,0,0,0,0,0,0,0,0,0,3,27,0,20,216,0.0,0,0,1,0,0,1,1,0,0,0,0,0,0,0,0,0,0,3,32,42,41,338,-0.2,7,1,1,0,0,1,1,0,0,0,0,0,0,0,0,0,0,3,38,33,70,64,0.5,7,1,1,0,0,1,1,0,0,0,0,0,0,0,0,0,0,3,39,43,83,264,0.8,7,1,1,0,0,1,1,0,0,0,0,0,0,0,0,0,0,5,2,42,26,135,1.9,7,1,1,0,0,1,1,1,0,0,0,0,0,0,0,0,0,5,3,38,38,165,2.7,7,1,1,0,0,1,1,1,0,0,0,0,0,0,0,0,0,5,7,34,60,149,1.1,7,1,1,0,0,1,1,1,0,0,0,0,0,0,0,0,0,5,8,24,-91,0,0.0,3,0,2,0,0,0,0,0,0,0,0,0,0,0,0,0,0,6,6,28,35,40,0.0,7,0,1,0,0,2,0,1,0,0,0,0,0,0,0,0,0,6,7,46,31,342,-1.9,7,1,1,0,0,1,1,1,0,0,0,0,0,0,0,0,0,6,8,0,3,301,0.0,0,0,1,0,0,2,0,1,0,0,0,0,0,0,0,0,0,6,9,45,60,121,1.1,7,1,1,0,0,1,1,1,0,0,0,0,0,0,0,0,0,6,10,30,28,177,1.0,5,1,1,0,0,1,1,1,0,0,0,0,0,0,0,0,0,6,16,34,30,43,1.7,6,1,1,0,0,1,1,1,0,0,0,0,0,0,0,0,0,6,21,39,20,211,-2.9,7,1,1,0,0,1,1,1,0,0,0,0,0,0,0,0,0,6,22,32,31,277,-20.8,4,0,1,0,0,1,1,1,0,0,0,0,0,0,0,0,0
94461000,1,46,0,0,10,46,43,334,1.4,7,1,1,1,0,1,1,0,0,0,1,0,0,0,1,0,1,0,12,42,33,103,-0.5,7,1,1,1,0,1,1,0,0,0,1,0,0,0,1,0,1,0,15,0,13,75,0.0,1,0,1,0,0,2,0,1,0,0,0,0,0,0,0,0,0,0,18,42,40,198,1.7,7,1,1,1,0,1,1,1,0,0,1,0,0,0,1,0,1,0,23,40,72,51,-0.1,7,1,1,1,0,1,1,1,0,0,1,0,0,0,1,0,1,0,24,46,34,37,0.1,7,1,1,1,0,1,1,0,0,0,1,0,0,0,1,0,1,0,25,38,35,144,0.3,7,1,1,1,0,1,1,0,0,0,1,0,0,0,1,0,1,0,28,37,27,227,1.3,7,1,1,0,0,1,1,0,0,0,0,0,0,0,0,0,0,0,32,44,31,301,0.6,7,1,1,1,0,1,1,0,0,0,1,0,0,0,1,0,1,1,127,0,21,258,0.0,0,0,0,0,0,2,0,1,0,0,0,0,0,0,0,0,0,1,128,29,46,238,0.0,4,0,0,0,0,2,1,1,0,0,0,0,0,0,0,0,0,1,129,41,53,229,0.0,7,0,1,0,0,2,1,1,0,0,0,0,0,0,0,0,0,1,137,40,60,149,0.0,7,0,0,0,0,2,1,1,0,0,0,0,0,0,0,0,0,2,4,0,1,265,0.0,0,0,1,0,0,2,0,1,0,0,0,0,0,0,0,0,0,2,7,21,12,60,0.0,3,0,1,0,0,2,0,1,0,0,0,0,0,0,0,0,0,2,12,27,24,314,0.9,7,1,1,0,0,1,1,1,0,0,0,0,0,0,0,0,0,2,19,40,41,303,1.3,7,1,1,0,0,1,1,1,0,0,0,0,0,0,0,0,0,2,21,36,25,150,2.6,5,1,1,0,0,1,1,1,0,0,0,0,0,0,0,0,0,2,23,0,0,193,0.0,0,0,1,0,0,2,0,1,0,0,0,0,0,0,0,0,0,2,26,38,34,178,0.9,7,1,1,0,0,1,1,0,0,0,0,0,0,0,0,0,0,2,27,17,27,92,0.0,3,0,1,0,0,1,1,0,0,0,0,0,0,0,0,0,0,2,29,43,47,14,0.3,7,1,1,0,0,1,1,0,0,0,0,0,0,0,0,0,0,2,30,21,4,48,0.0,4,0,1,0,0,2,0,1,0,0,0,0,0,0,0,0,0,2,33,41,60,250,0.1,7,1,1,0,0,1,1,1,0,0,0,0,0,0,0,0,0,3,6,42,69,221,-1.0,7,1,1,0,0,1,1,0,0,0,0,0,0,0,0,0,0,3,9,42,53,216,-0.8,7,1,1,0,0,1,1,0,0,0,0,0,0,0,0,0,0,3,13,42,61,358,-0.4,7,1,1,0,0,1,1,0,0,0,0,0,0,0,0,0,0,3,16,43,77,224,-0.2,7,1,1,0,0,1,1,0,0,0,0,0,0,0,0,0,0,3,23,45,66,118,-0.1,7,1,1,0,0,1,1,0,0,0,0,0,0,0,0,0,0,3,27,0,20,216,0.0,0,0,1,0,0,1,1,0,0,0,0,0,0,0,0,0,0,3,32,44,41,338,-0.1,7,1,1,0,0,1,1,0,0,0,0,0,0,0,0,0,0,3,38,31,70,64,0.5,7,1,1,0,0,1,1,0,0,0,0,0,0,0,0,0,0,3,39,44,83,264,0.9,7,1,1,0,0,1,1,0,0,0,0,0,0,0,0,0,0,5,2,43,26,135,1.9,7,1,1,0,0,1,1,1,0,0,0,0,0,0,0,0,0,5,3,35,38,165,5.3,5,1,1,0,0,1,1,1,0,0,0,0,0,0,0,0,0,5,7,35,60,149,1.2,7,1,1,0,0,1,1,1,0,0,0,0,0,0,0,0,0,5,8,20,-91,0,0.0,3,0,2,0,0,0,0,0,0,0,0,0,0,0,0,0,0,6,6,29,35,40,0.0,7,0,1,0,0,2,0,1,0,0,0,0,0,0,0,0,0,6,7,47,31,342,-2.0,7,1,1,0,0,1,1,1,0,0,0,0,0,0,0,0,0,6,8,0,3,301,0.0,0,0,1,0,0,2,0,1,0,0,0,0,0,0,0,0,0,6,9,45,60,121,1.1,7,1,1,0,0,1,1,1,0,0,0,0,0,0,0,0,0,6,10,30,28,177,2.2,5,1,1,0,0,1,1,1,0,0,0,0,0,0,0,0,0,6,16,33,30,43,2.3,7,1,1,0,0,1,1,1,0,0,0,0,0,0,0,0,0,6,21,41,20,211,-3.1,7,1,1,0,0,1,1,1,0,0,0,0,0,0,0,0,0,6,22,37,31,277,-11.4,4,1,1,0,0,1,1,1,0,0,0,0,0,0,0,0,0
94462000,1,45,0,0,10,46,43,334,1.6,7,1,1,1,0,1,1,0,0,0,1,0,0,0,1,0,1,0,12,39,33,103,-0.5,7,1,1,1,0,1,1,0,0,0,1,0,0,0,1,0,1,0,15,0,13,75,0.0,1,0,1,0,0,2,0,1,0,0,0,0,0,0,0,0,0,0,18,41,40,198,1.7,7,1,1,1,0,1,1,1,0,0,1,0,0,0,1,0,1,0,23,40,72,51,-0.1,7,1,1,1,0,1,1,1,0,0,1,0,0,0,1,0,1,0,24,44,34,37,0.1,7,1,1,1,0,1,1,0,0,0,1,0,0,0,1,0,1,0,25,38,35,144,0.4,7,1,1,1,0,1,1,0,0,0,1,0,0,0,1,0,1,0,28,39,27,227,1.3,7,1,1,0,0,1,1,0,0,0,0,0,0,0,0,0,0,0,32,44,31,301,0.6,7,1,1,1,0,1,1,0,0,0,1,0,0,0,1,0,1,1,127,0,21,258,0.0,0,0,0,0,0,2,0,1,0,0,0,0,0,0,0,0,0,1,128,28,46,238,0.0,4,0,0,0,0,2,1,1,0,0,0,0,0,0,0,0,0,1,129,42,53,229,0.0,7,0,1,0,0,2,1,1,0,0,0,0,0,0,0,0,0,1,137,40,60,149,0.0,7,0,0,0,0,2,1,1,0,0,0,0,0,0,0,0,0,2,4,0,1,265,0.0,0,0,1,0,0,2,0,1,0,0,0,0,0,0,0,0,0,2,7,23,12,60,0.0,4,0,1,0,0,2,0,1,0,0,0,0,0,0,0,0,0,2,12,29,24,314,0.8,7,1,1,0,0,1,1,1,0,0,0,0,0,0,0,0,0,2,19,40,41,303,1.2,7,1,1,0,0,1,1,1,0,0,0,0,0,0,0,0,0,2,21,38,25,150,4.3,7,1,1,0,0,1,1,1,0,0,0,0,0,0,0,0,0,2,23,0,0,193,0.0,0,0,1,0,0,2,0,1,0,0,0,0,0,0,0,0,0,2,26,36,34,178,1.2,7,1,1,0,0,1,1,0,0,0,0,0,0,0,0,0,0,2,27,17,27,92,0.0,3,0,1,0,0,1,1,0,0,0,0,0,0,0,0,0,0,2,29,42,47,14,0.4,7,1,1,0,0,1,1,0,0,0,0,0,0,0,0,0,0,2,30,19,4,48,0.0,3,0,1,0,0,2,0,1,0,0,0,0,0,0,0,0,0,2,33,44,60,250,0.5,7,1,1,0,0,1,1,1,0,0,0,0,0,0,0,0,0,3,6,42,69,221,-0.9,7,1,1,0,0,1,1,0,0,0,0,0,0,0,0,0,0,3,9,44,53,216,-0.5,7,1,1,0,0,1,1,0,0,0,0,0,0,0,0,0,0,3,13,41,61,358,-0.4,7,1,1,0,0,1,1,0,0,0,0,0,0,0,0,0,0,3,16,44,77,224,-0.1,7,1,1,0,0,1,1,0,0,0,0,0,0,0,0,0,0,3,23,47,66,118,-0.1,7,1,1,0,0,1,1,0,0,0,0,0,0,0,0,0,0,3,27,0,20,216,0.0,0,0,1,0,0,1,1,0,0,0,0,0,0,0,0,0,0,3,32,43,41,338,0.0,7,1,1,0,0,1,1,0,0,0,0,0,0,0,0,0,0,3,38,30,70,64,-0.7,5,1,1,0,0,1,1,0,0,0,0,0,0,0,0,0,0,3,39,44,83,264,1.1,7,1,1,0,0,1,1,0,0,0,0,0,0,0,0,0,0,5,2,42,26,135,1.9,7,1,1,0,0,1,1,1,0,0,0,0,0,0,0,0,0,5,3,39,38,165,2.1,6,1,1,0,0,1,1,1,0,0,0,0,0,0,0,0,0,5,7,36,60,149,1.2,7,1,1,0,0,1,1,1,0,0,0,0,0,0,0,0,0,6,6,27,35,40,0.0,7,0,1,0,0,2,0,1,0,0,0,0,0,0,0,0,0,6,7,45,31,342,-1.9,7,1,1,0,0,1,1,1,0,0,0,0,0,0,0,0,0,6,8,0,3,301,0.0,0,0,1,0,0,2,0,1,0,0,0,0,0,0,0,0,0,6,9,44,60,121,1.3,7,1,1,0,0,1,1,1,0,0,0,0,0,0,0,0,0,6,10,30,28,177,3.7,6,1,1,0,0,1,1,1,0,0,0,0,0,0,0,0,0,6,16,34,30,43,2.2,7,1,1,0,0,1,1,1,0,0,0,0,0,0,0,0,0,6,21,43,20,211,-3.1,7,1,1,0,0,1,1,1,0,0,0,0,0,0,0,0,0,6,22,43,31,277,1.8,5,1,1,0,0,1,1,1,0,0,0,0,0,0,0,0,0,6,23,18,12,317,0.0,4,0,1,0,0,2,0,1,0,0,0,0,0,0,0,0,0
94463000,1,45,0,0,10,45,43,334,1.4,7,1,1,1,0,1,1,0,0,0,1,0,0,0,1,0,1,0,12,39,33,103,-0.6,7,1,1,1,0,1,1,0,0,0,1,0,0,0,1,0,1,0,15,0,13,75,0.0,1,0,1,0,0,2,0,1,0,0,0,0,0,0,0,0,0,0,18,39,40,198,1.7,7,1,1,1,0,1,1,1,0,0,1,0,0,0,1,0,1,0,23,36,72,51,-0.2,7,1,1,1,0,1,1,1,0,0,1,0,0,0,1,0,1,0,24,41,34,37,-0.1,7,1,1,1,0,1,1,0,0,0,1,0,0,0,1,0,1,0,25,39,35,144,0.3,7,1,1,1,0,1,1,0,0,0,1,0,0,0,1,0,1,0,28,43,27,227,1.3,7,1,1,0,0,1,1,0,0,0,0,0,0,0,0,0,0,0,32,44,31,301,0.6,7,1,1,1,0,1,1,0,0,0,1,0,0,0,1,0,1,1,127,0,21,258,0.0,0,0,0,0,0,2,0,1,0,0,0,0,0,0,0,0,0,1,128,28,46,238,0.0,4,0,0,0,0,2,1,1,0,0,0,0,0,0,0,0,0,1,129,44,53,229,0.0,7,0,1,0,0,2,1,1,0,0,0,0,0,0,0,0,0,1,137,40,60,149,0.0,7,0,0,0,0,2,1,1,0,0,0,0,0,0,0,0,0,2,4,0,1,265,0.0,0,0,1,0,0,2,0,1,0,0,0,0,0,0,0,0,0,2,7,22,12,60,0.0,3,0,1,0,0,2,0,1,0,0,0,0,0,0,0,0,0,2,12,30,24,314,2.6,7,1,1,0,0,1,1,1,0,0,0,0,0,0,0,0,0,2,19,37,41,303,1.2,7,1,1,0,0,1,1,1,0,0,0,0,0,0,0,0,0,2,21,31,25,150,0.2,7,1,1,0,0,1,1,1,0,0,0,0,0,0,0,0,0,2,23,0,0,193,0.0,0,0,1,0,0,2,0,1,0,0,0,0,0,0,0,0,0,2,26,34,34,178,1.2,7,1,1,0,0,1,1,0,0,0,0,0,0,0,0,0,0,2,27,18,27,92,0.0,3,0,1,0,0,1,1,0,0,0,0,0,0,0,0,0,0,2,29,43,47,14,0.2,7,1,1,0,0,1,1,0,0,0,0,0,0,0,0,0,0,2,30,17,4,48,0.0,3,0,1,0,0,2,0,1,0,0,0,0,0,0,0,0,0,2,33,41,60,250,0.4,7,1,1,0,0,1,1,1,0,0,0,0,0,0,0,0,0,3,6,44,69,221,-0.8,7,1,1,0,0,1,1,0,0,0,0,0,0,0,0,0,0,3,9,44,53,216,-0.6,7,1,1,0,0,1,1,0,0,0,0,0,0,0,0,0,0,3,13,41,61,358,-0.4,7,1,1,0,0,1,1,0,0,0,0,0,0,0,0,0,0,3,16,43,77,224,-0.1,7,1,1,0,0,1,1,0,0,0,0,0,0,0,0,0,0,3,23,44,66,118,-0.2,7,1,1,0,0,1,1,0,0,0,0,0,0,0,0,0,0,3,27,0,20,216,0.0,0,0,1,0,0,1,1,0,0,0,0,0,0,0,0,0,0,3,32,44,41,338,0.0,7,1,1,0,0,1,1,0,0,0,0,0,0,0,0,0,0,3,38,29,70,64,-3.6,6,1,1,0,0,1,1,0,0,0,0,0,0,0,0,0,0,3,39,44,83,264,1.0,7,1,1,0,0,1,1,0,0,0,0,0,0,0,0,0,0,5,2,40,26,135,1.8,7,1,1,0,0,1,1,1,0,0,0,0,0,0,0,0,0,5,3,36,38,165,0.5,6,1,1,0,0,1,1,1,0,0,0,0,0,0,0,0,0,5,7,37,60,149,1.3,7,1,1,0,0,1,1,1,0,0,0,0,0,0,0,0,0,6,6,26,35,40,0.0,4,0,1,0,0,2,0,1,0,0,0,0,0,0,0,0,0,6,7,44,31,342,-2.1,7,1,1,0,0,1,1,1,0,0,0,0,0,0,0,0,0,6,8,0,3,301,0.0,0,0,1,0,0,2,0,1,0,0,0,0,0,0,0,0,0,6,9,45,60,121,1.3,7,1,1,0,0,1,1,1,0,0,0,0,0,0,0,0,0,6,10,31,28,177,3.1,7,1,1,0,0,1,1,1,0,0,0,0,0,0,0,0,0,6,16,36,30,43,2.0,7,1,1,0,0,1,1,1,0,0,0,0,0,0,0,0,0,6,21,40,20,211,-3.2,7,1,1,0,0,1,1,1,0,0,0,0,0,0,0,0,0,6,22,40,31,277,4.4,7,1,1,0,0,1,1,1,0,0,0,0,0,0,0,0,0,6,23,18,12,317,0.0,4,0,1,0,0,2,0,1,0,0,0,0,0,0,0,0,0
94464000,1,45,0,0,10,47,43,334,1.4,7,1,1,1,0,1,1,0,0,0,1,0,0,0,1,0,1,0,12,42,33,103,-0.6,7,1,1,1,0,1,1,0,0,0,1,0,0,0,1,0,1,0,15,0,13,75,0.0,1,0,1,0,0,2,0,1,0,0,0,0,0,0,0,0,0,0,18,38,40,198,1.8,7,1,1,1,0,1,1,1,0,0,1,0,0,0,1,0,1,0,23,32,72,51,-0.3,7,1,1,1,0,1,1,1,0,0,1,0,0,0,1,0,1,0,24,41,34,37,-0.1,7,1,1,1,0,1,1,0,0,0,1,0,0,0,1,0,1,0,25,35,35,144,0.4,7,1,1,1,0,1,1,0,0,0,1,0,0,0,1,0,1,0,28,44,27,227,1.3,7,1,1,0,0,1,1,0,0,0,0,0,0,0,0,0,0,0,32,40,31,301,0.5,7,1,1,1,0,1,1,0,0,0,1,0,0,0,1,0,1,1,127,0,21,258,0.0,0,0,0,0,0,2,0,1,0,0,0,0,0,0,0,0,0,1,128,30,46,238,0.0,4,0,0,0,0,2,1,1,0,0,0,0,0,0,0,0,0,1,129,43,53,229,0.0,7,0,1,0,0,2,1,1,0,0,0,0,0,0,0,0,0,1,137,39,60,149,0.0,7,0,0,0,0,2,1,1,0,0,0,0,0,0,0,0,0,2,4,0,1,265,0.0,0,0,1,0,0,2,0,1,0,0,0,0,0,0,0,0,0,2,7,21,12,60,0.0,4,0,1,0,0,2,0,1,0,0,0,0,0,0,0,0,0,2,12,29,25,313,2.6,7,1,1,0,0,1,1,1,0,0,0,0,0,0,0,0,0,2,19,35,41,303,1.0,7,1,1,0,0,1,1,1,0,0,0,0,0,0,0,0,0,2,21,32,25,150,-0.3,7,1,1,0,0,1,1,1,0,0,0,0,0,0,0,0,0,2,23,0,0,193,0.0,0,0,1,0,0,2,0,1,0,0,0,0,0,0,0,0,0,2,26,35,34,178,0.9,7,1,1,0,0,1,1,0,0,0,0,0,0,0,0,0,0,2,27,19,27,92,0.0,3,0,1,0,0,1,1,0,0,0,0,0,0,0,0,0,0,2,29,43,47,14,0.1,7,1,1,0,0,1,1,0,0,0,0,0,0,0,0,0,0,2,30,17,4,48,0.0,3,0,1,0,0,2,0,1,0,0,0,0,0,0,0,0,0,2,33,41,60,250,0.6,7,1,1,0,0,1,1,1,0,0,0,0,0,0,0,0,0,3,6,44,69,221,-0.8,7,1,1,0,0,1,1,0,0,0,0,0,0,0,0,0,0,3,9,42,53,216,-0.6,7,1,1,0,0,1,1,0,0,0,0,0,0,0,0,0,0,3,13,42,61,358,-0.2,7,1,1,0,0,1,1,0,0,0,0,0,0,0,0,0,0,3,16,44,77,224,-0.2,7,1,1,0,0,1,1,0,0,0,0,0,0,0,0,0,0,3,23,42,66,118,-0.1,7,1,1,0,0,1,1,0,0,0,0,0,0,0,0,0,0,3,27,0,20,216,0.0,0,0,1,0,0,1,1,0,0,0,0,0,0,0,0,0,0,3,32,44,41,338,0.2,7,1,1,0,0,1,1,0,0,0,0,0,0,0,0,0,0,3,38,27,70,64,-5.7,4,1,1,0,0,1,1,0,0,0,0,0,0,0,0,0,0,3,39,43,83,264,1.1,7,1,1,0,0,1,1,0,0,0,0,0,0,0,0,0,0,5,2,37,26,135,1.8,7,1,1,0,0,1,1,1,0,0,0,0,0,0,0,0,0,5,3,36,38,165,1.4,6,1,1,0,0,1,1,1,0,0,0,0,0,0,0,0,0,5,7,35,60,149,1.3,7,1,1,0,0,1,1,1,0,0,0,0,0,0,0,0,0,6,6,26,35,40,0.0,4,0,1,0,0,2,0,1,0,0,0,0,0,0,0,0,0,6,7,46,31,342,-2.2,7,1,1,0,0,1,1,1,0,0,0,0,0,0,0,0,0,6,8,0,3,301,0.0,0,0,1,0,0,2,0,1,0,0,0,0,0,0,0,0,0,6,9,45,60,121,1.3,7,1,1,0,0,1,1,1,0,0,0,0,0,0,0,0,0,6,10,29,28,177,-1.3,7,1,1,0,0,1,1,1,0,0,0,0,0,0,0,0,0,6,16,29,30,43,3.8,7,1,1,0,0,1,1,1,0,0,0,0,0,0,0,0,0,6,21,44,20,211,-3.2,7,1,1,0,0,1,1,1,0,0,0,0,0,0,0,0,0,6,22,35,31,277,1.7,7,1,1,0,0,1,1,1,0,0,0,0,0,0,0,0,0,6,23,18,12,317,0.0,4,0,1,0,0,2,0,1,0,0,0,0,0,0,0,0,0
94465000,1,45,0,0,10,45,43,334,1.3,7,1,1,1,0,1,1,0,0,0,1,0,0,0,1,0,1,0,12,42,33,103,-0.6,7,1,1,1,0,1,1,0,0,0,1,0,0,0,1,0,1,0,15,0,13,75,0.0,1,0,1,0,0,2,0,1,0,0,0,0,0,0,0,0,0,0,18,34,40,198,1.8,7,1,1,1,0,1,1,1,0,0,1,0,0,0,1,0,1,0,23,27,72,51,-0.3,7,1,1,1,0,1,1,1,0,0,1,0,0,0,1,0,1,0,24,37,34,37,-0.3,7,1,1,1,0,1,1,0,0,0,1,0,0,0,1,0,1,0,25,38,35,144,0.3,7,1,1,1,0,1,1,0,0,0,1,0,0,0,1,0,1,0,28,44,27,227,1.3,7,1,1,0,0,1,1,0,0,0,0,0,0,0,0,0,0,0,32,36,31,301,0.4,7,1,1,1,0,1,1,0,0,0,1,0,0,0,1,0,1,1,127,0,21,258,0.0,0,0,0,0,0,2,0,1,0,0,0,0,0,0,0,0,0,1,128,30,46,238,0.0,4,0,0,0,0,2,1,1,0,0,0,0,0,0,0,0,0,1,129,44,53,229,0.0,7,0,1,0,0,2,1,1,0,0,0,0,0,0,0,0,0,1,137,38,60,149,0.0,7,0,0,0,0,2,1,1,0,0,0,0,0,0,0,0,0,2,4,0,1,265,0.0,0,0,1,0,0,2,0,1,0,0,0,0,0,0,0,0,0,2,7,20,12,60,0.0,3,0,1,0,0,2,0,1,0,0,0,0,0,0,0,0,0,2,12,29,25,313,1.9,7,1,1,0,0,1,1,1,0,0,0,0,0,0,0,0,0,2,19,31,41,303,1.1,7,1,1,0,0,1,1,1,0,0,0,0,0,0,0,0,0,2,21,33,25,150,-0.6,7,1,1,0,0,1,1,1,0,0,0,0,0,0,0,0,0,2,23,0,0,193,0.0,0,0,1,0,0,2,0,1,0,0,0,0,0,0,0,0,0,2,26,37,34,178,0.9,7,1,1,0,0,1,1,0,0,0,0,0,0,0,0,0,0,2,27,17,27,92,0.0,3,0,1,0,0,1,1,0,0,0,0,0,0,0,0,0,0,2,29,42,47,14,0.3,7,1,1,0,0,1,1,0,0,0,0,0,0,0,0,0,0,2,30,18,4,48,0.0,3,0,1,0,0,2,0,1,0,0,0,0,0,0,0,0,0,2,33,41,60,250,0.5,7,1,1,0,0,1,1,1,0,0,0,0,0,0,0,0,0,3,6,43,69,221,-0.8,7,1,1,0,0,1,1,0,0,0,0,0,0,0,0,0,0,3,9,42,53,216,-0.6,7,1,1,0,0,1,1,0,0,0,0,0,0,0,0,0,0,3,13,45,61,358,-0.4,7,1,1,0,0,1,1,0,0,0,0,0,0,0,0,0,0,3,16,44,77,224,-0.2,7,1,1,0,0,1,1,0,0,0,0,0,0,0,0,0,0,3,23,45,66,118,-0.1,7,1,1,0,0,1,1,0,0,0,0,0,0,0,0,0,0,3,27,0,20,216,0.0,0,0,1,0,0,1,1,0,0,0,0,0,0,0,0,0,0,3,32,42,41,338,0.1,7,1,1,0,0,1,1,0,0,0,0,0,0,0,0,0,0,3,38,27,70,64,-4.9,4,1,1,0,0,1,1,0,0,0,0,0,0,0,0,0,0,3,39,42,83,264,1.1,7,1,1,0,0,1,1,0,0,0,0,0,0,0,0,0,0,5,2,35,26,135,1.7,7,1,1,0,0,1,1,1,0,0,0,0,0,0,0,0,0,5,3,38,38,165,3.6,7,1,1,0,0,1,1,1,0,0,0,0,0,0,0,0,0,5,7,35,60,149,1.2,7,1,1,0,0,1,1,1,0,0,0,0,0,0,0,0,0,6,6,24,35,40,0.0,4,0,1,0,0,2,0,1,0,0,0,0,0,0,0,0,0,6,7,45,31,342,-2.1,7,1,1,0,0,1,1,1,0,0,0,0,0,0,0,0,0,6,8,0,3,301,0.0,0,0,1,0,0,2,0,1,0,0,0,0,0,0,0,0,0,6,9,44,60,121,1.3,7,1,1,0,0,1,1,1,0,0,0,0,0,0,0,0,0,6,10,34,28,177,3.5,5,1,1,0,0,1,1,1,0,0,0,0,0,0,0,0,0,6,16,22,30,43,1.9,4,1,1,0,0,1,1,1,0,0,0,0,0,0,0,0,0,6,21,36,20,211,-3.2,7,1,1,0,0,1,1,1,0,0,0,0,0,0,0,0,0,6,22,35,31,277,0.8,5,1,1,0,0,1,1,1,0,0,0,0,0,0,0,0,0,6,23,17,12,317,0.0,4,0,1,0,0,2,0,1,0,0,0,0,0,0,0,0,0
94466000,1,45,0,0,10,45,43,334,1.4,7,1,1,1,0,1,1,0,0,0,1,0,0,0,1,0,1,0,12,47,33,103,-0.6,7,1,1,1,0,1,1,0,0,0,1,0,0,0,1,0,1,0,15,0,13,75,0.0,1,0,1,0,0,2,0,1,0,0,0,0,0,0,0,0,0,0,18,36,40,198,1.7,7,1,1,1,0,1,1,1,0,0,1,0,0,0,1,0,1,0,23,28,72,51,-0.2,7,1,1,1,0,1,1,1,0,0,1,0,0,0,1,0,1,0,24,37,34,37,-0.2,7,1,1,1,0,1,1,0,0,0,1,0,0,0,1,0,1,0,25,39,35,144,0.3,7,1,1,1,0,1,1,0,0,0,1,0,0,0,1,0,1,0,28,43,27,227,1.2,7,1,1,0,0,1,1,0,0,0,0,0,0,0,0,0,0,0,32,27,31,301,0.5,7,1,1,1,0,1,1,0,0,0,1,0,0,0,1,0,1,1,127,0,21,258,0.0,0,0,0,0,0,2,0,1,0,0,0,0,0,0,0,0,0,1,128,37,46,238,0.0,5,0,0,0,0,2,1,1,0,0,0,0,0,0,0,0,0,1,129,45,53,229,0.0,7,0,1,0,0,2,1,1,0,0,0,0,0,0,0,0,0,1,137,40,60,149,0.0,7,0,0,0,0,2,1,1,0,0,0,0,0,0,0,0,0,2,4,0,1,265,0.0,0,0,1,0,0,2,0,1,0,0,0,0,0,0,0,0,0,2,7,19,12,60,0.0,3,0,1,0,0,2,0,1,0,0,0,0,0,0,0,0,0,2,12,29,25,313,0.3,7,1,1,0,0,1,1,1,0,0,0,0,0,0,0,0,0,2,19,32,41,303,1.2,7,1,1,0,0,1,1,1,0,0,0,0,0,0,0,0,0,2,21,38,25,150,0.1,7,1,1,0,0,1,1,1,0,0,0,0,0,0,0,0,0,2,23,0,0,193,0.0,0,0,1,0,0,2,0,1,0,0,0,0,0,0,0,0,0,2,26,37,34,178,0.8,7,1,1,0,0,1,1,0,0,0,0,0,0,0,0,0,0,2,27,16,27,92,0.0,3,0,1,0,0,1,1,0,0,0,0,0,0,0,0,0,0,2,29,42,47,14,0.4,7,1,1,0,0,1,1,0,0,0,0,0,0,0,0,0,0,2,30,17,4,48,0.0,3,0,1,0,0,2,0,1,0,0,0,0,0,0,0,0,0,2,33,40,60,250,0.5,7,1,1,0,0,1,1,1,0,0,0,0,0,0,0,0,0,3,6,43,69,221,-0.9,7,1,1,0,0,1,1,0,0,0,0,0,0,0,0,0,0,3,9,41,53,216,-0.5,7,1,1,0,0,1,1,0,0,0,0,0,0,0,0,0,0,3,13,45,61,358,-0.3,7,1,1,0,0,1,1,0,0,0,0,0,0,0,0,0,0,3,16,44,77,224,0.0,7,1,1,0,0,1,1,0,0,0,0,0,0,0,0,0,0,3,23,45,66,118,-0.1,7,1,1,0,0,1,1,0,0,0,0,0,0,0,0,0,0,3,27,0,20,216,0.0,0,0,1,0,0,1,1,0,0,0,0,0,0,0,0,0,0,3,32,42,41,338,0.2,7,1,1,0,0,1,1,0,0,0,0,0,0,0,0,0,0,3,38,24,70,64,-5.4,4,1,1,0,0,1,1,0,0,0,0,0,0,0,0,0,0,3,39,44,83,264,1.2,7,1,1,0,0,1,1,0,0,0,0,0,0,0,0,0,0,5,2,37,26,135,1.7,7,1,1,0,0,1,1,1,0,0,0,0,0,0,0,0,0,5,3,40,38,165,3.5,7,1,1,0,0,1,1,1,0,0,0,0,0,0,0,0,0,5,7,35,60,149,1.3,7,1,1,0,0,1,1,1,0,0,0,0,0,0,0,0,0,6,6,21,35,40,0.0,4,0,1,0,0,2,0,1,0,0,0,0,0,0,0,0,0,6,7,44,31,342,-2.0,7,1,1,0,0,1,1,1,0,0,0,0,0,0,0,0,0,6,8,0,3,301,0.0,0,0,1,0,0,2,0,1,0,0,0,0,0,0,0,0,0,6,9,47,60,121,1.4,7,1,1,0,0,1,1,1,0,0,0,0,0,0,0,0,0,6,10,29,28,177,4.4,4,1,1,0,0,1,1,1,0,0,0,0,0,0,0,0,0,6,16,30,30,43,-0.6,4,1,1,0,0,1,1,1,0,0,0,0,0,0,0,0,0,6,21,43,20,211,-3.2,7,1,1,0,0,1,1,1,0,0,0,0,0,0,0,0,0,6,22,40,31,277,0.7,5,1,1,0,0,1,1,1,0,0,0,0,0,0,0,0,0,6,23,17,12,317,0.0,4,0,1,0,0,2,0,1,0,0,0,0,0,0,0,0,0
94467000,1,45,0,0,10,44,43,334,1.3,7,1,1,1,0,1,1,0,0,0,1,0,0,0,1,0,1,0,12,47,33,103,-0.6,7,1,1,1,0,1,1,0,0,0,1,0,0,0,1,0,1,0,15,0,13,75,0.0,1,0,1,0,0,2,0,1,0,0,0,0,0,0,0,0,0,0,18,40,40,198,1.6,7,1,1,1,0,1,1,1,0,0,1,0,0,0,1,0,1,0,23,28,72,51,-0.3,7,1,1,1,0,1,1,1,0,0,1,0,0,0,1,0,1,0,24,31,34,37,-0.2,4,1,1,1,0,1,1,0,0,0,1,0,0,0,1,0,1,0,25,44,35,144,0.2,7,1,1,1,0,1,1,0,0,0,1,0,0,0,1,0,1,0,28,41,27,227,1.1,7,1,1,0,0,1,1,0,0,0,0,0,0,0,0,0,0,0,32,27,31,301,1.6,5,1,1,1,0,1,1,0,0,0,1,0,0,0,1,0,1,1,127,0,21,258,0.0,0,0,0,0,0,2,0,1,0,0,0,0,0,0,0,0,0,1,128,38,46,238,0.0,6,0,0,0,0,2,1,1,0,0,0,0,0,0,0,0,0,1,129,44,53,229,0.0,7,0,1,0,0,2,1,1,0,0,0,0,0,0,0,0,0,1,137,41,60,149,0.0,7,0,0,0,0,2,1,1,0,0,0,0,0,0,0,0,0,2,4,0,1,265,0.0,0,0,1,0,0,2,0,1,0,0,0,0,0,0,0,0,0,2,7,19,12,60,0.0,3,0,1,0,0,2,0,1,0,0,0,0,0,0,0,0,0,2,12,29,25,313,0.1,7,1,1,0,0,1,1,1,0,0,0,0,0,0,0,0,0,2,19,32,41,303,1.1,7,1,1,0,0,1,1,1,0,0,0,0,0,0,0,0,0,2,21,44,25,150,0.0,7,1,1,0,0,1,1,1,0,0,0,0,0,0,0,0,0,2,23,0,0,193,0.0,0,0,1,0,0,2,0,1,0,0,0,0,0,0,0,0,0,2,26,37,34,178,0.8,7,1,1,0,0,1,1,0,0,0,0,0,0,0,0,0,0,2,27,17,27,92,0.0,3,0,1,0,0,1,1,0,0,0,0,0,0,0,0,0,0,2,29,45,47,14,0.4,7,1,1,0,0,1,1,0,0,0,0,0,0,0,0,0,0,2,30,18,4,48,0.0,3,0,1,0,0,2,0,1,0,0,0,0,0,0,0,0,0,2,33,46,60,250,0.3,7,1,1,0,0,1,1,1,0,0,0,0,0,0,0,0,0,3,6,42,69,221,-1.0,7,1,1,0,0,1,1,0,0,0,0,0,0,0,0,0,0,3,9,39,53,216,-0.6,7,1,1,0,0,1,1,0,0,0,0,0,0,0,0,0,0,3,13,44,61,358,-0.4,7,1,1,0,0,1,1,0,0,0,0,0,0,0,0,0,0,3,16,45,77,224,0.0,7,1,1,0,0,1,1,0,0,0,0,0,0,0,0,0,0,3,23,46,66,118,-0.1,7,1,1,0,0,1,1,0,0,0,0,0,0,0,0,0,0,3,27,0,20,216,0.0,0,0,1,0,0,1,1,0,0,0,0,0,0,0,0,0,0,3,32,43,41,338,0.2,7,1,1,0,0,1,1,0,0,0,0,0,0,0,0,0,0,3,38,22,70,64,-8.6,4,1,1,0,0,1,1,0,0,0,0,0,0,0,0,0,0,3,39,43,83,264,1.2,7,1,1,0,0,1,1,0,0,0,0,0,0,0,0,0,0,5,2,34,26,135,1.6,7,1,1,0,0,1,1,1,0,0,0,0,0,0,0,0,0,5,3,39,38,165,2.9,7,1,1,0,0,1,1,1,0,0,0,0,0,0,0,0,0,5,7,37,60,149,1.3,7,1,1,0,0,1,1,1,0,0,0,0,0,0,0,0,0,6,6,20,35,40,0.0,4,0,1,0,0,2,0,1,0,0,0,0,0,0,0,0,0,6,7,46,31,342,-2.2,7,1,1,0,0,1,1,1,0,0,0,0,0,0,0,0,0,6,8,0,3,301,0.0,0,0,1,0,0,2,0,1,0,0,0,0,0,0,0,0,0,6,9,47,60,121,1.4,7,1,1,0,0,1,1,1,0,0,0,0,0,0,0,0,0,6,10,29,28,177,5.1,4,1,1,0,0,1,1,1,0,0,0,0,0,0,0,0,0,6,16,26,30,43,-5.7,5,1,1,0,0,1,1,1,0,0,0,0,0,0,0,0,0,6,21,36,20,211,-3.2,5,1,1,0,0,1,1,1,0,0,0,0,0,0,0,0,0,6,22,38,31,277,0.0,4,1,1,0,0,1,1,1,0,0,0,0,0,0,0,0,0,6,23,16,12,317,0.0,4,0,1,0,0,2,0,1,0,0,0,0,0,0,0,0,0
94468000,1,45,0,0,10,45,43,334,1.1,7,1,1,1,0,1,1,0,0,0,1,0,0,0,1,0,1,0,12,46,33,103,-0.5,7,1,1,1,0,1,1,0,0,0,1,0,0,0,1,0,1,0,15,0,13,75,0.0,1,0,1,0,0,2,0,1,0,0,0,0,0,0,0,0,0,0,18,38,40,198,1.6,7,1,1,1,0,1,1,1,0,0,1,0,0,0,1,0,1,0,23,27,72,51,-3.5,4,1,1,1,0,1,1,1,0,0,1,0,0,0,1,0,1,0,24,23,34,37,1.2,4,1,1,1,0,1,1,0,0,0,1,0,0,0,1,0,1,0,25,43,35,144,0.1,7,1,1,1,0,1,1,0,0,0,1,0,0,0,1,0,1,0,28,41,27,227,1.1,7,1,1,0,0,1,1,0,0,0,0,0,0,0,0,0,0,0,32,35,31,301,-3.8,5,1,1,1,0,1,1,0,0,0,1,0,0,0,1,0,1,1,127,0,21,258,0.0,0,0,0,0,0,2,0,1,0,0,0,0,0,0,0,0,0,1,128,37,46,238,0.0,6,0,0,0,0,2,1,1,0,0,0,0,0,0,0,0,0,1,129,43,53,229,0.0,7,0,1,0,0,2,1,1,0,0,0,0,0,0,0,0,0,1,137,38,60,149,0.0,7,0,0,0,0,2,1,1,0,0,0,0,0,0,0,0,0,2,4,0,1,265,0.0,0,0,1,0,0,2,0,1,0,0,0,0,0,0,0,0,0,2,7,18,12,60,0.0,3,0,1,0,0,2,0,1,0,0,0,0,0,0,0,0,0,2,12,15,25,313,-0.9,4,1,1,0,0,1,1,1,0,0,0,0,0,0,0,0,0,2,19,28,41,303,0.8,7,1,1,0,0,1,1,1,0,0,0,0,0,0,0,0,0,2,21,41,25,150,0.3,7,1,1,0,0,1,1,1,0,0,0,0,0,0,0,0,0,2,23,0,0,193,0.0,0,0,1,0,0,2,0,1,0,0,0,0,0,0,0,0,0,2,26,31,34,178,0.5,4,1,1,0,0,1,1,0,0,0,0,0,0,0,0,0,0,2,27,15,27,92,0.0,3,0,1,0,0,1,1,0,0,0,0,0,0,0,0,0,0,2,29,40,47,14,0.0,7,1,1,0,0,1,1,0,0,0,0,0,0,0,0,0,0,2,30,18,4,48,0.0,3,0,1,0,0,2,0,1,0,0,0,0,0,0,0,0,0,2,33,44,60,250,0.3,7,1,1,0,0,1,1,1,0,0,0,0,0,0,0,0,0,3,6,43,69,221,-0.9,7,1,1,0,0,1,1,0,0,0,0,0,0,0,0,0,0,3,9,39,53,216,-0.5,7,1,1,0,0,1,1,0,0,0,0,0,0,0,0,0,0,3,13,42,61,358,-0.3,7,1,1,0,0,1,1,0,0,0,0,0,0,0,0,0,0,3,16,44,77,224,-0.2,7,1,1,0,0,1,1,0,0,0,0,0,0,0,0,0,0,3,23,45,66,118,0.0,7,1,1,0,0,1,1,0,0,0,0,0,0,0,0,0,0,3,27,0,20,216,0.0,0,0,1,0,0,1,1,0,0,0,0,0,0,0,0,0,0,3,32,44,41,338,0.2,7,1,1,0,0,1,1,0,0,0,0,0,0,0,0,0,0,3,38,21,70,64,-7.7,4,1,1,0,0,1,1,0,0,0,0,0,0,0,0,0,0,3,39,45,83,264,1.2,7,1,1,0,0,1,1,0,0,0,0,0,0,0,0,0,0,5,2,34,26,135,1.5,7,1,1,0,0,1,1,1,0,0,0,0,0,0,0,0,0,5,3,39,38,165,3.1,7,1,1,0,0,1,1,1,0,0,0,0,0,0,0,0,0,5,7,35,60,149,1.3,7,1,1,0,0,1,1,1,0,0,0,0,0,0,0,0,0,6,6,19,35,40,0.0,4,0,1,0,0,2,0,1,0,0,0,0,0,0,0,0,0,6,7,46,31,342,-2.2,7,1,1,0,0,1,1,1,0,0,0,0,0,0,0,0,0,6,8,0,3,301,0.0,0,0,1,0,0,2,0,1,0,0,0,0,0,0,0,0,0,6,9,46,60,121,1.4,7,1,1,0,0,1,1,1,0,0,0,0,0,0,0,0,0,6,10,29,28,177,5.4,5,1,1,0,0,1,1,1,0,0,0,0,0,0,0,0,0,6,16,27,30,43,-7.2,5,1,1,0,0,1,1,1,0,0,0,0,0,0,0,0,0,6,21,38,20,211,-3.4,6,1,1,0,0,1,1,1,0,0,0,0,0,0,0,0,0,6,22,31,31,277,-0.7,5,1,1,0,0,1,1,1,0,0,0,0,0,0,0,0,0,6,23,16,12,317,0.0,4,0,1,0,0,2,0,1,0,0,0,0,0,0,0,0,0
94469000,1,45,0,0,10,43,43,334,1.1,7,1,1,1,0,1,1,0,0,0,1,0,0,0,1,0,1,0,12,44,33,103,-0.6,7,1,1,1,0,1,1,0,0,0,1,0,0,0,1,0,1,0,15,0,13,75,0.0,1,0,1,0,0,2,0,1,0,0,0,0,0,0,0,0,0,0,18,40,40,198,1.6,7,1,1,1,0,1,1,1,0,0,1,0,0,0,1,0,1,0,23,24,72,51,-4.0,4,1,1,1,0,1,1,1,0,0,1,0,0,0,1,0,1,0,24,25,34,37,0.0,4,1,1,1,0,1,1,0,0,0,1,0,0,0,1,0,1,0,25,44,35,144,0.1,7,1,1,1,0,1,1,0,0,0,1,0,0,0,1,0,1,0,28,41,27,227,1.1,7,1,1,0,0,1,1,0,0,0,0,0,0,0,0,0,0,0,32,33,31,301,-5.5,5,1,1,1,0,1,1,0,0,0,1,0,0,0,1,0,1,1,127,0,21,258,0.0,0,0,0,0,0,2,0,1,0,0,0,0,0,0,0,0,0,1,128,40,46,238,0.0,6,0,0,0,0,2,1,1,0,0,0,0,0,0,0,0,0,1,129,45,53,229,0.0,7,0,1,0,0,2,1,1,0,0,0,0,0,0,0,0,0,1,137,41,60,149,0.0,7,0,0,0,0,2,1,1,0,0,0,0,0,0,0,0,0,2,4,0,1,265,0.0,0,0,1,0,0,2,0,1,0,0,0,0,0,0,0,0,0,2,7,20,12,60,0.0,3,0,1,0,0,2,0,1,0,0,0,0,0,0,0,0,0,2,12,16,25,313,-0.5,4,1,1,0,0,1,1,1,0,0,0,0,0,0,0,0,0,2,19,29,41,303,1.0,7,1,1,0,0,1,1,1,0,0,0,0,0,0,0,0,0,2,21,38,26,150,0.3,7,1,1,0,0,1,1,1,0,0,0,0,0,0,0,0,0,2,23,0,0,193,0.0,0,0,1,0,0,2,0,1,0,0,0,0,0,0,0,0,0,2,26,35,34,178,0.8,7,1,1,0,0,1,1,0,0,0,0,0,0,0,0,0,0,2,27,16,27,92,0.0,3,0,1,0,0,1,1,0,0,0,0,0,0,0,0,0,0,2,29,42,47,14,-0.1,7,1,1,0,0,1,1,0,0,0,0,0,0,0,0,0,0,2,30,18,4,48,0.0,3,0,1,0,0,2,0,1,0,0,0,0,0,0,0,0,0,2,33,46,60,250,0.2,7,1,1,0,0,1,1,1,0,0,0,0,0,0,0,0,0,3,6,45,69,221,-1.0,7,1,1,0,0,1,1,0,0,0,0,0,0,0,0,0,0,3,9,39,53,216,-0.6,7,1,1,0,0,1,1,0,0,0,0,0,0,0,0,0,0,3,13,38,61,358,-0.3,7,1,1,0,0,1,1,0,0,0,0,0,0,0,0,0,0,3,16,45,77,224,-0.2,7,1,1,0,0,1,1,0,0,0,0,0,0,0,0,0,0,3,23,44,66,118,0.2,7,1,1,0,0,1,1,0,0,0,0,0,0,0,0,0,0,3,27,0,20,216,0.0,0,0,1,0,0,1,1,0,0,0,0,0,0,0,0,0,0,3,32,40,41,338,0.2,7,1,1,0,0,1,1,0,0,0,0,0,0,0,0,0,0,3,38,20,70,64,-9.4,4,1,1,0,0,1,1,0,0,0,0,0,0,0,0,0,0,3,39,45,83,264,1.3,7,1,1,0,0,1,1,0,0,0,0,0,0,0,0,0,0,5,2,30,26,135,0.0,4,1,1,0,0,1,1,1,0,0,0,0,0,0,0,0,0,5,3,40,38,165,3.1,7,1,1,0,0,1,1,1,0,0,0,0,0,0,0,0,0,5,7,37,60,149,1.4,7,1,1,0,0,1,1,1,0,0,0,0,0,0,0,0,0,6,6,16,35,40,0.0,4,0,1,0,0,2,0,1,0,0,0,0,0,0,0,0,0,6,7,42,31,342,-2.3,7,1,1,0,0,1,1,1,0,0,0,0,0,0,0,0,0,6,8,0,3,301,0.0,0,0,1,0,0,2,0,1,0,0,0,0,0,0,0,0,0,6,9,45,60,121,1.5,7,1,1,0,0,1,1,1,0,0,0,0,0,0,0,0,0,6,10,28,28,177,2.3,7,1,1,0,0,1,1,1,0,0,0,0,0,0,0,0,0,6,16,31,30,43,-8.4,4,1,1,0,0,1,1,1,0,0,0,0,0,0,0,0,0,6,21,39,20,211,-4.6,4,1,1,0,0,1,1,1,0,0,0,0,0,0,0,0,0,6,22,37,31,277,-5.0,5,1,1,0,0,1,1,1,0,0,0,0,0,0,0,0,0,6,23,16,12,317,0.0,4,0,1,0,0,2,0,1,0,0,0,0,0,0,0,0,0
94470000,1,45,0,0,10,37,43,334,1.0,7,1,1,1,0,1,1,0,0,0,1,0,0,0,1,0,1,0,12,39,33,103,-0.7,7,1,1,1,0,1,1,0,0,0,1,0,0,0,1,0,1,0,15,25,13,75,0.0,3,0,1,0,0,2,0,1,0,0,0,0,0,0,0,0,0,0,18,41,40,198,1.4,7,1,1,1,0,1,1,1,0,0,1,0,0,0,1,0,1,0,23,24,72,51,-3.5,4,1,1,1,0,1,1,1,0,0,1,0,0,0,1,0,1,0,24,25,34,37,-6.1,4,1,1,1,0,1,1,0,0,0,1,0,0,0,1,0,1,0,25,43,35,144,0.0,7,1,1,1,0,1,1,0,0,0,1,0,0,0,1,0,1,0,28,39,27,227,0.9,7,1,1,0,0,1,1,0,0,0,0,0,0,0,0,0,0,0,32,31,31,301,-6.4,5,1,1,1,0,1,1,0,0,0,1,0,0,0,1,0,1,1,127,0,21,258,0.0,0,0,0,0,0,2,0,1,0,0,0,0,0,0,0,0,0,1,128,41,46,238,0.0,6,0,0,0,0,2,1,1,0,0,0,0,0,0,0,0,0,1,129,43,53,229,0.0,7,0,1,0,0,2,1,1,0,0,0,0,0,0,0,0,0,1,137,42,60,149,0.0,7,0,0,0,0,2,1,1,0,0,0,0,0,0,0,0,0,2,4,0,1,265,0.0,0,0,1,0,0,2,0,1,0,0,0,0,0,0,0,0,0,2,7,19,12,60,0.0,3,0,1,0,0,2,0,1,0,0,0,0,0,0,0,0,0,2,12,18,25,313,-4.6,4,1,1,0,0,1,1,1,0,0,0,0,0,0,0,0,0,2,19,33,41,303,1.0,7,1,1,0,0,1,1,1,0,0,0,0,0,0,0,0,0,2,21,36,26,150,0.7,7,1,1,0,0,1,1,1,0,0,0,0,0,0,0,0,0,2,23,0,0,193,0.0,0,0,1,0,0,2,0,1,0,0,0,0,0,0,0,0,0,2,26,38,34,178,1.0,7,1,1,0,0,1,1,0,0,0,0,0,0,0,0,0,0,2,27,15,27,92,0.0,3,0,1,0,0,1,1,0,0,0,0,0,0,0,0,0,0,2,29,41,47,14,-0.2,7,1,1,0,0,1,1,0,0,0,0,0,0,0,0,0,0,2,30,17,4,48,0.0,3,0,1,0,0,2,0,1,0,0,0,0,0,0,0,0,0,2,33,46,60,250,0.1,7,1,1,0,0,1,1,1,0,0,0,0,0,0,0,0,0,3,6,43,69,221,-1.0,7,1,1,0,0,1,1,0,0,0,0,0,0,0,0,0,0,3,9,39,53,216,-0.7,7,1,1,0,0,1,1,0,0,0,0,0,0,0,0,0,0,3,13,39,61,358,-0.2,7,1,1,0,0,1,1,0,0,0,0,0,0,0,0,0,0,3,16,45,77,224,0.1,7,1,1,0,0,1,1,0,0,0,0,0,0,0,0,0,0,3,23,44,66,118,0.2,7,1,1,0,0,1,1,0,0,0,0,0,0,0,0,0,0,3,27,0,20,216,0.0,0,0,1,0,0,1,1,0,0,0,0,0,0,0,0,0,0,3,32,38,41,338,0.0,7,1,1,0,0,1,1,0,0,0,0,0,0,0,0,0,0,3,38,20,70,64,-10.7,4,1,1,0,0,1,1,0,0,0,0,0,0,0,0,0,0,3,39,46,83,264,1.3,7,1,1,0,0,1,1,0,0,0,0,0,0,0,0,0,0,5,2,30,26,135,-2.4,4,1,1,0,0,1,1,1,0,0,0,0,0,0,0,0,0,5,3,42,38,165,3.0,7,1,1,0,0,1,1,1,0,0,0,0,0,0,0,0,0,5,7,38,60,149,1.3,7,1,1,0,0,1,1,1,0,0,0,0,0,0,0,0,0,6,6,0,35,40,0.0,1,0,1,0,0,2,0,1,0,0,0,0,0,0,0,0,0,6,7,38,31,342,-0.9,5,1,1,0,0,1,1,1,0,0,0,0,0,0,0,0,0,6,8,0,3,301,0.0,0,0,1,0,0,2,0,1,0,0,0,0,0,0,0,0,0,6,9,42,60,121,1.6,7,1,1,0,0,1,1,1,0,0,0,0,0,0,0,0,0,6,10,35,28,177,4.9,5,1,1,0,0,1,1,1,0,0,0,0,0,0,0,0,0,6,16,25,30,43,-11.1,4,1,1,0,0,1,1,1,0,0,0,0,0,0,0,0,0,6,21,35,20,211,-4.4,5,1,1,0,0,1,1,1,0,0,0,0,0,0,0,0,0,6,22,36,31,277,-1.6,5,1,1,0,0,1,1,1,0,0,0,0,0,0,0,0,0,6,23,17,12,317,0.0,4,0,1,0,0,2,0,1,0,0,0,0,0,0,0,0,0
94471000,1,45,0,0,10,36,43,334,1.0,7,1,1,1,0,1,1,0,0,0,1,0,0,0,1,0,1,0,12,36,33,103,-0.8,7,1,1,1,0,1,1,0,0,0,1,0,0,0,1,0,1,0,15,25,13,75,0.0,4,0,1,0,0,2,0,1,0,0,0,0,0,0,0,0,0,0,18,38,40,198,1.3,7,1,1,1,0,1,1,1,0,0,1,0,0,0,1,0,1,0,23,22,72,51,-5.7,4,1,1,1,0,1,1,1,0,0,1,0,0,0,1,0,1,0,24,25,33,37,-12.6,4,1,1,1,0,1,1,1,0,0,1,0,0,0,1,0,1,0,25,40,35,144,-0.1,7,1,1,1,0,1,1,0,0,0,1,0,0,0,1,0,1,0,28,34,27,227,0.8,7,1,1,0,0,1,1,0,0,0,0,0,0,0,0,0,0,0,32,40,31,301,-1.3,5,1,1,1,0,1,1,0,0,0,1,0,0,0,1,0,1,1,127,0,21,258,0.0,0,0,0,0,0,2,0,1,0,0,0,0,0,0,0,0,0,1,128,39,46,238,0.0,6,0,0,0,0,2,1,1,0,0,0,0,0,0,0,0,0,1,129,42,53,229,0.0,7,0,1,0,0,2,1,1,0,0,0,0,0,0,0,0,0,1,137,42,60,149,0.0,7,0,0,0,0,2,1,1,0,0,0,0,0,0,0,0,0,2,4,0,1,265,0.0,0,0,1,0,0,2,0,1,0,0,0,0,0,0,0,0,0,2,7,21,12,60,0.0,3,0,1,0,0,2,0,1,0,0,0,0,0,0,0,0,0,2,12,19,25,313,-7.8,4,1,1,0,0,1,1,1,0,0,0,0,0,0,0,0,0,2,19,29,41,303,0.8,7,1,1,0,0,1,1,1,0,0,0,0,0,0,0,0,0,2,21,33,26,150,0.5,7,1,1,0,0,1,1,1,0,0,0,0,0,0,0,0,0,2,23,0,0,193,0.0,0,0,1,0,0,2,0,1,0,0,0,0,0,0,0,0,0,2,26,41,34,178,0.7,7,1,1,0,0,1,1,0,0,0,0,0,0,0,0,0,0,2,27,0,27,92,0.0,1,0,1,0,0,1,1,0,0,0,0,0,0,0,0,0,0,2,29,41,47,14,-0.2,7,1,1,0,0,1,1,0,0,0,0,0,0,0,0,0,0,2,30,16,4,48,0.0,4,0,1,0,0,2,0,1,0,0,0,0,0,0,0,0,0,2,33,44,60,250,-0.1,7,1,1,0,0,1,1,1,0,0,0,0,0,0,0,0,0,3,6,42,69,221,-0.8,7,1,1,0,0,1,1,0,0,0,0,0,0,0,0,0,0,3,9,36,53,216,-0.8,7,1,1,0,0,1,1,0,0,0,0,0,0,0,0,0,0,3,13,40,61,358,-0.3,7,1,1,0,0,1,1,0,0,0,0,0,0,0,0,0,0,3,16,41,77,224,0.2,7,1,1,0,0,1,1,0,0,0,0,0,0,0,0,0,0,3,23,43,66,118,0.2,7,1,1,0,0,1,1,0,0,0,0,0,0,0,0,0,0,3,27,0,20,216,0.0,0,0,1,0,0,1,1,0,0,0,0,0,0,0,0,0,0,3,32,36,41,338,0.0,7,1,1,0,0,1,1,0,0,0,0,0,0,0,0,0,0,3,38,18,70,64,-9.0,4,1,1,0,0,1,1,0,0,0,0,0,0,0,0,0,0,3,39,45,83,264,1.3,7,1,1,0,0,1,1,0,0,0,0,0,0,0,0,0,0,5,2,28,26,135,-9.3,4,1,1,0,0,1,1,1,0,0,0,0,0,0,0,0,0,5,3,44,38,165,2.9,7,1,1,0,0,1,1,1,0,0,0,0,0,0,0,0,0,5,7,39,60,149,1.2,7,1,1,0,0,1,1,1,0,0,0,0,0,0,0,0,0,6,6,0,35,40,0.0,1,0,1,0,0,2,0,1,0,0,0,0,0,0,0,0,0,6,7,40,31,342,0.4,7,1,1,0,0,1,1,1,0,0,0,0,0,0,0,0,0,6,8,0,3,301,0.0,0,0,1,0,0,2,0,1,0,0,0,0,0,0,0,0,0,6,9,42,60,121,1.5,7,1,1,0,0,1,1,1,0,0,0,0,0,0,0,0,0,6,10,36,28,177,5.4,5,1,1,0,0,1,1,1,0,0,0,0,0,0,0,0,0,6,16,23,30,43,-14.9,4,1,1,0,0,1,1,1,0,0,0,0,0,0,0,0,0,6,21,25,20,211,-9.1,4,1,1,0,0,1,1,1,0,0,0,0,0,0,0,0,0,6,22,40,31,277,-1.3,6,1,1,0,0,1,1,1,0,0,0,0,0,0,0,0,0,6,23,17,12,317,0.0,4,0,1,0,0,2,0,1,0,0,0,0,0,0,0,0,0
94472000,1,46,0,0,10,43,43,334,0.9,7,1,1,1,0,1,1,0,0,0,1,0,0,0,1,0,1,0,12,33,33,103,-0.9,7,1,1,1,0,1,1,0,0,0,1,0,0,0,1,0,1,0,15,27,13,75,0.0,5,0,1,0,0,2,0,1,0,0,0,0,0,0,0,0,0,0,18,41,40,198,1.2,7,1,1,1,0,1,1,1,0,0,1,0,0,0,1,0,1,0,23,21,72,51,-6.2,4,1,1,1,0,1,1,1,0,0,1,0,0,0,1,0,1,0,24,23,33,37,-16.1,4,1,1,1,0,1,1,1,0,0,1,0,0,0,1,0,1,0,25,42,35,144,-0.2,7,1,1,1,0,1,1,0,0,0,1,0,0,0,1,0,1,0,28,33,27,227,-2.8,5,1,1,0,0,1,1,0,0,0,0,0,0,0,0,0,0,0,32,38,31,301,-0.7,6,1,1,1,0,1,1,0,0,0,1,0,0,0,1,0,1,1,127,0,21,258,0.0,0,0,0,0,0,2,0,1,0,0,0,0,0,0,0,0,0,1,128,39,46,238,0.0,5,0,0,0,0,2,1,1,0,0,0,0,0,0,0,0,0,1,129,40,53,229,0.0,5,0,1,0,0,2,1,1,0,0,0,0,0,0,0,0,0,1,137,42,60,149,0.0,7,0,0,0,0,2,1,1,0,0,0,0,0,0,0,0,0,2,4,0,1,265,0.0,0,0,1,0,0,2,0,1,0,0,0,0,0,0,0,0,0,2,7,20,12,60,0.0,3,0,1,0,0,2,0,1,0,0,0,0,0,0,0,0,0,2,12,18,25,313,-6.5,4,1,1,0,0,1,1,1,0,0,0,0,0,0,0,0,0,2,19,34,41,303,0.0,5,1,1,0,0,1,1,1,0,0,0,0,0,0,0,0,0,2,21,35,26,150,0.3,7,1,1,0,0,1,1,1,0,0,0,0,0,0,0,0,0,2,23,0,0,193,0.0,0,0,1,0,0,2,0,1,0,0,0,0,0,0,0,0,0,2,26,45,34,178,0.7,7,1,1,0,0,1,1,0,0,0,0,0,0,0,0,0,0,2,27,0,27,92,0.0,1,0,1,0,0,1,1,0,0,0,0,0,0,0,0,0,0,2,29,44,47,14,-0.3,7,1,1,0,0,1,1,0,0,0,0,0,0,0,0,0,0,2,30,13,4,48,0.0,3,0,1,0,0,2,0,1,0,0,0,0,0,0,0,0,0,2,33,42,60,250,0.1,7,1,1,0,0,1,1,1,0,0,0,0,0,0,0,0,0,3,6,39,69,221,-1.0,7,1,1,0,0,1,1,0,0,0,0,0,0,0,0,0,0,3,9,39,53,216,-0.9,7,1,1,0,0,1,1,0,0,0,0,0,0,0,0,0,0,3,13,39,61,358,-0.4,7,1,1,0,0,1,1,0,0,0,0,0,0,0,0,0,0,3,16,41,77,224,-0.3,7,1,1,0,0,1,1,0,0,0,0,0,0,0,0,0,0,3,23,45,66,118,0.2,7,1,1,0,0,1,1,0,0,0,0,0,0,0,0,0,0,3,27,0,20,216,0.0,0,0,1,0,0,1,1,0,0,0,0,0,0,0,0,0,0,3,32,41,41,338,-0.1,7,1,1,0,0,1,1,0,0,0,0,0,0,0,0,0,0,3,38,19,70,64,-8.2,4,1,1,0,0,1,1,0,0,0,0,0,0,0,0,0,0,3,39,45,83,264,1.2,7,1,1,0,0,1,1,0,0,0,0,0,0,0,0,0,0,5,2,26,26,135,-13.4,4,1,1,0,0,1,1,1,0,0,0,0,0,0,0,0,0,5,3,43,38,165,2.7,7,1,1,0,0,1,1,1,0,0,0,0,0,0,0,0,0,5,4,0,63,60,0.0,1,0,2,0,0,2,0,1,0,0,0,0,0,0,0,0,0,5,7,39,60,149,1.0,7,1,1,0,0,1,1,1,0,0,0,0,0,0,0,0,0,6,6,0,35,40,0.0,0,0,1,0,0,2,0,1,0,0,0,0,0,0,0,0,0,6,7,38,31,342,0.7,4,1,1,0,0,1,1,1,0,0,0,0,0,0,0,0,0,6,8,0,3,301,0.0,0,0,1,0,0,2,0,1,0,0,0,0,0,0,0,0,0,6,9,45,60,121,1.4,7,1,1,0,0,1,1,1,0,0,0,0,0,0,0,0,0,6,10,38,28,177,8.0,6,1,1,0,0,1,1,1,0,0,0,0,0,0,0,0,0,6,16,22,30,43,-24.6,4,1,1,0,0,1,1,1,0,0,0,0,0,0,0,0,0,6,21,37,20,211,-11.2,4,1,1,0,0,1,1,1,0,0,0,0,0,0,0,0,0,6,22,43,31,277,0.3,6,1,1,0,0,1,1,1,0,0,0,0,0,0,0,0,0
94473000,1,47,0,0,2,24,-91,0,0.0,3,0,0,0,0,0,0,0,0,0,0,0,0,0,0,0,0,0,10,38,43,334,0.9,7,1,1,1,0,1,1,0,0,0,1,0,0,0,1,0,1,0,12,29,33,103,-1.1,5,1,1,1,0,1,1,0,0,0,1,0,0,0,1,0,1,0,15,27,13,75,0.0,4,0,1,0,0,2,0,1,0,0,0,0,0,0,0,0,0,0,18,42,40,198,1.3,7,1,1,1,0,1,1,1,0,0,1,0,0,0,1,0,1,0,23,20,72,51,-7.8,4,1,1,1,0,1,1,1,0,0,1,0,0,0,1,0,1,0,24,0,33,37,0.0,1,0,1,0,0,1,1,1,0,0,0,0,0,0,0,0,0,0,25,42,35,144,-0.2,7,1,1,1,0,1,1,0,0,0,1,0,0,0,1,0,1,0,28,29,27,227,0.1,5,1,1,0,0,1,1,0,0,0,0,0,0,0,0,0,0,0,32,35,31,301,-1.3,5,1,1,1,0,1,1,0,0,0,1,0,0,0,1,0,1,1,127,0,21,258,0.0,0,0,0,0,0,2,0,1,0,0,0,0,0,0,0,0,0,1,128,42,46,238,0.0,6,0,0,0,0,2,1,1,0,0,0,0,0,0,0,0,0,1,129,43,53,229,0.0,6,0,1,0,0,2,1,1,0,0,0,0,0,0,0,0,0,1,137,41,60,149,0.0,5,0,0,0,0,2,1,1,0,0,0,0,0,0,0,0,0,2,4,0,1,265,0.0,0,0,1,0,0,2,0,1,0,0,0,0,0,0,0,0,0,2,7,20,12,60,0.0,3,0,1,0,0,2,0,1,0,0,0,0,0,0,0,0,0,2,12,20,25,313,-10.2,4,1,1,0,0,1,1,1,0,0,0,0,0,0,0,0,0,2,19,30,41,303,-0.7,5,1,1,0,0,1,1,1,0,0,0,0,0,0,0,0,0,2,21,32,26,150,0.3,7,1,1,0,0,1,1,1,0,0,0,0,0,0,0,0,0,2,23,0,0,193,0.0,0,0,1,0,0,2,0,1,0,0,0,0,0,0,0,0,0,2,26,44,33,178,0.4,7,1,1,0,0,1,1,0,0,0,0,0,0,0,0,0,0,2,27,0,27,92,0.0,1,0,1,0,0,1,1,0,0,0,0,0,0,0,0,0,0,2,29,43,47,14,0.0,7,1,1,0,0,1,1,0,0,0,0,0,0,0,0,0,0,2,30,0,4,48,0.0,0,0,1,0,0,2,0,1,0,0,0,0,0,0,0,0,0,2,33,43,60,250,-0.1,5,1,1,0,0,1,1,1,0,0,0,0,0,0,0,0,0,3,6,42,69,221,-1.0,6,1,1,0,0,1,1,0,0,0,0,0,0,0,0,0,0,3,9,37,53,216,-0.8,7,1,1,0,0,1,1,0,0,0,0,0,0,0,0,0,0,3,13,42,61,358,-0.4,6,1,1,0,0,1,1,0,0,0,0,0,0,0,0,0,0,3,16,44,77,224,-0.2,6,1,1,0,0,1,1,0,0,0,0,0,0,0,0,0,0,3,23,41,66,118,0.2,6,1,1,0,0,1,1,0,0,0,0,0,0,0,0,0,0,3,27,0,20,216,0.0,0,0,1,0,0,1,1,0,0,0,0,0,0,0,0,0,0,3,32,37,41,338,-1.3,5,1,1,0,0,1,1,0,0,0,0,0,0,0,0,0,0,3,38,18,70,64,-9.2,4,1,1,0,0,1,1,0,0,0,0,0,0,0,0,0,0,3,39,43,83,264,1.3,6,1,1,0,0,1,1,0,0,0,0,0,0,0,0,0,0,5,2,25,26,135,-16.8,4,1,1,0,0,1,1,1,0,0,0,0,0,0,0,0,0,5,3,43,38,165,2.5,7,1,1,0,0,1,1,1,0,0,0,0,0,0,0,0,0,5,4,0,63,60,0.0,1,0,2,0,0,2,0,1,0,0,0,0,0,0,0,0,0,5,7,37,60,149,1.1,7,1,1,0,0,1,1,1,0,0,0,0,0,0,0,0,0,6,6,0,35,40,0.0,1,0,1,0,0,2,0,1,0,0,0,0,0,0,0,0,0,6,7,28,31,342,-2.8,4,1,1,0,0,1,1,1,0,0,0,0,0,0,0,0,0,6,8,0,3,301,0.0,0,0,1,0,0,2,0,1,0,0,0,0,0,0,0,0,0,6,9,44,60,121,1.3,7,1,1,0,0,1,1,1,0,0,0,0,0,0,0,0,0,6,10,36,28,177,6.0,5,1,1,0,0,1,1,1,0,0,0,0,0,0,0,0,0,6,16,20,30,43,-26.3,4,0,1,0,0,1,1,1,0,0,0,0,0,0,0,0,0,6,21,36,20,211,-13.1,5,1,1,0,0,1,1,1,0,0,0,0,0,0,0,0,0
94474000,1,47,0,0,2,22,-91,0,0.0,3,0,0,0,0,0,0,0,0,0,0,0,0,0,0,0,0,0,10,42,43,334,0.9,7,1,1,1,0,1,1,0,0,0,1,0,0,0,1,0,1,0,12,29,33,103,2.8,4,1,1,1,0,1,1,0,0,0,1,0,0,0,1,0,1,0,15,26,13,75,0.0,4,0,1,0,0,2,0,1,0,0,0,0,0,0,0,0,0,0,18,43,40,198,1.3,7,1,1,1,0,1,1,1,0,0,1,0,0,0,1,0,1,0,23,21,72,51,-11.6,4,1,1,1,0,1,1,1,0,0,1,0,0,0,1,0,1,0,24,0,33,37,0.0,1,0,1,0,0,1,1,1,0,0,0,0,0,0,0,0,0,0,25,42,35,144,-0.3,7,1,1,1,0,1,1,0,0,0,1,0,0,0,1,0,1,0,28,32,27,227,-4.8,4,1,1,0,0,1,1,0,0,0,0,0,0,0,0,0,0,0,32,41,31,301,-1.6,6,1,1,1,0,1,1,0,0,0,1,0,0,0,1,0,1,1,127,0,21,258,0.0,0,0,0,0,0,2,0,1,0,0,0,0,0,0,0,0,0,1,128,40,46,238,0.0,6,0,0,0,0,2,1,1,0,0,0,0,0,0,0,0,0,1,129,40,53,229,0.0,6,0,1,0,0,2,1,1,0,0,0,0,0,0,0,0,0,1,137,40,60,149,0.0,6,0,0,0,0,2,1,1,0,0,0,0,0,0,0,0,0,2,4,0,1,265,0.0,0,0,1,0,0,2,0,1,0,0,0,0,0,0,0,0,0,2,7,19,12,60,0.0,3,0,1,0,0,2,0,1,0,0,0,0,0,0,0,0,0,2,12,21,25,313,-13.3,4,1,1,0,0,1,1,1,0,0,0,0,0,0,0,0,0,2,19,30,41,303,1.4,7,1,1,0,0,1,1,1,0,0,0,0,0,0,0,0,0,2,21,32,26,150,0.5,7,1,1,0,0,1,1,1,0,0,0,0,0,0,0,0,0,2,23,0,0,193,0.0,0,0,1,0,0,2,0,1,0,0,0,0,0,0,0,0,0,2,26,41,33,178,0.2,7,1,1,0,0,1,1,0,0,0,0,0,0,0,0,0,0,2,27,19,27,91,0.0,3,0,1,0,0,1,1,0,0,0,0,0,0,0,0,0,0,2,29,35,47,14,-0.2,7,1,1,0,0,1,1,0,0,0,0,0,0,0,0,0,0,2,30,0,4,48,0.0,0,0,1,0,0,2,0,1,0,0,0,0,0,0,0,0,0,2,33,42,60,250,0.1,7,1,1,0,0,1,1,1,0,0,0,0,0,0,0,0,0,3,6,41,69,221,-0.9,6,1,1,0,0,1,1,0,0,0,0,0,0,0,0,0,0,3,9,38,53,216,-0.8,7,1,1,0,0,1,1,0,0,0,0,0,0,0,0,0,0,3,13,41,61,358,-0.3,6,1,1,0,0,1,1,0,0,0,0,0,0,0,0,0,0,3,16,43,77,224,0.1,6,1,1,0,0,1,1,0,0,0,0,0,0,0,0,0,0,3,23,45,66,118,0.4,6,1,1,0,0,1,1,0,0,0,0,0,0,0,0,0,0,3,27,0,20,216,0.0,0,0,1,0,0,1,1,0,0,0,0,0,0,0,0,0,0,3,32,36,41,338,-0.6,6,1,1,0,0,1,1,0,0,0,0,0,0,0,0,0,0,3,38,18,70,64,-12.1,4,1,1,0,0,1,1,0,0,0,0,0,0,0,0,0,0,3,39,45,83,264,1.3,6,1,1,0,0,1,1,0,0,0,0,0,0,0,0,0,0,5,2,23,26,135,-26.5,4,0,1,0,0,1,1,1,0,0,0,0,0,0,0,0,0,5,3,39,38,165,2.5,7,1,1,0,0,1,1,1,0,0,0,0,0,0,0,0,0,5,4,0,63,60,0.0,1,0,2,0,0,2,0,1,0,0,0,0,0,0,0,0,0,5,7,37,60,149,1.1,7,1,1,0,0,1,1,1,0,0,0,0,0,0,0,0,0,6,6,0,35,40,0.0,1,0,1,0,0,2,0,1,0,0,0,0,0,0,0,0,0,6,7,37,31,342,-3.0,5,1,1,0,0,1,1,1,0,0,0,0,0,0,0,0,0,6,8,0,3,301,0.0,0,0,1,0,0,2,0,1,0,0,0,0,0,0,0,0,0,6,9,47,60,121,1.4,7,1,1,0,0,1,1,1,0,0,0,0,0,0,0,0,0,6,10,38,28,177,7.1,6,1,1,0,0,1,1,1,0,0,0,0,0,0,0,0,0,6,16,22,30,43,-32.5,4,1,1,0,0,1,1,1,0,0,0,0,0,0,0,0,0,6,21,35,20,211,-7.7,6,1,1,0,0,1,1,1,0,0,0,0,0,0,0,0,0
94475000,1,48,0,0,2,20,-91,0,0.0,3,0,0,0,0,0,0,0,0,0,0,0,0,0,0,0,0,0,10,42,43,334,0.9,7,1,1,1,0,1,1,0,0,0,1,0,0,0,1,0,1,0,12,28,33,103,0.6,5,1,1,1,0,1,1,0,0,0,1,0,0,0,1,0,1,0,15,25,13,75,0.0,4,0,1,0,0,2,0,1,0,0,0,0,0,0,0,0,0,0,18,45,40,198,1.1,7,1,1,1,0,1,1,1,0,0,1,0,0,0,1,0,1,0,23,20,72,51,-13.8,4,1,1,1,0,1,1,1,0,0,1,0,0,0,1,0,1,0,24,16,33,37,-78.2,3,0,1,0,0,1,1,1,0,0,0,0,0,0,0,0,0,0,25,43,35,144,-0.3,7,1,1,1,0,1,1,0,0,0,1,0,0,0,1,0,1,0,27,21,-91,0,0.0,3,0,0,0,0,0,0,0,0,0,0,0,0,0,0,0,0,0,28,37,27,227,-0.4,5,1,1,0,0,1,1,0,0,0,0,0,0,0,0,0,0,0,32,45,31,301,0.5,6,1,1,1,0,1,1,0,0,0,1,0,0,0,1,0,1,1,127,0,21,258,0.0,0,0,0,0,0,2,0,1,0,0,0,0,0,0,0,0,0,1,128,41,46,238,0.0,6,0,0,0,0,2,1,1,0,0,0,0,0,0,0,0,0,1,129,44,53,229,0.0,6,0,1,0,0,2,1,1,0,0,0,0,0,0,0,0,0,1,137,40,60,149,0.0,6,0,0,0,0,2,1,1,0,0,0,0,0,0,0,0,0,2,4,0,1,265,0.0,0,0,1,0,0,2,0,1,0,0,0,0,0,0,0,0,0,2,7,20,12,60,0.0,3,0,1,0,0,2,0,1,0,0,0,0,0,0,0,0,0,2,12,21,25,313,-15.2,4,1,1,0,0,1,1,1,0,0,0,0,0,0,0,0,0,2,19,37,41,303,1.1,7,1,1,0,0,1,1,1,0,0,0,0,0,0,0,0,0,2,21,32,26,150,-3.8,5,1,1,0,0,1,1,1,0,0,0,0,0,0,0,0,0,2,23,0,0,193,0.0,0,0,1,0,0,2,0,1,0,0,0,0,0,0,0,0,0,2,26,37,33,178,0.5,7,1,1,0,0,1,1,0,0,0,0,0,0,0,0,0,0,2,27,18,27,91,0.0,3,0,1,0,0,1,1,0,0,0,0,0,0,0,0,0,0,2,29,19,47,14,-1.7,4,1,1,0,0,1,1,0,0,0,0,0,0,0,0,0,0,2,30,0,4,48,0.0,0,0,1,0,0,2,0,1,0,0,0,0,0,0,0,0,0,2,33,43,60,250,0.2,7,1,1,0,0,1,1,1,0,0,0,0,0,0,0,0,0,3,6,40,69,221,-1.0,6,1,1,0,0,1,1,0,0,0,0,0,0,0,0,0,0,3,9,39,53,216,-0.8,7,1,1,0,0,1,1,0,0,0,0,0,0,0,0,0,0,3,13,38,61,358,-0.3,6,1,1,0,0,1,1,0,0,0,0,0,0,0,0,0,0,3,16,43,77,224,0.1,6,1,1,0,0,1,1,0,0,0,0,0,0,0,0,0,0,3,23,46,66,118,0.3,6,1,1,0,0,1,1,0,0,0,0,0,0,0,0,0,0,3,27,0,20,216,0.0,0,0,1,0,0,1,1,0,0,0,0,0,0,0,0,0,0,3,32,40,41,338,-1.0,6,1,1,0,0,1,1,0,0,0,0,0,0,0,0,0,0,3,38,19,70,64,-13.2,4,1,1,0,0,1,1,0,0,0,0,0,0,0,0,0,0,3,39,45,83,264,1.2,6,1,1,0,0,1,1,0,0,0,0,0,0,0,0,0,0,5,2,25,26,135,-29.4,4,1,1,0,0,1,1,1,0,0,0,0,0,0,0,0,0,5,3,40,38,165,2.3,7,1,1,0,0,1,1,1,0,0,0,0,0,0,0,0,0,5,4,0,63,60,0.0,1,0,2,0,0,2,0,1,0,0,0,0,0,0,0,0,0,5,7,37,60,149,1.1,7,1,1,0,0,1,1,1,0,0,0,0,0,0,0,0,0,6,6,0,35,40,0.0,1,0,1,0,0,2,0,1,0,0,0,0,0,0,0,0,0,6,7,37,31,342,-4.8,5,1,1,0,0,1,1,1,0,0,0,0,0,0,0,0,0,6,8,0,3,301,0.0,0,0,1,0,0,2,0,1,0,0,0,0,0,0,0,0,0,6,9,47,60,121,1.3,7,1,1,0,0,1,1,1,0,0,0,0,0,0,0,0,0,6,10,34,28,177,7.8,7,1,1,0,0,1,1,1,0,0,0,0,0,0,0,0,0,6,16,22,30,43,-39.1,4,1,1,0,0,1,1,1,0,0,0,0,0,0,0,0,0
94476000,1,47,0,0,10,41,43,334,0.8,7,1,1,1,0,1,1,0,0,0,1,0,0,0,1,0,1,0,12,29,33,103,2.4,5,1,1,1,0,1,1,0,0,0,1,0,0,0,1,0,1,0,15,25,13,75,0.0,4,0,1,0,0,2,0,1,0,0,0,0,0,0,0,0,0,0,18,45,40,198,0.9,7,1,1,1,0,1,1,1,0,0,1,0,0,0,1,0,1,0,23,19,72,51,-17.0,4,1,1,1,0,1,1,1,0,0,1,0,0,0,1,0,1,0,24,17,33,37,-81.3,3,0,1,0,0,1,1,1,0,0,0,0,0,0,0,0,0,0,25,41,35,144,-0.4,7,1,1,1,0,1,1,0,0,0,1,0,0,0,1,0,1,0,27,0,-91,0,0.0,1,0,0,0,0,0,0,0,0,0,0,0,0,0,0,0,0,0,28,39,27,227,-3.3,6,1,1,0,0,1,1,0,0,0,0,0,0,0,0,0,0,0,32,41,31,301,0.9,6,1,1,1,0,1,1,0,0,0,1,0,0,0,1,0,1,1,127,0,21,258,0.0,0,0,0,0,0,2,0,1,0,0,0,0,0,0,0,0,0,1,128,40,46,238,0.0,6,0,0,0,0,2,1,1,0,0,0,0,0,0,0,0,0,1,129,40,53,229,0.0,6,0,1,0,0,2,1,1,0,0,0,0,0,0,0,0,0,1,137,41,60,149,0.0,6,0,0,0,0,2,1,1,0,0,0,0,0,0,0,0,0,2,4,0,1,265,0.0,0,0,1,0,0,2,0,1,0,0,0,0,0,0,0,0,0,2,7,19,12,60,0.0,3,0,1,0,0,2,0,1,0,0,0,0,0,0,0,0,0,2,12,20,25,313,-19.5,4,1,1,0,0,1,1,1,0,0,0,0,0,0,0,0,0,2,19,36,41,303,-0.1,7,1,1,0,0,1,1,1,0,0,0,0,0,0,0,0,0,2,21,30,26,150,-12.2,7,1,1,0,0,1,1,1,0,0,0,0,0,0,0,0,0,2,23,0,0,193,0.0,0,0,1,0,0,2,0,1,0,0,0,0,0,0,0,0,0,2,26,42,33,178,0.1,7,1,1,0,0,1,1,0,0,0,0,0,0,0,0,0,0,2,27,16,27,91,0.0,3,0,1,0,0,1,1,0,0,0,0,0,0,0,0,0,0,2,29,19,47,14,-5.4,4,1,1,0,0,1,1,0,0,0,0,0,0,0,0,0,0,2,30,0,4,48,0.0,0,0,1,0,0,2,0,1,0,0,0,0,0,0,0,0,0,2,33,40,60,250,0.6,7,1,1,0,0,1,1,1,0,0,0,0,0,0,0,0,0,3,6,40,69,221,-1.3,6,1,1,0,0,1,1,0,0,0,0,0,0,0,0,0,0,3,9,38,53,216,-0.9,7,1,1,0,0,1,1,0,0,0,0,0,0,0,0,0,0,3,13,40,61,358,-0.3,6,1,1,0,0,1,1,0,0,0,0,0,0,0,0,0,0,3,16,44,77,224,-0.3,6,1,1,0,0,1,1,0,0,0,0,0,0,0,0,0,0,3,23,43,66,118,0.1,6,1,1,0,0,1,1,0,0,0,0,0,0,0,0,0,0,3,27,0,20,216,0.0,0,0,1,0,0,1,1,0,0,0,0,0,0,0,0,0,0,3,32,40,41,338,-1.0,6,1,1,0,0,1,1,0,0,0,0,0,0,0,0,0,0,3,38,19,70,64,-14.1,4,1,1,0,0,1,1,0,0,0,0,0,0,0,0,0,0,3,39,45,83,264,1.1,6,1,1,0,0,1,1,0,0,0,0,0,0,0,0,0,0,5,2,25,26,135,-36.9,4,0,1,0,0,1,1,1,0,0,0,0,0,0,0,0,0,5,3,39,38,165,2.2,7,1,1,0,0,1,1,1,0,0,0,0,0,0,0,0,0,5,4,0,63,60,0.0,1,0,2,0,0,2,0,1,0,0,0,0,0,0,0,0,0,5,7,39,60,149,1.0,7,1,1,0,0,1,1,1,0,0,0,0,0,0,0,0,0,6,6,0,35,40,0.0,1,0,1,0,0,2,0,1,0,0,0,0,0,0,0,0,0,6,7,33,31,342,-5.2,4,1,1,0,0,1,1,1,0,0,0,0,0,0,0,0,0,6,8,0,3,301,0.0,0,0,1,0,0,2,0,1,0,0,0,0,0,0,0,0,0,6,9,44,60,121,1.3,7,1,1,0,0,1,1,1,0,0,0,0,0,0,0,0,0,6,10,28,28,177,8.3,7,1,1,0,0,1,1,1,0,0,0,0,0,0,0,0,0,6,16,20,30,43,-39.9,4,0,1,0,0,1,1,1,0,0,0,0,0,0,0,0,0,6,21,41,20,211,-7.5,6,1,1,0,0,1,1,1,0,0,0,0,0,0,0,0,0
94477000,1,47,0,0,10,40,43,334,0.7,7,1,1,1,0,1,1,0,0,0,1,0,0,0,1,0,1,0,12,30,33,103,0.8,5,1,1,1,0,1,1,0,0,0,1,0,0,0,1,0,1,0,15,24,13,75,0.0,4,0,1,0,0,2,0,1,0,0,0,0,0,0,0,0,0,0,18,41,40,198,0.7,7,1,1,1,0,1,1,1,0,0,1,0,0,0,1,0,1,0,23,19,72,51,-16.9,4,1,1,1,0,1,1,1,0,0,1,0,0,0,1,0,1,0,24,17,33,37,-86.7,3,0,1,0,0,1,1,1,0,0,0,0,0,0,0,0,0,0,25,45,35,144,-0.4,7,1,1,1,0,1,1,0,0,0,1,0,0,0,1,0,1,0,27,22,-91,0,0.0,3,0,0,0,0,0,0,0,0,0,0,0,0,0,0,0,0,0,28,34,27,227,-0.8,7,1,1,0,0,1,1,0,0,0,0,0,0,0,0,0,0,0,32,43,31,301,0.4,7,1,1,1,0,1,1,0,0,0,1,0,0,0,1,0,1,1,127,0,21,258,0.0,0,0,0,0,0,2,0,1,0,0,0,0,0,0,0,0,0,1,128,38,46,238,0.0,6,0,0,0,0,2,1,1,0,0,0,0,0,0,0,0,0,1,129,41,53,229,0.0,6,0,1,0,0,2,1,1,0,0,0,0,0,0,0,0,0,1,137,41,60,149,0.0,6,0,0,0,0,2,1,1,0,0,0,0,0,0,0,0,0,2,4,0,1,265,0.0,0,0,1,0,0,2,0,1,0,0,0,0,0,0,0,0,0,2,7,19,12,60,0.0,3,0,1,0,0,2,0,1,0,0,0,0,0,0,0,0,0,2,12,20,25,313,-19.4,4,1,1,0,0,1,1,1,0,0,0,0,0,0,0,0,0,2,19,28,41,303,3.4,7,1,1,0,0,1,1,1,0,0,0,0,0,0,0,0,0,2,21,23,26,150,-13.7,4,1,1,0,0,1,1,1,0,0,0,0,0,0,0,0,0,2,23,0,0,193,0.0,0,0,1,0,0,2,0,1,0,0,0,0,0,0,0,0,0,2,26,40,33,178,0.3,7,1,1,0,0,1,1,0,0,0,0,0,0,0,0,0,0,2,27,15,27,91,0.0,3,0,1,0,0,1,1,0,0,0,0,0,0,0,0,0,0,2,29,20,47,14,-9.2,4,1,1,0,0,1,1,0,0,0,0,0,0,0,0,0,0,2,30,0,4,48,0.0,0,0,1,0,0,2,0,1,0,0,0,0,0,0,0,0,0,2,33,43,60,250,0.0,7,1,1,0,0,1,1,1,0,0,0,0,0,0,0,0,0,3,6,40,69,221,-1.3,6,1,1,0,0,1,1,0,0,0,0,0,0,0,0,0,0,3,9,37,53,216,-0.9,7,1,1,0,0,1,1,0,0,0,0,0,0,0,0,0,0,3,13,41,61,358,-0.3,6,1,1,0,0,1,1,0,0,0,0,0,0,0,0,0,0,3,16,43,77,224,-0.2,6,1,1,0,0,1,1,0,0,0,0,0,0,0,0,0,0,3,23,44,66,118,0.1,6,1,1,0,0,1,1,0,0,0,0,0,0,0,0,0,0,3,27,0,20,216,0.0,0,0,1,0,0,1,1,0,0,0,0,0,0,0,0,0,0,3,32,28,41,338,0.0,6,1,1,0,0,1,1,0,0,0,0,0,0,0,0,0,0,3,38,21,70,64,-13.7,4,1,1,0,0,1,1,0,0,0,0,0,0,0,0,0,0,3,39,43,83,264,1.0,6,1,1,0,0,1,1,0,0,0,0,0,0,0,0,0,0,5,2,33,26,135,-31.7,4,0,1,0,0,1,1,1,0,0,0,0,0,0,0,0,0,5,3,42,38,165,2.1,7,1,1,0,0,1,1,1,0,0,0,0,0,0,0,0,0,5,4,0,63,60,0.0,1,0,2,0,0,2,0,1,0,0,0,0,0,0,0,0,0,5,7,37,60,149,1.0,7,1,1,0,0,1,1,1,0,0,0,0,0,0,0,0,0,6,6,0,35,40,0.0,1,0,1,0,0,2,0,1,0,0,0,0,0,0,0,0,0,6,7,28,31,342,-2.6,4,1,1,0,0,1,1,1,0,0,0,0,0,0,0,0,0,6,8,0,3,301,0.0,0,0,1,0,0,2,0,1,0,0,0,0,0,0,0,0,0,6,9,45,60,121,1.1,7,1,1,0,0,1,1,1,0,0,0,0,0,0,0,0,0,6,10,22,28,177,7.2,4,1,1,0,0,1,1,1,0,0,0,0,0,0,0,0,0,6,16,20,30,43,-41.4,4,1,1,0,0,1,1,1,0,0,0,0,0,0,0,0,0,6,21,39,20,211,-7.0,7,1,1,0,0,1,1,1,0,0,0,0,0,0,0,0,0
94478000,1,47,0,0,10,39,43,334,0.7,7,1,1,1,0,1,1,0,0,0,1,0,0,0,1,0,1,0,12,30,33,103,-1.3,6,1,1,1,0,1,1,0,0,0,1,0,0,0,1,0,1,0,15,23,13,75,0.0,3,0,1,0,0,2,0,1,0,0,0,0,0,0,0,0,0,0,18,42,40,198,0.8,7,1,1,1,0,1,1,1,0,0,1,0,0,0,1,0,1,0,23,19,72,51,-17.8,4,1,1,1,0,1,1,1,0,0,1,0,0,0,1,0,1,0,24,16,33,37,-78.5,4,0,1,0,0,1,1,1,0,0,0,0,0,0,0,0,0,0,25,44,35,144,-0.5,7,1,1,1,0,1,1,0,0,0,1,0,0,0,1,0,1,0,27,0,-91,0,0.0,1,0,0,0,0,0,0,0,0,0,0,0,0,0,0,0,0,0,28,39,27,227,-4.8,5,1,1,0,0,1,1,0,0,0,0,0,0,0,0,0,0,0,32,43,31,301,0.5,7,1,1,1,0,1,1,0,0,0,1,0,0,0,1,0,1,1,127,0,21,258,0.0,0,0,0,0,0,2,0,1,0,0,0,0,0,0,0,0,0,1,128,40,46,238,0.0,7,0,0,0,0,2,1,1,0,0,0,0,0,0,0,0,0,1,129,39,53,229,0.0,7,0,1,0,0,2,1,1,0,0,0,0,0,0,0,0,0,1,137,43,60,149,0.0,6,0,0,0,0,2,1,1,0,0,0,0,0,0,0,0,0,2,4,0,1,265,0.0,0,0,1,0,0,2,0,1,0,0,0,0,0,0,0,0,0,2,7,19,12,60,0.0,3,0,1,0,0,2,0,1,0,0,0,0,0,0,0,0,0,2,12,21,25,313,-17.7,4,1,1,0,0,1,1,1,0,0,0,0,0,0,0,0,0,2,19,36,41,303,1.4,7,1,1,0,0,1,1,1,0,0,0,0,0,0,0,0,0,2,21,25,26,150,-9.9,5,1,1,0,0,1,1,1,0,0,0,0,0,0,0,0,0,2,23,0,0,193,0.0,0,0,1,0,0,2,0,1,0,0,0,0,0,0,0,0,0,2,26,39,33,178,0.5,7,1,1,0,0,1,1,0,0,0,0,0,0,0,0,0,0,2,27,15,27,91,0.0,3,0,1,0,0,1,1,0,0,0,0,0,0,0,0,0,0,2,29,19,47,14,-12.6,4,1,1,0,0,1,1,0,0,0,0,0,0,0,0,0,0,2,30,0,4,48,0.0,0,0,1,0,0,2,0,1,0,0,0,0,0,0,0,0,0,2,33,41,59,249,0.4,7,1,1,0,0,1,1,1,0,0,0,0,0,0,0,0,0,3,6,40,69,221,-1.2,6,1,1,0,0,1,1,0,0,0,0,0,0,0,0,0,0,3,9,38,53,216,-0.7,7,1,1,0,0,1,1,0,0,0,0,0,0,0,0,0,0,3,13,39,61,358,-0.2,6,1,1,0,0,1,1,0,0,0,0,0,0,0,0,0,0,3,16,43,77,224,-0.2,6,1,1,0,0,1,1,0,0,0,0,0,0,0,0,0,0,3,23,46,66,118,0.0,6,1,1,0,0,1,1,0,0,0,0,0,0,0,0,0,0,3,27,0,20,216,0.0,0,0,1,0,0,1,1,0,0,0,0,0,0,0,0,0,0,3,32,36,41,338,-0.7,6,1,1,0,0,1,1,0,0,0,0,0,0,0,0,0,0,3,38,24,70,64,-9.8,4,1,1,0,0,1,1,0,0,0,0,0,0,0,0,0,0,3,39,43,83,264,1.2,6,1,1,0,0,1,1,0,0,0,0,0,0,0,0,0,0,5,2,29,26,135,-25.8,4,1,1,0,0,1,1,1,0,0,0,0,0,0,0,0,0,5,3,43,38,165,2.0,7,1,1,0,0,1,1,1,0,0,0,0,0,0,0,0,0,5,4,0,63,60,0.0,1,0,2,0,0,2,0,1,0,0,0,0,0,0,0,0,0,5,7,39,60,149,1.1,7,1,1,0,0,1,1,1,0,0,0,0,0,0,0,0,0,6,6,0,35,40,0.0,1,0,1,0,0,2,0,1,0,0,0,0,0,0,0,0,0,6,7,28,31,342,-2.7,5,1,1,0,0,1,1,1,0,0,0,0,0,0,0,0,0,6,8,0,3,301,0.0,0,0,1,0,0,2,0,1,0,0,0,0,0,0,0,0,0,6,9,47,60,121,1.0,7,1,1,0,0,1,1,1,0,0,0,0,0,0,0,0,0,6,10,30,28,177,9.8,5,1,1,0,0,1,1,1,0,0,0,0,0,0,0,0,0,6,16,19,30,43,-41.7,4,0,1,0,0,1,1,1,0,0,0,0,0,0,0,0,0,6,21,43,20,211,-5.4,7,1,1,0,0,1,1,1,0,0,0,0,0,0,0,0,0
94479000,1,47,0,0,10,34,43,334,0.7,7,1,1,1,0,1,1,0,0,0,1,0,0,0,1,0,1,0,12,29,33,103,-1.7,6,1,1,1,0,1,1,0,0,0,1,0,0,0,1,0,1,0,15,24,13,75,0.0,3,0,1,0,0,2,0,1,0,0,0,0,0,0,0,0,0,0,18,43,40,198,0.9,7,1,1,1,0,1,1,1,0,0,1,0,0,0,1,0,1,0,23,20,72,51,-19.3,4,1,1,1,0,1,1,1,0,0,1,0,0,0,1,0,1,0,24,15,33,37,-82.6,4,0,1,0,0,1,1,1,0,0,0,0,0,0,0,0,0,0,25,44,35,144,-0.5,7,1,1,1,0,1,1,0,0,0,1,0,0,0,1,0,1,0,27,0,-91,0,0.0,1,0,0,0,0,0,0,0,0,0,0,0,0,0,0,0,0,0,28,24,27,227,-0.1,4,1,1,0,0,1,1,0,0,0,0,0,0,0,0,0,0,0,32,44,31,301,0.4,7,1,1,1,0,1,1,0,0,0,1,0,0,0,1,0,1,1,127,0,21,258,0.0,0,0,0,0,0,2,0,1,0,0,0,0,0,0,0,0,0,1,128,41,46,238,0.0,7,0,0,0,0,2,1,1,0,0,0,0,0,0,0,0,0,1,129,41,53,229,0.0,7,0,1,0,0,2,1,1,0,0,0,0,0,0,0,0,0,1,137,40,60,149,0.0,7,0,0,0,0,2,1,1,0,0,0,0,0,0,0,0,0,2,4,0,1,265,0.0,0,0,1,0,0,2,0,1,0,0,0,0,0,0,0,0,0,2,7,19,12,60,0.0,3,0,1,0,0,2,0,1,0,0,0,0,0,0,0,0,0,2,12,25,25,313,-13.1,4,1,1,0,0,1,1,1,0,0,0,0,0,0,0,0,0,2,19,38,41,303,0.6,7,1,1,0,0,1,1,1,0,0,0,0,0,0,0,0,0,2,21,26,26,150,-31.1,7,1,1,0,0,1,1,1,0,0,0,0,0,0,0,0,0,2,23,0,0,193,0.0,0,0,1,0,0,2,0,1,0,0,0,0,0,0,0,0,0,2,26,42,33,178,0.3,7,1,1,0,0,1,1,0,0,0,0,0,0,0,0,0,0,2,27,14,27,91,0.0,3,0,1,0,0,1,1,0,0,0,0,0,0,0,0,0,0,2,29,19,47,14,-13.2,4,1,1,0,0,1,1,0,0,0,0,0,0,0,0,0,0,2,30,0,4,48,0.0,0,0,1,0,0,2,0,1,0,0,0,0,0,0,0,0,0,2,33,42,59,249,0.5,7,1,1,0,0,1,1,1,0,0,0,0,0,0,0,0,0,3,6,40,69,221,-1.2,7,1,1,0,0,1,1,0,0,0,0,0,0,0,0,0,0,3,9,40,53,216,-0.7,7,1,1,0,0,1,1,0,0,0,0,0,0,0,0,0,0,3,13,37,61,358,-0.3,7,1,1,0,0,1,1,0,0,0,0,0,0,0,0,0,0,3,16,43,77,224,-0.2,7,1,1,0,0,1,1,0,0,0,0,0,0,0,0,0,0,3,23,48,66,118,-0.1,7,1,1,0,0,1,1,0,0,0,0,0,0,0,0,0,0,3,27,0,20,216,0.0,0,0,1,0,0,1,1,0,0,0,0,0,0,0,0,0,0,3,32,35,41,338,0.2,7,1,1,0,0,1,1,0,0,0,0,0,0,0,0,0,0,3,38,31,70,64,-2.3,5,1,1,0,0,1,1,0,0,0,0,0,0,0,0,0,0,3,39,46,83,264,1.2,7,1,1,0,0,1,1,0,0,0,0,0,0,0,0,0,0,5,2,33,26,135,-24.3,5,1,1,0,0,1,1,1,0,0,0,0,0,0,0,0,0,5,3,45,38,165,2.0,7,1,1,0,0,1,1,1,0,0,0,0,0,0,0,0,0,5,4,0,63,60,0.0,1,0,2,0,0,2,0,1,0,0,0,0,0,0,0,0,0,5,7,35,60,149,1.1,7,1,1,0,0,1,1,1,0,0,0,0,0,0,0,0,0,6,6,0,35,40,0.0,1,0,1,0,0,2,0,1,0,0,0,0,0,0,0,0,0,6,7,22,31,342,-1.7,4,1,1,0,0,1,1,1,0,0,0,0,0,0,0,0,0,6,8,0,3,301,0.0,0,0,1,0,0,2,0,1,0,0,0,0,0,0,0,0,0,6,9,48,60,121,1.0,7,1,1,0,0,1,1,1,0,0,0,0,0,0,0,0,0,6,10,32,28,177,6.9,5,1,1,0,0,1,1,1,0,0,0,0,0,0,0,0,0,6,16,20,30,43,-45.6,4,1,1,0,0,1,1,1,0,0,0,0,0,0,0,0,0,6,21,44,20,211,-5.7,7,1,1,0,0,1,1,1,0,0,0,0,0,0,0,0,0
94480000,1,50,0,0,1,0,-91,0,0.0,1,0,0,0,0,0,0,0,0,0,0,0,0,0,0,0,0,0,2,0,-91,0,0.0,1,0,0,0,0,0,0,0,0,0,0,0,0,0,0,0,0,0,4,0,-91,0,0.0,1,0,0,0,0,0,0,0,0,0,0,0,0,0,0,0,0,0,10,37,43,334,0.8,7,1,1,1,0,1,1,0,0,0,1,0,0,0,1,0,1,0,12,20,33,103,-10.8,4,1,1,1,0,1,1,0,0,0,1,0,0,0,1,0,1,0,15,25,13,75,0.0,4,0,1,0,0,2,0,1,0,0,0,0,0,0,0,0,0,0,18,45,40,198,0.9,7,1,1,1,0,1,1,1,0,0,1,0,0,0,1,0,1,0,23,22,72,51,-18.7,4,1,1,1,0,1,1,1,0,0,1,0,0,0,1,0,1,0,24,16,33,37,-87.2,4,0,1,0,0,1,1,1,0,0,0,0,0,0,0,0,0,0,25,39,35,144,-0.4,7,1,1,1,0,1,1,0,0,0,1,0,0,0,1,0,1,0,27,0,-91,0,0.0,1,0,0,0,0,0,0,0,0,0,0,0,0,0,0,0,0,0,28,36,27,227,0.8,4,1,1,0,0,1,1,0,0,0,0,0,0,0,0,0,0,0,32,44,31,301,0.4,7,1,1,1,0,1,1,0,0,0,1,0,0,0,1,0,1,1,127,0,21,258,0.0,0,0,0,0,0,2,0,1,0,0,0,0,0,0,0,0,0,1,128,40,46,238,0.0,7,0,0,0,0,2,1,1,0,0,0,0,0,0,0,0,0,1,129,41,53,229,0.0,7,0,1,0,0,2,1,1,0,0,0,0,0,0,0,0,0,1,137,41,60,149,0.0,7,0,0,0,0,2,1,1,0,0,0,0,0,0,0,0,0,2,4,0,1,265,0.0,0,0,1,0,0,2,0,1,0,0,0,0,0,0,0,0,0,2,7,21,12,60,0.0,3,0,1,0,0,2,0,1,0,0,0,0,0,0,0,0,0,2,12,30,25,313,-4.4,5,1,1,0,0,1,1,1,0,0,0,0,0,0,0,0,0,2,19,36,41,303,1.3,7,1,1,0,0,1,1,1,0,0,0,0,0,0,0,0,0,2,21,31,26,150,-41.2,5,1,1,0,0,1,1,1,0,0,0,0,0,0,0,0,0,2,23,0,0,193,0.0,0,0,1,0,0,2,0,1,0,0,0,0,0,0,0,0,0,2,26,39,33,178,0.3,7,1,1,0,0,1,1,1,0,0,0,0,0,0,0,0,0,2,27,13,27,91,0.0,3,0,1,0,0,1,1,0,0,0,0,0,0,0,0,0,0,2,29,18,47,14,-13.4,4,1,1,0,0,1,1,0,0,0,0,0,0,0,0,0,0,2,30,0,4,48,0.0,0,0,1,0,0,2,0,1,0,0,0,0,0,0,0,0,0,2,33,41,59,249,0.8,7,1,1,0,0,1,1,1,0,0,0,0,0,0,0,0,0,3,6,41,69,221,-1.3,7,1,1,0,0,1,1,0,0,0,0,0,0,0,0,0,0,3,9,39,53,216,-0.6,7,1,1,0,0,1,1,0,0,0,0,0,0,0,0,0,0,3,13,33,61,358,-0.2,7,1,1,0,0,1,1,0,0,0,0,0,0,0,0,0,0,3,16,44,77,224,-0.4,7,1,1,0,0,1,1,0,0,0,0,0,0,0,0,0,0,3,23,48,66,118,-0.2,7,1,1,0,0,1,1,0,0,0,0,0,0,0,0,0,0,3,27,0,20,216,0.0,0,0,1,0,0,1,1,0,0,0,0,0,0,0,0,0,0,3,32,35,41,338,0.0,7,1,1,0,0,1,1,0,0,0,0,0,0,0,0,0,0,3,38,39,70,64,0.0,6,1,1,0,0,1,1,0,0,0,0,0,0,0,0,0,0,3,39,44,83,264,1.1,7,1,1,0,0,1,1,0,0,0,0,0,0,0,0,0,0,5,2,36,26,135,-22.1,5,1,1,0,0,1,1,1,0,0,0,0,0,0,0,0,0,5,3,43,38,165,2.1,7,1,1,0,0,1,1,1,0,0,0,0,0,0,0,0,0,5,4,0,63,60,0.0,1,0,2,0,0,2,0,1,0,0,0,0,0,0,0,0,0,5,7,38,60,149,1.0,7,1,1,0,0,1,1,1,0,0,0,0,0,0,0,0,0,6,6,0,35,40,0.0,0,0,1,0,0,2,0,1,0,0,0,0,0,0,0,0,0,6,7,31,31,342,0.0,4,1,1,0,0,1,1,1,0,0,0,0,0,0,0,0,0,6,8,0,3,301,0.0,0,0,1,0,0,2,0,1,0,0,0,0,0,0,0,0,0,6,9,47,60,121,1.1,7,1,1,0,0,1,1,1,0,0,0,0,0,0,0,0,0
94481000,1,51,0,0,1,0,-91,0,0.0,1,0,0,0,0,0,0,0,0,0,0,0,0,0,0,0,0,0,2,0,-91,0,0.0,1,0,0,0,0,0,0,0,0,0,0,0,0,0,0,0,0,0,4,0,-91,0,0.0,1,0,0,0,0,0,0,0,0,0,0,0,0,0,0,0,0,0,10,39,43,334,0.8,7,1,1,1,0,1,1,0,0,0,1,0,0,0,1,0,1,0,11,22,-91,0,0.0,3,0,0,0,0,0,0,0,0,0,0,0,0,0,0,0,0,0,12,23,33,103,-64.6,4,0,1,0,0,1,1,0,0,0,0,0,0,0,0,0,0,0,15,23,13,75,0.0,3,0,1,0,0,2,0,1,0,0,0,0,0,0,0,0,0,0,18,41,40,198,1.0,7,1,1,1,0,1,1,1,0,0,1,0,0,0,1,0,1,0,23,25,72,51,-17.5,4,1,1,1,0,1,1,1,0,0,1,0,0,0,1,0,1,0,24,17,33,37,-95.2,4,0,1,0,0,1,1,1,0,0,0,0,0,0,0,0,0,0,25,42,35,144,-0.4,7,1,1,1,0,1,1,0,0,0,1,0,0,0,1,0,1,0,26,0,-91,0,0.0,1,0,0,0,0,0,0,0,0,0,0,0,0,0,0,0,0,0,28,41,27,227,1.8,6,1,1,0,0,1,1,0,0,0,0,0,0,0,0,0,0,0,32,44,31,301,0.3,7,1,1,1,0,1,1,0,0,0,1,0,0,0,1,0,1,1,127,0,21,258,0.0,0,0,0,0,0,2,0,1,0,0,0,0,0,0,0,0,0,1,128,41,46,238,0.0,7,0,0,0,0,2,1,1,0,0,0,0,0,0,0,0,0,1,129,42,53,229,0.0,7,0,1,0,0,2,1,1,0,0,0,0,0,0,0,0,0,1,137,43,60,149,0.0,7,0,0,0,0,2,1,1,0,0,0,0,0,0,0,0,0,2,4,0,1,265,0.0,0,0,1,0,0,2,0,1,0,0,0,0,0,0,0,0,0,2,7,22,12,60,0.0,4,0,1,0,0,2,0,1,0,0,0,0,0,0,0,0,0,2,12,29,25,313,-6.5,5,1,1,0,0,1,1,1,0,0,0,0,0,0,0,0,0,2,19,39,41,303,1.0,7,1,1,0,0,1,1,1,0,0,0,0,0,0,0,0,0,2,21,29,26,150,-32.5,4,1,1,0,0,1,1,1,0,0,0,0,0,0,0,0,0,2,23,0,0,193,0.0,0,0,1,0,0,2,0,1,0,0,0,0,0,0,0,0,0,2,26,41,33,178,0.3,7,1,1,0,0,1,1,1,0,0,0,0,0,0,0,0,0,2,27,13,27,91,0.0,3,0,1,0,0,1,1,0,0,0,0,0,0,0,0,0,0,2,29,18,47,14,-14.0,4,1,1,0,0,1,1,0,0,0,0,0,0,0,0,0,0,2,30,0,4,48,0.0,0,0,1,0,0,2,0,1,0,0,0,0,0,0,0,0,0,2,33,42,59,249,0.8,7,1,1,0,0,1,1,1,0,0,0,0,0,0,0,0,0,3,6,41,69,222,-1.3,7,1,1,0,0,1,1,0,0,0,0,0,0,0,0,0,0,3,9,39,53,216,-0.7,7,1,1,0,0,1,1,0,0,0,0,0,0,0,0,0,0,3,13,27,61,358,-0.3,7,1,1,0,0,1,1,0,0,0,0,0,0,0,0,0,0,3,16,43,77,224,-0.5,7,1,1,0,0,1,1,0,0,0,0,0,0,0,0,0,0,3,23,46,66,118,-0.2,7,1,1,0,0,1,1,0,0,0,0,0,0,0,0,0,0,3,27,0,20,216,0.0,0,0,1,0,0,1,1,0,0,0,0,0,0,0,0,0,0,3,32,35,41,338,0.0,7,1,1,0,0,1,1,0,0,0,0,0,0,0,0,0,0,3,38,42,70,64,0.2,6,1,1,0,0,1,1,0,0,0,0,0,0,0,0,0,0,3,39,43,83,264,1.2,7,1,1,0,0,1,1,0,0,0,0,0,0,0,0,0,0,5,2,35,26,135,-24.6,5,1,1,0,0,1,1,1,0,0,0,0,0,0,0,0,0,5,3,46,38,165,2.1,7,1,1,0,0,1,1,1,0,0,0,0,0,0,0,0,0,5,4,0,63,60,0.0,1,0,2,0,0,2,0,1,0,0,0,0,0,0,0,0,0,5,7,40,60,149,1.0,7,1,1,0,0,1,1,1,0,0,0,0,0,0,0,0,0,6,6,0,35,40,0.0,1,0,1,0,0,2,0,1,0,0,0,0,0,0,0,0,0,6,7,31,31,342,-4.4,5,1,1,0,0,1,1,1,0,0,0,0,0,0,0,0,0,6,8,0,3,301,0.0,0,0,1,0,0,2,0,1,0,0,0,0,0,0,0,0,0
94482000,1,51,0,0,1,0,-91,0,0.0,1,0,0,0,0,0,0,0,0,0,0,0,0,0,0,0,0,0,2,0,-91,0,0.0,1,0,0,0,0,0,0,0,0,0,0,0,0,0,0,0,0,0,4,0,-91,0,0.0,1,0,0,0,0,0,0,0,0,0,0,0,0,0,0,0,0,0,10,39,43,334,0.7,7,1,1,1,0,1,1,0,0,0,1,0,0,0,1,0,1,0,11,20,-91,0,0.0,3,0,0,0,0,0,0,0,0,0,0,0,0,0,0,0,0,0,12,22,33,103,-63.9,4,1,1,1,0,1,1,0,0,0,1,0,0,0,1,0,1,0,15,21,13,75,0.0,3,0,1,0,0,2,0,1,0,0,0,0,0,0,0,0,0,0,18,45,40,198,1.0,7,1,1,1,0,1,1,1,0,0,1,0,0,0,1,0,1,0,23,31,72,51,-7.8,5,1,1,1,0,1,1,1,0,0,1,0,0,0,1,0,1,0,24,17,33,37,-94.5,4,0,1,0,0,1,1,1,0,0,0,0,0,0,0,0,0,0,25,39,35,144,-0.4,7,1,1,1,0,1,1,0,0,0,1,0,0,0,1,0,1,0,26,0,-91,0,0.0,1,0,0,0,0,0,0,0,0,0,0,0,0,0,0,0,0,0,28,34,27,227,1.0,6,1,1,0,0,1,1,0,0,0,0,0,0,0,0,0,0,0,32,43,31,301,0.3,7,1,1,1,0,1,1,0,0,0,1,0,0,0,1,0,1,1,127,0,21,258,0.0,0,0,0,0,0,2,0,1,0,0,0,0,0,0,0,0,0,1,128,40,46,238,0.0,7,0,0,0,0,2,1,1,0,0,0,0,0,0,0,0,0,1,129,42,53,229,0.0,7,0,1,0,0,2,1,1,0,0,0,0,0,0,0,0,0,1,137,43,60,149,0.0,7,0,0,0,0,2,1,1,0,0,0,0,0,0,0,0,0,2,4,0,1,265,0.0,0,0,1,0,0,2,0,1,0,0,0,0,0,0,0,0,0,2,7,22,12,60,0.0,4,0,1,0,0,2,0,1,0,0,0,0,0,0,0,0,0,2,12,29,25,313,-0.9,7,1,1,0,0,1,1,1,0,0,0,0,0,0,0,0,0,2,19,39,41,303,0.7,7,1,1,0,0,1,1,1,0,0,0,0,0,0,0,0,0,2,21,29,26,150,-38.3,5,1,1,0,0,1,1,1,0,0,0,0,0,0,0,0,0,2,23,0,0,193,0.0,0,0,1,0,0,2,0,1,0,0,0,0,0,0,0,0,0,2,26,44,33,178,0.3,7,1,1,0,0,1,1,1,0,0,0,0,0,0,0,0,0,2,27,14,27,91,0.0,3,0,1,0,0,1,1,1,0,0,0,0,0,0,0,0,0,2,29,16,47,14,-14.7,4,1,1,0,0,1,1,0,0,0,0,0,0,0,0,0,0,2,30,0,4,48,0.0,0,0,1,0,0,2,0,1,0,0,0,0,0,0,0,0,0,2,33,41,59,249,1.1,7,1,1,0,0,1,1,1,0,0,0,0,0,0,0,0,0,3,6,42,69,222,-1.2,7,1,1,0,0,1,1,0,0,0,0,0,0,0,0,0,0,3,9,38,53,217,-0.7,7,1,1,0,0,1,1,0,0,0,0,0,0,0,0,0,0,3,13,27,61,358,-0.4,4,1,1,0,0,1,1,0,0,0,0,0,0,0,0,0,0,3,16,44,77,224,-0.4,7,1,1,0,0,1,1,0,0,0,0,0,0,0,0,0,0,3,23,45,66,118,-0.1,7,1,1,0,0,1,1,0,0,0,0,0,0,0,0,0,0,3,27,0,20,216,0.0,0,0,1,0,0,1,1,0,0,0,0,0,0,0,0,0,0,3,32,39,41,338,0.0,7,1,1,0,0,1,1,0,0,0,0,0,0,0,0,0,0,3,38,42,70,64,0.1,6,1,1,0,0,1,1,0,0,0,0,0,0,0,0,0,0,3,39,43,83,264,1.1,7,1,1,0,0,1,1,0,0,0,0,0,0,0,0,0,0,5,2,27,26,135,-24.3,5,1,1,0,0,1,1,1,0,0,0,0,0,0,0,0,0,5,3,44,38,165,2.0,7,1,1,0,0,1,1,1,0,0,0,0,0,0,0,0,0,5,4,0,63,60,0.0,1,0,2,0,0,2,0,1,0,0,0,0,0,0,0,0,0,5,7,40,60,149,1.0,7,1,1,0,0,1,1,1,0,0,0,0,0,0,0,0,0,6,6,0,35,40,0.0,1,0,1,0,0,2,0,1,0,0,0,0,0,0,0,0,0,6,7,37,31,342,-4.1,5,1,1,0,0,1,1,1,0,0,0,0,0,0,0,0,0,6,8,0,3,301,0.0,0,0,1,0,0,2,0,1,0,0,0,0,0,0,0,0,0
94483000,1,48,0,0,1,0,-91,0,0.0,1,0,0,0,0,0,0,0,0,0,0,0,0,0,0,0,0,0,7,26,-91,0,0.0,3,0,0,0,0,0,0,0,0,0,0,0,0,0,0,0,0,0,10,42,43,334,0.7,7,1,1,1,0,1,1,0,0,0,1,0,0,0,1,0,1,0,12,23,33,103,-65.6,4,1,1,1,0,1,1,0,0,0,1,0,0,0,1,0,1,0,15,20,13,75,0.0,3,0,1,0,0,2,0,1,0,0,0,0,0,0,0,0,0,0,18,45,40,198,0.9,7,1,1,1,0,1,1,1,0,0,1,0,0,0,1,0,1,0,23,33,72,51,-1.7,5,1,1,1,0,1,1,1,0,0,1,0,0,0,1,0,1,0,24,17,33,37,-91.7,4,0,1,0,0,1,1,1,0,0,0,0,0,0,0,0,0,0,25,36,35,144,-0.7,7,1,1,1,0,1,1,0,0,0,1,0,0,0,1,0,1,0,28,36,27,227,1.6,5,1,1,0,0,1,1,0,0,0,0,0,0,0,0,0,0,0,32,41,31,301,0.2,7,1,1,1,0,1,1,0,0,0,1,0,0,0,1,0,1,1,127,0,21,258,0.0,0,0,0,0,0,2,0,1,0,0,0,0,0,0,0,0,0,1,128,40,46,238,0.0,7,0,0,0,0,2,1,1,0,0,0,0,0,0,0,0,0,1,129,42,53,229,0.0,7,0,1,0,0,2,1,1,0,0,0,0,0,0,0,0,0,1,137,43,60,149,0.0,7,0,0,0,0,2,1,1,0,0,0,0,0,0,0,0,0,2,4,0,1,265,0.0,0,0,1,0,0,2,0,1,0,0,0,0,0,0,0,0,0,2,7,20,12,60,0.0,3,0,1,0,0,2,0,1,0,0,0,0,0,0,0,0,0,2,12,33,25,313,-3.3,7,1,1,0,0,1,1,1,0,0,0,0,0,0,0,0,0,2,19,40,41,303,0.8,7,1,1,0,0,1,1,1,0,0,0,0,0,0,0,0,0,2,21,28,26,150,-31.4,4,1,1,0,0,1,1,1,0,0,0,0,0,0,0,0,0,2,23,0,0,193,0.0,0,0,1,0,0,2,0,1,0,0,0,0,0,0,0,0,0,2,26,41,33,178,0.4,7,1,1,0,0,1,1,1,0,0,0,0,0,0,0,0,0,2,27,15,27,91,0.0,3,0,1,0,0,1,1,1,0,0,0,0,0,0,0,0,0,2,29,14,47,14,-15.9,4,1,1,0,0,1,1,0,0,0,0,0,0,0,0,0,0,2,30,0,4,48,0.0,0,0,1,0,0,2,0,1,0,0,0,0,0,0,0,0,0,2,33,41,59,249,0.7,7,1,1,0,0,1,1,1,0,0,0,0,0,0,0,0,0,3,6,42,69,222,-1.3,7,1,1,0,0,1,1,0,0,0,0,0,0,0,0,0,0,3,9,36,53,217,-0.8,7,1,1,0,0,1,1,0,0,0,0,0,0,0,0,0,0,3,13,27,61,358,2.1,5,1,1,0,0,1,1,0,0,0,0,0,0,0,0,0,0,3,16,44,77,224,-0.6,7,1,1,0,0,1,1,0,0,0,0,0,0,0,0,0,0,3,23,45,66,118,-0.1,7,1,1,0,0,1,1,0,0,0,0,0,0,0,0,0,0,3,27,0,20,216,0.0,0,0,1,0,0,1,1,0,0,0,0,0,0,0,0,0,0,3,32,41,41,338,0.0,7,1,1,0,0,1,1,0,0,0,0,0,0,0,0,0,0,3,38,42,70,64,0.5,6,1,1,0,0,1,1,0,0,0,0,0,0,0,0,0,0,3,39,45,83,264,1.0,7,1,1,0,0,1,1,0,0,0,0,0,0,0,0,0,0,5,2,31,26,135,-26.5,4,1,1,0,0,1,1,1,0,0,0,0,0,0,0,0,0,5,3,46,38,165,1.9,7,1,1,0,0,1,1,1,0,0,0,0,0,0,0,0,0,5,4,0,63,60,0.0,1,0,2,0,0,2,0,1,0,0,0,0,0,0,0,0,0,5,7,40,60,149,1.0,7,1,1,0,0,1,1,1,0,0,0,0,0,0,0,0,0,6,6,0,35,40,0.0,1,0,1,0,0,2,0,1,0,0,0,0,0,0,0,0,0,6,7,39,31,342,-3.9,5,1,1,0,0,1,1,1,0,0,0,0,0,0,0,0,0,6,8,0,3,301,0.0,0,0,1,0,0,2,0,1,0,0,0,0,0,0,0,0,0,6,9,46,60,121,1.3,7,1,1,0,0,1,1,1,0,0,0,0,0,0,0,0,0,6,10,39,28,177,6.4,7,1,1,0,0,1,1,1,0,0,0,0,0,0,0,0,0,6,16,20,30,43,-53.8,4,1,1,0,0,1,1,1,0,0,0,0,0,0,0,0,0
94484000,1,47,0,0,7,23,-91,0,0.0,3,0,0,0,0,0,0,0,0,0,0,0,0,0,0,0,0,0,10,41,43,334,0.8,7,1,1,1,0,1,1,0,0,0,1,0,0,0,1,0,1,0,12,21,33,103,-61.0,4,1,1,1,0,1,1,0,0,0,1,0,0,0,1,0,1,0,15,21,13,75,0.0,3,0,1,0,0,2,0,1,0,0,0,0,0,0,0,0,0,0,18,45,40,198,0.8,7,1,1,1,0,1,1,1,0,0,1,0,0,0,1,0,1,0,23,38,72,51,1.1,6,1,1,1,0,1,1,1,0,0,1,0,0,0,1,0,1,0,24,18,33,37,-92.0,4,0,1,0,0,1,1,1,0,0,0,0,0,0,0,0,0,0,25,28,35,144,-0.8,5,1,1,1,0,1,1,0,0,0,1,0,0,0,1,0,1,0,28,37,27,227,-1.0,6,1,1,0,0,1,1,0,0,0,0,0,0,0,0,0,0,0,32,38,31,301,0.2,7,1,1,1,0,1,1,0,0,0,1,0,0,0,1,0,1,1,127,0,21,258,0.0,0,0,0,0,0,2,0,1,0,0,0,0,0,0,0,0,0,1,128,38,46,238,0.0,7,0,0,0,0,2,1,1,0,0,0,0,0,0,0,0,0,1,129,41,53,229,0.0,7,0,1,0,0,2,1,1,0,0,0,0,0,0,0,0,0,1,137,42,60,149,0.0,7,0,0,0,0,2,1,1,0,0,0,0,0,0,0,0,0,2,4,0,1,265,0.0,0,0,1,0,0,2,0,1,0,0,0,0,0,0,0,0,0,2,7,18,12,60,0.0,3,0,1,0,0,2,0,1,0,0,0,0,0,0,0,0,0,2,12,29,25,313,-1.9,4,1,1,0,0,1,1,1,0,0,0,0,0,0,0,0,0,2,19,39,41,303,0.9,7,1,1,0,0,1,1,1,0,0,0,0,0,0,0,0,0,2,21,26,26,150,-42.3,4,1,1,0,0,1,1,1,0,0,0,0,0,0,0,0,0,2,23,0,0,193,0.0,0,0,1,0,0,2,0,1,0,0,0,0,0,0,0,0,0,2,26,41,33,178,0.3,7,1,1,0,0,1,1,1,0,0,0,0,0,0,0,0,0,2,27,17,27,91,0.0,3,0,1,0,0,1,1,1,0,0,0,0,0,0,0,0,0,2,29,16,47,14,-17.5,4,1,1,0,0,1,1,0,0,0,0,0,0,0,0,0,0,2,30,0,4,48,0.0,0,0,1,0,0,2,0,1,0,0,0,0,0,0,0,0,0,2,33,43,59,249,0.9,7,1,1,0,0,1,1,1,0,0,0,0,0,0,0,0,0,3,6,41,69,222,-1.2,7,1,1,0,0,1,1,0,0,0,0,0,0,0,0,0,0,3,9,38,53,217,-0.7,7,1,1,0,0,1,1,0,0,0,0,0,0,0,0,0,0,3,13,26,61,358,1.4,6,1,1,0,0,1,1,0,0,0,0,0,0,0,0,0,0,3,16,43,77,225,-0.8,7,1,1,0,0,1,1,0,0,0,0,0,0,0,0,0,0,3,23,46,66,118,-0.2,7,1,1,0,0,1,1,0,0,0,0,0,0,0,0,0,0,3,27,0,20,216,0.0,0,0,1,0,0,1,1,0,0,0,0,0,0,0,0,0,0,3,32,32,41,338,0.0,7,1,1,0,0,1,1,0,0,0,0,0,0,0,0,0,0,3,38,43,70,64,-0.1,6,1,1,0,0,1,1,0,0,0,0,0,0,0,0,0,0,3,39,43,83,264,1.0,7,1,1,0,0,1,1,0,0,0,0,0,0,0,0,0,0,5,2,37,26,135,-22.6,4,1,1,0,0,1,1,1,0,0,0,0,0,0,0,0,0,5,3,43,38,165,2.0,7,1,1,0,0,1,1,1,0,0,0,0,0,0,0,0,0,5,4,25,63,60,0.0,3,0,2,0,0,2,0,1,0,0,0,0,0,0,0,0,0,5,7,40,60,149,1.0,7,1,1,0,0,1,1,1,0,0,0,0,0,0,0,0,0,6,6,0,35,40,0.0,1,0,1,0,0,2,0,1,0,0,0,0,0,0,0,0,0,6,7,34,31,342,-3.3,6,1,1,0,0,1,1,1,0,0,0,0,0,0,0,0,0,6,8,0,3,301,0.0,0,0,1,0,0,2,0,1,0,0,0,0,0,0,0,0,0,6,9,47,60,121,1.2,7,1,1,0,0,1,1,1,0,0,0,0,0,0,0,0,0,6,10,40,28,177,5.7,7,1,1,0,0,1,1,1,0,0,0,0,0,0,0,0,0,6,16,18,30,43,-56.2,4,0,1,0,0,1,1,1,0,0,0,0,0,0,0,0,0,6,21,42,20,211,-6.0,7,1,1,0,0,1,1,1,0,0,0,0,0,0,0,0,0
94485000,1,47,0,0,7,21,-91,0,0.0,3,0,0,0,0,0,0,0,0,0,0,0,0,0,0,0,0,0,10,35,43,334,0.9,7,1,1,1,0,1,1,0,0,0,1,0,0,0,1,0,1,0,12,21,33,103,-63.8,4,0,1,0,0,1,1,0,0,0,0,0,0,0,0,0,0,0,15,0,13,75,0.0,1,0,1,0,0,2,0,1,0,0,0,0,0,0,0,0,0,0,18,42,40,198,0.8,7,1,1,1,0,1,1,1,0,0,1,0,0,0,1,0,1,0,23,42,72,51,1.9,6,1,1,1,0,1,1,1,0,0,1,0,0,0,1,0,1,0,24,17,33,37,-91.5,4,0,1,0,0,1,1,1,0,0,0,0,0,0,0,0,0,0,25,36,35,144,-13.1,5,1,1,1,0,1,1,0,0,0,1,0,0,0,1,0,1,0,28,38,27,227,-1.5,6,1,1,0,0,1,1,0,0,0,0,0,0,0,0,0,0,0,32,42,31,301,0.2,5,1,1,1,0,1,1,0,0,0,1,0,0,0,1,0,1,1,127,0,21,258,0.0,0,0,0,0,0,2,0,1,0,0,0,0,0,0,0,0,0,1,128,41,46,238,0.0,7,0,0,0,0,2,1,1,0,0,0,0,0,0,0,0,0,1,129,43,53,229,0.0,7,0,1,0,0,2,1,1,0,0,0,0,0,0,0,0,0,1,137,42,60,149,0.0,7,0,0,0,0,2,1,1,0,0,0,0,0,0,0,0,0,2,4,0,1,265,0.0,0,0,1,0,0,2,0,1,0,0,0,0,0,0,0,0,0,2,7,16,12,60,0.0,3,0,1,0,0,2,0,1,0,0,0,0,0,0,0,0,0,2,12,33,25,313,-2.7,7,1,1,0,0,1,1,1,0,0,0,0,0,0,0,0,0,2,19,37,41,303,1.0,7,1,1,0,0,1,1,1,0,0,0,0,0,0,0,0,0,2,21,32,26,150,-35.0,5,1,1,0,0,1,1,1,0,0,0,0,0,0,0,0,0,2,23,0,0,193,0.0,0,0,1,0,0,2,0,1,0,0,0,0,0,0,0,0,0,2,26,41,33,178,0.7,7,1,1,0,0,1,1,1,0,0,0,0,0,0,0,0,0,2,27,18,27,91,0.0,3,0,1,0,0,1,1,1,0,0,0,0,0,0,0,0,0,2,29,16,47,14,-18.0,4,1,1,0,0,1,1,0,0,0,0,0,0,0,0,0,0,2,30,0,4,48,0.0,0,0,1,0,0,2,0,1,0,0,0,0,0,0,0,0,0,2,33,39,59,249,1.0,7,1,1,0,0,1,1,1,0,0,0,0,0,0,0,0,0,3,6,39,69,222,-1.2,7,1,1,0,0,1,1,0,0,0,0,0,0,0,0,0,0,3,9,40,53,217,-0.8,7,1,1,0,0,1,1,0,0,0,0,0,0,0,0,0,0,3,13,24,61,358,0.8,4,1,1,0,0,1,1,0,0,0,0,0,0,0,0,0,0,3,16,44,77,225,-0.6,7,1,1,0,0,1,1,0,0,0,0,0,0,0,0,0,0,3,23,47,67,116,-0.2,7,1,1,0,0,1,1,0,0,0,0,0,0,0,0,0,0,3,27,0,20,216,0.0,0,0,1,0,0,1,1,0,0,0,0,0,0,0,0,0,0,3,32,36,41,338,0.0,7,1,1,0,0,1,1,0,0,0,0,0,0,0,0,0,0,3,38,42,70,64,0.2,7,1,1,0,0,1,1,0,0,0,0,0,0,0,0,0,0,3,39,43,83,264,1.1,7,1,1,0,0,1,1,0,0,0,0,0,0,0,0,0,0,5,2,35,26,135,-24.5,5,1,1,0,0,1,1,1,0,0,0,0,0,0,0,0,0,5,3,45,38,165,1.9,7,1,1,0,0,1,1,1,0,0,0,0,0,0,0,0,0,5,4,22,63,60,0.0,3,0,2,0,0,2,0,1,0,0,0,0,0,0,0,0,0,5,7,38,60,149,1.0,7,1,1,0,0,1,1,1,0,0,0,0,0,0,0,0,0,6,6,0,35,40,0.0,1,0,1,0,0,2,0,1,0,0,0,0,0,0,0,0,0,6,7,37,31,342,-1.8,7,1,1,0,0,1,1,1,0,0,0,0,0,0,0,0,0,6,8,0,3,301,0.0,0,0,1,0,0,2,0,1,0,0,0,0,0,0,0,0,0,6,9,43,60,121,1.2,7,1,1,0,0,1,1,1,0,0,0,0,0,0,0,0,0,6,10,38,28,177,6.1,7,1,1,0,0,1,1,1,0,0,0,0,0,0,0,0,0,6,16,19,30,43,-57.7,4,0,1,0,0,1,1,1,0,0,0,0,0,0,0,0,0,6,21,41,20,211,-5.9,7,1,1,0,0,1,1,1,0,0,0,0,0,0,0,0,0
94486000,1,47,0,0,7,19,-91,0,0.0,3,0,0,0,0,0,0,0,0,0,0,0,0,0,0,0,0,0,10,27,43,334,1.4,4,1,1,1,0,1,1,0,0,0,1,0,0,0,1,0,1,0,12,20,33,103,-67.1,4,1,1,1,0,1,1,0,0,0,1,0,0,0,1,0,1,0,15,0,13,75,0.0,1,0,1,0,0,2,0,1,0,0,0,0,0,0,0,0,0,0,18,40,40,198,0.8,7,1,1,1,0,1,1,1,0,0,1,0,0,0,1,0,1,0,23,44,72,51,1.0,6,1,1,1,0,1,1,1,0,0,1,0,0,0,1,0,1,0,24,0,33,37,0.0,1,0,1,0,0,1,1,1,0,0,0,0,0,0,0,0,0,0,25,36,35,144,-35.3,6,0,1,0,0,1,1,0,0,0,0,0,0,0,0,0,0,0,28,43,27,227,-0.9,6,1,1,0,0,1,1,0,0,0,0,0,0,0,0,0,0,0,32,40,31,301,0.2,6,1,1,1,0,1,1,0,0,0,1,0,0,0,1,0,1,1,127,0,21,258,0.0,0,0,0,0,0,2,0,1,0,0,0,0,0,0,0,0,0,1,128,38,46,238,0.0,7,0,0,0,0,2,1,1,0,0,0,0,0,0,0,0,0,1,129,43,53,229,0.0,7,0,1,0,0,2,1,1,0,0,0,0,0,0,0,0,0,1,137,40,60,149,0.0,7,0,0,0,0,2,1,1,0,0,0,0,0,0,0,0,0,2,4,0,1,265,0.0,0,0,1,0,0,2,0,1,0,0,0,0,0,0,0,0,0,2,7,17,12,60,0.0,3,0,1,0,0,2,0,1,0,0,0,0,0,0,0,0,0,2,12,30,25,313,-2.3,7,1,1,0,0,1,1,1,0,0,0,0,0,0,0,0,0,2,19,36,41,303,0.8,7,1,1,0,0,1,1,1,0,0,0,0,0,0,0,0,0,2,21,27,26,150,-33.4,7,1,1,0,0,1,1,1,0,0,0,0,0,0,0,0,0,2,23,0,0,193,0.0,0,0,1,0,0,2,0,1,0,0,0,0,0,0,0,0,0,2,26,43,33,178,0.7,7,1,1,0,0,1,1,1,0,0,0,0,0,0,0,0,0,2,27,18,27,91,-182.7,4,0,1,0,0,1,1,1,0,0,0,0,0,0,0,0,0,2,29,15,47,14,-19.7,4,1,1,0,0,1,1,0,0,0,0,0,0,0,0,0,0,2,30,0,4,48,0.0,0,0,1,0,0,2,0,1,0,0,0,0,0,0,0,0,0,2,33,42,59,249,0.6,7,1,1,0,0,1,1,1,0,0,0,0,0,0,0,0,0,3,6,41,69,222,-1.1,7,1,1,0,0,1,1,0,0,0,0,0,0,0,0,0,0,3,9,39,53,217,-0.9,7,1,1,0,0,1,1,0,0,0,0,0,0,0,0,0,0,3,13,23,61,358,-1.1,4,1,1,0,0,1,1,0,0,0,0,0,0,0,0,0,0,3,16,44,77,225,-0.4,7,1,1,0,0,1,1,0,0,0,0,0,0,0,0,0,0,3,23,47,67,116,-0.1,7,1,1,0,0,1,1,0,0,0,0,0,0,0,0,0,0,3,27,0,20,215,0.0,0,0,1,0,0,1,1,0,0,0,0,0,0,0,0,0,0,3,32,40,41,338,-0.1,7,1,1,0,0,1,1,0,0,0,0,0,0,0,0,0,0,3,38,45,70,64,0.3,7,1,1,0,0,1,1,0,0,0,0,0,0,0,0,0,0,3,39,43,83,264,1.2,7,1,1,0,0,1,1,0,0,0,0,0,0,0,0,0,0,5,2,35,26,135,-25.5,5,0,1,0,0,1,1,1,0,0,0,0,0,0,0,0,0,5,3,43,38,165,1.9,7,1,1,0,0,1,1,1,0,0,0,0,0,0,0,0,0,5,4,21,63,60,0.0,3,0,2,0,0,2,0,1,0,0,0,0,0,0,0,0,0,5,7,38,60,149,1.1,7,1,1,0,0,1,1,1,0,0,0,0,0,0,0,0,0,6,6,0,35,40,0.0,1,0,1,0,0,2,0,1,0,0,0,0,0,0,0,0,0,6,7,37,31,342,-3.3,7,1,1,0,0,1,1,1,0,0,0,0,0,0,0,0,0,6,8,0,3,301,0.0,0,0,1,0,0,2,0,1,0,0,0,0,0,0,0,0,0,6,9,47,60,121,1.0,7,1,1,0,0,1,1,1,0,0,0,0,0,0,0,0,0,6,10,34,28,177,6.1,7,1,1,0,0,1,1,1,0,0,0,0,0,0,0,0,0,6,16,21,30,43,-62.2,4,1,1,0,0,1,1,1,0,0,0,0,0,0,0,0,0,6,21,43,20,211,-6.0,7,1,1,0,0,1,1,1,0,0,0,0,0,0,0,0,0
94487000,1,46,0,0,10,41,43,334,1.0,5,1,1,1,0,1,1,0,0,0,1,0,0,0,1,0,1,0,12,21,33,103,-75.0,4,1,1,1,0,1,1,0,0,0,1,0,0,0,1,0,1,0,15,0,13,75,0.0,1,0,1,0,0,2,0,1,0,0,0,0,0,0,0,0,0,0,18,44,40,198,0.8,7,1,1,1,0,1,1,1,0,0,1,0,0,0,1,0,1,0,23,43,72,51,1.3,6,1,1,1,0,1,1,1,0,0,1,0,0,0,1,0,1,0,24,0,33,37,0.0,1,0,1,0,0,1,1,1,0,0,0,0,0,0,0,0,0,0,25,33,35,144,-43.0,5,0,1,0,0,1,1,0,0,0,0,0,0,0,0,0,0,0,28,40,27,227,1.5,6,1,1,0,0,1,1,0,0,0,0,0,0,0,0,0,0,0,32,39,31,301,0.2,5,1,1,1,0,1,1,0,0,0,1,0,0,0,1,0,1,1,127,0,21,258,0.0,0,0,0,0,0,2,0,1,0,0,0,0,0,0,0,0,0,1,128,40,46,238,0.0,7,0,0,0,0,2,1,1,0,0,0,0,0,0,0,0,0,1,129,42,53,229,0.0,7,0,1,0,0,2,1,1,0,0,0,0,0,0,0,0,0,1,137,40,60,149,0.0,7,0,0,0,0,2,1,1,0,0,0,0,0,0,0,0,0,2,4,0,1,265,0.0,0,0,1,0,0,2,0,1,0,0,0,0,0,0,0,0,0,2,7,18,12,60,0.0,3,0,1,0,0,2,0,1,0,0,0,0,0,0,0,0,0,2,12,32,25,313,-0.8,7,1,1,0,0,1,1,1,0,0,0,0,0,0,0,0,0,2,19,31,41,303,0.8,7,1,1,0,0,1,1,1,0,0,0,0,0,0,0,0,0,2,21,26,26,150,-26.1,4,0,1,0,0,1,1,1,0,0,0,0,0,0,0,0,0,2,23,0,0,193,0.0,0,0,1,0,0,2,0,1,0,0,0,0,0,0,0,0,0,2,26,41,33,178,0.7,7,1,1,0,0,1,1,1,0,0,0,0,0,0,0,0,0,2,27,17,27,91,-184.9,4,0,1,0,0,1,1,1,0,0,0,0,0,0,0,0,0,2,29,14,47,14,-23.3,4,0,1,0,0,1,1,0,0,0,0,0,0,0,0,0,0,2,30,0,4,48,0.0,0,0,1,0,0,2,0,1,0,0,0,0,0,0,0,0,0,2,33,40,59,249,0.7,7,1,1,0,0,1,1,1,0,0,0,0,0,0,0,0,0,3,6,40,69,222,-1.1,7,1,1,0,0,1,1,0,0,0,0,0,0,0,0,0,0,3,9,41,53,217,-0.9,7,1,1,0,0,1,1,0,0,0,0,0,0,0,0,0,0,3,13,22,61,358,-3.0,4,1,1,0,0,1,1,0,0,0,0,0,0,0,0,0,0,3,16,44,77,225,-0.5,7,1,1,0,0,1,1,0,0,0,0,0,0,0,0,0,0,3,23,46,67,116,-0.1,7,1,1,0,0,1,1,0,0,0,0,0,0,0,0,0,0,3,27,0,20,215,0.0,0,0,1,0,0,1,1,0,0,0,0,0,0,0,0,0,0,3,32,39,42,338,0.0,7,1,1,0,0,1,1,0,0,0,0,0,0,0,0,0,0,3,38,42,70,64,0.6,7,1,1,0,0,1,1,0,0,0,0,0,0,0,0,0,0,3,39,44,83,264,1.2,7,1,1,0,0,1,1,0,0,0,0,0,0,0,0,0,0,5,2,34,26,135,-26.6,5,1,1,0,0,1,1,1,0,0,0,0,0,0,0,0,0,5,3,44,38,165,1.8,7,1,1,0,0,1,1,1,0,0,0,0,0,0,0,0,0,5,4,19,63,60,0.0,3,0,2,0,0,2,0,1,0,0,0,0,0,0,0,0,0,5,7,37,60,149,1.1,7,1,1,0,0,1,1,1,0,0,0,0,0,0,0,0,0,6,6,0,35,40,0.0,1,0,1,0,0,2,0,1,0,0,0,0,0,0,0,0,0,6,7,39,31,342,-2.9,7,1,1,0,0,1,1,1,0,0,0,0,0,0,0,0,0,6,8,0,3,301,0.0,0,0,1,0,0,2,0,1,0,0,0,0,0,0,0,0,0,6,9,49,60,121,1.1,7,1,1,0,0,1,1,1,0,0,0,0,0,0,0,0,0,6,10,38,28,177,6.1,7,1,1,0,0,1,1,1,0,0,0,0,0,0,0,0,0,6,16,19,30,43,-64.9,4,0,1,0,0,1,1,1,0,0,0,0,0,0,0,0,0,6,21,46,20,211,-6.0,7,1,1,0,0,1,1,1,0,0,0,0,0,0,0,0,0,6,22,38,31,277,-3.0,4,1,1,0,0,1,1,1,0,0,0,0,0,0,0,0,0
94488000,1,46,0,0,10,44,43,334,1.4,6,1,1,1,0,1,1,0,0,0,1,0,0,0,1,0,1,0,12,20,33,103,-76.6,4,0,1,0,0,1,1,0,0,0,0,0,0,0,0,0,0,0,15,24,13,75,0.0,3,0,1,0,0,2,0,1,0,0,0,0,0,0,0,0,0,0,18,44,40,198,0.7,7,1,1,1,0,1,1,1,0,0,1,0,0,0,1,0,1,0,23,44,72,51,0.6,6,1,1,1,0,1,1,1,0,0,1,0,0,0,1,0,1,0,24,0,33,37,0.0,1,0,1,0,0,1,1,1,0,0,0,0,0,0,0,0,0,0,25,29,35,144,-38.7,6,0,1,0,0,1,1,0,0,0,0,0,0,0,0,0,0,0,28,42,27,227,1.2,6,1,1,0,0,1,1,0,0,0,0,0,0,0,0,0,0,0,32,31,31,301,-1.5,5,1,1,1,0,1,1,0,0,0,1,0,0,0,1,0,1,1,127,0,21,258,0.0,0,0,0,0,0,2,0,1,0,0,0,0,0,0,0,0,0,1,128,40,46,238,0.0,7,0,0,0,0,2,1,1,0,0,0,0,0,0,0,0,0,1,129,43,53,229,0.0,7,0,1,0,0,2,1,1,0,0,0,0,0,0,0,0,0,1,137,43,60,149,0.0,7,0,0,0,0,2,1,1,0,0,0,0,0,0,0,0,0,2,4,0,1,265,0.0,0,0,1,0,0,2,0,1,0,0,0,0,0,0,0,0,0,2,7,19,12,60,0.0,3,0,1,0,0,2,0,1,0,0,0,0,0,0,0,0,0,2,12,35,25,313,-1.4,7,1,1,0,0,1,1,1,0,0,0,0,0,0,0,0,0,2,19,31,41,303,0.6,7,1,1,0,0,1,1,1,0,0,0,0,0,0,0,0,0,2,21,31,26,150,-42.2,4,0,1,0,0,1,1,1,0,0,0,0,0,0,0,0,0,2,23,0,0,193,0.0,0,0,1,0,0,2,0,1,0,0,0,0,0,0,0,0,0,2,26,42,33,178,0.7,7,1,1,0,0,1,1,1,0,0,0,0,0,0,0,0,0,2,27,17,27,91,-187.9,4,0,1,0,0,1,1,1,0,0,0,0,0,0,0,0,0,2,29,14,47,14,-25.2,4,0,1,0,0,1,1,0,0,0,0,0,0,0,0,0,0,2,30,0,4,48,0.0,0,0,1,0,0,2,0,1,0,0,0,0,0,0,0,0,0,2,33,41,59,249,0.6,7,1,1,0,0,1,1,1,0,0,0,0,0,0,0,0,0,3,6,41,69,222,-1.1,7,1,1,0,0,1,1,0,0,0,0,0,0,0,0,0,0,3,9,42,53,217,-0.9,7,1,1,0,0,1,1,0,0,0,0,0,0,0,0,0,0,3,13,22,61,358,-1.3,4,1,1,0,0,1,1,0,0,0,0,0,0,0,0,0,0,3,16,43,77,225,-0.6,7,1,1,0,0,1,1,0,0,0,0,0,0,0,0,0,0,3,23,46,67,116,0.1,7,1,1,0,0,1,1,0,0,0,0,0,0,0,0,0,0,3,27,0,20,215,0.0,0,0,1,0,0,1,1,0,0,0,0,0,0,0,0,0,0,3,32,43,42,338,-0.2,7,1,1,0,0,1,1,0,0,0,0,0,0,0,0,0,0,3,38,43,70,65,0.6,7,1,1,0,0,1,1,0,0,0,0,0,0,0,0,0,0,3,39,45,83,264,1.2,7,1,1,0,0,1,1,0,0,0,0,0,0,0,0,0,0,5,2,28,26,135,-22.0,4,1,1,0,0,1,1,1,0,0,0,0,0,0,0,0,0,5,3,42,38,165,1.7,7,1,1,0,0,1,1,1,0,0,0,0,0,0,0,0,0,5,4,0,63,60,0.0,1,0,2,0,0,2,0,1,0,0,0,0,0,0,0,0,0,5,7,39,60,149,1.0,7,1,1,0,0,1,1,1,0,0,0,0,0,0,0,0,0,6,6,0,35,40,0.0,1,0,1,0,0,2,0,1,0,0,0,0,0,0,0,0,0,6,7,42,31,342,-2.1,7,1,1,0,0,1,1,1,0,0,0,0,0,0,0,0,0,6,8,0,3,301,0.0,0,0,1,0,0,2,0,1,0,0,0,0,0,0,0,0,0,6,9,47,60,121,1.1,7,1,1,0,0,1,1,1,0,0,0,0,0,0,0,0,0,6,10,37,28,177,6.1,7,1,1,0,0,1,1,1,0,0,0,0,0,0,0,0,0,6,16,20,30,43,-66.2,4,0,1,0,0,1,1,1,0,0,0,0,0,0,0,0,0,6,21,43,20,211,-5.9,7,1,1,0,0,1,1,1,0,0,0,0,0,0,0,0,0,6,22,35,31,277,0.4,6,1,1,0,0,1,1,1,0,0,0,0,0,0,0,0,0
94489000,1,46,0,0,10,38,43,334,1.8,7,1,1,1,0,1,1,0,0,0,1,0,0,0,1,0,1,0,12,21,33,103,-77.8,4,1,1,1,0,1,1,0,0,0,1,0,0,0,1,0,1,0,15,25,13,75,0.0,3,0,1,0,0,2,0,1,0,0,0,0,0,0,0,0,0,0,18,44,40,198,0.9,7,1,1,1,0,1,1,1,0,0,1,0,0,0,1,0,1,0,23,41,72,51,0.6,7,1,1,1,0,1,1,1,0,0,1,0,0,0,1,0,1,0,24,0,33,37,0.0,1,0,1,0,0,1,1,1,0,0,0,0,0,0,0,0,0,0,25,28,35,144,-40.4,4,0,1,0,0,1,1,0,0,0,0,0,0,0,0,0,0,0,28,41,27,227,1.6,7,1,1,0,0,1,1,0,0,0,0,0,0,0,0,0,0,0,32,33,31,301,-4.1,4,1,1,1,0,1,1,0,0,0,1,0,0,0,1,0,1,1,127,0,21,258,0.0,0,0,0,0,0,2,0,1,0,0,0,0,0,0,0,0,0,1,128,44,46,238,0.0,7,0,0,0,0,2,1,1,0,0,0,0,0,0,0,0,0,1,129,44,53,229,0.0,7,0,1,0,0,2,1,1,0,0,0,0,0,0,0,0,0,1,137,42,60,149,0.0,7,0,0,0,0,2,1,1,0,0,0,0,0,0,0,0,0,2,4,0,1,265,0.0,0,0,1,0,0,2,0,1,0,0,0,0,0,0,0,0,0,2,7,20,12,60,0.0,3,0,1,0,0,2,0,1,0,0,0,0,0,0,0,0,0,2,12,32,25,313,-0.8,7,1,1,0,0,1,1,1,0,0,0,0,0,0,0,0,0,2,19,30,41,303,-1.6,5,1,1,0,0,1,1,1,0,0,0,0,0,0,0,0,0,2,21,23,26,150,-40.8,4,0,1,0,0,1,1,1,0,0,0,0,0,0,0,0,0,2,23,0,0,193,0.0,0,0,1,0,0,2,0,1,0,0,0,0,0,0,0,0,0,2,26,39,33,178,1.1,7,1,1,0,0,1,1,1,0,0,0,0,0,0,0,0,0,2,27,15,27,91,-184.1,4,0,1,0,0,1,1,1,0,0,0,0,0,0,0,0,0,2,29,14,47,14,-25.5,4,1,1,0,0,1,1,0,0,0,0,0,0,0,0,0,0,2,30,0,4,48,0.0,0,0,1,0,0,2,0,1,0,0,0,0,0,0,0,0,0,2,33,41,59,249,0.6,7,1,1,0,0,1,1,1,0,0,0,0,0,0,0,0,0,3,6,39,69,222,-0.9,7,1,1,0,0,1,1,0,0,0,0,0,0,0,0,0,0,3,9,41,53,217,-0.8,7,1,1,0,0,1,1,0,0,0,0,0,0,0,0,0,0,3,13,23,61,358,-1.6,4,1,1,0,0,1,1,0,0,0,0,0,0,0,0,0,0,3,16,43,77,225,-0.4,7,1,1,0,0,1,1,0,0,0,0,0,0,0,0,0,0,3,23,43,67,116,0.1,7,1,1,0,0,1,1,0,0,0,0,0,0,0,0,0,0,3,27,0,20,215,0.0,0,0,1,0,0,1,1,0,0,0,0,0,0,0,0,0,0,3,32,45,42,338,-0.1,7,1,1,0,0,1,1,0,0,0,0,0,0,0,0,0,0,3,38,42,70,65,0.6,7,1,1,0,0,1,1,0,0,0,0,0,0,0,0,0,0,3,39,45,83,267,1.2,7,1,1,0,0,1,1,0,0,0,0,0,0,0,0,0,0,5,2,28,26,135,-27.2,4,1,1,0,0,1,1,1,0,0,0,0,0,0,0,0,0,5,3,40,38,165,1.7,7,1,1,0,0,1,1,1,0,0,0,0,0,0,0,0,0,5,4,0,63,60,0.0,1,0,2,0,0,2,0,1,0,0,0,0,0,0,0,0,0,5,7,39,60,149,1.1,7,1,1,0,0,1,1,1,0,0,0,0,0,0,0,0,0,6,6,0,35,40,0.0,1,0,1,0,0,2,0,1,0,0,0,0,0,0,0,0,0,6,7,44,31,342,-1.7,7,1,1,0,0,1,1,1,0,0,0,0,0,0,0,0,0,6,8,0,3,301,0.0,0,0,1,0,0,2,0,1,0,0,0,0,0,0,0,0,0,6,9,48,60,121,1.2,7,1,1,0,0,1,1,1,0,0,0,0,0,0,0,0,0,6,10,39,28,177,6.2,7,1,1,0,0,1,1,1,0,0,0,0,0,0,0,0,0,6,16,19,30,43,-67.0,4,1,1,0,0,1,1,1,0,0,0,0,0,0,0,0,0,6,21,42,20,211,-5.6,7,1,1,0,0,1,1,1,0,0,0,0,0,0,0,0,0,6,22,33,31,277,-10.0,5,1,1,0,0,1,1,1,0,0,0,0,0,0,0,0,0
94490000,1,46,0,0,10,38,43,334,2.0,7,1,1,1,0,1,1,0,0,0,1,0,0,0,1,0,1,0,12,21,33,103,-82.1,4,1,1,1,0,1,1,0,0,0,1,0,0,0,1,0,1,0,15,22,13,75,0.0,3,0,1,0,0,2,0,1,0,0,0,0,0,0,0,0,0,0,18,45,40,198,1.0,7,1,1,1,0,1,1,1,0,0,1,0,0,0,1,0,1,0,23,42,72,51,0.6,7,1,1,1,0,1,1,1,0,0,1,0,0,0,1,0,1,0,24,0,33,37,0.0,1,0,1,0,0,1,1,1,0,0,0,0,0,0,0,0,0,0,25,28,35,144,-40.2,5,0,1,0,0,1,1,0,0,0,0,0,0,0,0,0,0,0,28,38,27,227,1.3,7,1,1,0,0,1,1,0,0,0,0,0,0,0,0,0,0,0,32,34,31,301,-4.9,4,1,1,1,0,1,1,0,0,0,1,0,0,0,1,0,1,1,127,0,21,258,0.0,0,0,0,0,0,2,0,1,0,0,0,0,0,0,0,0,0,1,128,46,46,238,0.0,7,0,0,0,0,2,1,1,0,0,0,0,0,0,0,0,0,1,129,44,53,229,0.0,7,0,1,0,0,2,1,1,0,0,0,0,0,0,0,0,0,1,137,41,60,149,0.0,7,0,0,0,0,2,1,1,0,0,0,0,0,0,0,0,0,2,4,0,1,265,0.0,0,0,1,0,0,2,0,1,0,0,0,0,0,0,0,0,0,2,7,20,12,60,0.0,3,0,1,0,0,2,0,1,0,0,0,0,0,0,0,0,0,2,12,26,25,313,-0.8,4,1,1,0,0,1,1,1,0,0,0,0,0,0,0,0,0,2,19,33,41,303,-1.1,7,1,1,0,0,1,1,1,0,0,0,0,0,0,0,0,0,2,21,29,26,150,-35.7,5,1,1,0,0,1,1,1,0,0,0,0,0,0,0,0,0,2,23,0,0,193,0.0,0,0,1,0,0,2,0,1,0,0,0,0,0,0,0,0,0,2,26,39,33,178,0.7,7,1,1,0,0,1,1,1,0,0,0,0,0,0,0,0,0,2,27,17,27,91,-185.3,4,0,1,0,0,1,1,1,0,0,0,0,0,0,0,0,0,2,29,13,47,14,-26.3,4,0,1,0,0,1,1,0,0,0,0,0,0,0,0,0,0,2,30,0,4,48,0.0,0,0,1,0,0,2,0,1,0,0,0,0,0,0,0,0,0,2,33,42,59,249,0.5,7,1,1,0,0,1,1,1,0,0,0,0,0,0,0,0,0,3,6,40,69,222,-0.9,7,1,1,0,0,1,1,0,0,0,0,0,0,0,0,0,0,3,9,39,53,217,-0.9,7,1,1,0,0,1,1,0,0,0,0,0,0,0,0,0,0,3,13,22,61,358,-2.2,4,1,1,0,0,1,1,0,0,0,0,0,0,0,0,0,0,3,16,43,77,225,-0.3,7,1,1,0,0,1,1,0,0,0,0,0,0,0,0,0,0,3,23,44,67,116,0.0,7,1,1,0,0,1,1,0,0,0,0,0,0,0,0,0,0,3,27,0,20,215,0.0,0,0,1,0,0,1,1,0,0,0,0,0,0,0,0,0,0,3,32,43,42,338,-0.1,7,1,1,0,0,1,1,0,0,0,0,0,0,0,0,0,0,3,38,44,70,65,0.8,7,1,1,0,0,1,1,0,0,0,0,0,0,0,0,0,0,3,39,43,83,267,1.2,7,1,1,0,0,1,1,0,0,0,0,0,0,0,0,0,0,5,2,25,26,135,-31.1,4,0,1,0,0,1,1,1,0,0,0,0,0,0,0,0,0,5,3,40,38,165,1.7,7,1,1,0,0,1,1,1,0,0,0,0,0,0,0,0,0,5,4,0,63,60,0.0,1,0,2,0,0,2,0,1,0,0,0,0,0,0,0,0,0,5,7,37,60,149,0.9,7,1,1,0,0,1,1,1,0,0,0,0,0,0,0,0,0,6,6,0,35,40,0.0,1,0,1,0,0,2,0,1,0,0,0,0,0,0,0,0,0,6,7,40,31,342,-1.8,7,1,1,0,0,1,1,1,0,0,0,0,0,0,0,0,0,6,8,0,3,301,0.0,0,0,1,0,0,2,0,1,0,0,0,0,0,0,0,0,0,6,9,45,60,121,1.3,7,1,1,0,0,1,1,1,0,0,0,0,0,0,0,0,0,6,10,39,28,177,6.3,7,1,1,0,0,1,1,1,0,0,0,0,0,0,0,0,0,6,16,18,30,43,-66.6,4,0,1,0,0,1,1,1,0,0,0,0,0,0,0,0,0,6,21,46,20,211,-5.5,7,1,1,0,0,1,1,1,0,0,0,0,0,0,0,0,0,6,22,36,31,277,-10.5,6,1,1,0,0,1,1,1,0,0,0,0,0,0,0,0,0
94491000,1,46,0,0,10,44,43,334,1.4,7,1,1,1,0,1,1,0,0,0,1,0,0,0,1,0,1,0,12,20,33,103,-82.8,4,1,1,1,0,1,1,0,0,0,1,0,0,0,1,0,1,0,15,21,13,75,0.0,3,0,1,0,0,2,0,1,0,0,0,0,0,0,0,0,0,0,18,44,40,198,1.0,7,1,1,1,0,1,1,1,0,0,1,0,0,0,1,0,1,0,23,43,72,51,0.7,7,1,1,1,0,1,1,1,0,0,1,0,0,0,1,0,1,0,24,0,33,37,0.0,1,0,1,0,0,1,1,1,0,0,0,0,0,0,0,0,0,0,25,28,35,144,-33.6,4,1,1,1,0,1,1,0,0,0,1,0,0,0,1,0,1,0,28,42,27,227,1.3,7,1,1,0,0,1,1,0,0,0,0,0,0,0,0,0,0,0,32,30,31,301,-1.3,4,1,1,1,0,1,1,0,0,0,1,0,0,0,1,0,1,1,127,0,21,258,0.0,0,0,0,0,0,2,0,1,0,0,0,0,0,0,0,0,0,1,128,45,46,238,0.0,7,0,0,0,0,2,1,1,0,0,0,0,0,0,0,0,0,1,129,44,53,229,0.0,7,0,1,0,0,2,1,1,0,0,0,0,0,0,0,0,0,1,137,41,60,149,0.0,7,0,0,0,0,2,1,1,0,0,0,0,0,0,0,0,0,2,4,0,1,265,0.0,0,0,1,0,0,2,0,1,0,0,0,0,0,0,0,0,0,2,7,19,12,60,0.0,3,0,1,0,0,2,0,1,0,0,0,0,0,0,0,0,0,2,12,27,25,313,-2.2,4,1,1,0,0,1,1,1,0,0,0,0,0,0,0,0,0,2,19,33,41,303,1.6,7,1,1,0,0,1,1,1,0,0,0,0,0,0,0,0,0,2,21,33,26,150,-29.7,7,1,1,0,0,1,1,1,0,0,0,0,0,0,0,0,0,2,23,0,0,193,0.0,0,0,1,0,0,2,0,1,0,0,0,0,0,0,0,0,0,2,26,40,33,178,0.6,7,1,1,0,0,1,1,1,0,0,0,0,0,0,0,0,0,2,27,17,27,91,-186.7,4,0,1,0,0,1,1,1,0,0,0,0,0,0,0,0,0,2,29,13,47,14,-25.4,4,0,1,0,0,1,1,0,0,0,0,0,0,0,0,0,0,2,30,0,4,48,0.0,0,0,1,0,0,2,0,1,0,0,0,0,0,0,0,0,0,2,33,41,59,249,0.9,7,1,1,0,0,1,1,1,0,0,0,0,0,0,0,0,0,3,6,40,69,222,-0.8,7,1,1,0,0,1,1,0,0,0,0,0,0,0,0,0,0,3,9,42,53,217,-0.8,7,1,1,0,0,1,1,0,0,0,0,0,0,0,0,0,0,3,13,21,61,358,-3.7,4,1,1,0,0,1,1,0,0,0,0,0,0,0,0,0,0,3,16,42,77,225,-0.4,7,1,1,0,0,1,1,0,0,0,0,0,0,0,0,0,0,3,23,46,67,116,-0.1,7,1,1,0,0,1,1,0,0,0,0,0,0,0,0,0,0,3,27,0,20,215,0.0,0,0,1,0,0,1,1,0,0,0,0,0,0,0,0,0,0,3,32,43,42,338,0.2,7,1,1,0,0,1,1,0,0,0,0,0,0,0,0,0,0,3,38,42,70,65,0.9,7,1,1,0,0,1,1,0,0,0,0,0,0,0,0,0,0,3,39,43,83,267,1.1,7,1,1,0,0,1,1,0,0,0,0,0,0,0,0,0,0,5,2,25,26,135,-34.4,4,0,1,0,0,1,1,1,0,0,0,0,0,0,0,0,0,5,3,40,38,165,1.6,7,1,1,0,0,1,1,1,0,0,0,0,0,0,0,0,0,5,4,24,63,60,0.0,3,0,2,0,0,2,0,1,0,0,0,0,0,0,0,0,0,5,7,37,60,149,0.9,7,1,1,0,0,1,1,1,0,0,0,0,0,0,0,0,0,6,6,0,35,40,0.0,1,0,1,0,0,2,0,1,0,0,0,0,0,0,0,0,0,6,7,42,31,342,-1.7,7,1,1,0,0,1,1,1,0,0,0,0,0,0,0,0,0,6,8,0,3,301,0.0,0,0,1,0,0,2,0,1,0,0,0,0,0,0,0,0,0,6,9,46,60,121,1.2,7,1,1,0,0,1,1,1,0,0,0,0,0,0,0,0,0,6,10,39,28,177,6.4,7,1,1,0,0,1,1,1,0,0,0,0,0,0,0,0,0,6,16,18,30,43,-68.6,4,1,1,0,0,1,1,1,0,0,0,0,0,0,0,0,0,6,21,45,20,211,-5.6,7,1,1,0,0,1,1,1,0,0,0,0,0,0,0,0,0,6,22,38,31,277,-15.3,5,1,1,0,0,1,1,1,0,0,0,0,0,0,0,0,0
94492000,1,46,0,0,10,45,43,334,1.7,7,1,1,1,0,1,1,0,0,0,1,0,0,0,1,0,1,0,12,19,33,103,-83.0,4,1,1,1,0,1,1,0,0,0,1,0,0,0,1,0,1,0,15,22,13,75,0.0,4,0,1,0,0,2,0,1,0,0,0,0,0,0,0,0,0,0,18,44,40,198,1.0,7,1,1,1,0,1,1,1,0,0,1,0,0,0,1,0,1,0,23,43,72,51,0.5,7,1,1,1,0,1,1,1,0,0,1,0,0,0,1,0,1,0,24,25,33,37,0.0,3,0,1,0,0,1,1,1,0,0,0,0,0,0,0,0,0,0,25,17,35,144,-31.5,4,1,1,1,0,1,1,0,0,0,1,0,0,0,1,0,1,0,28,42,27,227,1.2,7,1,1,0,0,1,1,0,0,0,0,0,0,0,0,0,0,0,32,35,31,301,-8.4,5,1,1,1,0,1,1,0,0,0,1,0,0,0,1,0,1,1,127,0,21,258,0.0,0,0,0,0,0,2,0,1,0,0,0,0,0,0,0,0,0,1,128,43,46,238,0.0,7,0,0,0,0,2,1,1,0,0,0,0,0,0,0,0,0,1,129,45,53,229,0.0,7,0,1,0,0,2,1,1,0,0,0,0,0,0,0,0,0,1,137,42,60,149,0.0,7,0,0,0,0,2,1,1,0,0,0,0,0,0,0,0,0,2,4,0,1,265,0.0,0,0,1,0,0,2,0,1,0,0,0,0,0,0,0,0,0,2,7,18,12,60,0.0,3,0,1,0,0,2,0,1,0,0,0,0,0,0,0,0,0,2,12,28,25,313,-6.2,4,1,1,0,0,1,1,1,0,0,0,0,0,0,0,0,0,2,19,28,41,303,-2.8,4,1,1,0,0,1,1,1,0,0,0,0,0,0,0,0,0,2,21,32,26,150,-27.3,7,1,1,0,0,1,1,1,0,0,0,0,0,0,0,0,0,2,23,0,0,193,0.0,0,0,1,0,0,2,0,1,0,0,0,0,0,0,0,0,0,2,26,42,33,178,0.5,7,1,1,0,0,1,1,1,0,0,0,0,0,0,0,0,0,2,27,17,27,91,-187.8,4,0,1,0,0,1,1,1,0,0,0,0,0,0,0,0,0,2,29,11,47,14,-28.6,4,0,1,0,0,1,1,0,0,0,0,0,0,0,0,0,0,2,30,0,4,48,0.0,0,0,1,0,0,2,0,1,0,0,0,0,0,0,0,0,0,2,33,42,59,249,0.6,7,1,1,0,0,1,1,1,0,0,0,0,0,0,0,0,0,3,6,41,69,222,-0.9,7,1,1,0,0,1,1,0,0,0,0,0,0,0,0,0,0,3,9,40,53,217,-0.9,7,1,1,0,0,1,1,0,0,0,0,0,0,0,0,0,0,3,13,22,61,358,-5.4,4,1,1,0,0,1,1,0,0,0,0,0,0,0,0,0,0,3,16,44,77,225,-0.4,7,1,1,0,0,1,1,0,0,0,0,0,0,0,0,0,0,3,23,47,67,116,-0.1,7,1,1,0,0,1,1,0,0,0,0,0,0,0,0,0,0,3,27,0,20,215,0.0,0,0,1,0,0,1,1,0,0,0,0,0,0,0,0,0,0,3,32,44,42,338,0.2,7,1,1,0,0,1,1,0,0,0,0,0,0,0,0,0,0,3,38,42,70,65,0.9,7,1,1,0,0,1,1,0,0,0,0,0,0,0,0,0,0,3,39,43,83,267,1.1,7,1,1,0,0,1,1,0,0,0,0,0,0,0,0,0,0,5,2,26,26,135,-28.4,4,0,1,0,0,1,1,1,0,0,0,0,0,0,0,0,0,5,3,42,37,165,1.5,7,1,1,0,0,1,1,1,0,0,0,0,0,0,0,0,0,5,4,0,63,60,0.0,1,0,2,0,0,2,0,1,0,0,0,0,0,0,0,0,0,5,7,39,60,149,0.9,7,1,1,0,0,1,1,1,0,0,0,0,0,0,0,0,0,6,6,0,35,40,0.0,1,0,1,0,0,2,0,1,0,0,0,0,0,0,0,0,0,6,7,37,31,342,-2.0,7,1,1,0,0,1,1,1,0,0,0,0,0,0,0,0,0,6,8,0,3,301,0.0,0,0,1,0,0,2,0,1,0,0,0,0,0,0,0,0,0,6,9,47,60,121,1.1,7,1,1,0,0,1,1,1,0,0,0,0,0,0,0,0,0,6,10,39,28,177,6.4,7,1,1,0,0,1,1,1,0,0,0,0,0,0,0,0,0,6,16,19,30,43,-69.9,4,1,1,0,0,1,1,1,0,0,0,0,0,0,0,0,0,6,21,45,20,211,-5.7,7,1,1,0,0,1,1,1,0,0,0,0,0,0,0,0,0,6,22,35,31,277,-10.0,6,1,1,0,0,1,1,1,0,0,0,0,0,0,0,0,0
94493000,1,46,0,0,10,38,43,334,1.8,7,1,1,1,0,1,1,0,0,0,1,0,0,0,1,0,1,0,12,18,33,103,-87.3,4,1,1,1,0,1,1,0,0,0,1,0,0,0,1,0,1,0,15,23,13,75,0.0,3,0,1,0,0,2,0,1,0,0,0,0,0,0,0,0,0,0,18,44,40,198,0.9,7,1,1,1,0,1,1,1,0,0,1,0,0,0,1,0,1,0,23,43,72,51,0.3,7,1,1,1,0,1,1,1,0,0,1,0,0,0,1,0,1,0,24,22,33,37,0.0,3,0,1,0,0,1,1,1,0,0,0,0,0,0,0,0,0,0,25,28,35,144,-29.7,4,1,1,1,0,1,1,0,0,0,1,0,0,0,1,0,1,0,28,39,27,227,1.0,7,1,1,0,0,1,1,0,0,0,0,0,0,0,0,0,0,0,32,33,31,301,-11.4,5,1,1,1,0,1,1,0,0,0,1,0,0,0,1,0,1,1,127,0,21,258,0.0,0,0,0,0,0,2,0,1,0,0,0,0,0,0,0,0,0,1,128,45,46,238,0.0,7,0,0,0,0,2,1,1,0,0,0,0,0,0,0,0,0,1,129,43,53,229,0.0,7,0,1,0,0,2,1,1,0,0,0,0,0,0,0,0,0,1,137,43,60,149,0.0,7,0,0,0,0,2,1,1,0,0,0,0,0,0,0,0,0,2,4,0,1,265,0.0,0,0,1,0,0,2,0,1,0,0,0,0,0,0,0,0,0,2,7,16,12,60,0.0,3,0,1,0,0,2,0,1,0,0,0,0,0,0,0,0,0,2,12,28,25,313,-7.6,5,1,1,0,0,1,1,1,0,0,0,0,0,0,0,0,0,2,19,29,41,303,-0.3,5,1,1,0,0,1,1,1,0,0,0,0,0,0,0,0,0,2,21,35,26,150,-34.6,7,0,1,0,0,1,1,1,0,0,0,0,0,0,0,0,0,2,23,0,0,193,0.0,0,0,1,0,0,2,0,1,0,0,0,0,0,0,0,0,0,2,26,44,33,178,0.3,7,1,1,0,0,1,1,1,0,0,0,0,0,0,0,0,0,2,27,16,27,91,-186.2,4,0,1,0,0,1,1,1,0,0,0,0,0,0,0,0,0,2,29,12,47,14,-29.9,4,1,1,0,0,1,1,0,0,0,0,0,0,0,0,0,0,2,30,0,4,48,0.0,0,0,1,0,0,2,0,1,0,0,0,0,0,0,0,0,0,2,33,42,59,249,-0.2,7,1,1,0,0,1,1,1,0,0,0,0,0,0,0,0,0,3,6,40,69,222,-0.9,7,1,1,0,0,1,1,0,0,0,0,0,0,0,0,0,0,3,9,40,53,217,-0.9,7,1,1,0,0,1,1,0,0,0,0,0,0,0,0,0,0,3,13,22,61,358,-3.3,4,1,1,0,0,1,1,0,0,0,0,0,0,0,0,0,0,3,16,43,77,225,-0.3,7,1,1,0,0,1,1,0,0,0,0,0,0,0,0,0,0,3,23,47,67,116,-0.2,7,1,1,0,0,1,1,0,0,0,0,0,0,0,0,0,0,3,27,0,20,215,0.0,0,0,1,0,0,1,1,0,0,0,0,0,0,0,0,0,0,3,32,43,42,338,0.1,7,1,1,0,0,1,1,0,0,0,0,0,0,0,0,0,0,3,38,44,70,65,1.0,7,1,1,0,0,1,1,0,0,0,0,0,0,0,0,0,0,3,39,41,83,267,1.1,7,1,1,0,0,1,1,0,0,0,0,0,0,0,0,0,0,5,2,26,26,135,-30.0,4,0,1,0,0,1,1,1,0,0,0,0,0,0,0,0,0,5,3,41,37,165,1.4,7,1,1,0,0,1,1,1,0,0,0,0,0,0,0,0,0,5,4,0,63,60,0.0,1,0,2,0,0,2,0,1,0,0,0,0,0,0,0,0,0,5,7,39,60,149,0.8,7,1,1,0,0,1,1,1,0,0,0,0,0,0,0,0,0,6,6,0,35,40,0.0,1,0,1,0,0,2,0,1,0,0,0,0,0,0,0,0,0,6,7,32,31,342,-2.6,4,1,1,0,0,1,1,1,0,0,0,0,0,0,0,0,0,6,8,0,3,301,0.0,0,0,1,0,0,2,0,1,0,0,0,0,0,0,0,0,0,6,9,48,60,121,1.0,7,1,1,0,0,1,1,1,0,0,0,0,0,0,0,0,0,6,10,37,28,177,6.3,7,1,1,0,0,1,1,1,0,0,0,0,0,0,0,0,0,6,16,19,30,43,-71.3,4,1,1,0,0,1,1,1,0,0,0,0,0,0,0,0,0,6,21,45,20,211,-5.6,7,1,1,0,0,1,1,1,0,0,0,0,0,0,0,0,0,6,22,38,31,277,-6.0,7,1,1,0,0,1,1,1,0,0,0,0,0,0,0,0,0
94494000,1,46,0,0,10,41,43,334,1.6,7,1,1,1,0,1,1,0,0,0,1,0,0,0,1,0,1,0,12,19,33,103,-92.2,4,1,1,1,0,1,1,0,0,0,1,0,0,0,1,0,1,0,15,22,13,75,0.0,3,0,1,0,0,2,0,1,0,0,0,0,0,0,0,0,0,0,18,45,40,198,1.0,7,1,1,1,0,1,1,1,0,0,1,0,0,0,1,0,1,0,23,41,72,51,0.2,7,1,1,1,0,1,1,1,0,0,1,0,0,0,1,0,1,0,24,0,33,37,0.0,1,0,1,0,0,1,1,1,0,0,0,0,0,0,0,0,0,0,25,28,35,144,-31.8,4,1,1,1,0,1,1,0,0,0,1,0,0,0,1,0,1,0,28,41,27,227,0.9,7,1,1,0,0,1,1,0,0,0,0,0,0,0,0,0,0,0,32,38,31,301,-12.8,5,1,1,1,0,1,1,0,0,0,1,0,0,0,1,0,1,1,127,0,21,258,0.0,0,0,0,0,0,2,0,1,0,0,0,0,0,0,0,0,0,1,128,45,46,238,0.0,7,0,0,0,0,2,1,1,0,0,0,0,0,0,0,0,0,1,129,45,53,229,0.0,7,0,1,0,0,2,1,1,0,0,0,0,0,0,0,0,0,1,137,41,60,149,0.0,7,0,0,0,0,2,1,1,0,0,0,0,0,0,0,0,0,2,4,0,1,265,0.0,0,0,1,0,0,2,0,1,0,0,0,0,0,0,0,0,0,2,7,17,12,60,0.0,3,0,1,0,0,2,0,1,0,0,0,0,0,0,0,0,0,2,12,26,25,313,-11.3,4,1,1,0,0,1,1,1,0,0,0,0,0,0,0,0,0,2,19,21,41,303,-6.0,5,1,1,0,0,1,1,1,0,0,0,0,0,0,0,0,0,2,21,33,26,150,-39.1,7,1,1,0,0,1,1,1,0,0,0,0,0,0,0,0,0,2,23,0,0,193,0.0,0,0,1,0,0,2,0,1,0,0,0,0,0,0,0,0,0,2,26,44,33,178,0.4,7,1,1,0,0,1,1,1,0,0,0,0,0,0,0,0,0,2,27,18,27,91,-190.1,4,0,1,0,0,1,1,1,0,0,0,0,0,0,0,0,0,2,29,12,47,14,-35.0,4,0,1,0,0,1,1,0,0,0,0,0,0,0,0,0,0,2,30,0,4,48,0.0,0,0,1,0,0,2,0,1,0,0,0,0,0,0,0,0,0,2,33,42,59,249,0.3,7,1,1,0,0,1,1,1,0,0,0,0,0,0,0,0,0,3,6,42,69,222,-1.0,7,1,1,0,0,1,1,0,0,0,0,0,0,0,0,0,0,3,9,42,53,217,-0.8,7,1,1,0,0,1,1,0,0,0,0,0,0,0,0,0,0,3,13,21,61,358,-4.9,4,1,1,0,0,1,1,0,0,0,0,0,0,0,0,0,0,3,16,43,77,225,-0.5,7,1,1,0,0,1,1,0,0,0,0,0,0,0,0,0,0,3,23,46,67,116,-0.5,7,1,1,0,0,1,1,0,0,0,0,0,0,0,0,0,0,3,27,0,20,215,0.0,0,0,1,0,0,1,1,0,0,0,0,0,0,0,0,0,0,3,32,43,42,338,0.0,7,1,1,0,0,1,1,0,0,0,0,0,0,0,0,0,0,3,38,41,70,65,0.9,7,1,1,0,0,1,1,0,0,0,0,0,0,0,0,0,0,3,39,42,83,267,1.1,7,1,1,0,0,1,1,0,0,0,0,0,0,0,0,0,0,5,2,25,26,135,-33.1,4,0,1,0,0,1,1,1,0,0,0,0,0,0,0,0,0,5,3,44,37,165,1.5,7,1,1,0,0,1,1,1,0,0,0,0,0,0,0,0,0,5,4,0,63,60,0.0,1,0,2,0,0,2,0,1,0,0,0,0,0,0,0,0,0,5,7,38,60,149,0.9,7,1,1,0,0,1,1,1,0,0,0,0,0,0,0,0,0,6,6,0,35,40,0.0,0,0,1,0,0,2,0,1,0,0,0,0,0,0,0,0,0,6,7,37,31,342,-2.5,5,1,1,0,0,1,1,1,0,0,0,0,0,0,0,0,0,6,8,0,3,301,0.0,0,0,1,0,0,2,0,1,0,0,0,0,0,0,0,0,0,6,9,45,60,121,1.0,7,1,1,0,0,1,1,1,0,0,0,0,0,0,0,0,0,6,10,41,28,177,6.4,7,1,1,0,0,1,1,1,0,0,0,0,0,0,0,0,0,6,16,20,30,43,-73.9,4,1,1,0,0,1,1,1,0,0,0,0,0,0,0,0,0,6,21,46,20,211,-5.6,7,1,1,0,0,1,1,1,0,0,0,0,0,0,0,0,0,6,22,33,31,277,-3.8,4,1,1,0,0,1,1,1,0,0,0,0,0,0,0,0,0
94495000,1,46,0,0,10,41,43,334,1.3,7,1,1,1,0,1,1,0,0,0,1,0,0,0,1,0,1,0,12,19,33,103,-96.3,4,1,1,1,0,1,1,0,0,0,1,0,0,0,1,0,1,0,15,22,13,75,0.0,3,0,1,0,0,2,0,1,0,0,0,0,0,0,0,0,0,0,18,48,40,198,0.8,7,1,1,1,0,1,1,1,0,0,1,0,0,0,1,0,1,0,23,42,72,51,0.1,7,1,1,1,0,1,1,1,0,0,1,0,0,0,1,0,1,0,24,0,33,37,0.0,1,0,1,0,0,1,1,1,0,0,0,0,0,0,0,0,0,0,25,26,35,144,-31.2,4,0,1,0,0,1,1,0,0,0,0,0,0,0,0,0,0,0,28,43,27,227,0.7,7,1,1,0,0,1,1,0,0,0,0,0,0,0,0,0,0,0,32,35,31,301,-9.6,5,1,1,1,0,1,1,0,0,0,1,0,0,0,1,0,1,1,127,0,21,258,0.0,0,0,0,0,0,2,0,1,0,0,0,0,0,0,0,0,0,1,128,43,46,238,0.0,7,0,0,0,0,2,1,1,0,0,0,0,0,0,0,0,0,1,129,44,53,229,0.0,7,0,1,0,0,2,1,1,0,0,0,0,0,0,0,0,0,1,137,41,60,149,0.0,7,0,0,0,0,2,1,1,0,0,0,0,0,0,0,0,0,2,4,0,1,265,0.0,0,0,1,0,0,2,0,1,0,0,0,0,0,0,0,0,0,2,7,18,12,60,0.0,3,0,1,0,0,2,0,1,0,0,0,0,0,0,0,0,0,2,12,27,25,313,-7.1,4,1,1,0,0,1,1,1,0,0,0,0,0,0,0,0,0,2,19,27,41,303,-6.3,4,1,1,0,0,1,1,1,0,0,0,0,0,0,0,0,0,2,21,33,26,150,-43.4,7,1,1,0,0,1,1,1,0,0,0,0,0,0,0,0,0,2,23,0,0,193,0.0,0,0,1,0,0,2,0,1,0,0,0,0,0,0,0,0,0,2,26,41,33,178,0.1,7,1,1,0,0,1,1,1,0,0,0,0,0,0,0,0,0,2,27,17,27,91,-189.8,4,0,1,0,0,1,1,1,0,0,0,0,0,0,0,0,0,2,29,13,47,14,-39.6,4,0,1,0,0,1,1,0,0,0,0,0,0,0,0,0,0,2,30,0,4,48,0.0,0,0,1,0,0,2,0,1,0,0,0,0,0,0,0,0,0,2,33,43,59,249,-0.1,7,1,1,0,0,1,1,1,0,0,0,0,0,0,0,0,0,3,6,42,69,222,-1.1,7,1,1,0,0,1,1,0,0,0,0,0,0,0,0,0,0,3,9,39,53,217,-0.8,7,1,1,0,0,1,1,0,0,0,0,0,0,0,0,0,0,3,13,20,61,358,-5.9,4,1,1,0,0,1,1,0,0,0,0,0,0,0,0,0,0,3,16,41,77,225,-0.5,7,1,1,0,0,1,1,0,0,0,0,0,0,0,0,0,0,3,23,33,67,116,-0.5,7,1,1,0,0,1,1,0,0,0,0,0,0,0,0,0,0,3,27,0,20,215,0.0,0,0,1,0,0,1,1,0,0,0,0,0,0,0,0,0,0,3,32,42,42,338,-0.2,7,1,1,0,0,1,1,0,0,0,0,0,0,0,0,0,0,3,38,44,70,65,0.7,7,1,1,0,0,1,1,0,0,0,0,0,0,0,0,0,0,3,39,39,83,267,1.2,7,1,1,0,0,1,1,0,0,0,0,0,0,0,0,0,0,5,2,25,26,135,-38.6,4,1,1,0,0,1,1,1,0,0,0,0,0,0,0,0,0,5,3,44,37,165,1.3,7,1,1,0,0,1,1,1,0,0,0,0,0,0,0,0,0,5,4,27,63,60,0.0,3,0,2,0,0,2,0,1,0,0,0,0,0,0,0,0,0,5,7,37,60,149,0.8,7,1,1,0,0,1,1,1,0,0,0,0,0,0,0,0,0,6,6,0,35,40,0.0,1,0,1,0,0,2,0,1,0,0,0,0,0,0,0,0,0,6,7,38,31,342,-3.6,7,1,1,0,0,1,1,1,0,0,0,0,0,0,0,0,0,6,8,0,3,301,0.0,0,0,1,0,0,2,0,1,0,0,0,0,0,0,0,0,0,6,9,44,60,121,0.9,7,1,1,0,0,1,1,1,0,0,0,0,0,0,0,0,0,6,10,32,28,177,5.9,5,1,1,0,0,1,1,1,0,0,0,0,0,0,0,0,0,6,16,20,30,43,-74.9,4,1,1,0,0,1,1,1,0,0,0,0,0,0,0,0,0,6,21,43,20,211,-5.8,7,1,1,0,0,1,1,1,0,0,0,0,0,0,0,0,0,6,22,45,31,277,0.7,5,1,1,0,0,1,1,1,0,0,0,0,0,0,0,0,0
94496000,1,46,0,0,10,27,43,334,1.2,7,1,1,1,0,1,1,0,0,0,1,0,0,0,1,0,1,0,12,18,33,103,-95.3,4,1,1,1,0,1,1,0,0,0,1,0,0,0,1,0,1,0,15,0,13,75,0.0,1,0,1,0,0,2,0,1,0,0,0,0,0,0,0,0,0,0,18,44,40,198,0.7,7,1,1,1,0,1,1,1,0,0,1,0,0,0,1,0,1,0,23,44,72,51,0.1,7,1,1,1,0,1,1,1,0,0,1,0,0,0,1,0,1,0,24,0,33,37,0.0,1,0,1,0,0,1,1,1,0,0,0,0,0,0,0,0,0,0,25,27,35,144,-35.8,4,0,1,0,0,1,1,0,0,0,0,0,0,0,0,0,0,0,28,42,27,227,0.7,7,1,1,0,0,1,1,0,0,0,0,0,0,0,0,0,0,0,32,27,31,301,-8.3,5,1,1,1,0,1,1,0,0,0,1,0,0,0,1,0,1,1,127,0,21,258,0.0,0,0,0,0,0,2,0,1,0,0,0,0,0,0,0,0,0,1,128,40,46,238,0.0,7,0,0,0,0,2,1,1,0,0,0,0,0,0,0,0,0,1,129,46,53,229,0.0,7,0,1,0,0,2,1,1,0,0,0,0,0,0,0,0,0,1,137,40,60,149,0.0,7,0,0,0,0,2,1,1,0,0,0,0,0,0,0,0,0,2,4,0,1,265,0.0,0,0,1,0,0,2,0,1,0,0,0,0,0,0,0,0,0,2,7,19,12,60,0.0,3,0,1,0,0,2,0,1,0,0,0,0,0,0,0,0,0,2,12,26,25,313,-7.4,4,1,1,0,0,1,1,1,0,0,0,0,0,0,0,0,0,2,19,28,41,303,-6.0,5,1,1,0,0,1,1,1,0,0,0,0,0,0,0,0,0,2,21,33,26,150,-50.0,7,1,1,0,0,1,1,1,0,0,0,0,0,0,0,0,0,2,23,0,0,193,0.0,0,0,1,0,0,2,0,1,0,0,0,0,0,0,0,0,0,2,26,41,33,178,0.7,7,1,1,0,0,1,1,1,0,0,0,0,0,0,0,0,0,2,27,16,27,91,-188.5,4,0,1,0,0,1,1,1,0,0,0,0,0,0,0,0,0,2,29,19,47,14,0.0,3,0,1,0,0,1,1,0,0,0,0,0,0,0,0,0,0,2,30,0,4,48,0.0,0,0,1,0,0,2,0,1,0,0,0,0,0,0,0,0,0,2,33,43,59,249,-0.7,7,1,1,0,0,1,1,1,0,0,0,0,0,0,0,0,0,3,6,38,69,222,-1.1,7,1,1,0,0,1,1,0,0,0,0,0,0,0,0,0,0,3,9,42,53,217,-0.8,7,1,1,0,0,1,1,0,0,0,0,0,0,0,0,0,0,3,13,18,61,358,-8.2,4,1,1,0,0,1,1,0,0,0,0,0,0,0,0,0,0,3,16,39,77,225,-0.4,7,1,1,0,0,1,1,0,0,0,0,0,0,0,0,0,0,3,23,40,67,116,-0.6,7,1,1,0,0,1,1,0,0,0,0,0,0,0,0,0,0,3,27,0,20,215,0.0,0,0,1,0,0,1,1,0,0,0,0,0,0,0,0,0,0,3,32,32,42,338,-0.3,7,1,1,0,0,1,1,0,0,0,0,0,0,0,0,0,0,3,38,44,70,65,0.7,7,1,1,0,0,1,1,0,0,0,0,0,0,0,0,0,0,3,39,41,83,267,1.2,7,1,1,0,0,1,1,0,0,0,0,0,0,0,0,0,0,5,2,25,26,135,-46.3,4,1,1,0,0,1,1,1,0,0,0,0,0,0,0,0,0,5,3,45,37,165,1.4,7,1,1,0,0,1,1,1,0,0,0,0,0,0,0,0,0,5,4,0,63,60,0.0,1,0,2,0,0,2,0,1,0,0,0,0,0,0,0,0,0,5,7,37,60,149,0.9,7,1,1,0,0,1,1,1,0,0,0,0,0,0,0,0,0,6,6,0,35,40,0.0,1,0,1,0,0,2,0,1,0,0,0,0,0,0,0,0,0,6,7,30,31,342,-3.5,4,1,1,0,0,1,1,1,0,0,0,0,0,0,0,0,0,6,8,0,3,301,0.0,0,0,1,0,0,2,0,1,0,0,0,0,0,0,0,0,0,6,9,43,60,121,0.9,7,1,1,0,0,1,1,1,0,0,0,0,0,0,0,0,0,6,10,39,28,177,5.6,6,1,1,0,0,1,1,1,0,0,0,0,0,0,0,0,0,6,16,20,30,43,-75.2,4,1,1,0,0,1,1,1,0,0,0,0,0,0,0,0,0,6,21,46,20,211,-5.8,7,1,1,0,0,1,1,1,0,0,0,0,0,0,0,0,0,6,22,42,31,277,3.7,6,1,1,0,0,1,1,1,0,0,0,0,0,0,0,0,0
94497000,1,46,0,0,10,35,43,334,4.2,5,1,1,1,0,1,1,0,0,0,1,0,0,0,1,0,1,0,12,18,33,103,-96.4,4,1,1,1,0,1,1,0,0,0,1,0,0,0,1,0,1,0,15,0,13,75,0.0,1,0,1,0,0,2,0,1,0,0,0,0,0,0,0,0,0,0,18,43,40,198,0.7,7,1,1,1,0,1,1,1,0,0,1,0,0,0,1,0,1,0,23,39,72,51,0.0,7,1,1,1,0,1,1,1,0,0,1,0,0,0,1,0,1,0,24,21,33,37,-122.6,3,0,1,0,0,1,1,1,0,0,0,0,0,0,0,0,0,0,25,24,35,144,-39.2,4,1,1,1,0,1,1,0,0,0,1,0,0,0,1,0,1,0,28,42,27,227,0.7,7,1,1,0,0,1,1,0,0,0,0,0,0,0,0,0,0,0,32,41,31,301,-4.6,5,1,1,1,0,1,1,0,0,0,1,0,0,0,1,0,1,1,127,0,21,258,0.0,0,0,0,0,0,2,0,1,0,0,0,0,0,0,0,0,0,1,128,43,46,238,0.0,7,0,0,0,0,2,1,1,0,0,0,0,0,0,0,0,0,1,129,42,53,229,0.0,7,0,1,0,0,2,1,1,0,0,0,0,0,0,0,0,0,1,137,37,60,149,0.0,7,0,0,0,0,2,1,1,0,0,0,0,0,0,0,0,0,2,4,0,1,265,0.0,0,0,1,0,0,2,0,1,0,0,0,0,0,0,0,0,0,2,7,18,12,60,0.0,3,0,1,0,0,2,0,1,0,0,0,0,0,0,0,0,0,2,12,24,25,313,4.0,4,1,1,0,0,1,1,1,0,0,0,0,0,0,0,0,0,2,19,36,41,303,-6.0,7,1,1,0,0,1,1,1,0,0,0,0,0,0,0,0,0,2,21,24,26,150,-51.5,4,1,1,0,0,1,1,1,0,0,0,0,0,0,0,0,0,2,23,0,0,193,0.0,0,0,1,0,0,2,0,1,0,0,0,0,0,0,0,0,0,2,26,41,33,178,0.8,7,1,1,0,0,1,1,1,0,0,0,0,0,0,0,0,0,2,27,15,27,91,-187.9,4,0,1,0,0,1,1,1,0,0,0,0,0,0,0,0,0,2,29,17,47,14,0.0,3,0,1,0,0,1,1,0,0,0,0,0,0,0,0,0,0,2,30,0,4,48,0.0,0,0,1,0,0,2,0,1,0,0,0,0,0,0,0,0,0,2,33,43,59,249,-0.6,7,1,1,0,0,1,1,1,0,0,0,0,0,0,0,0,0,3,6,40,69,222,-1.1,7,1,1,0,0,1,1,0,0,0,0,0,0,0,0,0,0,3,9,39,53,217,-0.8,7,1,1,0,0,1,1,0,0,0,0,0,0,0,0,0,0,3,13,19,61,358,-10.5,4,1,1,0,0,1,1,0,0,0,0,0,0,0,0,0,0,3,16,39,77,225,-0.6,7,1,1,0,0,1,1,0,0,0,0,0,0,0,0,0,0,3,23,43,67,116,-0.6,7,1,1,0,0,1,1,0,0,0,0,0,0,0,0,0,0,3,27,0,20,215,0.0,0,0,1,0,0,1,1,0,0,0,0,0,0,0,0,0,0,3,32,39,42,338,-0.1,7,1,1,0,0,1,1,0,0,0,0,0,0,0,0,0,0,3,38,39,70,65,0.8,7,1,1,0,0,1,1,0,0,0,0,0,0,0,0,0,0,3,39,39,83,267,1.4,7,1,1,0,0,1,1,0,0,0,0,0,0,0,0,0,0,5,2,23,26,135,-52.5,4,0,1,0,0,1,1,1,0,0,0,0,0,0,0,0,0,5,3,38,37,165,1.4,7,1,1,0,0,1,1,1,0,0,0,0,0,0,0,0,0,5,4,0,63,60,0.0,1,0,2,0,0,2,0,1,0,0,0,0,0,0,0,0,0,5,7,32,60,149,1.0,7,1,1,0,0,1,1,1,0,0,0,0,0,0,0,0,0,6,6,0,35,40,0.0,1,0,1,0,0,2,0,1,0,0,0,0,0,0,0,0,0,6,7,33,31,342,-2.3,5,1,1,0,0,1,1,1,0,0,0,0,0,0,0,0,0,6,8,0,3,301,0.0,0,0,1,0,0,2,0,1,0,0,0,0,0,0,0,0,0,6,9,42,60,121,0.9,7,1,1,0,0,1,1,1,0,0,0,0,0,0,0,0,0,6,10,37,28,177,3.4,7,1,1,0,0,1,1,1,0,0,0,0,0,0,0,0,0,6,16,19,30,43,-74.2,4,1,1,0,0,1,1,1,0,0,0,0,0,0,0,0,0,6,21,47,20,211,-5.8,7,1,1,0,0,1,1,1,0,0,0,0,0,0,0,0,0,6,22,45,31,277,1.0,7,1,1,0,0,1,1,1,0,0,0,0,0,0,0,0,0
94498000,1,48,0,0,10,39,43,334,3.5,6,1,1,1,0,1,1,0,0,0,1,0,0,0,1,0,1,0,11,0,-91,0,0.0,1,0,0,0,0,0,0,0,0,0,0,0,0,0,0,0,0,0,12,19,33,103,-93.2,4,1,1,1,0,1,1,0,0,0,1,0,0,0,1,0,1,0,15,0,13,75,0.0,1,0,1,0,0,2,0,1,0,0,0,0,0,0,0,0,0,0,18,42,40,198,0.8,7,1,1,1,0,1,1,1,0,0,1,0,0,0,1,0,1,0,23,41,72,51,-0.1,7,1,1,1,0,1,1,1,0,0,1,0,0,0,1,0,1,0,24,20,33,37,-123.9,3,0,1,0,0,1,1,1,0,0,0,0,0,0,0,0,0,0,25,23,35,144,-28.1,4,1,1,1,0,1,1,0,0,0,1,0,0,0,1,0,1,0,26,0,-91,0,0.0,1,0,1,0,0,0,0,0,0,0,0,0,0,0,0,0,0,0,28,42,27,227,0.5,7,1,1,0,0,1,1,0,0,0,0,0,0,0,0,0,0,0,32,42,31,301,-1.8,6,1,1,1,0,1,1,0,0,0,1,0,0,0,1,0,1,1,127,0,21,258,0.0,0,0,0,0,0,2,0,1,0,0,0,0,0,0,0,0,0,1,128,45,46,238,0.0,7,0,0,0,0,2,1,1,0,0,0,0,0,0,0,0,0,1,129,42,53,229,0.0,7,0,1,0,0,2,1,1,0,0,0,0,0,0,0,0,0,1,137,38,60,149,0.0,7,0,0,0,0,2,1,1,0,0,0,0,0,0,0,0,0,2,4,0,1,265,0.0,0,0,1,0,0,2,0,1,0,0,0,0,0,0,0,0,0,2,7,21,12,60,0.0,3,0,1,0,0,2,0,1,0,0,0,0,0,0,0,0,0,2,12,33,25,313,-2.8,4,1,1,0,0,1,1,1,0,0,0,0,0,0,0,0,0,2,19,33,41,303,-0.3,7,1,1,0,0,1,1,1,0,0,0,0,0,0,0,0,0,2,21,27,26,150,-45.1,5,1,1,0,0,1,1,1,0,0,0,0,0,0,0,0,0,2,23,0,0,193,0.0,0,0,1,0,0,2,0,1,0,0,0,0,0,0,0,0,0,2,26,40,33,178,0.5,7,1,1,0,0,1,1,1,0,0,0,0,0,0,0,0,0,2,27,15,27,91,-187.5,4,0,1,0,0,1,1,1,0,0,0,0,0,0,0,0,0,2,29,15,47,14,0.0,3,0,1,0,0,1,1,0,0,0,0,0,0,0,0,0,0,2,30,0,4,48,0.0,0,0,1,0,0,2,0,1,0,0,0,0,0,0,0,0,0,2,33,40,59,249,1.0,7,1,1,0,0,1,1,1,0,0,0,0,0,0,0,0,0,3,6,41,69,222,-1.3,7,1,1,0,0,1,1,0,0,0,0,0,0,0,0,0,0,3,9,38,53,217,-0.8,7,1,1,0,0,1,1,0,0,0,0,0,0,0,0,0,0,3,13,19,61,358,-10.8,4,1,1,0,0,1,1,0,0,0,0,0,0,0,0,0,0,3,16,43,77,225,-0.8,7,1,1,0,0,1,1,0,0,0,0,0,0,0,0,0,0,3,23,42,67,116,-1.0,7,1,1,0,0,1,1,0,0,0,0,0,0,0,0,0,0,3,27,0,20,215,0.0,0,0,1,0,0,1,1,0,0,0,0,0,0,0,0,0,0,3,32,38,42,338,-0.3,7,1,1,0,0,1,1,0,0,0,0,0,0,0,0,0,0,3,38,41,70,65,0.7,7,1,1,0,0,1,1,0,0,0,0,0,0,0,0,0,0,3,39,43,83,267,1.3,7,1,1,0,0,1,1,0,0,0,0,0,0,0,0,0,0,5,2,21,26,135,-60.0,4,1,1,0,0,1,1,1,0,0,0,0,0,0,0,0,0,5,3,38,37,165,1.3,7,1,1,0,0,1,1,1,0,0,0,0,0,0,0,0,0,5,4,0,63,60,0.0,1,0,2,0,0,2,0,1,0,0,0,0,0,0,0,0,0,5,7,34,60,149,0.9,7,1,1,0,0,1,1,1,0,0,0,0,0,0,0,0,0,6,6,0,35,40,0.0,1,0,1,0,0,2,0,1,0,0,0,0,0,0,0,0,0,6,7,27,31,342,1.8,6,1,1,0,0,1,1,1,0,0,0,0,0,0,0,0,0,6,8,0,3,301,0.0,0,0,1,0,0,2,0,1,0,0,0,0,0,0,0,0,0,6,9,40,60,121,0.8,7,1,1,0,0,1,1,1,0,0,0,0,0,0,0,0,0,6,10,37,28,177,0.8,7,1,1,0,0,1,1,1,0,0,0,0,0,0,0,0,0,6,16,20,30,43,-76.1,4,1,1,0,0,1,1,1,0,0,0,0,0,0,0,0,0
94499000,1,48,0,0,10,41,43,334,-1.4,6,1,1,1,0,1,1,0,0,0,1,0,0,0,1,0,1,0,11,0,-91,0,0.0,1,0,0,0,0,0,0,0,0,0,0,0,0,0,0,0,0,0,12,22,33,103,-99.8,4,1,1,1,0,1,1,0,0,0,1,0,0,0,1,0,1,0,15,0,13,75,0.0,1,0,1,0,0,2,0,1,0,0,0,0,0,0,0,0,0,0,18,42,40,198,0.7,7,1,1,1,0,1,1,1,0,0,1,0,0,0,1,0,1,0,23,40,72,51,-0.1,7,1,1,1,0,1,1,1,0,0,1,0,0,0,1,0,1,0,24,19,33,37,-109.8,3,0,1,0,0,1,1,1,0,0,0,0,0,0,0,0,0,0,25,23,35,144,-25.7,4,1,1,1,0,1,1,0,0,0,1,0,0,0,1,0,1,0,26,0,-91,0,0.0,1,0,1,0,0,0,0,0,0,0,0,0,0,0,0,0,0,0,28,43,27,227,0.4,7,1,1,0,0,1,1,0,0,0,0,0,0,0,0,0,0,0,32,45,31,301,-1.8,6,1,1,1,0,1,1,0,0,0,1,0,0,0,1,0,1,1,127,0,21,258,0.0,0,0,0,0,0,2,0,1,0,0,0,0,0,0,0,0,0,1,128,43,46,238,0.0,7,0,0,0,0,2,1,1,0,0,0,0,0,0,0,0,0,1,129,45,53,229,0.0,7,0,1,0,0,2,1,1,0,0,0,0,0,0,0,0,0,1,137,38,60,149,0.0,7,0,0,0,0,2,1,1,0,0,0,0,0,0,0,0,0,2,4,0,1,265,0.0,0,0,1,0,0,2,0,1,0,0,0,0,0,0,0,0,0,2,7,21,12,60,0.0,3,0,1,0,0,2,0,1,0,0,0,0,0,0,0,0,0,2,12,36,25,313,0.2,5,1,1,0,0,1,1,1,0,0,0,0,0,0,0,0,0,2,19,41,41,303,-0.8,7,1,1,0,0,1,1,1,0,0,0,0,0,0,0,0,0,2,21,28,26,150,-45.6,7,1,1,0,0,1,1,1,0,0,0,0,0,0,0,0,0,2,23,0,0,193,0.0,0,0,1,0,0,2,0,1,0,0,0,0,0,0,0,0,0,2,26,42,33,178,0.5,7,1,1,0,0,1,1,1,0,0,0,0,0,0,0,0,0,2,27,14,27,91,-187.8,4,0,1,0,0,1,1,1,0,0,0,0,0,0,0,0,0,2,29,17,47,14,0.0,3,0,1,0,0,1,1,0,0,0,0,0,0,0,0,0,0,2,30,0,4,48,0.0,0,0,1,0,0,2,0,1,0,0,0,0,0,0,0,0,0,2,33,43,59,249,0.7,7,1,1,0,0,1,1,1,0,0,0,0,0,0,0,0,0,3,6,42,69,222,-1.2,7,1,1,0,0,1,1,0,0,0,0,0,0,0,0,0,0,3,9,43,53,217,-0.9,7,1,1,0,0,1,1,0,0,0,0,0,0,0,0,0,0,3,13,20,61,358,-12.1,4,1,1,0,0,1,1,0,0,0,0,0,0,0,0,0,0,3,16,43,77,225,-0.5,7,1,1,0,0,1,1,0,0,0,0,0,0,0,0,0,0,3,23,43,67,116,-0.7,7,1,1,0,0,1,1,0,0,0,0,0,0,0,0,0,0,3,27,0,20,215,0.0,0,0,1,0,0,1,1,0,0,0,0,0,0,0,0,0,0,3,32,42,42,338,-0.2,7,1,1,0,0,1,1,0,0,0,0,0,0,0,0,0,0,3,38,38,70,65,0.8,7,1,1,0,0,1,1,0,0,0,0,0,0,0,0,0,0,3,39,42,83,267,1.3,7,1,1,0,0,1,1,0,0,0,0,0,0,0,0,0,0,5,2,25,26,135,-73.6,3,0,1,0,0,1,1,1,0,0,0,0,0,0,0,0,0,5,3,42,37,165,1.3,7,1,1,0,0,1,1,1,0,0,0,0,0,0,0,0,0,5,4,0,63,60,0.0,1,0,2,0,0,2,0,1,0,0,0,0,0,0,0,0,0,5,7,34,60,149,1.5,5,1,1,0,0,1,1,1,0,0,0,0,0,0,0,0,0,6,6,0,35,40,0.0,1,0,1,0,0,2,0,1,0,0,0,0,0,0,0,0,0,6,7,40,31,342,-2.4,5,1,1,0,0,1,1,1,0,0,0,0,0,0,0,0,0,6,8,0,3,301,0.0,0,0,1,0,0,2,0,1,0,0,0,0,0,0,0,0,0,6,9,41,60,121,0.6,7,1,1,0,0,1,1,1,0,0,0,0,0,0,0,0,0,6,10,37,28,177,-0.8,7,1,1,0,0,1,1,1,0,0,0,0,0,0,0,0,0,6,16,19,30,43,-79.9,4,1,1,0,0,1,1,1,0,0,0,0,0,0,0,0,0
94500000,1,47,0,0,10,46,43,334,1.3,6,1,1,1,0,1,1,0,0,0,1,0,0,0,1,0,1,0,12,21,33,103,-103.4,4,1,1,1,0,1,1,0,0,0,1,0,0,0,1,0,1,0,15,27,13,75,0.0,3,0,1,0,0,2,0,1,0,0,0,0,0,0,0,0,0,0,18,45,40,198,0.7,7,1,1,1,0,1,1,1,0,0,1,0,0,0,1,0,1,0,23,42,72,51,0.0,7,1,1,1,0,1,1,1,0,0,1,0,0,0,1,0,1,0,24,19,33,37,-83.3,3,0,1,0,0,1,1,1,0,0,0,0,0,0,0,0,0,0,25,22,35,144,-32.3,4,1,1,1,0,1,1,0,0,0,1,0,0,0,1,0,1,0,26,0,-91,0,0.0,1,0,1,0,0,0,0,0,0,0,0,0,0,0,0,0,0,0,28,38,27,227,0.5,7,1,1,0,0,1,1,0,0,0,0,0,0,0,0,0,0,0,32,47,31,301,-1.2,6,1,1,1,0,1,1,0,0,0,1,0,0,0,1,0,1,1,127,0,21,258,0.0,0,0,0,0,0,2,0,1,0,0,0,0,0,0,0,0,0,1,128,44,46,238,0.0,7,0,0,0,0,2,1,1,0,0,0,0,0,0,0,0,0,1,129,44,53,229,0.0,7,0,1,0,0,2,1,1,0,0,0,0,0,0,0,0,0,1,137,40,60,149,0.0,7,0,0,0,0,2,1,1,0,0,0,0,0,0,0,0,0,2,4,0,1,265,0.0,0,0,1,0,0,2,0,1,0,0,0,0,0,0,0,0,0,2,7,23,12,60,0.0,3,0,1,0,0,2,0,1,0,0,0,0,0,0,0,0,0,2,12,36,25,313,-3.0,7,1,1,0,0,1,1,1,0,0,0,0,0,0,0,0,0,2,19,39,41,303,0.2,7,1,1,0,0,1,1,1,0,0,0,0,0,0,0,0,0,2,21,35,26,150,-45.3,7,0,1,0,0,1,1,1,0,0,0,0,0,0,0,0,0,2,23,0,0,193,0.0,0,0,1,0,0,2,0,1,0,0,0,0,0,0,0,0,0,2,26,36,33,178,0.6,7,1,1,0,0,1,1,1,0,0,0,0,0,0,0,0,0,2,27,15,27,91,-188.0,4,0,1,0,0,1,1,1,0,0,0,0,0,0,0,0,0,2,29,17,47,14,0.0,3,0,1,0,0,1,1,0,0,0,0,0,0,0,0,0,0,2,30,0,4,48,0.0,0,0,1,0,0,2,0,1,0,0,0,0,0,0,0,0,0,2,33,46,59,249,0.4,7,1,1,0,0,1,1,1,0,0,0,0,0,0,0,0,0,3,6,43,69,222,-1.1,7,1,1,0,0,1,1,0,0,0,0,0,0,0,0,0,0,3,9,42,53,217,-0.9,7,1,1,0,0,1,1,0,0,0,0,0,0,0,0,0,0,3,13,20,61,358,-11.0,4,1,1,0,0,1,1,0,0,0,0,0,0,0,0,0,0,3,16,43,77,225,-0.5,7,1,1,0,0,1,1,0,0,0,0,0,0,0,0,0,0,3,23,43,67,116,-0.6,7,1,1,0,0,1,1,0,0,0,0,0,0,0,0,0,0,3,27,0,20,215,0.0,0,0,1,0,0,1,1,0,0,0,0,0,0,0,0,0,0,3,32,45,42,338,0.0,7,1,1,0,0,1,1,0,0,0,0,0,0,0,0,0,0,3,38,42,70,65,0.9,7,1,1,0,0,1,1,0,0,0,0,0,0,0,0,0,0,3,39,43,83,267,1.5,7,1,1,0,0,1,1,0,0,0,0,0,0,0,0,0,0,5,2,25,26,135,-148.1,3,0,1,0,0,1,1,1,0,0,0,0,0,0,0,0,0,5,3,36,37,165,1.2,7,1,1,0,0,1,1,1,0,0,0,0,0,0,0,0,0,5,4,0,63,60,0.0,1,0,2,0,0,2,0,1,0,0,0,0,0,0,0,0,0,5,7,37,60,149,4.5,5,1,1,0,0,1,1,1,0,0,0,0,0,0,0,0,0,6,6,0,35,41,0.0,1,0,1,0,0,2,0,1,0,0,0,0,0,0,0,0,0,6,7,48,31,342,-3.1,6,1,1,0,0,1,1,1,0,0,0,0,0,0,0,0,0,6,8,0,3,301,0.0,0,0,1,0,0,2,0,1,0,0,0,0,0,0,0,0,0,6,9,40,60,121,0.6,7,1,1,0,0,1,1,1,0,0,0,0,0,0,0,0,0,6,10,35,28,177,-0.6,7,1,1,0,0,1,1,1,0,0,0,0,0,0,0,0,0,6,16,19,30,43,-81.4,4,1,1,0,0,1,1,1,0,0,0,0,0,0,0,0,0,6,21,44,20,211,-6.0,7,1,1,0,0,1,1,1,0,0,0,0,0,0,0,0,0
94501000,1,47,0,0,10,47,43,334,0.8,5,1,1,1,0,1,1,0,0,0,1,0,0,0,1,0,1,0,12,20,33,103,-105.3,4,1,1,1,0,1,1,0,0,0,1,0,0,0,1,0,1,0,15,24,13,75,0.0,3,0,1,0,0,2,0,1,0,0,0,0,0,0,0,0,0,0,18,41,40,198,0.4,5,1,1,1,0,1,1,1,0,0,1,0,0,0,1,0,1,0,23,39,72,51,-0.2,5,1,1,1,0,1,1,1,0,0,1,0,0,0,1,0,1,0,24,0,33,37,0.0,1,0,1,0,0,1,1,1,0,0,0,0,0,0,0,0,0,0,25,29,35,144,-33.9,4,0,1,0,0,1,1,0,0,0,0,0,0,0,0,0,0,0,26,0,-91,0,0.0,1,0,1,0,0,0,0,0,0,0,0,0,0,0,0,0,0,0,28,44,27,227,0.4,5,1,1,0,0,1,1,0,0,0,0,0,0,0,0,0,0,0,32,42,31,301,0.5,5,1,1,1,0,1,1,0,0,0,1,0,0,0,1,0,1,1,127,0,21,258,0.0,0,0,0,0,0,2,0,1,0,0,0,0,0,0,0,0,0,1,128,42,46,238,0.0,5,0,0,0,0,2,1,1,0,0,0,0,0,0,0,0,0,1,129,43,53,229,0.0,5,0,1,0,0,2,1,1,0,0,0,0,0,0,0,0,0,1,137,41,60,149,0.0,5,0,0,0,0,2,1,1,0,0,0,0,0,0,0,0,0,2,4,0,1,265,0.0,0,0,1,0,0,2,0,1,0,0,0,0,0,0,0,0,0,2,7,24,12,60,0.0,3,0,1,0,0,2,0,1,0,0,0,0,0,0,0,0,0,2,12,36,25,313,1.1,4,1,1,0,0,1,1,1,0,0,0,0,0,0,0,0,0,2,19,34,41,303,0.9,5,1,1,0,0,1,1,1,0,0,0,0,0,0,0,0,0,2,21,35,26,150,-42.9,5,0,1,0,0,1,1,1,0,0,0,0,0,0,0,0,0,2,23,0,0,193,0.0,0,0,1,0,0,2,0,1,0,0,0,0,0,0,0,0,0,2,26,29,33,178,-0.7,4,1,1,0,0,1,1,1,0,0,0,0,0,0,0,0,0,2,27,16,27,91,-189.4,4,0,1,0,0,1,1,1,0,0,0,0,0,0,0,0,0,2,29,15,47,14,0.0,3,0,1,0,0,1,1,0,0,0,0,0,0,0,0,0,0,2,30,0,4,48,0.0,0,0,1,0,0,2,0,1,0,0,0,0,0,0,0,0,0,2,33,45,59,249,0.0,5,1,1,0,0,1,1,1,0,0,0,0,0,0,0,0,0,3,6,42,69,222,-1.6,5,1,1,0,0,1,1,0,0,0,0,0,0,0,0,0,0,3,9,39,53,217,-1.4,5,1,1,0,0,1,1,0,0,0,0,0,0,0,0,0,0,3,13,18,61,358,-12.2,4,1,1,0,0,1,1,0,0,0,0,0,0,0,0,0,0,3,16,39,77,225,-0.5,5,1,1,0,0,1,1,0,0,0,0,0,0,0,0,0,0,3,23,44,67,116,-0.8,5,1,1,0,0,1,1,0,0,0,0,0,0,0,0,0,0,3,27,0,20,215,0.0,0,0,1,0,0,1,1,0,0,0,0,0,0,0,0,0,0,3,32,43,42,338,-0.3,5,1,1,0,0,1,1,0,0,0,0,0,0,0,0,0,0,3,38,41,70,65,0.8,5,1,1,0,0,1,1,0,0,0,0,0,0,0,0,0,0,3,39,42,83,267,1.0,5,1,1,0,0,1,1,0,0,0,0,0,0,0,0,0,0,5,2,24,26,135,-124.0,3,0,1,0,0,1,1,1,0,0,0,0,0,0,0,0,0,5,3,41,37,165,1.2,5,1,1,0,0,1,1,1,0,0,0,0,0,0,0,0,0,5,4,0,63,60,0.0,1,0,2,0,0,2,0,1,0,0,0,0,0,0,0,0,0,5,7,38,60,149,0.5,5,1,1,0,0,1,1,1,0,0,0,0,0,0,0,0,0,6,6,0,35,41,0.0,1,0,1,0,0,2,0,1,0,0,0,0,0,0,0,0,0,6,7,46,32,343,-1.6,5,1,1,0,0,1,1,1,0,0,0,0,0,0,0,0,0,6,8,0,3,301,0.0,0,0,1,0,0,2,0,1,0,0,0,0,0,0,0,0,0,6,9,43,60,121,0.4,5,1,1,0,0,1,1,1,0,0,0,0,0,0,0,0,0,6,10,25,28,177,-1.3,4,1,1,0,0,1,1,1,0,0,0,0,0,0,0,0,0,6,16,20,30,43,-83.0,4,1,1,0,0,1,1,1,0,0,0,0,0,0,0,0,0,6,21,37,20,211,-6.0,5,1,1,0,0,1,1,1,0,0,0,0,0,0,0,0,0
94502000,1,46,0,0,10,47,43,334,1.4,6,1,1,1,0,1,1,0,0,0,1,0,0,0,1,0,1,0,12,20,33,103,-113.0,4,0,1,0,0,1,1,0,0,0,0,0,0,0,0,0,0,0,15,22,13,75,0.0,3,0,1,0,0,2,0,1,0,0,0,0,0,0,0,0,0,0,18,45,40,198,0.9,6,1,1,1,0,1,1,1,0,0,1,0,0,0,1,0,1,0,23,44,72,51,0.2,6,1,1,1,0,1,1,1,0,0,1,0,0,0,1,0,1,0,24,0,33,37,0.0,1,0,1,0,0,1,1,1,0,0,0,0,0,0,0,0,0,0,25,28,35,144,-33.8,4,1,1,1,0,1,1,0,0,0,1,0,0,0,1,0,1,0,28,41,27,227,0.7,6,1,1,0,0,1,1,0,0,0,0,0,0,0,0,0,0,0,32,42,31,301,-0.9,6,1,1,1,0,1,1,0,0,0,1,0,0,0,1,0,1,1,127,0,21,258,0.0,0,0,0,0,0,2,0,1,0,0,0,0,0,0,0,0,0,1,128,43,46,238,0.0,6,0,0,0,0,2,1,1,0,0,0,0,0,0,0,0,0,1,129,42,53,229,0.0,6,0,1,0,0,2,1,1,0,0,0,0,0,0,0,0,0,1,137,40,60,149,0.0,6,0,0,0,0,2,1,1,0,0,0,0,0,0,0,0,0,2,4,0,1,265,0.0,0,0,1,0,0,2,0,1,0,0,0,0,0,0,0,0,0,2,7,25,12,60,0.0,3,0,1,0,0,2,0,1,0,0,0,0,0,0,0,0,0,2,12,36,25,313,-2.1,5,1,1,0,0,1,1,1,0,0,0,0,0,0,0,0,0,2,19,39,41,303,0.2,5,1,1,0,0,1,1,1,0,0,0,0,0,0,0,0,0,2,21,26,26,150,-40.3,4,0,1,0,0,1,1,1,0,0,0,0,0,0,0,0,0,2,23,0,0,193,0.0,0,0,1,0,0,2,0,1,0,0,0,0,0,0,0,0,0,2,26,38,33,178,2.4,5,1,1,0,0,1,1,1,0,0,0,0,0,0,0,0,0,2,27,18,27,91,-185.1,4,0,1,0,0,1,1,1,0,0,0,0,0,0,0,0,0,2,29,12,47,14,0.0,3,0,1,0,0,1,1,0,0,0,0,0,0,0,0,0,0,2,30,0,4,48,0.0,0,0,1,0,0,2,0,1,0,0,0,0,0,0,0,0,0,2,33,43,59,249,0.9,5,1,1,0,0,1,1,1,0,0,0,0,0,0,0,0,0,3,6,40,69,222,-1.1,6,1,1,0,0,1,1,0,0,0,0,0,0,0,0,0,0,3,9,42,53,217,-0.9,6,1,1,0,0,1,1,0,0,0,0,0,0,0,0,0,0,3,13,20,61,358,-10.3,4,1,1,0,0,1,1,0,0,0,0,0,0,0,0,0,0,3,16,42,77,225,0.1,6,1,1,0,0,1,1,0,0,0,0,0,0,0,0,0,0,3,23,44,67,116,-0.4,6,1,1,0,0,1,1,0,0,0,0,0,0,0,0,0,0,3,27,0,20,215,0.0,0,0,1,0,0,1,1,0,0,0,0,0,0,0,0,0,0,3,32,46,42,338,0.1,5,1,1,0,0,1,1,0,0,0,0,0,0,0,0,0,0,3,38,44,70,65,1.1,6,1,1,0,0,1,1,0,0,0,0,0,0,0,0,0,0,3,39,44,83,267,1.6,6,1,1,0,0,1,1,0,0,0,0,0,0,0,0,0,0,5,2,23,26,135,0.0,3,0,1,0,0,1,1,1,0,0,0,0,0,0,0,0,0,5,3,42,37,165,1.6,6,1,1,0,0,1,1,1,0,0,0,0,0,0,0,0,0,5,4,25,63,60,0.0,3,0,2,0,0,2,0,1,0,0,0,0,0,0,0,0,0,5,7,36,60,149,1.2,5,1,1,0,0,1,1,1,0,0,0,0,0,0,0,0,0,6,6,0,35,41,0.0,0,0,1,0,0,2,0,1,0,0,0,0,0,0,0,0,0,6,7,45,32,343,-1.3,6,1,1,0,0,1,1,1,0,0,0,0,0,0,0,0,0,6,8,0,3,302,0.0,0,0,1,0,0,2,0,1,0,0,0,0,0,0,0,0,0,6,9,43,60,121,0.8,6,1,1,0,0,1,1,1,0,0,0,0,0,0,0,0,0,6,10,32,28,177,3.3,5,1,1,0,0,1,1,1,0,0,0,0,0,0,0,0,0,6,16,21,30,43,-82.4,4,1,1,0,0,1,1,1,0,0,0,0,0,0,0,0,0,6,21,49,20,211,-5.6,6,1,1,0,0,1,1,1,0,0,0,0,0,0,0,0,0,6,22,39,31,277,4.8,6,1,1,0,0,1,1,1,0,0,0,0,0,0,0,0,0
94503000,1,46,0,0,10,42,43,334,2.1,6,1,1,1,0,1,1,0,0,0,1,0,0,0,1,0,1,0,12,22,33,103,-112.7,4,1,1,1,0,1,1,0,0,0,1,0,0,0,1,0,1,0,15,23,13,75,0.0,3,0,1,0,0,2,0,1,0,0,0,0,0,0,0,0,0,0,18,44,40,198,1.3,4,1,1,1,0,1,1,1,0,0,1,0,0,0,1,0,1,0,23,44,72,51,0.6,4,1,1,1,0,1,1,1,0,0,1,0,0,0,1,0,1,0,24,0,33,37,0.0,1,0,1,0,0,1,1,1,0,0,0,0,0,0,0,0,0,0,25,25,35,144,-30.7,4,1,1,1,0,1,1,0,0,0,1,0,0,0,1,0,1,0,28,43,27,227,1.1,4,1,1,0,0,1,1,0,0,0,0,0,0,0,0,0,0,0,32,42,31,301,0.2,6,1,1,1,0,1,1,0,0,0,1,0,0,0,1,0,1,1,127,0,21,258,0.0,0,0,0,0,0,2,0,1,0,0,0,0,0,0,0,0,0,1,128,43,46,238,0.0,4,0,0,0,0,2,1,1,0,0,0,0,0,0,0,0,0,1,129,40,53,229,0.0,4,0,1,0,0,2,1,1,0,0,0,0,0,0,0,0,0,1,137,39,60,149,0.0,4,0,0,0,0,2,1,1,0,0,0,0,0,0,0,0,0,2,4,0,1,265,0.0,0,0,1,0,0,2,0,1,0,0,0,0,0,0,0,0,0,2,7,25,12,60,0.0,4,0,1,0,0,2,0,1,0,0,0,0,0,0,0,0,0,2,12,37,25,313,-0.4,4,1,1,0,0,1,1,1,0,0,0,0,0,0,0,0,0,2,19,37,41,303,1.1,4,1,1,0,0,1,1,1,0,0,0,0,0,0,0,0,0,2,21,19,26,150,-49.6,4,0,1,0,0,1,1,1,0,0,0,0,0,0,0,0,0,2,23,0,0,193,0.0,0,0,1,0,0,2,0,1,0,0,0,0,0,0,0,0,0,2,26,40,33,178,-0.9,4,1,1,0,0,1,1,1,0,0,0,0,0,0,0,0,0,2,27,16,27,91,-182.3,4,0,1,0,0,1,1,1,0,0,0,0,0,0,0,0,0,2,29,12,47,14,0.0,3,0,1,0,0,1,1,0,0,0,0,0,0,0,0,0,0,2,30,0,4,48,0.0,0,0,1,0,0,2,0,1,0,0,0,0,0,0,0,0,0,2,33,44,59,249,1.1,4,1,1,0,0,1,1,1,0,0,0,0,0,0,0,0,0,3,6,43,69,222,-0.6,4,1,1,0,0,1,1,0,0,0,0,0,0,0,0,0,0,3,9,39,53,217,-0.4,4,1,1,0,0,1,1,0,0,0,0,0,0,0,0,0,0,3,13,19,61,358,-10.3,4,1,1,0,0,1,1,0,0,0,0,0,0,0,0,0,0,3,16,41,77,225,0.4,4,1,1,0,0,1,1,0,0,0,0,0,0,0,0,0,0,3,23,43,67,116,0.1,4,1,1,0,0,1,1,0,0,0,0,0,0,0,0,0,0,3,27,0,20,215,0.0,0,0,1,0,0,1,1,0,0,0,0,0,0,0,0,0,0,3,32,42,42,338,0.5,4,1,1,0,0,1,1,0,0,0,0,0,0,0,0,0,0,3,38,45,70,65,1.6,4,0,1,0,0,1,1,0,0,0,0,0,0,0,0,0,0,3,39,42,83,267,2.0,4,0,1,0,0,1,1,0,0,0,0,0,0,0,0,0,0,5,2,24,26,135,-92.6,4,1,1,0,0,1,1,1,0,0,0,0,0,0,0,0,0,5,3,43,37,165,2.0,4,1,1,0,0,1,1,1,0,0,0,0,0,0,0,0,0,5,4,23,63,60,0.0,3,0,2,0,0,2,0,1,0,0,0,0,0,0,0,0,0,5,7,35,60,149,0.9,4,1,1,0,0,1,1,1,0,0,0,0,0,0,0,0,0,6,6,0,35,41,0.0,1,0,1,0,0,2,0,1,0,0,0,0,0,0,0,0,0,6,7,44,32,343,-2.0,4,1,1,0,0,1,1,1,0,0,0,0,0,0,0,0,0,6,8,0,3,302,0.0,0,0,1,0,0,2,0,1,0,0,0,0,0,0,0,0,0,6,9,43,60,119,1.2,4,1,1,0,0,1,1,1,0,0,0,0,0,0,0,0,0,6,10,35,28,177,4.3,5,1,1,0,0,1,1,1,0,0,0,0,0,0,0,0,0,6,16,21,30,43,-84.1,4,0,1,0,0,1,1,1,0,0,0,0,0,0,0,0,0,6,21,47,20,211,-5.1,4,1,1,0,0,1,1,1,0,0,0,0,0,0,0,0,0,6,22,43,31,277,5.2,6,1,1,0,0,1,1,1,0,0,0,0,0,0,0,0,0
94504000,1,46,0,0,10,45,43,334,2.4,4,0,1,0,0,1,1,0,0,0,0,0,0,0,0,0,0,0,12,21,33,103,-113.2,4,0,1,0,0,1,1,0,0,0,0,0,0,0,0,0,0,0,15,23,13,75,0.0,4,0,1,0,0,2,0,1,0,0,0,0,0,0,0,0,0,0,18,44,40,198,1.4,4,0,1,0,0,1,1,1,0,0,0,0,0,0,0,0,0,0,23,42,72,51,0.9,4,0,1,0,0,1,1,1,0,0,0,0,0,0,0,0,0,0,24,23,33,37,155.1,3,0,1,0,0,1,1,1,0,0,0,0,0,0,0,0,0,0,25,26,35,144,-27.7,4,0,1,0,0,1,1,0,0,0,0,0,0,0,0,0,0,0,28,43,27,227,1.4,4,1,1,0,0,1,1,0,0,0,0,0,0,0,0,0,0,0,32,43,31,301,0.8,4,1,1,1,0,1,1,0,0,0,1,0,0,0,1,0,1,1,127,0,21,258,0.0,0,0,0,0,0,2,0,1,0,0,0,0,0,0,0,0,0,1,128,45,46,238,0.0,4,0,0,0,0,2,1,1,0,0,0,0,0,0,0,0,0,1,129,41,53,229,0.0,4,0,1,0,0,2,1,1,0,0,0,0,0,0,0,0,0,1,137,41,60,149,0.0,4,0,0,0,0,2,1,1,0,0,0,0,0,0,0,0,0,2,4,0,1,265,0.0,0,0,1,0,0,2,0,1,0,0,0,0,0,0,0,0,0,2,7,25,12,60,0.0,4,0,1,0,0,2,0,1,0,0,0,0,0,0,0,0,0,2,12,35,25,313,3.0,4,1,1,0,0,1,1,1,0,0,0,0,0,0,0,0,0,2,19,37,41,303,1.6,4,1,1,0,0,1,1,1,0,0,0,0,0,0,0,0,0,2,21,28,26,150,-39.1,4,0,1,0,0,1,1,1,0,0,0,0,0,0,0,0,0,2,23,0,0,193,0.0,0,0,1,0,0,2,0,1,0,0,0,0,0,0,0,0,0,2,26,41,33,178,6.3,4,0,1,0,0,1,1,1,0,0,0,0,0,0,0,0,0,2,27,17,27,91,-173.7,4,0,1,0,0,1,1,1,0,0,0,0,0,0,0,0,0,2,29,11,47,14,0.0,3,0,1,0,0,1,1,0,0,0,0,0,0,0,0,0,0,2,30,0,4,48,0.0,0,0,1,0,0,2,0,1,0,0,0,0,0,0,0,0,0,2,33,42,59,249,1.8,4,1,1,0,0,1,1,1,0,0,0,0,0,0,0,0,0,3,6,41,69,222,-0.4,4,1,1,0,0,1,1,0,0,0,0,0,0,0,0,0,0,3,9,41,53,217,-0.3,4,1,1,0,0,1,1,0,0,0,0,0,0,0,0,0,0,3,13,21,61,358,-9.3,4,1,1,0,0,1,1,0,0,0,0,0,0,0,0,0,0,3,16,44,77,225,0.5,4,1,1,0,0,1,1,0,0,0,0,0,0,0,0,0,0,3,23,41,67,116,0.1,4,1,1,0,0,1,1,0,0,0,0,0,0,0,0,0,0,3,27,0,20,215,0.0,0,0,1,0,0,1,1,0,0,0,0,0,0,0,0,0,0,3,32,45,42,338,0.9,4,1,1,0,0,1,1,0,0,0,0,0,0,0,0,0,0,3,38,42,70,65,1.8,4,0,1,0,0,1,1,0,0,0,0,0,0,0,0,0,0,3,39,43,83,267,2.5,4,0,1,0,0,1,1,0,0,0,0,0,0,0,0,0,0,5,2,24,26,135,-102.5,4,0,1,0,0,1,1,1,0,0,0,0,0,0,0,0,0,5,3,40,37,165,2.1,4,1,1,0,0,1,1,1,0,0,0,0,0,0,0,0,0,5,4,21,63,60,0.0,3,0,2,0,0,2,0,1,0,0,0,0,0,0,0,0,0,5,7,37,60,149,0.2,4,1,1,0,0,1,1,1,0,0,0,0,0,0,0,0,0,6,6,0,35,41,0.0,1,0,1,0,0,2,0,1,0,0,0,0,0,0,0,0,0,6,7,44,32,343,-1.0,4,1,1,0,0,1,1,1,0,0,0,0,0,0,0,0,0,6,8,0,3,302,0.0,0,0,1,0,0,2,0,1,0,0,0,0,0,0,0,0,0,6,9,42,60,119,1.2,4,1,1,0,0,1,1,1,0,0,0,0,0,0,0,0,0,6,10,39,28,177,6.2,4,0,1,0,0,1,1,1,0,0,0,0,0,0,0,0,0,6,16,20,30,43,-86.7,4,0,1,0,0,1,1,1,0,0,0,0,0,0,0,0,0,6,21,47,20,211,-4.8,4,1,1,0,0,1,1,1,0,0,0,0,0,0,0,0,0,6,22,43,31,277,5.5,4,0,1,0,0,1,1,1,0,0,0,0,0,0,0,0,0
94505000,1,48,0,0,1,0,-91,0,0.0,1,0,1,0,0,0,0,0,0,0,0,0,0,0,0,0,0,0,10,45,43,334,2.3,5,1,1,1,0,1,1,0,0,0,1,0,0,0,1,0,1,0,12,26,33,103,-122.8,3,0,1,0,0,1,1,0,0,0,0,0,0,0,0,0,0,0,15,23,13,75,0.0,4,0,1,0,0,2,0,1,0,0,0,0,0,0,0,0,0,0,18,41,40,198,1.5,5,1,1,1,0,1,1,1,0,0,1,0,0,0,1,0,1,0,23,42,72,51,1.0,5,1,1,1,0,1,1,1,0,0,1,0,0,0,1,0,1,0,24,0,33,37,0.0,1,0,1,0,0,1,1,1,0,0,0,0,0,0,0,0,0,0,25,32,35,144,-24.7,5,1,1,1,0,1,1,0,0,0,1,0,0,0,1,0,1,0,28,44,27,227,1.5,5,1,1,0,0,1,1,0,0,0,0,0,0,0,0,0,0,0,31,0,-91,0,0.0,1,0,1,0,0,0,0,0,0,0,0,0,0,0,0,0,0,0,32,42,31,301,0.8,5,1,1,1,0,1,1,0,0,0,1,0,0,0,1,0,1,1,127,0,21,258,0.0,0,0,0,0,0,2,0,1,0,0,0,0,0,0,0,0,0,1,128,44,46,238,0.0,5,0,0,0,0,2,1,1,0,0,0,0,0,0,0,0,0,1,129,45,53,229,0.0,5,0,1,0,0,2,1,1,0,0,0,0,0,0,0,0,0,1,137,39,60,149,0.0,5,0,0,0,0,2,1,1,0,0,0,0,0,0,0,0,0,2,4,0,1,265,0.0,0,0,1,0,0,2,0,1,0,0,0,0,0,0,0,0,0,2,7,26,12,60,0.0,4,0,1,0,0,2,0,1,0,0,0,0,0,0,0,0,0,2,12,32,25,313,-0.3,5,1,1,0,0,1,1,1,0,0,0,0,0,0,0,0,0,2,19,38,41,303,1.5,5,1,1,0,0,1,1,1,0,0,0,0,0,0,0,0,0,2,21,32,26,150,-52.9,5,1,1,0,0,1,1,1,0,0,0,0,0,0,0,0,0,2,23,0,0,193,0.0,0,0,1,0,0,2,0,1,0,0,0,0,0,0,0,0,0,2,26,42,33,178,2.6,5,1,1,0,0,1,1,1,0,0,0,0,0,0,0,0,0,2,27,19,27,91,-171.4,4,0,1,0,0,1,1,1,0,0,0,0,0,0,0,0,0,2,29,11,47,14,-73.4,4,0,1,0,0,1,1,0,0,0,0,0,0,0,0,0,0,2,30,0,4,48,0.0,0,0,1,0,0,2,0,1,0,0,0,0,0,0,0,0,0,2,33,44,59,249,1.3,5,1,1,0,0,1,1,1,0,0,0,0,0,0,0,0,0,3,6,41,69,222,-0.2,5,1,1,0,0,1,1,0,0,0,0,0,0,0,0,0,0,3,9,37,53,217,-0.1,5,1,1,0,0,1,1,0,0,0,0,0,0,0,0,0,0,3,13,23,61,358,-9.4,4,1,1,0,0,1,1,0,0,0,0,0,0,0,0,0,0,3,16,43,77,225,0.9,5,1,1,0,0,1,1,0,0,0,0,0,0,0,0,0,0,3,23,38,67,116,0.4,5,1,1,0,0,1,1,0,0,0,0,0,0,0,0,0,0,3,27,0,20,215,0.0,0,0,1,0,0,1,1,0,0,0,0,0,0,0,0,0,0,3,32,43,42,338,0.9,5,1,1,0,0,1,1,0,0,0,0,0,0,0,0,0,0,3,38,43,70,65,1.9,5,1,1,0,0,1,1,0,0,0,0,0,0,0,0,0,0,3,39,44,83,267,2.5,5,1,1,0,0,1,1,0,0,0,0,0,0,0,0,0,0,5,2,24,26,135,-98.3,4,1,1,0,0,1,1,1,0,0,0,0,0,0,0,0,0,5,3,41,37,165,2.2,5,1,1,0,0,1,1,1,0,0,0,0,0,0,0,0,0,5,4,0,63,60,0.0,1,0,2,0,0,2,0,1,0,0,0,0,0,0,0,0,0,5,7,35,60,149,2.6,5,1,1,0,0,1,1,1,0,0,0,0,0,0,0,0,0,6,6,0,35,41,0.0,1,0,1,0,0,2,0,1,0,0,0,0,0,0,0,0,0,6,7,46,32,343,-0.2,5,1,1,0,0,1,1,1,0,0,0,0,0,0,0,0,0,6,8,0,3,302,0.0,0,0,1,0,0,2,0,1,0,0,0,0,0,0,0,0,0,6,9,39,60,119,1.3,5,1,1,0,0,1,1,1,0,0,0,0,0,0,0,0,0,6,10,37,28,177,4.7,5,1,1,0,0,1,1,1,0,0,0,0,0,0,0,0,0,6,16,20,30,43,-87.3,4,0,1,0,0,1,1,1,0,0,0,0,0,0,0,0,0
94506000,1,48,0,0,1,0,-91,0,0.0,1,0,1,0,0,0,0,0,0,0,0,0,0,0,0,0,0,0,10,42,43,334,2.0,6,1,1,1,0,1,1,0,0,0,1,0,0,0,1,0,1,0,12,25,33,103,-99.1,3,0,1,0,0,1,1,0,0,0,0,0,0,0,0,0,0,0,15,22,13,75,0.0,4,0,1,0,0,2,0,1,0,0,0,0,0,0,0,0,0,0,18,45,40,198,1.4,6,1,1,1,0,1,1,1,0,0,1,0,0,0,1,0,1,0,23,42,72,51,1.0,6,1,1,1,0,1,1,1,0,0,1,0,0,0,1,0,1,0,24,18,33,37,0.0,3,0,1,0,0,1,1,1,0,0,0,0,0,0,0,0,0,0,25,32,35,144,-11.2,5,1,1,1,0,1,1,0,0,0,1,0,0,0,1,0,1,0,28,44,27,227,1.4,6,1,1,0,0,1,1,0,0,0,0,0,0,0,0,0,0,0,31,0,-91,0,0.0,1,0,1,0,0,0,0,0,0,0,0,0,0,0,0,0,0,0,32,37,31,301,0.7,6,1,1,1,0,1,1,0,0,0,1,0,0,0,1,0,1,1,127,0,21,258,0.0,0,0,0,0,0,2,0,1,0,0,0,0,0,0,0,0,0,1,128,44,46,238,0.0,6,0,0,0,0,2,1,1,0,0,0,0,0,0,0,0,0,1,129,46,53,229,0.0,6,0,1,0,0,2,1,1,0,0,0,0,0,0,0,0,0,1,137,39,60,149,0.0,6,0,0,0,0,2,1,1,0,0,0,0,0,0,0,0,0,2,4,0,1,265,0.0,0,0,1,0,0,2,0,1,0,0,0,0,0,0,0,0,0,2,7,31,12,60,0.0,5,0,1,0,0,2,0,1,0,0,0,0,0,0,0,0,0,2,12,31,25,313,-7.1,4,1,1,0,0,1,1,1,0,0,0,0,0,0,0,0,0,2,19,37,41,303,1.1,7,1,1,0,0,1,1,1,0,0,0,0,0,0,0,0,0,2,21,28,26,150,-50.9,4,1,1,0,0,1,1,1,0,0,0,0,0,0,0,0,0,2,23,0,0,193,0.0,0,0,1,0,0,2,0,1,0,0,0,0,0,0,0,0,0,2,26,40,33,178,-1.3,7,1,1,0,0,1,1,1,0,0,0,0,0,0,0,0,0,2,27,18,27,91,-172.1,4,0,1,0,0,1,1,1,0,0,0,0,0,0,0,0,0,2,29,10,47,14,-70.6,4,1,1,0,0,1,1,0,0,0,0,0,0,0,0,0,0,2,30,0,4,48,0.0,0,0,1,0,0,2,0,1,0,0,0,0,0,0,0,0,0,2,33,41,59,249,1.7,7,1,1,0,0,1,1,1,0,0,0,0,0,0,0,0,0,3,6,38,69,222,-0.4,6,1,1,0,0,1,1,0,0,0,0,0,0,0,0,0,0,3,9,40,53,217,-0.2,6,1,1,0,0,1,1,0,0,0,0,0,0,0,0,0,0,3,13,33,61,358,-2.8,5,1,1,0,0,1,1,0,0,0,0,0,0,0,0,0,0,3,16,41,77,225,0.9,6,1,1,0,0,1,1,0,0,0,0,0,0,0,0,0,0,3,23,42,67,116,0.3,6,1,1,0,0,1,1,0,0,0,0,0,0,0,0,0,0,3,27,0,20,215,0.0,0,0,1,0,0,1,1,0,0,0,0,0,0,0,0,0,0,3,32,41,42,338,0.9,6,1,1,0,0,1,1,0,0,0,0,0,0,0,0,0,0,3,38,43,70,65,1.8,6,1,1,0,0,1,1,0,0,0,0,0,0,0,0,0,0,3,39,44,83,267,2.4,6,1,1,0,0,1,1,0,0,0,0,0,0,0,0,0,0,5,2,24,26,135,-87.6,4,0,1,0,0,1,1,1,0,0,0,0,0,0,0,0,0,5,3,38,37,165,2.2,6,1,1,0,0,1,1,1,0,0,0,0,0,0,0,0,0,5,4,0,63,60,0.0,1,0,2,0,0,2,0,1,0,0,0,0,0,0,0,0,0,5,7,37,60,149,2.3,6,1,1,0,0,1,1,1,0,0,0,0,0,0,0,0,0,6,6,0,35,41,0.0,1,0,1,0,0,2,0,1,0,0,0,0,0,0,0,0,0,6,7,41,32,343,-0.5,6,1,1,0,0,1,1,1,0,0,0,0,0,0,0,0,0,6,8,0,3,302,0.0,0,0,1,0,0,2,0,1,0,0,0,0,0,0,0,0,0,6,9,44,60,119,1.2,6,1,1,0,0,1,1,1,0,0,0,0,0,0,0,0,0,6,10,39,28,177,2.6,6,1,1,0,0,1,1,1,0,0,0,0,0,0,0,0,0,6,16,20,30,43,-87.1,4,0,1,0,0,1,1,1,0,0,0,0,0,0,0,0,0
94507000,1,49,0,0,1,22,-91,0,0.0,3,0,1,0,0,0,0,0,0,0,0,0,0,0,0,0,0,0,10,41,43,334,1.8,6,1,1,1,0,1,1,0,0,0,1,0,0,0,1,0,1,0,12,24,33,103,-101.2,4,0,1,0,0,1,1,0,0,0,0,0,0,0,0,0,0,0,15,20,13,75,0.0,4,0,1,0,0,2,0,1,0,0,0,0,0,0,0,0,0,0,18,43,40,198,1.2,7,1,1,1,0,1,1,1,0,0,1,0,0,0,1,0,1,0,23,43,72,51,0.8,6,1,1,1,0,1,1,1,0,0,1,0,0,0,1,0,1,0,24,17,33,37,-103.0,3,0,1,0,0,1,1,1,0,0,0,0,0,0,0,0,0,0,25,28,35,144,-12.2,5,1,1,1,0,1,1,0,0,0,1,0,0,0,1,0,1,0,28,39,27,227,1.3,7,1,1,0,0,1,1,0,0,0,0,0,0,0,0,0,0,0,29,24,-91,0,0.0,3,0,1,0,0,0,0,0,0,0,0,0,0,0,0,0,0,0,31,0,-91,0,0.0,1,0,1,0,0,0,0,0,0,0,0,0,0,0,0,0,0,0,32,44,31,301,0.4,7,1,1,1,0,1,1,0,0,0,1,0,0,0,1,0,1,1,127,0,21,258,0.0,0,0,0,0,0,2,0,1,0,0,0,0,0,0,0,0,0,1,128,38,46,238,0.0,6,0,0,0,0,2,1,1,0,0,0,0,0,0,0,0,0,1,129,44,53,229,0.0,6,0,1,0,0,2,1,1,0,0,0,0,0,0,0,0,0,1,137,40,60,149,0.0,6,0,0,0,0,2,1,1,0,0,0,0,0,0,0,0,0,2,4,0,1,265,0.0,0,0,1,0,0,2,0,1,0,0,0,0,0,0,0,0,0,2,7,27,12,60,0.0,5,0,1,0,0,2,0,1,0,0,0,0,0,0,0,0,0,2,12,31,25,313,-0.3,5,1,1,0,0,1,1,1,0,0,0,0,0,0,0,0,0,2,19,37,41,303,1.0,7,1,1,0,0,1,1,1,0,0,0,0,0,0,0,0,0,2,21,34,26,150,-47.8,4,1,1,0,0,1,1,1,0,0,0,0,0,0,0,0,0,2,23,0,0,193,0.0,0,0,1,0,0,2,0,1,0,0,0,0,0,0,0,0,0,2,26,38,33,178,4.5,7,1,1,0,0,1,1,1,0,0,0,0,0,0,0,0,0,2,27,17,27,91,-170.1,4,0,1,0,0,1,1,1,0,0,0,0,0,0,0,0,0,2,29,9,47,14,0.0,3,0,1,0,0,1,1,0,0,0,0,0,0,0,0,0,0,2,30,0,4,48,0.0,0,0,1,0,0,2,0,1,0,0,0,0,0,0,0,0,0,2,33,44,59,249,1.6,7,1,1,0,0,1,1,1,0,0,0,0,0,0,0,0,0,3,6,42,69,222,-0.4,6,1,1,0,0,1,1,0,0,0,0,0,0,0,0,0,0,3,9,42,53,217,-0.3,6,1,1,0,0,1,1,0,0,0,0,0,0,0,0,0,0,3,13,32,61,358,-0.3,6,1,1,0,0,1,1,0,0,0,0,0,0,0,0,0,0,3,16,45,77,225,0.6,6,1,1,0,0,1,1,0,0,0,0,0,0,0,0,0,0,3,23,43,67,116,0.0,6,1,1,0,0,1,1,0,0,0,0,0,0,0,0,0,0,3,27,0,20,215,0.0,0,0,1,0,0,1,1,0,0,0,0,0,0,0,0,0,0,3,32,39,42,338,0.4,6,1,1,0,0,1,1,0,0,0,0,0,0,0,0,0,0,3,38,43,70,65,1.6,6,1,1,0,0,1,1,0,0,0,0,0,0,0,0,0,0,3,39,44,83,267,2.2,6,1,1,0,0,1,1,0,0,0,0,0,0,0,0,0,0,5,2,23,26,135,-76.3,4,0,1,0,0,1,1,1,0,0,0,0,0,0,0,0,0,5,3,43,37,165,2.1,7,1,1,0,0,1,1,1,0,0,0,0,0,0,0,0,0,5,4,0,63,60,0.0,1,0,2,0,0,2,0,1,0,0,0,0,0,0,0,0,0,5,7,37,60,149,2.3,7,1,1,0,0,1,1,1,0,0,0,0,0,0,0,0,0,6,6,0,35,41,0.0,1,0,1,0,0,2,0,1,0,0,0,0,0,0,0,0,0,6,7,34,32,343,-0.6,6,1,1,0,0,1,1,1,0,0,0,0,0,0,0,0,0,6,8,0,3,302,0.0,0,0,1,0,0,2,0,1,0,0,0,0,0,0,0,0,0,6,9,32,60,119,1.0,6,1,1,0,0,1,1,1,0,0,0,0,0,0,0,0,0,6,10,31,28,177,1.9,5,1,1,0,0,1,1,1,0,0,0,0,0,0,0,0,0
94508000,1,48,0,0,1,23,-91,0,0.0,3,0,1,0,0,0,0,0,0,0,0,0,0,0,0,0,0,0,10,32,43,334,1.5,6,1,1,1,0,1,1,0,0,0,1,0,0,0,1,0,1,0,12,25,33,103,-81.1,4,1,1,1,0,1,1,0,0,0,1,0,0,0,1,0,1,0,15,19,13,75,0.0,3,0,1,0,0,2,0,1,0,0,0,0,0,0,0,0,0,0,18,43,40,198,1.2,7,1,1,1,0,1,1,1,0,0,1,0,0,0,1,0,1,0,23,41,72,51,0.7,6,1,1,1,0,1,1,1,0,0,1,0,0,0,1,0,1,0,24,15,33,37,-100.8,3,0,1,0,0,1,1,1,0,0,0,0,0,0,0,0,0,0,25,34,35,144,-10.5,5,1,1,1,0,1,1,0,0,0,1,0,0,0,1,0,1,0,28,32,27,227,1.3,7,1,1,0,0,1,1,0,0,0,0,0,0,0,0,0,0,0,29,22,-91,0,0.0,3,0,1,0,0,0,0,0,0,0,0,0,0,0,0,0,0,0,32,43,31,301,0.2,7,1,1,1,0,1,1,0,0,0,1,0,0,0,1,0,1,1,127,0,21,258,0.0,0,0,0,0,0,2,0,1,0,0,0,0,0,0,0,0,0,1,128,43,46,238,0.0,6,0,0,0,0,2,1,1,0,0,0,0,0,0,0,0,0,1,129,42,53,229,0.0,6,0,1,0,0,2,1,1,0,0,0,0,0,0,0,0,0,1,137,39,60,149,0.0,6,0,0,0,0,2,1,1,0,0,0,0,0,0,0,0,0,2,4,0,1,265,0.0,0,0,1,0,0,2,0,1,0,0,0,0,0,0,0,0,0,2,7,15,12,60,0.0,3,0,1,0,0,2,0,1,0,0,0,0,0,0,0,0,0,2,12,35,25,313,-0.5,7,1,1,0,0,1,1,1,0,0,0,0,0,0,0,0,0,2,19,41,41,303,1.1,7,1,1,0,0,1,1,1,0,0,0,0,0,0,0,0,0,2,21,28,26,150,-42.3,4,1,1,0,0,1,1,1,0,0,0,0,0,0,0,0,0,2,23,0,0,193,0.0,0,0,1,0,0,2,0,1,0,0,0,0,0,0,0,0,0,2,26,35,33,178,6.0,7,1,1,0,0,1,1,1,0,0,0,0,0,0,0,0,0,2,27,16,27,91,-169.4,4,0,1,0,0,1,1,1,0,0,0,0,0,0,0,0,0,2,29,9,47,14,0.0,3,0,1,0,0,1,1,0,0,0,0,0,0,0,0,0,0,2,30,0,4,48,0.0,0,0,1,0,0,2,0,1,0,0,0,0,0,0,0,0,0,2,33,43,59,249,1.4,7,1,1,0,0,1,1,1,0,0,0,0,0,0,0,0,0,3,6,41,69,222,-0.5,6,1,1,0,0,1,1,0,0,0,0,0,0,0,0,0,0,3,9,43,53,217,-0.4,6,1,1,0,0,1,1,0,0,0,0,0,0,0,0,0,0,3,13,33,61,358,-1.5,6,1,1,0,0,1,1,0,0,0,0,0,0,0,0,0,0,3,16,44,77,225,0.5,6,1,1,0,0,1,1,0,0,0,0,0,0,0,0,0,0,3,23,44,67,116,-0.2,6,1,1,0,0,1,1,0,0,0,0,0,0,0,0,0,0,3,27,0,20,215,0.0,0,0,1,0,0,1,1,0,0,0,0,0,0,0,0,0,0,3,32,25,42,338,0.2,6,1,1,0,0,1,1,0,0,0,0,0,0,0,0,0,0,3,38,43,70,65,1.4,6,1,1,0,0,1,1,0,0,0,0,0,0,0,0,0,0,3,39,44,83,267,2.1,6,1,1,0,0,1,1,0,0,0,0,0,0,0,0,0,0,5,2,24,26,135,-66.4,4,0,1,0,0,1,1,1,0,0,0,0,0,0,0,0,0,5,3,29,37,165,1.9,7,1,1,0,0,1,1,1,0,0,0,0,0,0,0,0,0,5,4,0,63,60,0.0,1,0,2,0,0,2,0,1,0,0,0,0,0,0,0,0,0,5,7,36,60,149,2.1,7,1,1,0,0,1,1,1,0,0,0,0,0,0,0,0,0,6,6,0,35,41,0.0,1,0,1,0,0,2,0,1,0,0,0,0,0,0,0,0,0,6,7,30,32,343,-0.8,6,1,1,0,0,1,1,1,0,0,0,0,0,0,0,0,0,6,8,0,3,302,0.0,0,0,1,0,0,2,0,1,0,0,0,0,0,0,0,0,0,6,9,43,60,119,1.1,6,1,1,0,0,1,1,1,0,0,0,0,0,0,0,0,0,6,10,32,28,177,2.5,6,1,1,0,0,1,1,1,0,0,0,0,0,0,0,0,0,6,16,21,30,43,-95.2,4,1,1,0,0,1,1,1,0,0,0,0,0,0,0,0,0
94509000,1,47,0,0,1,23,-91,0,0.0,3,0,1,0,0,0,0,0,0,0,0,0,0,0,0,0,0,0,10,26,43,334,0.3,4,1,1,1,0,1,1,0,0,0,1,0,0,0,1,0,1,0,12,24,33,103,-59.5,4,1,1,1,0,1,1,0,0,0,1,0,0,0,1,0,1,0,15,19,13,75,0.0,3,0,1,0,0,2,0,1,0,0,0,0,0,0,0,0,0,0,18,47,40,198,1.1,7,1,1,1,0,1,1,1,0,0,1,0,0,0,1,0,1,0,23,42,72,51,0.5,6,1,1,1,0,1,1,1,0,0,1,0,0,0,1,0,1,0,24,15,33,37,-98.2,3,0,1,0,0,1,1,1,0,0,0,0,0,0,0,0,0,0,25,38,35,144,-7.4,6,1,1,1,0,1,1,0,0,0,1,0,0,0,1,0,1,0,28,42,27,227,1.0,5,1,1,0,0,1,1,0,0,0,0,0,0,0,0,0,0,0,32,37,31,301,0.1,7,1,1,1,0,1,1,0,0,0,1,0,0,0,1,0,1,1,127,0,21,258,0.0,0,0,0,0,0,2,0,1,0,0,0,0,0,0,0,0,0,1,128,44,46,238,0.0,6,0,0,0,0,2,1,1,0,0,0,0,0,0,0,0,0,1,129,42,53,229,0.0,6,0,1,0,0,2,1,1,0,0,0,0,0,0,0,0,0,1,137,43,60,149,0.0,6,0,0,0,0,2,1,1,0,0,0,0,0,0,0,0,0,2,4,0,1,265,0.0,0,0,1,0,0,2,0,1,0,0,0,0,0,0,0,0,0,2,7,18,12,60,0.0,3,0,1,0,0,2,0,1,0,0,0,0,0,0,0,0,0,2,12,31,25,313,5.5,7,1,1,0,0,1,1,1,0,0,0,0,0,0,0,0,0,2,19,34,41,303,1.0,7,1,1,0,0,1,1,1,0,0,0,0,0,0,0,0,0,2,21,27,26,150,-36.2,4,1,1,0,0,1,1,1,0,0,0,0,0,0,0,0,0,2,23,0,0,193,0.0,0,0,1,0,0,2,0,1,0,0,0,0,0,0,0,0,0,2,26,35,33,178,4.1,7,1,1,0,0,1,1,1,0,0,0,0,0,0,0,0,0,2,27,16,27,91,-167.3,4,0,1,0,0,1,1,1,0,0,0,0,0,0,0,0,0,2,29,12,47,14,0.0,3,0,1,0,0,1,1,0,0,0,0,0,0,0,0,0,0,2,30,0,4,48,0.0,0,0,1,0,0,2,0,1,0,0,0,0,0,0,0,0,0,2,33,46,59,249,1.1,7,1,1,0,0,1,1,1,0,0,0,0,0,0,0,0,0,3,6,40,69,222,-0.5,7,1,1,0,0,1,1,0,0,0,0,0,0,0,0,0,0,3,9,43,53,217,-0.4,7,1,1,0,0,1,1,0,0,0,0,0,0,0,0,0,0,3,13,33,61,358,-0.2,7,1,1,0,0,1,1,0,0,0,0,0,0,0,0,0,0,3,16,43,77,225,0.6,7,1,1,0,0,1,1,0,0,0,0,0,0,0,0,0,0,3,23,46,67,116,-0.3,7,1,1,0,0,1,1,0,0,0,0,0,0,0,0,0,0,3,27,0,20,215,0.0,0,0,1,0,0,1,1,0,0,0,0,0,0,0,0,0,0,3,32,22,42,338,-0.7,4,1,1,0,0,1,1,0,0,0,0,0,0,0,0,0,0,3,38,41,70,65,1.2,7,1,1,0,0,1,1,0,0,0,0,0,0,0,0,0,0,3,39,43,83,267,1.8,7,1,1,0,0,1,1,0,0,0,0,0,0,0,0,0,0,5,2,23,26,135,-65.7,4,0,1,0,0,1,1,1,0,0,0,0,0,0,0,0,0,5,3,28,37,165,0.5,5,1,1,0,0,1,1,1,0,0,0,0,0,0,0,0,0,5,4,0,63,60,0.0,1,0,2,0,0,2,0,1,0,0,0,0,0,0,0,0,0,5,7,38,60,149,2.0,7,1,1,0,0,1,1,1,0,0,0,0,0,0,0,0,0,6,6,0,35,41,0.0,1,0,1,0,0,2,0,1,0,0,0,0,0,0,0,0,0,6,7,29,32,343,-1.1,6,1,1,0,0,1,1,1,0,0,0,0,0,0,0,0,0,6,8,0,3,302,0.0,0,0,1,0,0,2,0,1,0,0,0,0,0,0,0,0,0,6,9,43,60,119,1.1,7,1,1,0,0,1,1,1,0,0,0,0,0,0,0,0,0,6,10,28,28,177,-2.5,4,1,1,0,0,1,1,1,0,0,0,0,0,0,0,0,0,6,16,22,30,43,-99.0,4,1,1,0,0,1,1,1,0,0,0,0,0,0,0,0,0,6,21,46,20,211,-4.7,7,1,1,0,0,1,1,1,0,0,0,0,0,0,0,0,0
94510000,1,47,0,0,1,21,-91,0,0.0,3,0,1,0,0,0,0,0,0,0,0,0,0,0,0,0,0,0,10,34,43,334,0.2,5,1,1,1,0,1,1,0,0,0,1,0,0,0,1,0,1,0,12,21,33,103,-115.4,3,0,1,0,0,1,1,0,0,0,0,0,0,0,0,0,0,0,15,19,13,75,0.0,3,0,1,0,0,2,0,1,0,0,0,0,0,0,0,0,0,0,18,43,40,198,1.3,7,1,1,1,0,1,1,1,0,0,1,0,0,0,1,0,1,0,23,43,72,51,0.4,6,1,1,1,0,1,1,1,0,0,1,0,0,0,1,0,1,0,24,15,33,37,-103.9,4,1,1,1,0,1,1,1,0,0,1,0,0,0,1,0,1,0,25,32,35,144,-9.7,5,1,1,1,0,1,1,0,0,0,1,0,0,0,1,0,1,0,28,41,27,227,2.1,6,1,1,0,0,1,1,0,0,0,0,0,0,0,0,0,0,0,32,39,31,301,0.1,7,1,1,1,0,1,1,0,0,0,1,0,0,0,1,0,1,1,127,0,21,258,0.0,0,0,0,0,0,2,0,1,0,0,0,0,0,0,0,0,0,1,128,44,46,238,0.0,6,0,0,0,0,2,1,1,0,0,0,0,0,0,0,0,0,1,129,40,53,229,0.0,6,0,1,0,0,2,1,1,0,0,0,0,0,0,0,0,0,1,137,39,60,149,0.0,6,0,0,0,0,2,1,1,0,0,0,0,0,0,0,0,0,2,4,0,1,265,0.0,0,0,1,0,0,2,0,1,0,0,0,0,0,0,0,0,0,2,7,22,12,60,0.0,3,0,1,0,0,2,0,1,0,0,0,0,0,0,0,0,0,2,12,34,25,313,-4.3,5,1,1,0,0,1,1,1,0,0,0,0,0,0,0,0,0,2,19,37,41,303,0.9,7,1,1,0,0,1,1,1,0,0,0,0,0,0,0,0,0,2,21,26,26,150,-51.7,4,0,1,0,0,1,1,1,0,0,0,0,0,0,0,0,0,2,23,0,0,193,0.0,0,0,1,0,0,2,0,1,0,0,0,0,0,0,0,0,0,2,26,38,33,178,3.3,7,1,1,0,0,1,1,1,0,0,0,0,0,0,0,0,0,2,27,17,27,91,-166.6,4,0,1,0,0,1,1,1,0,0,0,0,0,0,0,0,0,2,29,12,47,14,0.0,3,0,1,0,0,1,1,0,0,0,0,0,0,0,0,0,0,2,30,0,4,48,0.0,0,0,1,0,0,2,0,1,0,0,0,0,0,0,0,0,0,2,33,45,59,249,0.8,7,1,1,0,0,1,1,1,0,0,0,0,0,0,0,0,0,3,6,42,69,222,-0.6,7,1,1,0,0,1,1,0,0,0,0,0,0,0,0,0,0,3,9,38,53,217,-0.3,7,1,1,0,0,1,1,0,0,0,0,0,0,0,0,0,0,3,13,36,61,358,1.4,7,1,1,0,0,1,1,0,0,0,0,0,0,0,0,0,0,3,16,45,77,225,0.8,7,1,1,0,0,1,1,0,0,0,0,0,0,0,0,0,0,3,23,47,67,116,-0.3,7,1,1,0,0,1,1,0,0,0,0,0,0,0,0,0,0,3,27,0,20,215,0.0,0,0,1,0,0,1,1,0,0,0,0,0,0,0,0,0,0,3,32,34,42,338,-1.3,5,1,1,0,0,1,1,0,0,0,0,0,0,0,0,0,0,3,38,42,70,65,1.2,7,1,1,0,0,1,1,0,0,0,0,0,0,0,0,0,0,3,39,42,83,267,2.0,7,1,1,0,0,1,1,0,0,0,0,0,0,0,0,0,0,5,2,0,26,135,0.0,1,0,1,0,0,1,1,1,0,0,0,0,0,0,0,0,0,5,3,36,37,165,4.8,6,1,1,0,0,1,1,1,0,0,0,0,0,0,0,0,0,5,4,0,63,60,0.0,1,0,2,0,0,2,0,1,0,0,0,0,0,0,0,0,0,5,7,35,60,149,1.9,7,1,1,0,0,1,1,1,0,0,0,0,0,0,0,0,0,6,6,0,35,41,0.0,1,0,1,0,0,2,0,1,0,0,0,0,0,0,0,0,0,6,7,33,32,343,-0.6,5,1,1,0,0,1,1,1,0,0,0,0,0,0,0,0,0,6,8,0,3,302,0.0,0,0,1,0,0,2,0,1,0,0,0,0,0,0,0,0,0,6,9,47,60,119,1.3,7,1,1,0,0,1,1,1,0,0,0,0,0,0,0,0,0,6,10,38,28,177,-3.6,5,1,1,0,0,1,1,1,0,0,0,0,0,0,0,0,0,6,16,22,30,42,-101.5,4,0,1,0,0,1,1,1,0,0,0,0,0,0,0,0,0,6,21,44,20,211,-4.7,7,1,1,0,0,1,1,1,0,0,0,0,0,0,0,0,0
94511000,1,48,0,0,10,30,43,334,4.4,6,1,1,1,0,1,1,0,0,0,1,0,0,0,1,0,1,0,12,29,33,103,-105.5,4,0,1,0,0,1,1,0,0,0,0,0,0,0,0,0,0,0,15,20,13,75,0.0,4,0,1,0,0,2,0,1,0,0,0,0,0,0,0,0,0,0,18,42,40,198,1.0,7,1,1,1,0,1,1,1,0,0,1,0,0,0,1,0,1,0,23,45,72,51,0.1,6,1,1,1,0,1,1,1,0,0,1,0,0,0,1,0,1,0,24,16,33,37,-107.2,4,1,1,1,0,1,1,1,0,0,1,0,0,0,1,0,1,0,25,35,35,144,-17.7,5,1,1,1,0,1,1,0,0,0,1,0,0,0,1,0,1,0,28,40,27,227,-1.2,6,1,1,0,0,1,1,0,0,0,0,0,0,0,0,0,0,0,29,0,-91,0,0.0,1,0,1,0,0,0,0,0,0,0,0,0,0,0,0,0,0,0,32,42,31,301,-0.2,5,1,1,1,0,1,1,0,0,0,1,0,0,0,1,0,1,1,127,0,21,258,0.0,0,0,0,0,0,2,0,1,0,0,0,0,0,0,0,0,0,1,128,47,46,238,0.0,5,0,0,0,0,2,1,1,0,0,0,0,0,0,0,0,0,1,129,45,53,229,0.0,5,0,1,0,0,2,1,1,0,0,0,0,0,0,0,0,0,1,137,43,60,149,0.0,5,0,0,0,0,2,1,1,0,0,0,0,0,0,0,0,0,2,4,0,1,265,0.0,0,0,1,0,0,2,0,1,0,0,0,0,0,0,0,0,0,2,7,20,12,60,0.0,3,0,1,0,0,2,0,1,0,0,0,0,0,0,0,0,0,2,10,0,5,325,0.0,0,0,0,0,0,2,0,1,0,0,0,0,0,0,0,0,0,2,12,23,25,313,-12.0,4,1,1,0,0,1,1,1,0,0,0,0,0,0,0,0,0,2,19,24,41,303,-0.2,4,1,1,0,0,1,1,1,0,0,0,0,0,0,0,0,0,2,21,30,26,150,-27.6,4,0,1,0,0,1,1,1,0,0,0,0,0,0,0,0,0,2,23,0,0,193,0.0,0,0,1,0,0,2,0,1,0,0,0,0,0,0,0,0,0,2,26,41,33,178,1.3,5,1,1,0,0,1,1,1,0,0,0,0,0,0,0,0,0,2,27,15,27,91,-167.6,4,0,1,0,0,1,1,1,0,0,0,0,0,0,0,0,0,2,29,12,47,14,0.0,3,0,1,0,0,1,1,0,0,0,0,0,0,0,0,0,0,2,30,0,4,48,0.0,0,0,1,0,0,2,0,1,0,0,0,0,0,0,0,0,0,2,33,43,59,249,0.8,7,1,1,0,0,1,1,1,0,0,0,0,0,0,0,0,0,3,6,43,69,222,-0.9,7,1,1,0,0,1,1,0,0,0,0,0,0,0,0,0,0,3,9,35,53,217,-0.4,7,1,1,0,0,1,1,0,0,0,0,0,0,0,0,0,0,3,13,36,61,358,-0.5,7,1,1,0,0,1,1,0,0,0,0,0,0,0,0,0,0,3,16,42,77,225,0.2,7,1,1,0,0,1,1,0,0,0,0,0,0,0,0,0,0,3,23,48,67,116,-0.6,7,1,1,0,0,1,1,0,0,0,0,0,0,0,0,0,0,3,27,0,20,215,0.0,0,0,1,0,0,1,1,0,0,0,0,0,0,0,0,0,0,3,32,29,42,338,-2.2,4,1,1,0,0,1,1,0,0,0,0,0,0,0,0,0,0,3,38,45,70,65,0.9,7,1,1,0,0,1,1,0,0,0,0,0,0,0,0,0,0,3,39,42,83,267,1.5,7,1,1,0,0,1,1,0,0,0,0,0,0,0,0,0,0,5,2,0,26,135,0.0,1,0,1,0,0,1,1,1,0,0,0,0,0,0,0,0,0,5,3,42,37,165,1.0,6,1,1,0,0,1,1,1,0,0,0,0,0,0,0,0,0,5,4,0,63,60,0.0,1,0,2,0,0,2,0,1,0,0,0,0,0,0,0,0,0,5,7,39,60,149,1.6,7,1,1,0,0,1,1,1,0,0,0,0,0,0,0,0,0,6,6,0,35,41,0.0,1,0,1,0,0,2,0,1,0,0,0,0,0,0,0,0,0,6,7,35,32,343,-1.8,5,1,1,0,0,1,1,1,0,0,0,0,0,0,0,0,0,6,8,0,3,302,0.0,0,0,1,0,0,2,0,1,0,0,0,0,0,0,0,0,0,6,9,43,60,119,1.2,7,1,1,0,0,1,1,1,0,0,0,0,0,0,0,0,0,6,10,37,28,177,4.3,5,1,1,0,0,1,1,1,0,0,0,0,0,0,0,0,0,6,16,24,30,42,-105.9,4,1,1,0,0,1,1,1,0,0,0,0,0,0,0,0,0
94512000,1,48,0,0,10,31,43,334,0.5,6,1,1,1,0,1,1,0,0,0,1,0,0,0,1,0,1,0,12,22,33,103,-95.6,4,1,1,1,0,1,1,0,0,0,1,0,0,0,1,0,1,0,15,21,13,75,0.0,4,0,1,0,0,2,0,1,0,0,0,0,0,0,0,0,0,0,18,44,40,198,1.1,7,1,1,1,0,1,1,1,0,0,1,0,0,0,1,0,1,0,23,44,72,51,0.3,6,1,1,1,0,1,1,1,0,0,1,0,0,0,1,0,1,0,24,17,33,37,-107.2,4,1,1,1,0,1,1,1,0,0,1,0,0,0,1,0,1,0,25,40,35,144,-5.8,6,1,1,1,0,1,1,0,0,0,1,0,0,0,1,0,1,0,28,40,27,227,1.7,6,1,1,0,0,1,1,0,0,0,0,0,0,0,0,0,0,0,29,0,-91,0,0.0,1,0,1,0,0,0,0,0,0,0,0,0,0,0,0,0,0,0,32,35,31,301,-8.9,5,1,1,1,0,1,1,0,0,0,1,0,0,0,1,0,1,1,127,0,21,258,0.0,0,0,0,0,0,2,0,1,0,0,0,0,0,0,0,0,0,1,128,44,46,238,0.0,6,0,0,0,0,2,1,1,0,0,0,0,0,0,0,0,0,1,129,45,53,229,0.0,6,0,1,0,0,2,1,1,0,0,0,0,0,0,0,0,0,1,137,42,60,149,0.0,6,0,0,0,0,2,1,1,0,0,0,0,0,0,0,0,0,2,4,0,1,265,0.0,0,0,1,0,0,2,0,1,0,0,0,0,0,0,0,0,0,2,7,21,12,60,0.0,3,0,1,0,0,2,0,1,0,0,0,0,0,0,0,0,0,2,10,0,5,325,0.0,0,0,1,0,0,2,0,1,0,0,0,0,0,0,0,0,0,2,12,24,25,313,-6.1,4,1,1,0,0,1,1,1,0,0,0,0,0,0,0,0,0,2,19,32,41,303,-9.3,4,1,1,0,0,1,1,1,0,0,0,0,0,0,0,0,0,2,21,23,26,150,-23.5,5,1,1,0,0,1,1,1,0,0,0,0,0,0,0,0,0,2,23,0,0,193,0.0,0,0,1,0,0,2,0,1,0,0,0,0,0,0,0,0,0,2,26,45,33,178,1.2,7,1,1,0,0,1,1,1,0,0,0,0,0,0,0,0,0,2,27,15,27,91,-163.1,4,0,1,0,0,1,1,1,0,0,0,0,0,0,0,0,0,2,29,14,47,14,0.0,3,0,1,0,0,1,1,0,0,0,0,0,0,0,0,0,0,2,30,0,4,48,0.0,0,0,1,0,0,2,0,1,0,0,0,0,0,0,0,0,0,2,33,46,59,249,0.9,7,1,1,0,0,1,1,1,0,0,0,0,0,0,0,0,0,3,6,44,69,222,-0.6,7,1,1,0,0,1,1,0,0,0,0,0,0,0,0,0,0,3,9,42,53,217,-0.4,7,1,1,0,0,1,1,0,0,0,0,0,0,0,0,0,0,3,13,33,61,358,-0.8,7,1,1,0,0,1,1,0,0,0,0,0,0,0,0,0,0,3,16,44,77,225,0.5,7,1,1,0,0,1,1,0,0,0,0,0,0,0,0,0,0,3,23,47,67,116,-0.6,7,1,1,0,0,1,1,0,0,0,0,0,0,0,0,0,0,3,27,0,20,215,0.0,0,0,1,0,0,1,1,0,0,0,0,0,0,0,0,0,0,3,32,29,42,338,1.9,5,1,1,0,0,1,1,0,0,0,0,0,0,0,0,0,0,3,38,44,70,65,1.0,7,1,1,0,0,1,1,0,0,0,0,0,0,0,0,0,0,3,39,42,83,267,1.5,7,1,1,0,0,1,1,0,0,0,0,0,0,0,0,0,0,5,2,25,26,135,-36.9,3,0,1,0,0,1,1,1,0,0,0,0,0,0,0,0,0,5,3,46,37,165,2.8,6,1,1,0,0,1,1,1,0,0,0,0,0,0,0,0,0,5,4,0,63,60,0.0,1,0,2,0,0,2,0,1,0,0,0,0,0,0,0,0,0,5,7,39,60,149,1.6,7,1,1,0,0,1,1,1,0,0,0,0,0,0,0,0,0,6,6,0,35,41,0.0,1,0,1,0,0,2,0,1,0,0,0,0,0,0,0,0,0,6,7,27,32,343,-0.1,4,1,1,0,0,1,1,1,0,0,0,0,0,0,0,0,0,6,8,0,3,302,0.0,0,0,1,0,0,2,0,1,0,0,0,0,0,0,0,0,0,6,9,45,60,119,1.6,7,1,1,0,0,1,1,1,0,0,0,0,0,0,0,0,0,6,10,41,28,177,5.1,6,1,1,0,0,1,1,1,0,0,0,0,0,0,0,0,0,6,16,24,30,42,-106.5,4,1,1,0,0,1,1,1,0,0,0,0,0,0,0,0,0
94513000,1,53,0,0,1,0,-91,0,0.0,1,0,1,0,0,0,0,0,0,0,0,0,0,0,0,0,0,0,2,26,-91,0,0.0,3,0,1,0,0,0,0,0,0,0,0,0,0,0,0,0,0,0,3,0,-91,0,0.0,1,0,1,0,0,0,0,0,0,0,0,0,0,0,0,0,0,0,4,26,-91,0,0.0,3,0,1,0,0,0,0,0,0,0,0,0,0,0,0,0,0,0,5,0,-91,0,0.0,1,0,1,0,0,0,0,0,0,0,0,0,0,0,0,0,0,0,7,0,-91,0,0.0,1,0,1,0,0,0,0,0,0,0,0,0,0,0,0,0,0,0,10,37,43,334,-0.6,7,1,1,1,0,1,1,0,0,0,1,0,0,0,1,0,1,0,12,21,33,103,-80.3,4,1,1,1,0,1,1,0,0,0,1,0,0,0,1,0,1,0,15,20,13,75,0.0,3,0,1,0,0,2,0,1,0,0,0,0,0,0,0,0,0,0,18,42,40,198,1.2,7,1,1,1,0,1,1,1,0,0,1,0,0,0,1,0,1,0,23,43,72,51,0.4,7,1,1,1,0,1,1,1,0,0,1,0,0,0,1,0,1,0,24,17,33,37,-100.3,4,1,1,1,0,1,1,1,0,0,1,0,0,0,1,0,1,0,25,44,35,144,-1.9,7,1,1,1,0,1,1,0,0,0,1,0,0,0,1,0,1,0,28,43,27,227,3.0,7,1,1,0,0,1,1,0,0,0,0,0,0,0,0,0,0,0,32,30,31,301,-1.0,5,1,1,1,0,1,1,0,0,0,1,0,0,0,1,0,1,1,127,0,21,258,0.0,0,0,0,0,0,2,0,1,0,0,0,0,0,0,0,0,0,1,128,43,46,238,0.0,6,0,0,0,0,2,1,1,0,0,0,0,0,0,0,0,0,1,129,43,53,229,0.0,6,0,1,0,0,2,1,1,0,0,0,0,0,0,0,0,0,1,137,41,60,149,0.0,6,0,0,0,0,2,1,1,0,0,0,0,0,0,0,0,0,2,4,0,1,265,0.0,0,0,1,0,0,2,0,1,0,0,0,0,0,0,0,0,0,2,7,21,12,60,0.0,3,0,1,0,0,2,0,1,0,0,0,0,0,0,0,0,0,2,10,0,5,325,0.0,0,0,1,0,0,2,0,1,0,0,0,0,0,0,0,0,0,2,12,23,25,313,-6.6,4,1,1,0,0,1,1,1,0,0,0,0,0,0,0,0,0,2,19,27,41,303,-4.4,5,1,1,0,0,1,1,1,0,0,0,0,0,0,0,0,0,2,21,29,26,150,-35.0,5,1,1,0,0,1,1,1,0,0,0,0,0,0,0,0,0,2,23,0,0,193,0.0,0,0,1,0,0,2,0,1,0,0,0,0,0,0,0,0,0,2,26,42,33,178,0.8,7,1,1,0,0,1,1,1,0,0,0,0,0,0,0,0,0,2,27,15,27,91,-159.1,4,0,1,0,0,1,1,1,0,0,0,0,0,0,0,0,0,2,29,12,47,14,0.0,3,0,1,0,0,1,1,0,0,0,0,0,0,0,0,0,0,2,30,0,4,48,0.0,0,0,1,0,0,2,0,1,0,0,0,0,0,0,0,0,0,2,33,40,59,249,1.0,7,1,1,0,0,1,1,1,0,0,0,0,0,0,0,0,0,3,6,44,69,222,-0.5,7,1,1,0,0,1,1,0,0,0,0,0,0,0,0,0,0,3,9,40,53,217,-0.4,7,1,1,0,0,1,1,0,0,0,0,0,0,0,0,0,0,3,13,36,61,358,-0.5,7,1,1,0,0,1,1,0,0,0,0,0,0,0,0,0,0,3,16,43,77,225,0.4,7,1,1,0,0,1,1,0,0,0,0,0,0,0,0,0,0,3,23,46,67,116,-0.6,7,1,1,0,0,1,1,0,0,0,0,0,0,0,0,0,0,3,27,0,20,215,0.0,0,0,1,0,0,1,1,0,0,0,0,0,0,0,0,0,0,3,32,33,42,338,1.5,6,1,1,0,0,1,1,0,0,0,0,0,0,0,0,0,0,3,38,44,70,65,0.9,7,1,1,0,0,1,1,0,0,0,0,0,0,0,0,0,0,3,39,43,83,267,1.6,7,1,1,0,0,1,1,0,0,0,0,0,0,0,0,0,0,5,2,25,26,135,-50.5,4,1,1,0,0,1,1,1,0,0,0,0,0,0,0,0,0,5,3,41,37,165,2.3,7,1,1,0,0,1,1,1,0,0,0,0,0,0,0,0,0,5,4,0,63,60,0.0,1,0,2,0,0,2,0,1,0,0,0,0,0,0,0,0,0,5,7,38,60,149,1.7,7,1,1,0,0,1,1,1,0,0,0,0,0,0,0,0,0,6,6,0,35,41,0.0,1,0,1,0,0,2,0,1,0,0,0,0,0,0,0,0,0
94514000,1,53,0,0,1,0,-91,0,0.0,1,0,1,0,0,0,0,0,0,0,0,0,0,0,0,0,0,0,3,0,-91,0,0.0,1,0,1,0,0,0,0,0,0,0,0,0,0,0,0,0,0,0,4,23,-91,0,0.0,3,0,1,0,0,0,0,0,0,0,0,0,0,0,0,0,0,0,5,0,-91,0,0.0,1,0,1,0,0,0,0,0,0,0,0,0,0,0,0,0,0,0,7,21,-91,0,0.0,3,0,1,0,0,0,0,0,0,0,0,0,0,0,0,0,0,0,8,0,-91,0,0.0,1,0,1,0,0,0,0,0,0,0,0,0,0,0,0,0,0,0,10,36,43,334,0.4,7,1,1,1,0,1,1,0,0,0,1,0,0,0,1,0,1,0,12,23,33,103,-69.2,4,1,1,1,0,1,1,0,0,0,1,0,0,0,1,0,1,0,15,20,13,75,0.0,4,0,1,0,0,2,0,1,0,0,0,0,0,0,0,0,0,0,18,44,40,198,1.1,7,1,1,1,0,1,1,1,0,0,1,0,0,0,1,0,1,0,23,43,72,51,0.3,7,1,1,1,0,1,1,1,0,0,1,0,0,0,1,0,1,0,24,17,33,37,-102.0,4,1,1,1,0,1,1,1,0,0,1,0,0,0,1,0,1,0,25,42,35,144,-3.8,7,1,1,1,0,1,1,0,0,0,1,0,0,0,1,0,1,0,28,39,27,227,1.4,7,1,1,0,0,1,1,0,0,0,0,0,0,0,0,0,0,0,32,30,31,301,-6.4,5,1,1,1,0,1,1,0,0,0,1,0,0,0,1,0,1,1,127,0,21,258,0.0,0,0,0,0,0,2,0,1,0,0,0,0,0,0,0,0,0,1,128,43,46,238,0.0,6,0,0,0,0,2,1,1,0,0,0,0,0,0,0,0,0,1,129,39,53,229,0.0,6,0,1,0,0,2,1,1,0,0,0,0,0,0,0,0,0,1,137,42,60,149,0.0,6,0,0,0,0,2,1,1,0,0,0,0,0,0,0,0,0,2,4,0,1,265,0.0,0,0,1,0,0,2,0,1,0,0,0,0,0,0,0,0,0,2,7,19,12,60,0.0,3,0,1,0,0,2,0,1,0,0,0,0,0,0,0,0,0,2,10,0,5,325,0.0,0,0,1,0,0,2,0,1,0,0,0,0,0,0,0,0,0,2,12,23,25,313,-19.5,4,1,1,0,0,1,1,1,0,0,0,0,0,0,0,0,0,2,19,25,41,303,-6.2,4,1,1,0,0,1,1,1,0,0,0,0,0,0,0,0,0,2,21,30,26,150,-26.9,7,1,1,0,0,1,1,1,0,0,0,0,0,0,0,0,0,2,23,0,0,193,0.0,0,0,1,0,0,2,0,1,0,0,0,0,0,0,0,0,0,2,26,43,33,178,0.8,7,1,1,0,0,1,1,1,0,0,0,0,0,0,0,0,0,2,27,14,27,91,-160.0,4,0,1,0,0,1,1,1,0,0,0,0,0,0,0,0,0,2,29,17,47,14,0.0,3,0,1,0,0,1,1,0,0,0,0,0,0,0,0,0,0,2,30,0,4,48,0.0,0,0,1,0,0,2,0,1,0,0,0,0,0,0,0,0,0,2,33,44,59,249,0.9,7,1,1,0,0,1,1,1,0,0,0,0,0,0,0,0,0,3,6,44,69,222,-0.6,7,1,1,0,0,1,1,0,0,0,0,0,0,0,0,0,0,3,9,38,53,217,-0.4,7,1,1,0,0,1,1,0,0,0,0,0,0,0,0,0,0,3,13,37,61,358,-0.6,7,1,1,0,0,1,1,0,0,0,0,0,0,0,0,0,0,3,16,42,77,225,0.2,7,1,1,0,0,1,1,0,0,0,0,0,0,0,0,0,0,3,23,44,67,116,-0.4,7,1,1,0,0,1,1,0,0,0,0,0,0,0,0,0,0,3,27,0,20,215,0.0,0,0,1,0,0,1,1,0,0,0,0,0,0,0,0,0,0,3,32,37,42,338,-3.3,6,1,1,0,0,1,1,0,0,0,0,0,0,0,0,0,0,3,38,41,70,65,0.7,7,1,1,0,0,1,1,0,0,0,0,0,0,0,0,0,0,3,39,40,83,267,1.7,7,1,1,0,0,1,1,0,0,0,0,0,0,0,0,0,0,5,2,24,26,135,-66.2,4,1,1,0,0,1,1,1,0,0,0,0,0,0,0,0,0,5,3,44,37,165,3.1,7,1,1,0,0,1,1,1,0,0,0,0,0,0,0,0,0,5,4,0,63,60,0.0,1,0,2,0,0,2,0,1,0,0,0,0,0,0,0,0,0,5,7,38,60,149,1.5,7,1,1,0,0,1,1,1,0,0,0,0,0,0,0,0,0,6,6,0,35,41,0.0,1,0,1,0,0,2,0,1,0,0,0,0,0,0,0,0,0
94515000,1,53,0,0,1,0,-91,0,0.0,1,0,1,0,0,0,0,0,0,0,0,0,0,0,0,0,0,0,3,0,-91,0,0.0,1,0,1,0,0,0,0,0,0,0,0,0,0,0,0,0,0,0,4,20,-91,0,0.0,3,0,1,0,0,0,0,0,0,0,0,0,0,0,0,0,0,0,5,0,-91,0,0.0,1,0,1,0,0,0,0,0,0,0,0,0,0,0,0,0,0,0,7,19,-91,0,0.0,3,0,1,0,0,0,0,0,0,0,0,0,0,0,0,0,0,0,8,0,-91,0,0.0,1,0,1,0,0,0,0,0,0,0,0,0,0,0,0,0,0,0,10,33,43,334,0.5,7,1,1,1,0,1,1,0,0,0,1,0,0,0,1,0,1,0,12,25,33,103,-61.3,4,1,1,1,0,1,1,0,0,0,1,0,0,0,1,0,1,0,15,21,13,75,0.0,3,0,1,0,0,2,0,1,0,0,0,0,0,0,0,0,0,0,18,43,40,198,1.0,7,1,1,1,0,1,1,1,0,0,1,0,0,0,1,0,1,0,23,45,72,51,0.3,7,1,1,1,0,1,1,1,0,0,1,0,0,0,1,0,1,0,24,16,33,37,-100.2,4,1,1,1,0,1,1,1,0,0,1,0,0,0,1,0,1,0,25,44,35,144,1.9,7,1,1,1,0,1,1,0,0,0,1,0,0,0,1,0,1,0,28,44,27,227,0.6,7,1,1,1,0,1,1,0,0,0,1,0,0,0,1,0,1,0,32,31,31,301,-20.2,4,0,1,0,0,1,1,0,0,0,0,0,0,0,0,0,0,1,127,0,21,258,0.0,0,0,0,0,0,2,0,1,0,0,0,0,0,0,0,0,0,1,128,41,46,238,0.0,6,0,0,0,0,2,1,1,0,0,0,0,0,0,0,0,0,1,129,43,53,229,0.0,6,0,1,0,0,2,1,1,0,0,0,0,0,0,0,0,0,1,137,42,60,149,0.0,6,0,0,0,0,2,1,1,0,0,0,0,0,0,0,0,0,2,4,0,1,265,0.0,0,0,1,0,0,2,0,1,0,0,0,0,0,0,0,0,0,2,7,18,12,60,0.0,3,0,1,0,0,2,0,1,0,0,0,0,0,0,0,0,0,2,10,0,5,325,0.0,0,0,1,0,0,2,0,1,0,0,0,0,0,0,0,0,0,2,12,23,25,313,-16.3,4,1,1,0,0,1,1,1,0,0,0,0,0,0,0,0,0,2,19,31,41,303,-6.1,5,1,1,0,0,1,1,1,0,0,0,0,0,0,0,0,0,2,21,36,26,150,-9.6,7,1,1,0,0,1,1,1,0,0,0,0,0,0,0,0,0,2,23,0,0,193,0.0,0,0,1,0,0,2,0,1,0,0,0,0,0,0,0,0,0,2,26,43,33,178,0.7,7,1,1,0,0,1,1,1,0,0,0,0,0,0,0,0,0,2,27,15,27,91,-160.6,4,0,1,0,0,1,1,1,0,0,0,0,0,0,0,0,0,2,29,10,47,14,0.0,3,0,1,0,0,1,1,0,0,0,0,0,0,0,0,0,0,2,30,0,4,48,0.0,0,0,1,0,0,2,0,1,0,0,0,0,0,0,0,0,0,2,33,44,59,249,0.7,7,1,1,0,0,1,1,1,0,0,0,0,0,0,0,0,0,3,6,41,69,222,-0.6,7,1,1,0,0,1,1,0,0,0,0,0,0,0,0,0,0,3,9,40,53,217,-0.4,7,1,1,0,0,1,1,0,0,0,0,0,0,0,0,0,0,3,13,40,61,358,-0.6,7,1,1,0,0,1,1,0,0,0,0,0,0,0,0,0,0,3,16,44,77,225,0.0,7,1,1,0,0,1,1,0,0,0,0,0,0,0,0,0,0,3,23,44,67,116,-0.3,7,1,1,0,0,1,1,0,0,0,0,0,0,0,0,0,0,3,27,0,20,215,0.0,0,0,1,0,0,1,1,0,0,0,0,0,0,0,0,0,0,3,32,35,42,338,-1.5,7,1,1,0,0,1,1,0,0,0,0,0,0,0,0,0,0,3,38,43,70,65,0.7,7,1,1,0,0,1,1,0,0,0,0,0,0,0,0,0,0,3,39,43,83,267,1.7,7,1,1,0,0,1,1,0,0,0,0,0,0,0,0,0,0,5,2,23,26,135,-73.2,4,1,1,0,0,1,1,1,0,0,0,0,0,0,0,0,0,5,3,43,37,165,1.7,7,1,1,0,0,1,1,1,0,0,0,0,0,0,0,0,0,5,4,0,63,60,0.0,1,0,2,0,0,2,0,1,0,0,0,0,0,0,0,0,0,5,7,38,60,149,1.6,7,1,1,0,0,1,1,1,0,0,0,0,0,0,0,0,0,6,6,0,35,41,0.0,1,0,1,0,0,2,0,1,0,0,0,0,0,0,0,0,0
94516000,1,49,0,0,7,18,-91,0,0.0,3,0,1,0,0,0,0,0,0,0,0,0,0,0,0,0,0,0,8,0,-91,0,0.0,1,0,1,0,0,0,0,0,0,0,0,0,0,0,0,0,0,0,10,36,43,334,-0.2,5,1,1,1,0,1,1,0,0,0,1,0,0,0,1,0,1,0,12,24,33,103,-59.0,4,1,1,1,0,1,1,0,0,0,1,0,0,0,1,0,1,0,15,20,13,75,0.0,4,0,1,0,0,2,0,1,0,0,0,0,0,0,0,0,0,0,18,43,40,198,0.8,7,1,1,1,0,1,1,1,0,0,1,0,0,0,1,0,1,0,23,44,72,51,0.1,7,1,1,1,0,1,1,1,0,0,1,0,0,0,1,0,1,0,24,15,33,37,-99.9,4,1,1,1,0,1,1,1,0,0,1,0,0,0,1,0,1,0,25,45,35,144,-1.1,7,1,1,1,0,1,1,0,0,0,1,0,0,0,1,0,1,0,28,43,27,227,0.7,7,1,1,1,0,1,1,0,0,0,1,0,0,0,1,0,1,0,32,32,31,301,-9.0,5,1,1,1,0,1,1,0,0,0,1,0,0,0,1,0,1,1,127,0,21,258,0.0,0,0,0,0,0,2,0,1,0,0,0,0,0,0,0,0,0,1,128,41,46,238,0.0,6,0,0,0,0,2,1,1,0,0,0,0,0,0,0,0,0,1,129,40,53,229,0.0,6,0,1,0,0,2,1,1,0,0,0,0,0,0,0,0,0,1,137,43,60,149,0.0,6,0,0,0,0,2,1,1,0,0,0,0,0,0,0,0,0,2,4,0,1,265,0.0,0,0,1,0,0,2,0,1,0,0,0,0,0,0,0,0,0,2,7,19,12,60,0.0,3,0,1,0,0,2,0,1,0,0,0,0,0,0,0,0,0,2,10,0,5,325,0.0,0,0,1,0,0,2,0,1,0,0,0,0,0,0,0,0,0,2,12,25,25,313,-7.4,4,1,1,0,0,1,1,1,0,0,0,0,0,0,0,0,0,2,19,26,41,303,-3.2,5,1,1,0,0,1,1,1,0,0,0,0,0,0,0,0,0,2,21,35,26,150,2.3,5,1,1,0,0,1,1,1,0,0,0,0,0,0,0,0,0,2,23,0,0,193,0.0,0,0,1,0,0,2,0,1,0,0,0,0,0,0,0,0,0,2,26,42,33,178,0.4,5,1,1,0,0,1,1,1,0,0,0,0,0,0,0,0,0,2,27,16,27,91,-164.5,4,0,1,0,0,1,1,1,0,0,0,0,0,0,0,0,0,2,29,18,47,14,0.0,3,0,1,0,0,1,1,0,0,0,0,0,0,0,0,0,0,2,30,0,4,48,0.0,0,0,1,0,0,2,0,1,0,0,0,0,0,0,0,0,0,2,33,42,59,249,0.4,5,1,1,0,0,1,1,1,0,0,0,0,0,0,0,0,0,3,6,41,69,222,-0.7,7,1,1,0,0,1,1,0,0,0,0,0,0,0,0,0,0,3,9,41,53,217,-0.6,7,1,1,0,0,1,1,0,0,0,0,0,0,0,0,0,0,3,13,38,61,358,-0.6,7,1,1,0,0,1,1,0,0,0,0,0,0,0,0,0,0,3,16,41,77,225,0.2,7,1,1,0,0,1,1,0,0,0,0,0,0,0,0,0,0,3,23,44,67,116,-0.3,7,1,1,0,0,1,1,0,0,0,0,0,0,0,0,0,0,3,27,0,20,215,0.0,0,0,1,0,0,1,1,0,0,0,0,0,0,0,0,0,0,3,32,35,42,338,-0.7,7,1,1,0,0,1,1,0,0,0,0,0,0,0,0,0,0,3,38,45,70,65,0.7,7,1,1,0,0,1,1,0,0,0,0,0,0,0,0,0,0,3,39,43,83,267,1.6,7,1,1,0,0,1,1,0,0,0,0,0,0,0,0,0,0,5,2,23,26,135,-90.4,4,0,1,0,0,1,1,1,0,0,0,0,0,0,0,0,0,5,3,42,37,165,1.9,7,1,1,0,0,1,1,1,0,0,0,0,0,0,0,0,0,5,4,0,63,60,0.0,1,0,2,0,0,2,0,1,0,0,0,0,0,0,0,0,0,5,7,40,60,149,1.3,7,1,1,0,0,1,1,1,0,0,0,0,0,0,0,0,0,6,6,0,35,41,0.0,1,0,1,0,0,2,0,1,0,0,0,0,0,0,0,0,0,6,7,35,32,343,0.8,5,1,1,0,0,1,1,1,0,0,0,0,0,0,0,0,0,6,8,0,3,302,0.0,0,0,1,0,0,2,0,1,0,0,0,0,0,0,0,0,0,6,9,43,60,119,1.0,7,1,1,0,0,1,1,1,0,0,0,0,0,0,0,0,0,6,10,40,28,177,5.8,7,1,1,0,0,1,1,1,0,0,0,0,0,0,0,0,0
94517000,1,47,0,0,10,40,43,334,0.1,6,1,1,1,0,1,1,0,0,0,1,0,0,0,1,0,1,0,12,31,33,103,-48.6,4,0,1,0,0,1,1,0,0,0,0,0,0,0,0,0,0,0,15,0,13,75,0.0,1,0,1,0,0,2,0,1,0,0,0,0,0,0,0,0,0,0,18,45,40,198,0.6,7,1,1,1,0,1,1,1,0,0,1,0,0,0,1,0,1,0,23,44,72,51,0.1,7,1,1,1,0,1,1,1,0,0,1,0,0,0,1,0,1,0,24,0,33,37,0.0,1,0,1,0,0,1,1,1,0,0,0,0,0,0,0,0,0,0,25,43,35,144,-1.7,7,1,1,1,0,1,1,0,0,0,1,0,0,0,1,0,1,0,28,40,27,227,0.6,7,1,1,1,0,1,1,0,0,0,1,0,0,0,1,0,1,0,32,41,31,301,-0.9,6,1,1,1,0,1,1,0,0,0,1,0,0,0,1,0,1,1,127,0,21,258,0.0,0,0,0,0,0,2,0,1,0,0,0,0,0,0,0,0,0,1,128,40,46,238,0.0,7,0,0,0,0,2,1,1,0,0,0,0,0,0,0,0,0,1,129,42,53,229,0.0,7,0,1,0,0,2,1,1,0,0,0,0,0,0,0,0,0,1,137,42,60,149,0.0,7,0,0,0,0,2,1,1,0,0,0,0,0,0,0,0,0,2,4,0,1,265,0.0,0,0,1,0,0,2,0,1,0,0,0,0,0,0,0,0,0,2,7,21,12,60,0.0,3,0,1,0,0,2,0,1,0,0,0,0,0,0,0,0,0,2,10,0,5,325,0.0,0,0,1,0,0,2,0,1,0,0,0,0,0,0,0,0,0,2,12,31,25,313,-8.5,5,1,1,0,0,1,1,1,0,0,0,0,0,0,0,0,0,2,19,29,41,303,-5.5,7,1,1,0,0,1,1,1,0,0,0,0,0,0,0,0,0,2,21,36,26,150,-2.6,7,1,1,0,0,1,1,1,0,0,0,0,0,0,0,0,0,2,23,0,0,193,0.0,0,0,1,0,0,2,0,1,0,0,0,0,0,0,0,0,0,2,26,44,33,178,0.1,7,1,1,0,0,1,1,1,0,0,0,0,0,0,0,0,0,2,27,16,27,91,-164.4,4,0,1,0,0,1,1,1,0,0,0,0,0,0,0,0,0,2,29,17,47,14,8.5,4,1,1,0,0,1,1,0,0,0,0,0,0,0,0,0,0,2,30,0,4,48,0.0,0,0,1,0,0,2,0,1,0,0,0,0,0,0,0,0,0,2,33,43,59,249,0.3,7,1,1,0,0,1,1,1,0,0,0,0,0,0,0,0,0,3,6,42,69,222,-0.8,7,1,1,0,0,1,1,0,0,0,0,0,0,0,0,0,0,3,9,39,53,217,-0.7,7,1,1,0,0,1,1,0,0,0,0,0,0,0,0,0,0,3,13,41,61,358,-0.5,7,1,1,0,0,1,1,0,0,0,0,0,0,0,0,0,0,3,16,42,77,225,0.0,7,1,1,0,0,1,1,0,0,0,0,0,0,0,0,0,0,3,23,44,67,116,-0.4,7,1,1,0,0,1,1,0,0,0,0,0,0,0,0,0,0,3,27,0,20,215,0.0,0,0,1,0,0,1,1,0,0,0,0,0,0,0,0,0,0,3,32,37,42,338,-0.6,7,1,1,0,0,1,1,0,0,0,0,0,0,0,0,0,0,3,38,43,70,65,0.8,7,1,1,0,0,1,1,0,0,0,0,0,0,0,0,0,0,3,39,45,83,267,1.4,7,1,1,0,0,1,1,0,0,0,0,0,0,0,0,0,0,5,2,24,26,135,-76.1,4,1,1,0,0,1,1,1,0,0,0,0,0,0,0,0,0,5,3,45,37,165,1.7,7,1,1,0,0,1,1,1,0,0,0,0,0,0,0,0,0,5,4,0,63,60,0.0,1,0,2,0,0,2,0,1,0,0,0,0,0,0,0,0,0,5,7,38,60,149,1.2,7,1,1,0,0,1,1,1,0,0,0,0,0,0,0,0,0,6,6,0,35,41,0.0,1,0,1,0,0,2,0,1,0,0,0,0,0,0,0,0,0,6,7,35,32,343,-5.8,5,1,1,0,0,1,1,1,0,0,0,0,0,0,0,0,0,6,8,0,3,302,0.0,0,0,1,0,0,2,0,1,0,0,0,0,0,0,0,0,0,6,9,42,60,119,1.1,7,1,1,0,0,1,1,1,0,0,0,0,0,0,0,0,0,6,10,42,28,177,5.5,7,1,1,0,0,1,1,1,0,0,0,0,0,0,0,0,0,6,16,22,30,42,-109.2,4,1,1,0,0,1,1,1,0,0,0,0,0,0,0,0,0,6,21,46,20,210,-5.1,7,1,1,0,0,1,1,1,0,0,0,0,0,0,0,0,0
94518000,1,47,0,0,10,33,43,334,0.3,6,1,1,1,0,1,1,0,0,0,1,0,0,0,1,0,1,0,12,26,33,103,-54.0,4,1,1,1,0,1,1,0,0,0,1,0,0,0,1,0,1,0,15,0,13,75,0.0,1,0,1,0,0,2,0,1,0,0,0,0,0,0,0,0,0,0,18,44,40,198,0.9,7,1,1,1,0,1,1,1,0,0,1,0,0,0,1,0,1,0,23,42,72,51,0.1,7,1,1,1,0,1,1,1,0,0,1,0,0,0,1,0,1,0,24,20,33,37,0.0,3,0,1,0,0,1,1,1,0,0,0,0,0,0,0,0,0,0,25,44,35,144,-1.1,7,1,1,1,0,1,1,0,0,0,1,0,0,0,1,0,1,0,28,42,27,227,0.7,7,1,1,1,0,1,1,0,0,0,1,0,0,0,1,0,1,0,32,35,31,301,0.5,6,1,1,1,0,1,1,0,0,0,1,0,0,0,1,0,1,1,127,0,21,258,0.0,0,0,0,0,0,2,0,1,0,0,0,0,0,0,0,0,0,1,128,41,46,238,0.0,5,0,0,0,0,2,1,1,0,0,0,0,0,0,0,0,0,1,129,43,53,229,0.0,5,0,1,0,0,2,1,1,0,0,0,0,0,0,0,0,0,1,137,39,60,149,0.0,5,0,0,0,0,2,1,1,0,0,0,0,0,0,0,0,0,2,4,0,1,265,0.0,0,0,1,0,0,2,0,1,0,0,0,0,0,0,0,0,0,2,7,23,12,60,0.0,3,0,1,0,0,2,0,1,0,0,0,0,0,0,0,0,0,2,10,0,5,325,0.0,0,0,1,0,0,2,0,1,0,0,0,0,0,0,0,0,0,2,12,25,25,313,-4.6,5,1,1,0,0,1,1,1,0,0,0,0,0,0,0,0,0,2,19,36,41,303,-5.4,4,1,1,0,0,1,1,1,0,0,0,0,0,0,0,0,0,2,21,38,26,150,2.0,5,1,1,0,0,1,1,1,0,0,0,0,0,0,0,0,0,2,23,0,0,193,0.0,0,0,1,0,0,2,0,1,0,0,0,0,0,0,0,0,0,2,26,43,33,178,0.2,5,1,1,0,0,1,1,1,0,0,0,0,0,0,0,0,0,2,27,15,27,91,0.0,3,0,1,0,0,1,1,1,0,0,0,0,0,0,0,0,0,2,29,22,47,14,4.4,4,1,1,0,0,1,1,0,0,0,0,0,0,0,0,0,0,2,30,0,4,48,0.0,0,0,1,0,0,2,0,1,0,0,0,0,0,0,0,0,0,2,33,44,59,249,0.7,7,1,1,0,0,1,1,1,0,0,0,0,0,0,0,0,0,3,6,43,69,222,-0.7,7,1,1,0,0,1,1,0,0,0,0,0,0,0,0,0,0,3,9,40,53,217,-0.5,7,1,1,0,0,1,1,0,0,0,0,0,0,0,0,0,0,3,13,42,61,358,-0.4,7,1,1,0,0,1,1,0,0,0,0,0,0,0,0,0,0,3,16,42,77,225,0.0,7,1,1,0,0,1,1,0,0,0,0,0,0,0,0,0,0,3,23,45,67,116,-0.2,7,1,1,0,0,1,1,0,0,0,0,0,0,0,0,0,0,3,27,0,20,215,0.0,0,0,1,0,0,1,1,0,0,0,0,0,0,0,0,0,0,3,32,37,42,338,-0.2,7,1,1,0,0,1,1,0,0,0,0,0,0,0,0,0,0,3,38,40,70,65,0.8,7,1,1,0,0,1,1,0,0,0,0,0,0,0,0,0,0,3,39,41,83,267,1.6,7,1,1,0,0,1,1,0,0,0,0,0,0,0,0,0,0,5,2,24,26,135,-65.1,4,1,1,0,0,1,1,1,0,0,0,0,0,0,0,0,0,5,3,43,37,165,1.8,7,1,1,0,0,1,1,1,0,0,0,0,0,0,0,0,0,5,4,0,63,60,0.0,1,0,2,0,0,2,0,1,0,0,0,0,0,0,0,0,0,5,7,36,60,149,1.4,7,1,1,0,0,1,1,1,0,0,0,0,0,0,0,0,0,6,6,0,35,41,0.0,1,0,1,0,0,2,0,1,0,0,0,0,0,0,0,0,0,6,7,23,32,343,-2.5,4,1,1,0,0,1,1,1,0,0,0,0,0,0,0,0,0,6,8,0,3,302,0.0,0,0,1,0,0,2,0,1,0,0,0,0,0,0,0,0,0,6,9,43,60,119,1.3,7,1,1,0,0,1,1,1,0,0,0,0,0,0,0,0,0,6,10,42,28,177,5.7,7,1,1,0,0,1,1,1,0,0,0,0,0,0,0,0,0,6,16,28,30,42,-110.9,4,0,1,0,0,1,1,1,0,0,0,0,0,0,0,0,0,6,21,47,20,210,-5.0,7,1,1,0,0,1,1,1,0,0,0,0,0,0,0,0,0
94519000,1,47,0,0,10,36,43,334,0.0,7,1,1,1,0,1,1,0,0,0,1,0,0,0,1,0,1,0,12,24,33,103,-56.5,4,1,1,1,0,1,1,0,0,0,1,0,0,0,1,0,1,0,15,0,13,75,0.0,1,0,1,0,0,2,0,1,0,0,0,0,0,0,0,0,0,0,18,44,40,198,0.9,7,1,1,1,0,1,1,1,0,0,1,0,0,0,1,0,1,0,23,43,72,51,-0.1,7,1,1,1,0,1,1,1,0,0,1,0,0,0,1,0,1,0,24,0,33,37,0.0,1,0,1,0,0,1,1,1,0,0,0,0,0,0,0,0,0,0,25,42,35,144,-1.1,7,1,1,1,0,1,1,0,0,0,1,0,0,0,1,0,1,0,28,44,27,227,0.7,7,1,1,1,0,1,1,0,0,0,1,0,0,0,1,0,1,0,32,29,31,301,-6.0,5,1,1,1,0,1,1,0,0,0,1,0,0,0,1,0,1,1,127,0,21,258,0.0,0,0,0,0,0,2,0,1,0,0,0,0,0,0,0,0,0,1,128,41,46,238,0.0,6,0,0,0,0,2,1,1,0,0,0,0,0,0,0,0,0,1,129,42,53,229,0.0,6,0,1,0,0,2,1,1,0,0,0,0,0,0,0,0,0,1,137,42,60,149,0.0,6,0,0,0,0,2,1,1,0,0,0,0,0,0,0,0,0,2,4,0,1,265,0.0,0,0,1,0,0,2,0,1,0,0,0,0,0,0,0,0,0,2,7,25,12,60,0.0,3,0,1,0,0,2,0,1,0,0,0,0,0,0,0,0,0,2,10,0,5,325,0.0,0,0,1,0,0,2,0,1,0,0,0,0,0,0,0,0,0,2,12,23,25,313,-0.5,4,1,1,0,0,1,1,1,0,0,0,0,0,0,0,0,0,2,19,31,41,303,-0.6,5,1,1,0,0,1,1,1,0,0,0,0,0,0,0,0,0,2,21,39,26,150,-4.7,7,1,1,0,0,1,1,1,0,0,0,0,0,0,0,0,0,2,23,0,0,193,0.0,0,0,1,0,0,2,0,1,0,0,0,0,0,0,0,0,0,2,26,40,33,178,0.8,7,1,1,0,0,1,1,1,0,0,0,0,0,0,0,0,0,2,27,18,27,91,0.0,3,0,1,0,0,1,1,1,0,0,0,0,0,0,0,0,0,2,29,25,47,14,-4.9,4,1,1,0,0,1,1,0,0,0,0,0,0,0,0,0,0,2,30,0,4,48,0.0,0,0,1,0,0,2,0,1,0,0,0,0,0,0,0,0,0,2,33,44,59,249,0.5,7,1,1,0,0,1,1,1,0,0,0,0,0,0,0,0,0,3,6,40,69,222,-0.7,7,1,1,0,0,1,1,0,0,0,0,0,0,0,0,0,0,3,9,41,53,217,-0.6,7,1,1,0,0,1,1,0,0,0,0,0,0,0,0,0,0,3,13,40,61,358,-0.4,7,1,1,0,0,1,1,0,0,0,0,0,0,0,0,0,0,3,16,43,77,225,0.2,7,1,1,0,0,1,1,0,0,0,0,0,0,0,0,0,0,3,23,45,67,116,-0.2,7,1,1,0,0,1,1,0,0,0,0,0,0,0,0,0,0,3,27,0,20,215,0.0,0,0,1,0,0,1,1,0,0,0,0,0,0,0,0,0,0,3,32,35,42,338,-0.2,7,1,1,0,0,1,1,0,0,0,0,0,0,0,0,0,0,3,38,43,70,65,0.9,7,1,1,0,0,1,1,0,0,0,0,0,0,0,0,0,0,3,39,43,83,267,1.5,7,1,1,0,0,1,1,0,0,0,0,0,0,0,0,0,0,5,2,23,26,135,-51.5,4,1,1,0,0,1,1,1,0,0,0,0,0,0,0,0,0,5,3,40,37,165,1.8,7,1,1,0,0,1,1,1,0,0,0,0,0,0,0,0,0,5,4,0,63,60,0.0,1,0,2,0,0,2,0,1,0,0,0,0,0,0,0,0,0,5,7,38,60,149,1.4,7,1,1,0,0,1,1,1,0,0,0,0,0,0,0,0,0,6,6,0,35,41,0.0,1,0,1,0,0,2,0,1,0,0,0,0,0,0,0,0,0,6,7,36,32,343,-0.8,5,1,1,0,0,1,1,1,0,0,0,0,0,0,0,0,0,6,8,0,3,302,0.0,0,0,1,0,0,2,0,1,0,0,0,0,0,0,0,0,0,6,9,48,60,119,1.0,6,1,1,0,0,1,1,1,0,0,0,0,0,0,0,0,0,6,10,37,28,177,5.9,6,1,1,0,0,1,1,1,0,0,0,0,0,0,0,0,0,6,16,25,30,42,-110.8,4,0,1,0,0,1,1,1,0,0,0,0,0,0,0,0,0,6,21,45,20,210,-5.0,7,1,1,0,0,1,1,1,0,0,0,0,0,0,0,0,0
94520000,1,47,0,0,10,40,43,334,0.1,7,1,1,1,0,1,1,0,0,0,1,0,0,0,1,0,1,0,12,34,33,103,-43.6,4,1,1,1,0,1,1,0,0,0,1,0,0,0,1,0,1,0,15,0,13,75,0.0,1,0,1,0,0,2,0,1,0,0,0,0,0,0,0,0,0,0,18,43,40,198,0.7,7,1,1,1,0,1,1,1,0,0,1,0,0,0,1,0,1,0,23,41,72,51,-0.1,7,1,1,1,0,1,1,1,0,0,1,0,0,0,1,0,1,0,24,0,33,37,0.0,1,0,1,0,0,1,1,1,0,0,0,0,0,0,0,0,0,0,25,39,35,144,-1.1,7,1,1,1,0,1,1,0,0,0,1,0,0,0,1,0,1,0,28,41,27,227,0.6,7,1,1,1,0,1,1,0,0,0,1,0,0,0,1,0,1,0,32,29,31,301,-9.1,4,1,1,1,0,1,1,0,0,0,1,0,0,0,1,0,1,1,127,0,21,258,0.0,0,0,0,0,0,2,0,1,0,0,0,0,0,0,0,0,0,1,128,43,46,238,0.0,6,0,0,0,0,2,1,1,0,0,0,0,0,0,0,0,0,1,129,42,53,229,0.0,6,0,1,0,0,2,1,1,0,0,0,0,0,0,0,0,0,1,137,41,60,149,0.0,6,0,0,0,0,2,1,1,0,0,0,0,0,0,0,0,0,2,4,0,1,265,0.0,0,0,1,0,0,2,0,1,0,0,0,0,0,0,0,0,0,2,7,26,12,60,0.0,3,0,1,0,0,2,0,1,0,0,0,0,0,0,0,0,0,2,10,0,5,325,0.0,0,0,1,0,0,2,0,1,0,0,0,0,0,0,0,0,0,2,12,24,25,313,7.8,4,1,1,0,0,1,1,1,0,0,0,0,0,0,0,0,0,2,19,31,41,303,-1.1,5,1,1,0,0,1,1,1,0,0,0,0,0,0,0,0,0,2,21,41,26,150,4.5,7,1,1,0,0,1,1,1,0,0,0,0,0,0,0,0,0,2,23,0,0,193,0.0,0,0,1,0,0,2,0,1,0,0,0,0,0,0,0,0,0,2,26,42,33,178,0.6,7,1,1,0,0,1,1,1,0,0,0,0,0,0,0,0,0,2,27,20,27,91,0.0,3,0,1,0,0,1,1,1,0,0,0,0,0,0,0,0,0,2,29,24,47,14,-4.0,4,1,1,0,0,1,1,0,0,0,0,0,0,0,0,0,0,2,30,0,4,48,0.0,0,0,1,0,0,2,0,1,0,0,0,0,0,0,0,0,0,2,33,44,59,249,0.6,7,1,1,0,0,1,1,1,0,0,0,0,0,0,0,0,0,3,6,42,69,222,-0.6,7,1,1,0,0,1,1,0,0,0,0,0,0,0,0,0,0,3,9,40,53,217,-0.6,7,1,1,0,0,1,1,0,0,0,0,0,0,0,0,0,0,3,13,41,61,358,-0.4,7,1,1,0,0,1,1,0,0,0,0,0,0,0,0,0,0,3,16,42,77,225,0.2,7,1,1,0,0,1,1,0,0,0,0,0,0,0,0,0,0,3,23,44,67,116,-0.3,7,1,1,0,0,1,1,0,0,0,0,0,0,0,0,0,0,3,27,0,20,215,0.0,0,0,1,0,0,1,1,0,0,0,0,0,0,0,0,0,0,3,32,37,42,338,-0.2,7,1,1,0,0,1,1,0,0,0,0,0,0,0,0,0,0,3,38,43,70,65,1.0,7,1,1,0,0,1,1,0,0,0,0,0,0,0,0,0,0,3,39,42,83,267,1.4,7,1,1,0,0,1,1,0,0,0,0,0,0,0,0,0,0,5,2,24,26,135,-52.9,4,1,1,0,0,1,1,1,0,0,0,0,0,0,0,0,0,5,3,42,37,165,1.6,7,1,1,0,0,1,1,1,0,0,0,0,0,0,0,0,0,5,4,0,63,60,0.0,1,0,2,0,0,2,0,1,0,0,0,0,0,0,0,0,0,5,7,38,60,149,1.4,7,1,1,0,0,1,1,1,0,0,0,0,0,0,0,0,0,6,6,0,35,41,0.0,1,0,1,0,0,2,0,1,0,0,0,0,0,0,0,0,0,6,7,38,32,343,-0.3,6,1,1,0,0,1,1,1,0,0,0,0,0,0,0,0,0,6,8,0,3,302,0.0,0,0,1,0,0,2,0,1,0,0,0,0,0,0,0,0,0,6,9,43,60,119,0.9,6,1,1,0,0,1,1,1,0,0,0,0,0,0,0,0,0,6,10,39,28,177,5.8,6,1,1,0,0,1,1,1,0,0,0,0,0,0,0,0,0,6,16,25,30,42,-111.7,4,0,1,0,0,1,1,1,0,0,0,0,0,0,0,0,0,6,21,41,20,210,-4.9,7,1,1,0,0,1,1,1,0,0,0,0,0,0,0,0,0
94521000,1,47,0,0,10,41,43,334,0.2,7,1,1,1,0,1,1,0,0,0,1,0,0,0,1,0,1,0,12,24,33,102,-34.6,4,1,1,1,0,1,1,0,0,0,1,0,0,0,1,0,1,0,15,0,13,75,0.0,1,0,1,0,0,2,0,1,0,0,0,0,0,0,0,0,0,0,18,42,40,198,0.6,7,1,1,1,0,1,1,1,0,0,1,0,0,0,1,0,1,0,23,41,72,51,-0.2,7,1,1,1,0,1,1,1,0,0,1,0,0,0,1,0,1,0,24,0,33,37,0.0,1,0,1,0,0,1,1,1,0,0,0,0,0,0,0,0,0,0,25,43,35,144,-1.2,7,1,1,1,0,1,1,0,0,0,1,0,0,0,1,0,1,0,28,42,27,227,0.5,7,1,1,1,0,1,1,0,0,0,1,0,0,0,1,0,1,0,32,33,31,301,-5.9,5,1,1,1,0,1,1,0,0,0,1,0,0,0,1,0,1,1,127,0,21,258,0.0,0,0,0,0,0,2,0,1,0,0,0,0,0,0,0,0,0,1,128,38,46,238,0.0,6,0,0,0,0,2,1,1,0,0,0,0,0,0,0,0,0,1,129,42,53,229,0.0,6,0,1,0,0,2,1,1,0,0,0,0,0,0,0,0,0,1,137,40,60,149,0.0,6,0,0,0,0,2,1,1,0,0,0,0,0,0,0,0,0,2,4,0,1,265,0.0,0,0,1,0,0,2,0,1,0,0,0,0,0,0,0,0,0,2,7,25,12,60,0.0,4,0,1,0,0,2,0,1,0,0,0,0,0,0,0,0,0,2,10,0,5,325,0.0,0,0,1,0,0,2,0,1,0,0,0,0,0,0,0,0,0,2,12,23,25,313,0.1,4,1,1,0,0,1,1,1,0,0,0,0,0,0,0,0,0,2,19,30,41,303,-7.2,7,1,1,0,0,1,1,1,0,0,0,0,0,0,0,0,0,2,21,41,26,150,0.8,7,1,1,0,0,1,1,1,0,0,0,0,0,0,0,0,0,2,23,0,0,193,0.0,0,0,1,0,0,2,0,1,0,0,0,0,0,0,0,0,0,2,26,43,33,178,0.3,7,1,1,0,0,1,1,1,0,0,0,0,0,0,0,0,0,2,27,20,27,91,0.0,3,0,1,0,0,1,1,1,0,0,0,0,0,0,0,0,0,2,29,22,47,14,-5.5,4,1,1,0,0,1,1,0,0,0,0,0,0,0,0,0,0,2,30,0,4,48,0.0,0,0,1,0,0,2,0,1,0,0,0,0,0,0,0,0,0,2,33,41,59,249,0.9,7,1,1,0,0,1,1,1,0,0,0,0,0,0,0,0,0,3,6,42,69,222,-0.6,7,1,1,0,0,1,1,0,0,0,0,0,0,0,0,0,0,3,9,41,53,217,-0.7,7,1,1,0,0,1,1,0,0,0,0,0,0,0,0,0,0,3,13,41,61,358,-0.4,7,1,1,0,0,1,1,0,0,0,0,0,0,0,0,0,0,3,16,44,77,225,0.2,7,1,1,0,0,1,1,0,0,0,0,0,0,0,0,0,0,3,23,45,67,116,-0.3,7,1,1,0,0,1,1,0,0,0,0,0,0,0,0,0,0,3,27,0,20,215,0.0,0,0,1,0,0,1,1,0,0,0,0,0,0,0,0,0,0,3,32,37,42,338,-0.1,7,1,1,0,0,1,1,0,0,0,0,0,0,0,0,0,0,3,38,42,70,65,1.0,7,1,1,0,0,1,1,0,0,0,0,0,0,0,0,0,0,3,39,42,83,267,1.4,7,1,1,0,0,1,1,0,0,0,0,0,0,0,0,0,0,5,2,25,26,135,-44.7,4,1,1,0,0,1,1,1,0,0,0,0,0,0,0,0,0,5,3,42,37,165,1.6,7,1,1,0,0,1,1,1,0,0,0,0,0,0,0,0,0,5,4,0,63,60,0.0,1,0,2,0,0,2,0,1,0,0,0,0,0,0,0,0,0,5,7,37,60,149,1.3,7,1,1,0,0,1,1,1,0,0,0,0,0,0,0,0,0,6,6,0,35,41,0.0,1,0,1,0,0,2,0,1,0,0,0,0,0,0,0,0,0,6,7,39,32,343,-0.1,7,1,1,0,0,1,1,1,0,0,0,0,0,0,0,0,0,6,8,0,3,302,0.0,0,0,1,0,0,2,0,1,0,0,0,0,0,0,0,0,0,6,9,47,60,119,1.0,7,1,1,0,0,1,1,1,0,0,0,0,0,0,0,0,0,6,10,41,28,177,5.8,7,1,1,0,0,1,1,1,0,0,0,0,0,0,0,0,0,6,16,22,30,42,-110.2,4,0,1,0,0,1,1,1,0,0,0,0,0,0,0,0,0,6,21,45,20,210,-5.1,7,1,1,0,0,1,1,1,0,0,0,0,0,0,0,0,0
94522000,1,47,0,0,10,38,43,334,0.1,7,1,1,1,0,1,1,0,0,0,1,0,0,0,1,0,1,0,12,30,33,102,-20.5,5,1,1,1,0,1,1,0,0,0,1,0,0,0,1,0,1,0,15,0,13,75,0.0,1,0,1,0,0,2,0,1,0,0,0,0,0,0,0,0,0,0,18,43,40,198,0.6,7,1,1,1,0,1,1,1,0,0,1,0,0,0,1,0,1,0,23,43,72,51,-0.3,7,1,1,1,0,1,1,1,0,0,1,0,0,0,1,0,1,0,24,0,33,37,0.0,1,0,1,0,0,1,1,1,0,0,0,0,0,0,0,0,0,0,25,43,35,144,-1.2,7,1,1,1,0,1,1,0,0,0,1,0,0,0,1,0,1,0,28,41,27,227,0.6,7,1,1,1,0,1,1,0,0,0,1,0,0,0,1,0,1,0,32,39,31,301,1.0,6,1,1,1,0,1,1,0,0,0,1,0,0,0,1,0,1,1,127,0,21,258,0.0,0,0,0,0,0,2,0,1,0,0,0,0,0,0,0,0,0,1,128,39,46,238,0.0,6,0,0,0,0,2,1,1,0,0,0,0,0,0,0,0,0,1,129,43,53,229,0.0,6,0,1,0,0,2,1,1,0,0,0,0,0,0,0,0,0,1,137,41,60,149,0.0,6,0,0,0,0,2,1,1,0,0,0,0,0,0,0,0,0,2,4,0,1,265,0.0,0,0,1,0,0,2,0,1,0,0,0,0,0,0,0,0,0,2,7,23,12,60,0.0,4,0,1,0,0,2,0,1,0,0,0,0,0,0,0,0,0,2,10,0,5,325,0.0,0,0,1,0,0,2,0,1,0,0,0,0,0,0,0,0,0,2,12,24,25,313,-3.9,4,1,1,0,0,1,1,1,0,0,0,0,0,0,0,0,0,2,19,30,41,303,-2.5,5,1,1,0,0,1,1,1,0,0,0,0,0,0,0,0,0,2,21,40,26,150,0.5,7,1,1,0,0,1,1,1,0,0,0,0,0,0,0,0,0,2,23,0,0,193,0.0,0,0,1,0,0,2,0,1,0,0,0,0,0,0,0,0,0,2,26,42,33,178,0.3,7,1,1,0,0,1,1,1,0,0,0,0,0,0,0,0,0,2,27,18,27,91,0.0,3,0,1,0,0,1,1,1,0,0,0,0,0,0,0,0,0,2,29,25,47,14,-9.8,4,1,1,0,0,1,1,0,0,0,0,0,0,0,0,0,0,2,30,0,4,48,0.0,0,0,1,0,0,2,0,1,0,0,0,0,0,0,0,0,0,2,33,43,59,249,0.6,7,1,1,0,0,1,1,1,0,0,0,0,0,0,0,0,0,3,6,42,69,222,-0.6,7,1,1,0,0,1,1,0,0,0,0,0,0,0,0,0,0,3,9,38,53,217,-0.8,7,1,1,0,0,1,1,0,0,0,0,0,0,0,0,0,0,3,13,40,61,358,-0.5,7,1,1,0,0,1,1,0,0,0,0,0,0,0,0,0,0,3,16,44,77,225,0.0,7,1,1,0,0,1,1,0,0,0,0,0,0,0,0,0,0,3,23,46,67,116,-0.4,7,1,1,0,0,1,1,0,0,0,0,0,0,0,0,0,0,3,27,0,20,215,0.0,0,0,1,0,0,1,1,0,0,0,0,0,0,0,0,0,0,3,32,38,42,338,-0.2,7,1,1,0,0,1,1,0,0,0,0,0,0,0,0,0,0,3,38,44,70,65,1.0,7,1,1,0,0,1,1,0,0,0,0,0,0,0,0,0,0,3,39,45,83,267,1.4,7,1,1,0,0,1,1,0,0,0,0,0,0,0,0,0,0,5,2,25,26,135,-47.4,4,0,1,0,0,1,1,1,0,0,0,0,0,0,0,0,0,5,3,44,37,165,1.6,7,1,1,0,0,1,1,1,0,0,0,0,0,0,0,0,0,5,4,0,63,60,0.0,1,0,2,0,0,2,0,1,0,0,0,0,0,0,0,0,0,5,7,38,60,149,1.2,7,1,1,0,0,1,1,1,0,0,0,0,0,0,0,0,0,6,6,0,35,41,0.0,1,0,1,0,0,2,0,1,0,0,0,0,0,0,0,0,0,6,7,30,32,343,-5.2,7,1,1,0,0,1,1,1,0,0,0,0,0,0,0,0,0,6,8,0,3,302,0.0,0,0,1,0,0,2,0,1,0,0,0,0,0,0,0,0,0,6,9,46,60,119,1.2,7,1,1,0,0,1,1,1,0,0,0,0,0,0,0,0,0,6,10,41,28,177,6.0,7,1,1,0,0,1,1,1,0,0,0,0,0,0,0,0,0,6,16,23,30,42,-113.9,4,0,1,0,0,1,1,1,0,0,0,0,0,0,0,0,0,6,21,45,20,210,-4.9,7,1,1,0,0,1,1,1,0,0,0,0,0,0,0,0,0
94523000,1,47,0,0,10,41,43,334,0.1,7,1,1,1,0,1,1,0,0,0,1,0,0,0,1,0,1,0,12,24,33,102,-30.0,5,1,1,1,0,1,1,0,0,0,1,0,0,0,1,0,1,0,15,0,13,75,0.0,1,0,1,0,0,2,0,1,0,0,0,0,0,0,0,0,0,0,18,46,40,198,0.6,7,1,1,1,0,1,1,1,0,0,1,0,0,0,1,0,1,0,23,42,72,51,-0.3,7,1,1,1,0,1,1,1,0,0,1,0,0,0,1,0,1,0,24,0,33,37,0.0,1,0,1,0,0,1,1,1,0,0,0,0,0,0,0,0,0,0,25,44,35,144,-1.3,7,1,1,1,0,1,1,0,0,0,1,0,0,0,1,0,1,0,28,40,27,227,0.5,7,1,1,1,0,1,1,0,0,0,1,0,0,0,1,0,1,0,32,41,31,301,0.5,6,1,1,1,0,1,1,0,0,0,1,0,0,0,1,0,1,1,127,0,21,258,0.0,0,0,0,0,0,2,0,1,0,0,0,0,0,0,0,0,0,1,128,41,46,238,0.0,6,0,0,0,0,2,1,1,0,0,0,0,0,0,0,0,0,1,129,41,53,229,0.0,6,0,1,0,0,2,1,1,0,0,0,0,0,0,0,0,0,1,137,39,60,149,0.0,6,0,0,0,0,2,1,1,0,0,0,0,0,0,0,0,0,2,4,0,1,265,0.0,0,0,1,0,0,2,0,1,0,0,0,0,0,0,0,0,0,2,7,22,12,60,0.0,4,0,1,0,0,2,0,1,0,0,0,0,0,0,0,0,0,2,10,0,5,325,0.0,0,0,1,0,0,2,0,1,0,0,0,0,0,0,0,0,0,2,12,30,25,313,-2.5,4,1,1,0,0,1,1,1,0,0,0,0,0,0,0,0,0,2,19,37,41,303,-2.4,4,1,1,0,0,1,1,1,0,0,0,0,0,0,0,0,0,2,21,42,26,150,0.2,7,1,1,0,0,1,1,1,0,0,0,0,0,0,0,0,0,2,23,0,0,193,0.0,0,0,1,0,0,2,0,1,0,0,0,0,0,0,0,0,0,2,26,44,33,178,0.5,7,1,1,0,0,1,1,1,0,0,0,0,0,0,0,0,0,2,27,18,27,91,0.0,3,0,1,0,0,1,1,1,0,0,0,0,0,0,0,0,0,2,29,25,47,14,-7.9,4,1,1,0,0,1,1,0,0,0,0,0,0,0,0,0,0,2,30,0,4,48,0.0,0,0,1,0,0,2,0,1,0,0,0,0,0,0,0,0,0,2,33,42,59,249,0.6,7,1,1,0,0,1,1,1,0,0,0,0,0,0,0,0,0,3,6,41,69,222,-0.6,7,1,1,0,0,1,1,0,0,0,0,0,0,0,0,0,0,3,9,40,53,217,-0.7,7,1,1,0,0,1,1,0,0,0,0,0,0,0,0,0,0,3,13,38,61,358,-0.7,7,1,1,0,0,1,1,0,0,0,0,0,0,0,0,0,0,3,16,43,77,225,-0.1,7,1,1,0,0,1,1,0,0,0,0,0,0,0,0,0,0,3,23,46,67,116,-0.4,7,1,1,0,0,1,1,0,0,0,0,0,0,0,0,0,0,3,27,0,20,215,0.0,0,0,1,0,0,1,1,0,0,0,0,0,0,0,0,0,0,3,32,36,42,338,-0.1,7,1,1,0,0,1,1,0,0,0,0,0,0,0,0,0,0,3,38,42,70,65,0.9,7,1,1,0,0,1,1,0,0,0,0,0,0,0,0,0,0,3,39,44,83,267,1.5,7,1,1,0,0,1,1,0,0,0,0,0,0,0,0,0,0,5,2,25,26,135,-51.3,4,0,1,0,0,1,1,1,0,0,0,0,0,0,0,0,0,5,3,43,37,165,1.5,7,1,1,0,0,1,1,1,0,0,0,0,0,0,0,0,0,5,4,0,63,60,0.0,1,0,2,0,0,2,0,1,0,0,0,0,0,0,0,0,0,5,7,37,60,149,1.1,7,1,1,0,0,1,1,1,0,0,0,0,0,0,0,0,0,6,6,0,35,41,0.0,1,0,1,0,0,2,0,1,0,0,0,0,0,0,0,0,0,6,7,34,32,343,-7.0,5,1,1,0,0,1,1,1,0,0,0,0,0,0,0,0,0,6,8,0,3,302,0.0,0,0,1,0,0,2,0,1,0,0,0,0,0,0,0,0,0,6,9,48,60,119,1.1,7,1,1,0,0,1,1,1,0,0,0,0,0,0,0,0,0,6,10,42,28,177,6.1,7,1,1,0,0,1,1,1,0,0,0,0,0,0,0,0,0,6,16,24,30,42,-112.1,4,1,1,0,0,1,1,1,0,0,0,0,0,0,0,0,0,6,21,47,20,210,-4.9,7,1,1,0,0,1,1,1,0,0,0,0,0,0,0,0,0
94524000,1,47,0,0,10,36,43,334,0.1,7,1,1,1,0,1,1,0,0,0,1,0,0,0,1,0,1,0,12,25,33,102,-52.1,4,1,1,1,0,1,1,0,0,0,1,0,0,0,1,0,1,0,15,0,13,76,0.0,1,0,1,0,0,2,0,1,0,0,0,0,0,0,0,0,0,0,18,42,40,198,0.6,7,1,1,1,0,1,1,1,0,0,1,0,0,0,1,0,1,0,23,43,72,51,-0.3,7,1,1,1,0,1,1,1,0,0,1,0,0,0,1,0,1,0,24,0,33,37,0.0,1,0,1,0,0,1,1,1,0,0,0,0,0,0,0,0,0,0,25,44,35,144,-1.2,7,1,1,1,0,1,1,0,0,0,1,0,0,0,1,0,1,0,28,43,27,227,0.5,7,1,1,1,0,1,1,0,0,0,1,0,0,0,1,0,1,0,32,38,31,301,0.5,6,1,1,1,0,1,1,0,0,0,1,0,0,0,1,0,1,1,127,0,21,258,0.0,0,0,0,0,0,2,0,1,0,0,0,0,0,0,0,0,0,1,128,43,46,238,0.0,6,0,0,0,0,2,1,1,0,0,0,0,0,0,0,0,0,1,129,41,53,229,0.0,7,0,1,0,0,2,1,1,0,0,0,0,0,0,0,0,0,1,137,42,60,149,0.0,7,0,0,0,0,2,1,1,0,0,0,0,0,0,0,0,0,2,4,0,1,265,0.0,0,0,1,0,0,2,0,1,0,0,0,0,0,0,0,0,0,2,7,22,12,60,0.0,3,0,1,0,0,2,0,1,0,0,0,0,0,0,0,0,0,2,10,0,5,325,0.0,0,0,1,0,0,2,0,1,0,0,0,0,0,0,0,0,0,2,12,29,25,313,-2.8,4,1,1,0,0,1,1,1,0,0,0,0,0,0,0,0,0,2,19,32,41,303,-6.2,4,1,1,0,0,1,1,1,0,0,0,0,0,0,0,0,0,2,21,40,26,150,0.1,7,1,1,0,0,1,1,1,0,0,0,0,0,0,0,0,0,2,23,0,0,193,0.0,0,0,1,0,0,2,0,1,0,0,0,0,0,0,0,0,0,2,26,40,33,178,0.5,7,1,1,0,0,1,1,1,0,0,0,0,0,0,0,0,0,2,27,17,27,91,-166.4,4,0,1,0,0,1,1,1,0,0,0,0,0,0,0,0,0,2,29,27,47,14,-8.6,5,1,1,0,0,1,1,0,0,0,0,0,0,0,0,0,0,2,30,0,4,48,0.0,0,0,1,0,0,2,0,1,0,0,0,0,0,0,0,0,0,2,33,39,59,249,0.8,7,1,1,0,0,1,1,1,0,0,0,0,0,0,0,0,0,3,6,40,69,222,-0.5,7,1,1,0,0,1,1,0,0,0,0,0,0,0,0,0,0,3,9,34,53,217,-0.7,7,1,1,0,0,1,1,0,0,0,0,0,0,0,0,0,0,3,13,41,61,358,-0.5,7,1,1,0,0,1,1,0,0,0,0,0,0,0,0,0,0,3,16,42,77,225,0.3,7,1,1,0,0,1,1,0,0,0,0,0,0,0,0,0,0,3,23,45,67,116,-0.2,7,1,1,0,0,1,1,0,0,0,0,0,0,0,0,0,0,3,27,0,20,215,0.0,0,0,1,0,0,1,1,0,0,0,0,0,0,0,0,0,0,3,32,38,42,338,-0.1,7,1,1,0,0,1,1,0,0,0,0,0,0,0,0,0,0,3,38,44,70,65,1.0,7,1,1,0,0,1,1,0,0,0,0,0,0,0,0,0,0,3,39,44,83,267,1.5,7,1,1,0,0,1,1,0,0,0,0,0,0,0,0,0,0,5,2,24,26,135,-54.5,4,1,1,0,0,1,1,1,0,0,0,0,0,0,0,0,0,5,3,42,37,165,1.6,7,1,1,0,0,1,1,1,0,0,0,0,0,0,0,0,0,5,4,0,63,60,0.0,1,0,2,0,0,2,0,1,0,0,0,0,0,0,0,0,0,5,7,38,60,149,1.2,7,1,1,0,0,1,1,1,0,0,0,0,0,0,0,0,0,6,6,0,35,41,0.0,1,0,1,0,0,2,0,1,0,0,0,0,0,0,0,0,0,6,7,26,32,343,-8.5,4,1,1,0,0,1,1,1,0,0,0,0,0,0,0,0,0,6,8,0,3,302,0.0,0,0,1,0,0,2,0,1,0,0,0,0,0,0,0,0,0,6,9,48,60,119,1.0,7,1,1,0,0,1,1,1,0,0,0,0,0,0,0,0,0,6,10,35,28,177,6.2,7,1,1,0,0,1,1,1,0,0,0,0,0,0,0,0,0,6,16,23,30,42,-113.1,4,0,1,0,0,1,1,1,0,0,0,0,0,0,0,0,0,6,21,46,20,210,-5.0,7,1,1,0,0,1,1,1,0,0,0,0,0,0,0,0,0
94525000,1,47,0,0,10,38,43,334,0.0,7,1,1,1,0,1,1,0,0,0,1,0,0,0,1,0,1,0,12,31,33,102,-40.1,5,0,1,0,0,1,1,0,0,0,0,0,0,0,0,0,0,0,15,0,13,76,0.0,1,0,1,0,0,2,0,1,0,0,0,0,0,0,0,0,0,0,18,42,40,198,0.5,7,1,1,1,0,1,1,1,0,0,1,0,0,0,1,0,1,0,23,42,72,51,-0.5,7,1,1,1,0,1,1,1,0,0,1,0,0,0,1,0,1,0,24,22,33,37,0.0,3,0,1,0,0,1,1,1,0,0,0,0,0,0,0,0,0,0,25,40,35,144,-1.1,7,1,1,1,0,1,1,0,0,0,1,0,0,0,1,0,1,0,28,41,27,227,0.3,7,1,1,1,0,1,1,0,0,0,1,0,0,0,1,0,1,0,32,33,31,301,-1.2,7,1,1,1,0,1,1,0,0,0,1,0,0,0,1,0,1,1,127,0,21,258,0.0,0,0,0,0,0,2,0,1,0,0,0,0,0,0,0,0,0,1,128,43,46,238,0.0,7,0,0,0,0,2,1,1,0,0,0,0,0,0,0,0,0,1,129,44,53,229,0.0,7,0,1,0,0,2,1,1,0,0,0,0,0,0,0,0,0,1,137,38,60,149,0.0,7,0,0,0,0,2,1,1,0,0,0,0,0,0,0,0,0,2,4,0,1,265,0.0,0,0,1,0,0,2,0,1,0,0,0,0,0,0,0,0,0,2,7,28,12,60,0.0,3,0,1,0,0,2,0,1,0,0,0,0,0,0,0,0,0,2,10,0,5,325,0.0,0,0,1,0,0,2,0,1,0,0,0,0,0,0,0,0,0,2,12,28,25,313,-2.1,5,1,1,0,0,1,1,1,0,0,0,0,0,0,0,0,0,2,19,28,41,303,-2.0,5,1,1,0,0,1,1,1,0,0,0,0,0,0,0,0,0,2,21,41,26,150,-0.2,7,1,1,0,0,1,1,1,0,0,0,0,0,0,0,0,0,2,23,0,0,193,0.0,0,0,1,0,0,2,0,1,0,0,0,0,0,0,0,0,0,2,26,40,33,178,0.2,7,1,1,0,0,1,1,1,0,0,0,0,0,0,0,0,0,2,27,17,27,91,-164.6,4,0,1,0,0,1,1,1,0,0,0,0,0,0,0,0,0,2,29,27,47,14,-5.4,5,1,1,0,0,1,1,0,0,0,0,0,0,0,0,0,0,2,30,0,4,48,0.0,0,0,1,0,0,2,0,1,0,0,0,0,0,0,0,0,0,2,33,39,59,249,0.9,7,1,1,0,0,1,1,1,0,0,0,0,0,0,0,0,0,3,6,38,69,222,-0.7,7,1,1,0,0,1,1,0,0,0,0,0,0,0,0,0,0,3,9,42,53,217,-0.9,7,1,1,0,0,1,1,0,0,0,0,0,0,0,0,0,0,3,13,39,61,358,-0.7,7,1,1,0,0,1,1,0,0,0,0,0,0,0,0,0,0,3,16,41,77,225,0.2,7,1,1,0,0,1,1,0,0,0,0,0,0,0,0,0,0,3,23,46,67,116,-0.7,7,1,1,0,0,1,1,0,0,0,0,0,0,0,0,0,0,3,27,0,20,215,0.0,0,0,1,0,0,1,1,0,0,0,0,0,0,0,0,0,0,3,32,40,42,338,-0.2,7,1,1,0,0,1,1,0,0,0,0,0,0,0,0,0,0,3,38,43,70,65,0.7,7,1,1,0,0,1,1,0,0,0,0,0,0,0,0,0,0,3,39,42,83,267,1.3,7,1,1,0,0,1,1,0,0,0,0,0,0,0,0,0,0,5,2,30,26,135,-54.2,4,0,1,0,0,1,1,1,0,0,0,0,0,0,0,0,0,5,3,39,37,165,1.4,7,1,1,0,0,1,1,1,0,0,0,0,0,0,0,0,0,5,4,0,63,60,0.0,1,0,2,0,0,2,0,1,0,0,0,0,0,0,0,0,0,5,7,35,60,149,1.0,7,1,1,0,0,1,1,1,0,0,0,0,0,0,0,0,0,6,6,0,35,41,0.0,1,0,1,0,0,2,0,1,0,0,0,0,0,0,0,0,0,6,7,38,32,343,-6.5,5,1,1,0,0,1,1,1,0,0,0,0,0,0,0,0,0,6,8,0,3,302,0.0,0,0,1,0,0,2,0,1,0,0,0,0,0,0,0,0,0,6,9,45,60,119,0.9,7,1,1,0,0,1,1,1,0,0,0,0,0,0,0,0,0,6,10,37,28,177,6.3,7,1,1,0,0,1,1,1,0,0,0,0,0,0,0,0,0,6,16,23,30,42,-110.3,4,0,1,0,0,1,1,1,0,0,0,0,0,0,0,0,0,6,21,44,20,210,-5.1,7,1,1,0,0,1,1,1,0,0,0,0,0,0,0,0,0
94526000,1,47,0,0,10,37,43,334,0.1,7,1,1,1,0,1,1,0,0,0,1,0,0,0,1,0,1,0,12,34,33,102,-15.7,6,1,1,1,0,1,1,0,0,0,1,0,0,0,1,0,1,0,15,0,13,76,0.0,1,0,1,0,0,2,0,1,0,0,0,0,0,0,0,0,0,0,18,42,40,198,0.5,7,1,1,1,0,1,1,1,0,0,1,0,0,0,1,0,1,0,23,41,72,51,-0.5,7,1,1,1,0,1,1,1,0,0,1,0,0,0,1,0,1,0,24,20,33,37,0.0,3,0,1,0,0,1,1,1,0,0,0,0,0,0,0,0,0,0,25,40,35,144,-1.2,7,1,1,1,0,1,1,0,0,0,1,0,0,0,1,0,1,0,28,42,27,227,0.3,7,1,1,1,0,1,1,0,0,0,1,0,0,0,1,0,1,0,32,32,31,301,3.6,5,1,1,1,0,1,1,0,0,0,1,0,0,0,1,0,1,1,127,0,21,258,0.0,0,0,0,0,0,2,0,1,0,0,0,0,0,0,0,0,0,1,128,41,46,238,0.0,7,0,0,0,0,2,1,1,0,0,0,0,0,0,0,0,0,1,129,45,53,229,0.0,7,0,1,0,0,2,1,1,0,0,0,0,0,0,0,0,0,1,137,40,60,149,0.0,7,0,0,0,0,2,1,1,0,0,0,0,0,0,0,0,0,2,4,0,1,265,0.0,0,0,1,0,0,2,0,1,0,0,0,0,0,0,0,0,0,2,7,22,12,60,0.0,3,0,1,0,0,2,0,1,0,0,0,0,0,0,0,0,0,2,10,0,5,325,0.0,0,0,1,0,0,2,0,1,0,0,0,0,0,0,0,0,0,2,12,27,25,313,-3.7,5,1,1,0,0,1,1,1,0,0,0,0,0,0,0,0,0,2,19,32,41,303,0.3,7,1,1,0,0,1,1,1,0,0,0,0,0,0,0,0,0,2,21,41,26,150,0.0,7,1,1,0,0,1,1,1,0,0,0,0,0,0,0,0,0,2,23,0,0,193,0.0,0,0,1,0,0,2,0,1,0,0,0,0,0,0,0,0,0,2,26,42,33,178,-0.1,7,1,1,0,0,1,1,1,0,0,0,0,0,0,0,0,0,2,27,19,27,91,-167.2,4,0,1,0,0,1,1,1,0,0,0,0,0,0,0,0,0,2,29,31,47,14,-1.4,7,1,1,0,0,1,1,0,0,0,0,0,0,0,0,0,0,2,30,0,4,48,0.0,0,0,1,0,0,2,0,1,0,0,0,0,0,0,0,0,0,2,33,43,59,249,0.9,7,1,1,0,0,1,1,1,0,0,0,0,0,0,0,0,0,3,6,38,69,222,-0.7,7,1,1,0,0,1,1,0,0,0,0,0,0,0,0,0,0,3,9,40,53,217,-0.9,7,1,1,0,0,1,1,0,0,0,0,0,0,0,0,0,0,3,13,42,61,358,-0.6,7,1,1,0,0,1,1,0,0,0,0,0,0,0,0,0,0,3,16,43,77,225,0.0,7,1,1,0,0,1,1,0,0,0,0,0,0,0,0,0,0,3,23,47,67,116,-0.4,7,1,1,0,0,1,1,0,0,0,0,0,0,0,0,0,0,3,27,0,20,215,0.0,0,0,1,0,0,1,1,0,0,0,0,0,0,0,0,0,0,3,32,34,42,338,-0.1,7,1,1,0,0,1,1,0,0,0,0,0,0,0,0,0,0,3,38,43,70,65,0.7,7,1,1,0,0,1,1,0,0,0,0,0,0,0,0,0,0,3,39,43,83,267,1.4,7,1,1,0,0,1,1,0,0,0,0,0,0,0,0,0,0,5,2,25,26,135,-48.4,4,0,1,0,0,1,1,1,0,0,0,0,0,0,0,0,0,5,3,40,37,165,1.5,7,1,1,0,0,1,1,1,0,0,0,0,0,0,0,0,0,5,4,0,63,60,0.0,1,0,2,0,0,2,0,1,0,0,0,0,0,0,0,0,0,5,7,37,60,149,1.0,7,1,1,0,0,1,1,1,0,0,0,0,0,0,0,0,0,6,6,0,35,41,0.0,1,0,1,0,0,2,0,1,0,0,0,0,0,0,0,0,0,6,7,27,32,343,-1.1,4,1,1,0,0,1,1,1,0,0,0,0,0,0,0,0,0,6,8,0,3,302,0.0,0,0,1,0,0,2,0,1,0,0,0,0,0,0,0,0,0,6,9,45,60,119,1.0,7,1,1,0,0,1,1,1,0,0,0,0,0,0,0,0,0,6,10,40,28,177,6.3,7,1,1,0,0,1,1,1,0,0,0,0,0,0,0,0,0,6,16,23,30,42,-109.1,4,0,1,0,0,1,1,1,0,0,0,0,0,0,0,0,0,6,21,44,20,210,-5.3,7,1,1,0,0,1,1,1,0,0,0,0,0,0,0,0,0
94527000,1,47,0,0,10,39,43,334,0.1,7,1,1,1,0,1,1,0,0,0,1,0,0,0,1,0,1,0,12,37,33,102,-4.4,6,1,1,1,0,1,1,0,0,0,1,0,0,0,1,0,1,0,15,0,13,76,0.0,1,0,1,0,0,2,0,1,0,0,0,0,0,0,0,0,0,0,18,43,39,198,0.4,7,1,1,1,0,1,1,1,0,0,1,0,0,0,1,0,1,0,23,41,72,51,-0.4,7,1,1,1,0,1,1,1,0,0,1,0,0,0,1,0,1,0,24,25,33,37,0.0,3,0,1,0,0,1,1,1,0,0,0,0,0,0,0,0,0,0,25,43,35,144,-1.1,7,1,1,1,0,1,1,0,0,0,1,0,0,0,1,0,1,0,28,41,27,227,0.4,7,1,1,1,0,1,1,0,0,0,1,0,0,0,1,0,1,0,32,41,31,301,1.6,6,1,1,1,0,1,1,0,0,0,1,0,0,0,1,0,1,1,127,0,21,258,0.0,0,0,0,0,0,2,0,1,0,0,0,0,0,0,0,0,0,1,128,46,46,238,0.0,7,0,0,0,0,2,1,1,0,0,0,0,0,0,0,0,0,1,129,43,53,229,0.0,7,0,1,0,0,2,1,1,0,0,0,0,0,0,0,0,0,1,137,41,60,149,0.0,7,0,0,0,0,2,1,1,0,0,0,0,0,0,0,0,0,2,4,0,1,265,0.0,0,0,1,0,0,2,0,1,0,0,0,0,0,0,0,0,0,2,7,25,12,60,0.0,4,0,1,0,0,2,0,1,0,0,0,0,0,0,0,0,0,2,10,0,5,325,0.0,0,0,1,0,0,2,0,1,0,0,0,0,0,0,0,0,0,2,12,27,25,313,-2.4,7,1,1,0,0,1,1,1,0,0,0,0,0,0,0,0,0,2,19,29,41,303,3.2,4,1,1,0,0,1,1,1,0,0,0,0,0,0,0,0,0,2,21,40,26,150,0.0,7,1,1,0,0,1,1,1,0,0,0,0,0,0,0,0,0,2,23,0,0,193,0.0,0,0,1,0,0,2,0,1,0,0,0,0,0,0,0,0,0,2,26,41,33,178,-0.2,7,1,1,0,0,1,1,1,0,0,0,0,0,0,0,0,0,2,27,24,27,91,-171.0,4,0,1,0,0,1,1,1,0,0,0,0,0,0,0,0,0,2,29,31,47,14,2.4,5,1,1,0,0,1,1,0,0,0,0,0,0,0,0,0,0,2,30,0,4,48,0.0,0,0,1,0,0,2,0,1,0,0,0,0,0,0,0,0,0,2,33,39,59,249,1.0,7,1,1,0,0,1,1,1,0,0,0,0,0,0,0,0,0,3,6,40,69,222,-0.7,7,1,1,0,0,1,1,0,0,0,0,0,0,0,0,0,0,3,9,40,53,217,-0.8,7,1,1,0,0,1,1,0,0,0,0,0,0,0,0,0,0,3,13,39,61,358,-0.7,7,1,1,0,0,1,1,0,0,0,0,0,0,0,0,0,0,3,16,42,77,225,-0.2,7,1,1,0,0,1,1,0,0,0,0,0,0,0,0,0,0,3,23,47,67,116,-0.3,7,1,1,0,0,1,1,0,0,0,0,0,0,0,0,0,0,3,27,0,20,215,0.0,0,0,1,0,0,1,1,0,0,0,0,0,0,0,0,0,0,3,32,39,42,338,-0.1,7,1,1,0,0,1,1,0,0,0,0,0,0,0,0,0,0,3,38,40,70,65,0.7,7,1,1,0,0,1,1,0,0,0,0,0,0,0,0,0,0,3,39,44,83,267,1.3,7,1,1,0,0,1,1,0,0,0,0,0,0,0,0,0,0,5,2,26,26,135,-51.0,4,1,1,0,0,1,1,1,0,0,0,0,0,0,0,0,0,5,3,42,37,165,1.5,7,1,1,0,0,1,1,1,0,0,0,0,0,0,0,0,0,5,4,0,63,60,0.0,1,0,2,0,0,2,0,1,0,0,0,0,0,0,0,0,0,5,7,39,60,149,0.8,7,1,1,0,0,1,1,1,0,0,0,0,0,0,0,0,0,6,6,0,35,41,0.0,1,0,1,0,0,2,0,1,0,0,0,0,0,0,0,0,0,6,7,31,32,343,-4.8,5,1,1,0,0,1,1,1,0,0,0,0,0,0,0,0,0,6,8,0,3,302,0.0,0,0,1,0,0,2,0,1,0,0,0,0,0,0,0,0,0,6,9,45,60,119,1.0,7,1,1,0,0,1,1,1,0,0,0,0,0,0,0,0,0,6,10,37,28,177,6.3,7,1,1,0,0,1,1,1,0,0,0,0,0,0,0,0,0,6,16,22,30,42,-107.4,4,0,1,0,0,1,1,1,0,0,0,0,0,0,0,0,0,6,21,46,20,210,-5.4,7,1,1,0,0,1,1,1,0,0,0,0,0,0,0,0,0
94528000,1,47,0,0,10,39,43,334,-0.1,7,1,1,1,0,1,1,0,0,0,1,0,0,0,1,0,1,0,12,33,33,102,-9.6,6,1,1,1,0,1,1,0,0,0,1,0,0,0,1,0,1,0,15,0,13,76,0.0,1,0,1,0,0,2,0,1,0,0,0,0,0,0,0,0,0,0,18,43,39,198,0.4,7,1,1,1,0,1,1,1,0,0,1,0,0,0,1,0,1,0,23,41,72,51,-0.5,7,1,1,1,0,1,1,1,0,0,1,0,0,0,1,0,1,0,24,0,33,37,0.0,1,0,1,0,0,1,1,1,0,0,0,0,0,0,0,0,0,0,25,43,35,144,-1.0,7,1,1,1,0,1,1,0,0,0,1,0,0,0,1,0,1,0,28,42,27,227,0.2,7,1,1,1,0,1,1,0,0,0,1,0,0,0,1,0,1,0,32,43,31,301,0.0,6,1,1,1,0,1,1,0,0,0,1,0,0,0,1,0,1,1,127,0,21,258,0.0,0,0,0,0,0,2,0,1,0,0,0,0,0,0,0,0,0,1,128,42,46,238,0.0,7,0,0,0,0,2,1,1,0,0,0,0,0,0,0,0,0,1,129,45,53,229,0.0,7,0,1,0,0,2,1,1,0,0,0,0,0,0,0,0,0,1,137,42,60,149,0.0,7,0,0,0,0,2,1,1,0,0,0,0,0,0,0,0,0,2,4,0,1,265,0.0,0,0,1,0,0,2,0,1,0,0,0,0,0,0,0,0,0,2,7,31,12,60,0.0,5,0,1,0,0,2,0,1,0,0,0,0,0,0,0,0,0,2,10,0,5,325,0.0,0,0,1,0,0,2,0,1,0,0,0,0,0,0,0,0,0,2,12,33,25,313,1.9,7,1,1,0,0,1,1,1,0,0,0,0,0,0,0,0,0,2,19,32,41,303,1.3,7,1,1,0,0,1,1,1,0,0,0,0,0,0,0,0,0,2,21,43,26,150,-0.6,7,1,1,0,0,1,1,1,0,0,0,0,0,0,0,0,0,2,23,0,0,193,0.0,0,0,1,0,0,2,0,1,0,0,0,0,0,0,0,0,0,2,26,44,33,178,-0.3,7,1,1,0,0,1,1,1,0,0,0,0,0,0,0,0,0,2,27,25,27,91,-174.5,4,0,1,0,0,1,1,1,0,0,0,0,0,0,0,0,0,2,29,35,47,14,-1.0,7,1,1,0,0,1,1,0,0,0,0,0,0,0,0,0,0,2,30,0,4,48,0.0,0,0,1,0,0,2,0,1,0,0,0,0,0,0,0,0,0,2,33,40,59,249,1.0,7,1,1,0,0,1,1,1,0,0,0,0,0,0,0,0,0,3,6,41,69,222,-1.0,7,1,1,0,0,1,1,0,0,0,0,0,0,0,0,0,0,3,9,42,53,217,-0.8,7,1,1,0,0,1,1,0,0,0,0,0,0,0,0,0,0,3,13,40,61,358,-0.7,7,1,1,0,0,1,1,0,0,0,0,0,0,0,0,0,0,3,16,43,77,225,0.1,7,1,1,0,0,1,1,0,0,0,0,0,0,0,0,0,0,3,23,46,67,116,-0.4,7,1,1,0,0,1,1,0,0,0,0,0,0,0,0,0,0,3,27,0,20,215,0.0,0,0,1,0,0,1,1,0,0,0,0,0,0,0,0,0,0,3,32,40,42,338,-0.1,7,1,1,0,0,1,1,0,0,0,0,0,0,0,0,0,0,3,38,38,70,65,0.7,7,1,1,0,0,1,1,0,0,0,0,0,0,0,0,0,0,3,39,45,83,267,1.3,7,1,1,0,0,1,1,0,0,0,0,0,0,0,0,0,0,5,2,26,26,135,-50.0,4,1,1,0,0,1,1,1,0,0,0,0,0,0,0,0,0,5,3,42,37,165,1.5,7,1,1,0,0,1,1,1,0,0,0,0,0,0,0,0,0,5,4,0,63,60,0.0,1,0,2,0,0,2,0,1,0,0,0,0,0,0,0,0,0,5,7,39,60,149,0.9,7,1,1,0,0,1,1,1,0,0,0,0,0,0,0,0,0,6,6,0,35,41,0.0,1,0,1,0,0,2,0,1,0,0,0,0,0,0,0,0,0,6,7,31,32,343,-2.8,5,1,1,0,0,1,1,1,0,0,0,0,0,0,0,0,0,6,8,0,3,302,0.0,0,0,1,0,0,2,0,1,0,0,0,0,0,0,0,0,0,6,9,46,60,119,1.0,7,1,1,0,0,1,1,1,0,0,0,0,0,0,0,0,0,6,10,41,28,177,6.4,7,1,1,0,0,1,1,1,0,0,0,0,0,0,0,0,0,6,16,22,30,42,-106.4,4,0,1,0,0,1,1,1,0,0,0,0,0,0,0,0,0,6,21,45,20,210,-5.5,7,1,1,0,0,1,1,1,0,0,0,0,0,0,0,0,0
94529000,1,47,0,0,10,42,43,334,0.0,7,1,1,1,0,1,1,0,0,0,1,0,0,0,1,0,1,0,12,36,33,102,-7.3,6,1,1,1,0,1,1,0,0,0,1,0,0,0,1,0,1,0,15,0,13,76,0.0,1,0,1,0,0,2,0,1,0,0,0,0,0,0,0,0,0,0,18,45,39,198,0.5,7,1,1,1,0,1,1,1,0,0,1,0,0,0,1,0,1,0,23,40,72,51,-0.3,7,1,1,1,0,1,1,1,0,0,1,0,0,0,1,0,1,0,24,0,33,37,0.0,1,0,1,0,0,1,1,1,0,0,0,0,0,0,0,0,0,0,25,41,35,144,-1.0,7,1,1,1,0,1,1,0,0,0,1,0,0,0,1,0,1,0,28,40,27,227,0.3,7,1,1,1,0,1,1,0,0,0,1,0,0,0,1,0,1,0,32,47,31,301,-1.7,6,1,1,1,0,1,1,0,0,0,1,0,0,0,1,0,1,1,127,0,21,258,0.0,0,0,0,0,0,2,0,1,0,0,0,0,0,0,0,0,0,1,128,43,46,238,0.0,7,0,0,0,0,2,1,1,0,0,0,0,0,0,0,0,0,1,129,45,53,229,0.0,7,0,1,0,0,2,1,1,0,0,0,0,0,0,0,0,0,1,137,40,60,149,0.0,7,0,0,0,0,2,1,1,0,0,0,0,0,0,0,0,0,2,4,0,1,265,0.0,0,0,1,0,0,2,0,1,0,0,0,0,0,0,0,0,0,2,7,26,12,60,0.0,4,0,1,0,0,2,0,1,0,0,0,0,0,0,0,0,0,2,10,0,5,325,0.0,0,0,1,0,0,2,0,1,0,0,0,0,0,0,0,0,0,2,12,38,25,313,-0.1,7,1,1,0,0,1,1,1,0,0,0,0,0,0,0,0,0,2,19,38,41,303,2.2,7,1,1,0,0,1,1,1,0,0,0,0,0,0,0,0,0,2,21,43,26,150,-0.5,7,1,1,0,0,1,1,1,0,0,0,0,0,0,0,0,0,2,23,0,0,193,0.0,0,0,1,0,0,2,0,1,0,0,0,0,0,0,0,0,0,2,26,41,33,178,0.0,7,1,1,0,0,1,1,1,0,0,0,0,0,0,0,0,0,2,27,31,27,91,-183.8,5,0,1,0,0,1,1,1,0,0,0,0,0,0,0,0,0,2,29,39,47,14,2.7,7,1,1,0,0,1,1,0,0,0,0,0,0,0,0,0,0,2,30,0,4,48,0.0,0,0,1,0,0,2,0,1,0,0,0,0,0,0,0,0,0,2,33,44,59,249,0.5,7,1,1,0,0,1,1,1,0,0,0,0,0,0,0,0,0,3,6,42,69,222,-0.8,7,1,1,0,0,1,1,0,0,0,0,0,0,0,0,0,0,3,9,41,53,217,-0.7,7,1,1,0,0,1,1,0,0,0,0,0,0,0,0,0,0,3,13,40,61,358,-0.5,7,1,1,0,0,1,1,0,0,0,0,0,0,0,0,0,0,3,16,41,77,225,0.2,7,1,1,0,0,1,1,0,0,0,0,0,0,0,0,0,0,3,23,44,67,116,-0.4,7,1,1,0,0,1,1,0,0,0,0,0,0,0,0,0,0,3,27,0,20,215,0.0,0,0,1,0,0,1,1,0,0,0,0,0,0,0,0,0,0,3,32,41,42,338,0.0,7,1,1,0,0,1,1,0,0,0,0,0,0,0,0,0,0,3,38,42,70,65,0.9,7,1,1,0,0,1,1,0,0,0,0,0,0,0,0,0,0,3,39,42,83,267,1.3,7,1,1,0,0,1,1,0,0,0,0,0,0,0,0,0,0,5,2,26,26,135,-47.5,4,1,1,0,0,1,1,1,0,0,0,0,0,0,0,0,0,5,3,40,37,165,1.5,7,1,1,0,0,1,1,1,0,0,0,0,0,0,0,0,0,5,4,0,63,60,0.0,1,0,2,0,0,2,0,1,0,0,0,0,0,0,0,0,0,5,7,37,60,149,0.9,7,1,1,0,0,1,1,1,0,0,0,0,0,0,0,0,0,6,6,0,35,41,0.0,1,0,1,0,0,2,0,1,0,0,0,0,0,0,0,0,0,6,7,37,32,343,-4.7,6,1,1,0,0,1,1,1,0,0,0,0,0,0,0,0,0,6,8,0,3,302,0.0,0,0,1,0,0,2,0,1,0,0,0,0,0,0,0,0,0,6,9,45,60,119,1.1,7,1,1,0,0,1,1,1,0,0,0,0,0,0,0,0,0,6,10,39,28,177,6.5,7,1,1,0,0,1,1,1,0,0,0,0,0,0,0,0,0,6,16,22,30,42,-102.5,4,1,1,0,0,1,1,1,0,0,0,0,0,0,0,0,0,6,21,41,20,210,-5.5,7,1,1,0,0,1,1,1,0,0,0,0,0,0,0,0,0
94530000,1,47,0,0,10,39,43,334,0.2,7,1,1,1,0,1,1,0,0,0,1,0,0,0,1,0,1,0,12,36,33,102,-5.1,6,1,1,1,0,1,1,0,0,0,1,0,0,0,1,0,1,0,15,0,13,76,0.0,1,0,1,0,0,2,0,1,0,0,0,0,0,0,0,0,0,0,18,41,39,198,0.5,7,1,1,1,0,1,1,1,0,0,1,0,0,0,1,0,1,0,23,43,72,51,-0.3,7,1,1,1,0,1,1,1,0,0,1,0,0,0,1,0,1,0,24,0,33,37,0.0,1,0,1,0,0,1,1,1,0,0,0,0,0,0,0,0,0,0,25,42,35,144,-0.9,7,1,1,1,0,1,1,0,0,0,1,0,0,0,1,0,1,0,28,44,27,227,0.2,7,1,1,1,0,1,1,0,0,0,1,0,0,0,1,0,1,0,32,42,31,301,-0.7,6,1,1,1,0,1,1,0,0,0,1,0,0,0,1,0,1,1,127,0,21,258,0.0,0,0,0,0,0,2,0,1,0,0,0,0,0,0,0,0,0,1,128,44,46,238,0.0,5,0,0,0,0,2,1,1,0,0,0,0,0,0,0,0,0,1,129,45,53,229,0.0,5,0,1,0,0,2,1,1,0,0,0,0,0,0,0,0,0,1,137,42,60,149,0.0,5,0,0,0,0,2,1,1,0,0,0,0,0,0,0,0,0,2,4,0,1,265,0.0,0,0,1,0,0,2,0,1,0,0,0,0,0,0,0,0,0,2,7,31,12,60,0.0,5,0,1,0,0,2,0,1,0,0,0,0,0,0,0,0,0,2,10,0,5,325,0.0,0,0,1,0,0,2,0,1,0,0,0,0,0,0,0,0,0,2,12,36,25,313,-1.4,4,1,1,0,0,1,1,1,0,0,0,0,0,0,0,0,0,2,19,38,41,303,1.3,7,1,1,0,0,1,1,1,0,0,0,0,0,0,0,0,0,2,21,44,26,150,-0.4,7,1,1,0,0,1,1,1,0,0,0,0,0,0,0,0,0,2,23,0,0,193,0.0,0,0,1,0,0,2,0,1,0,0,0,0,0,0,0,0,0,2,26,41,33,178,0.1,7,1,1,0,0,1,1,1,0,0,0,0,0,0,0,0,0,2,27,0,27,91,0.0,0,0,1,0,0,1,1,1,0,0,0,0,0,0,0,0,0,2,29,41,47,14,-1.1,7,1,1,0,0,1,1,0,0,0,0,0,0,0,0,0,0,2,30,0,4,48,0.0,0,0,1,0,0,2,0,1,0,0,0,0,0,0,0,0,0,2,33,45,59,249,0.7,7,1,1,0,0,1,1,1,0,0,0,0,0,0,0,0,0,3,6,42,69,222,-0.7,7,1,1,0,0,1,1,0,0,0,0,0,0,0,0,0,0,3,9,38,53,217,-0.6,7,1,1,0,0,1,1,0,0,0,0,0,0,0,0,0,0,3,13,41,61,358,-0.3,7,1,1,0,0,1,1,0,0,0,0,0,0,0,0,0,0,3,16,41,77,225,0.0,7,1,1,0,0,1,1,0,0,0,0,0,0,0,0,0,0,3,23,42,67,116,-0.3,7,1,1,0,0,1,1,0,0,0,0,0,0,0,0,0,0,3,27,0,20,215,0.0,0,0,1,0,0,1,1,0,0,0,0,0,0,0,0,0,0,3,32,36,42,338,0.1,7,1,1,0,0,1,1,0,0,0,0,0,0,0,0,0,0,3,38,43,70,65,0.9,7,1,1,0,0,1,1,0,0,0,0,0,0,0,0,0,0,3,39,43,83,267,1.3,7,1,1,0,0,1,1,0,0,0,0,0,0,0,0,0,0,5,2,26,26,135,-43.3,4,0,1,0,0,1,1,1,0,0,0,0,0,0,0,0,0,5,3,43,37,165,1.5,7,1,1,0,0,1,1,1,0,0,0,0,0,0,0,0,0,5,4,0,63,60,0.0,1,0,2,0,0,2,0,1,0,0,0,0,0,0,0,0,0,5,7,38,60,149,0.8,7,1,1,0,0,1,1,1,0,0,0,0,0,0,0,0,0,6,6,0,35,41,0.0,1,0,1,0,0,2,0,1,0,0,0,0,0,0,0,0,0,6,7,37,32,343,-2.0,6,1,1,0,0,1,1,1,0,0,0,0,0,0,0,0,0,6,8,0,3,302,0.0,0,0,1,0,0,2,0,1,0,0,0,0,0,0,0,0,0,6,9,44,60,119,1.1,7,1,1,0,0,1,1,1,0,0,0,0,0,0,0,0,0,6,10,37,28,177,6.4,7,1,1,0,0,1,1,1,0,0,0,0,0,0,0,0,0,6,16,21,30,42,-101.0,4,0,1,0,0,1,1,1,0,0,0,0,0,0,0,0,0,6,21,47,20,210,-5.5,7,1,1,0,0,1,1,1,0,0,0,0,0,0,0,0,0
94531000,1,47,0,0,10,41,43,334,0.4,7,1,1,1,0,1,1,0,0,0,1,0,0,0,1,0,1,0,12,36,33,102,-3.5,6,1,1,1,0,1,1,0,0,0,1,0,0,0,1,0,1,0,15,0,13,76,0.0,1,0,1,0,0,2,0,1,0,0,0,0,0,0,0,0,0,0,18,45,39,198,0.8,7,1,1,1,0,1,1,1,0,0,1,0,0,0,1,0,1,0,23,42,72,51,0.0,7,1,1,1,0,1,1,1,0,0,1,0,0,0,1,0,1,0,24,0,33,37,0.0,1,0,1,0,0,1,1,1,0,0,0,0,0,0,0,0,0,0,25,39,35,144,-0.7,7,1,1,1,0,1,1,0,0,0,1,0,0,0,1,0,1,0,28,42,27,227,0.6,7,1,1,1,0,1,1,0,0,0,1,0,0,0,1,0,1,0,32,43,31,301,0.2,7,1,1,1,0,1,1,0,0,0,1,0,0,0,1,0,1,1,127,0,21,258,0.0,0,0,0,0,0,2,0,1,0,0,0,0,0,0,0,0,0,1,128,43,46,238,0.0,6,0,0,0,0,2,1,1,0,0,0,0,0,0,0,0,0,1,129,45,53,229,0.0,6,0,1,0,0,2,1,1,0,0,0,0,0,0,0,0,0,1,137,39,60,149,0.0,6,0,0,0,0,2,1,1,0,0,0,0,0,0,0,0,0,2,4,0,1,265,0.0,0,0,1,0,0,2,0,1,0,0,0,0,0,0,0,0,0,2,7,26,12,60,0.0,4,0,1,0,0,2,0,1,0,0,0,0,0,0,0,0,0,2,10,0,5,325,0.0,0,0,1,0,0,2,0,1,0,0,0,0,0,0,0,0,0,2,12,35,25,313,-0.4,5,1,1,0,0,1,1,1,0,0,0,0,0,0,0,0,0,2,19,38,41,303,1.1,7,1,1,0,0,1,1,1,0,0,0,0,0,0,0,0,0,2,21,42,26,150,-0.2,7,1,1,0,0,1,1,1,0,0,0,0,0,0,0,0,0,2,23,0,0,193,0.0,0,0,1,0,0,2,0,1,0,0,0,0,0,0,0,0,0,2,26,40,33,178,0.8,7,1,1,0,0,1,1,1,0,0,0,0,0,0,0,0,0,2,27,30,27,91,-174.3,4,0,1,0,0,1,1,1,0,0,0,0,0,0,0,0,0,2,29,43,47,14,0.3,7,1,1,0,0,1,1,0,0,0,0,0,0,0,0,0,0,2,30,0,4,48,0.0,0,0,1,0,0,2,0,1,0,0,0,0,0,0,0,0,0,2,33,45,59,249,0.9,7,1,1,0,0,1,1,1,0,0,0,0,0,0,0,0,0,3,6,41,69,222,-0.4,7,1,1,0,0,1,1,0,0,0,0,0,0,0,0,0,0,3,9,42,53,217,-0.2,7,1,1,0,0,1,1,0,0,0,0,0,0,0,0,0,0,3,13,39,61,358,0.0,7,1,1,0,0,1,1,0,0,0,0,0,0,0,0,0,0,3,16,43,77,225,0.1,7,1,1,0,0,1,1,0,0,0,0,0,0,0,0,0,0,3,23,43,67,116,0.1,7,1,1,0,0,1,1,0,0,0,0,0,0,0,0,0,0,3,27,0,20,215,0.0,0,0,1,0,0,1,1,0,0,0,0,0,0,0,0,0,0,3,32,39,42,338,0.5,7,1,1,0,0,1,1,0,0,0,0,0,0,0,0,0,0,3,38,42,70,65,1.2,7,1,1,0,0,1,1,0,0,0,0,0,0,0,0,0,0,3,39,45,83,267,1.6,7,1,1,0,0,1,1,0,0,0,0,0,0,0,0,0,0,5,2,31,26,135,-23.9,4,0,1,0,0,1,1,1,0,0,0,0,0,0,0,0,0,5,3,42,37,165,1.8,7,1,1,0,0,1,1,1,0,0,0,0,0,0,0,0,0,5,4,0,63,60,0.0,1,0,2,0,0,2,0,1,0,0,0,0,0,0,0,0,0,5,7,37,60,149,1.1,7,1,1,0,0,1,1,1,0,0,0,0,0,0,0,0,0,6,6,0,35,41,0.0,1,0,1,0,0,2,0,1,0,0,0,0,0,0,0,0,0,6,7,39,32,343,-3.7,6,1,1,0,0,1,1,1,0,0,0,0,0,0,0,0,0,6,8,0,3,302,0.0,0,0,1,0,0,2,0,1,0,0,0,0,0,0,0,0,0,6,9,45,60,119,1.3,6,1,1,0,0,1,1,1,0,0,0,0,0,0,0,0,0,6,10,37,28,177,6.6,6,1,1,0,0,1,1,1,0,0,0,0,0,0,0,0,0,6,16,21,30,42,-98.9,4,0,1,0,0,1,1,1,0,0,0,0,0,0,0,0,0,6,21,44,20,210,-5.2,6,1,1,0,0,1,1,1,0,0,0,0,0,0,0,0,0
94532000,1,47,0,0,10,42,43,334,0.3,7,1,1,1,0,1,1,0,0,0,1,0,0,0,1,0,1,0,12,28,33,102,-6.6,5,1,1,1,0,1,1,0,0,0,1,0,0,0,1,0,1,0,15,0,13,76,0.0,1,0,1,0,0,2,0,1,0,0,0,0,0,0,0,0,0,0,18,44,39,198,0.7,7,1,1,1,0,1,1,1,0,0,1,0,0,0,1,0,1,0,23,39,73,54,-0.1,7,1,1,1,0,1,1,1,0,0,1,0,0,0,1,0,1,0,24,0,33,37,0.0,1,0,1,0,0,1,1,1,0,0,0,0,0,0,0,0,0,0,25,42,35,144,-0.7,7,1,1,1,0,1,1,0,0,0,1,0,0,0,1,0,1,0,28,43,27,227,0.5,7,1,1,1,0,1,1,0,0,0,1,0,0,0,1,0,1,0,32,43,31,301,-0.2,7,1,1,1,0,1,1,0,0,0,1,0,0,0,1,0,1,1,127,0,21,258,0.0,0,0,0,0,0,2,0,1,0,0,0,0,0,0,0,0,0,1,128,43,46,238,0.0,6,0,0,0,0,2,1,1,0,0,0,0,0,0,0,0,0,1,129,45,53,229,0.0,6,0,1,0,0,2,1,1,0,0,0,0,0,0,0,0,0,1,137,39,60,149,0.0,6,0,0,0,0,2,1,1,0,0,0,0,0,0,0,0,0,2,4,0,1,265,0.0,0,0,1,0,0,2,0,1,0,0,0,0,0,0,0,0,0,2,7,25,12,60,0.0,4,0,1,0,0,2,0,1,0,0,0,0,0,0,0,0,0,2,10,0,5,325,0.0,0,0,1,0,0,2,0,1,0,0,0,0,0,0,0,0,0,2,12,36,25,313,-0.3,7,1,1,0,0,1,1,1,0,0,0,0,0,0,0,0,0,2,19,38,41,303,0.7,7,1,1,0,0,1,1,1,0,0,0,0,0,0,0,0,0,2,21,41,26,150,-0.2,7,1,1,0,0,1,1,1,0,0,0,0,0,0,0,0,0,2,23,0,0,193,0.0,0,0,1,0,0,2,0,1,0,0,0,0,0,0,0,0,0,2,26,41,33,178,0.4,7,1,1,0,0,1,1,1,0,0,0,0,0,0,0,0,0,2,27,0,27,91,0.0,1,0,1,0,0,1,1,1,0,0,0,0,0,0,0,0,0,2,29,43,47,14,0.4,7,1,1,0,0,1,1,0,0,0,0,0,0,0,0,0,0,2,30,0,4,48,0.0,0,0,1,0,0,2,0,1,0,0,0,0,0,0,0,0,0,2,33,44,59,249,0.6,7,1,1,0,0,1,1,1,0,0,0,0,0,0,0,0,0,3,6,40,69,222,-0.3,7,1,1,0,0,1,1,0,0,0,0,0,0,0,0,0,0,3,9,39,53,217,-0.2,7,1,1,0,0,1,1,0,0,0,0,0,0,0,0,0,0,3,13,41,61,358,-0.3,7,1,1,0,0,1,1,0,0,0,0,0,0,0,0,0,0,3,16,43,77,225,0.1,7,1,1,0,0,1,1,0,0,0,0,0,0,0,0,0,0,3,23,42,67,116,0.0,7,1,1,0,0,1,1,0,0,0,0,0,0,0,0,0,0,3,27,0,20,215,0.0,0,0,1,0,0,1,1,0,0,0,0,0,0,0,0,0,0,3,32,39,42,338,0.4,7,1,1,0,0,1,1,0,0,0,0,0,0,0,0,0,0,3,38,40,70,65,1.1,7,1,1,0,0,1,1,0,0,0,0,0,0,0,0,0,0,3,39,44,83,267,1.5,7,1,1,0,0,1,1,0,0,0,0,0,0,0,0,0,0,5,2,34,26,135,0.7,6,1,1,0,0,1,1,1,0,0,0,0,0,0,0,0,0,5,3,43,37,165,1.7,7,1,1,0,0,1,1,1,0,0,0,0,0,0,0,0,0,5,4,0,63,60,0.0,1,0,2,0,0,2,0,1,0,0,0,0,0,0,0,0,0,5,7,37,60,149,0.9,7,1,1,0,0,1,1,1,0,0,0,0,0,0,0,0,0,6,6,0,35,41,0.0,1,0,1,0,0,2,0,1,0,0,0,0,0,0,0,0,0,6,7,37,32,343,-2.7,6,1,1,0,0,1,1,1,0,0,0,0,0,0,0,0,0,6,8,0,3,302,0.0,0,0,1,0,0,2,0,1,0,0,0,0,0,0,0,0,0,6,9,43,60,119,1.1,6,1,1,0,0,1,1,1,0,0,0,0,0,0,0,0,0,6,10,38,28,177,6.5,6,1,1,0,0,1,1,1,0,0,0,0,0,0,0,0,0,6,16,21,30,42,-97.4,4,0,1,0,0,1,1,1,0,0,0,0,0,0,0,0,0,6,21,44,20,210,-5.3,6,1,1,0,0,1,1,1,0,0,0,0,0,0,0,0,0
94533000,1,47,0,0,10,43,43,334,0.1,4,1,1,1,0,1,1,0,0,0,1,0,0,0,1,0,1,0,12,43,33,102,-2.2,4,0,1,0,0,1,1,0,0,0,0,0,0,0,0,0,0,0,15,23,13,76,0.0,3,0,1,0,0,2,0,1,0,0,0,0,0,0,0,0,0,0,18,43,39,198,0.5,4,1,1,1,0,1,1,1,0,0,1,0,0,0,1,0,1,0,23,42,73,54,-0.2,4,1,1,1,0,1,1,1,0,0,1,0,0,0,1,0,1,0,24,0,33,37,0.0,1,0,1,0,0,1,1,1,0,0,0,0,0,0,0,0,0,0,25,41,35,144,-0.7,4,1,1,1,0,1,1,0,0,0,1,0,0,0,1,0,1,0,28,42,27,227,0.5,4,1,1,1,0,1,1,0,0,0,1,0,0,0,1,0,1,0,32,44,31,301,-0.6,4,1,1,1,0,1,1,0,0,0,1,0,0,0,1,0,1,1,127,0,21,258,0.0,0,0,0,0,0,2,0,1,0,0,0,0,0,0,0,0,0,1,128,44,46,238,0.0,4,0,0,0,0,2,1,1,0,0,0,0,0,0,0,0,0,1,129,42,53,229,0.0,4,0,1,0,0,2,1,1,0,0,0,0,0,0,0,0,0,1,137,42,60,149,0.0,4,0,0,0,0,2,1,1,0,0,0,0,0,0,0,0,0,2,4,0,1,265,0.0,0,0,1,0,0,2,0,1,0,0,0,0,0,0,0,0,0,2,7,26,12,60,0.0,4,0,1,0,0,2,0,1,0,0,0,0,0,0,0,0,0,2,10,0,5,325,0.0,0,0,1,0,0,2,0,1,0,0,0,0,0,0,0,0,0,2,12,34,25,313,0.9,4,1,1,0,0,1,1,1,0,0,0,0,0,0,0,0,0,2,19,35,41,303,-0.5,4,1,1,0,0,1,1,1,0,0,0,0,0,0,0,0,0,2,21,43,26,150,-0.3,4,1,1,0,0,1,1,1,0,0,0,0,0,0,0,0,0,2,23,0,0,193,0.0,0,0,1,0,0,2,0,1,0,0,0,0,0,0,0,0,0,2,26,42,33,178,0.2,4,1,1,0,0,1,1,1,0,0,0,0,0,0,0,0,0,2,27,23,27,91,-173.8,3,0,1,0,0,1,1,1,0,0,0,0,0,0,0,0,0,2,29,44,47,14,0.7,4,1,1,0,0,1,1,0,0,0,0,0,0,0,0,0,0,2,30,0,4,48,0.0,0,0,1,0,0,2,0,1,0,0,0,0,0,0,0,0,0,2,33,44,59,249,0.6,4,1,1,0,0,1,1,1,0,0,0,0,0,0,0,0,0,3,6,42,69,222,-0.5,4,1,1,0,0,1,1,0,0,0,0,0,0,0,0,0,0,3,9,41,53,217,-0.4,4,1,1,0,0,1,1,0,0,0,0,0,0,0,0,0,0,3,13,39,61,358,-0.4,7,1,1,0,0,1,1,0,0,0,0,0,0,0,0,0,0,3,16,40,77,225,0.0,4,1,1,0,0,1,1,0,0,0,0,0,0,0,0,0,0,3,23,43,67,116,0.0,4,1,1,0,0,1,1,0,0,0,0,0,0,0,0,0,0,3,27,0,20,215,0.0,0,0,1,0,0,1,1,0,0,0,0,0,0,0,0,0,0,3,32,40,42,338,0.1,4,1,1,0,0,1,1,0,0,0,0,0,0,0,0,0,0,3,38,43,70,65,0.9,4,1,1,0,0,1,1,0,0,0,0,0,0,0,0,0,0,3,39,39,83,267,1.4,4,1,1,0,0,1,1,0,0,0,0,0,0,0,0,0,0,5,2,40,26,135,-0.4,6,1,1,0,0,1,1,1,0,0,0,0,0,0,0,0,0,5,3,41,37,165,1.5,4,1,1,0,0,1,1,1,0,0,0,0,0,0,0,0,0,5,4,0,63,60,0.0,1,0,2,0,0,2,0,1,0,0,0,0,0,0,0,0,0,5,7,39,60,149,0.6,4,1,1,0,0,1,1,1,0,0,0,0,0,0,0,0,0,6,6,0,35,41,0.0,1,0,1,0,0,2,0,1,0,0,0,0,0,0,0,0,0,6,7,33,32,343,-3.3,4,1,1,0,0,1,1,1,0,0,0,0,0,0,0,0,0,6,8,0,3,302,0.0,0,0,1,0,0,2,0,1,0,0,0,0,0,0,0,0,0,6,9,46,60,119,1.0,4,1,1,0,0,1,1,1,0,0,0,0,0,0,0,0,0,6,10,41,28,177,6.4,4,0,1,0,0,1,1,1,0,0,0,0,0,0,0,0,0,6,16,23,30,42,-95.2,4,1,1,0,0,1,1,1,0,0,0,0,0,0,0,0,0,6,21,45,20,210,-5.4,4,1,1,0,0,1,1,1,0,0,0,0,0,0,0,0,0
94534000,1,47,0,0,10,40,43,334,0.2,6,1,1,1,0,1,1,0,0,0,1,0,0,0,1,0,1,0,12,42,33,102,0.4,6,1,1,1,0,1,1,0,0,0,1,0,0,0,1,0,1,0,15,20,13,76,0.0,3,0,1,0,0,2,0,1,0,0,0,0,0,0,0,0,0,0,18,42,39,198,0.5,6,1,1,1,0,1,1,1,0,0,1,0,0,0,1,0,1,0,23,43,73,54,-0.3,6,1,1,1,0,1,1,1,0,0,1,0,0,0,1,0,1,0,24,0,33,37,0.0,1,0,1,0,0,1,1,1,0,0,0,0,0,0,0,0,0,0,25,43,36,144,-0.8,6,1,1,1,0,1,1,0,0,0,1,0,0,0,1,0,1,0,28,40,27,227,0.4,6,1,1,1,0,1,1,0,0,0,1,0,0,0,1,0,1,0,32,44,31,301,-0.4,6,1,1,1,0,1,1,0,0,0,1,0,0,0,1,0,1,1,127,0,21,258,0.0,0,0,0,0,0,2,0,1,0,0,0,0,0,0,0,0,0,1,128,44,46,238,0.0,6,0,0,0,0,2,1,1,0,0,0,0,0,0,0,0,0,1,129,42,53,229,0.0,6,0,1,0,0,2,1,1,0,0,0,0,0,0,0,0,0,1,137,42,60,149,0.0,6,0,0,0,0,2,1,1,0,0,0,0,0,0,0,0,0,2,4,0,1,265,0.0,0,0,1,0,0,2,0,1,0,0,0,0,0,0,0,0,0,2,7,23,12,60,0.0,4,0,1,0,0,2,0,1,0,0,0,0,0,0,0,0,0,2,10,0,5,325,0.0,0,0,1,0,0,2,0,1,0,0,0,0,0,0,0,0,0,2,12,34,25,313,1.8,7,1,1,0,0,1,1,1,0,0,0,0,0,0,0,0,0,2,19,35,41,303,0.6,7,1,1,0,0,1,1,1,0,0,0,0,0,0,0,0,0,2,21,43,26,150,-0.3,7,1,1,0,0,1,1,1,0,0,0,0,0,0,0,0,0,2,23,0,0,193,0.0,0,0,1,0,0,2,0,1,0,0,0,0,0,0,0,0,0,2,26,42,33,178,0.3,7,1,1,0,0,1,1,1,0,0,0,0,0,0,0,0,0,2,27,25,27,91,-182.0,4,0,1,0,0,1,1,1,0,0,0,0,0,0,0,0,0,2,29,41,47,14,0.5,7,1,1,0,0,1,1,0,0,0,0,0,0,0,0,0,0,2,30,0,4,48,0.0,0,0,1,0,0,2,0,1,0,0,0,0,0,0,0,0,0,2,33,42,59,249,0.5,7,1,1,0,0,1,1,1,0,0,0,0,0,0,0,0,0,3,6,42,69,222,-0.5,6,1,1,0,0,1,1,0,0,0,0,0,0,0,0,0,0,3,9,40,53,217,-0.4,6,1,1,0,0,1,1,0,0,0,0,0,0,0,0,0,0,3,13,40,61,358,-0.2,7,1,1,0,0,1,1,0,0,0,0,0,0,0,0,0,0,3,16,42,77,225,0.1,6,1,1,0,0,1,1,0,0,0,0,0,0,0,0,0,0,3,23,42,67,116,-0.1,6,1,1,0,0,1,1,0,0,0,0,0,0,0,0,0,0,3,27,0,20,215,0.0,0,0,1,0,0,1,1,0,0,0,0,0,0,0,0,0,0,3,32,39,42,338,0.2,6,1,1,0,0,1,1,0,0,0,0,0,0,0,0,0,0,3,38,43,70,65,0.8,6,1,1,0,0,1,1,0,0,0,0,0,0,0,0,0,0,3,39,42,83,267,1.5,6,1,1,0,0,1,1,0,0,0,0,0,0,0,0,0,0,5,2,38,26,135,0.0,6,1,1,0,0,1,1,1,0,0,0,0,0,0,0,0,0,5,3,43,37,165,1.4,6,1,1,0,0,1,1,1,0,0,0,0,0,0,0,0,0,5,4,0,63,60,0.0,1,0,2,0,0,2,0,1,0,0,0,0,0,0,0,0,0,5,7,39,60,149,0.7,6,1,1,0,0,1,1,1,0,0,0,0,0,0,0,0,0,6,6,0,35,41,0.0,1,0,1,0,0,2,0,1,0,0,0,0,0,0,0,0,0,6,7,39,32,343,-3.7,6,1,1,0,0,1,1,1,0,0,0,0,0,0,0,0,0,6,8,0,3,302,0.0,0,0,1,0,0,2,0,1,0,0,0,0,0,0,0,0,0,6,9,46,60,119,1.1,6,1,1,0,0,1,1,1,0,0,0,0,0,0,0,0,0,6,10,38,28,177,6.3,6,1,1,0,0,1,1,1,0,0,0,0,0,0,0,0,0,6,16,22,30,42,0.0,4,0,1,0,0,1,1,1,0,0,0,0,0,0,0,0,0,6,21,48,20,210,-5.5,6,1,1,0,0,1,1,1,0,0,0,0,0,0,0,0,0
94535000,1,47,0,0,10,41,43,334,0.0,6,1,1,1,0,1,1,0,0,0,1,0,0,0,1,0,1,0,12,40,33,102,-1.9,6,1,1,1,0,1,1,0,0,0,1,0,0,0,1,0,1,0,15,0,13,76,0.0,1,0,1,0,0,2,0,1,0,0,0,0,0,0,0,0,0,0,18,42,39,198,0.2,6,1,1,1,0,1,1,1,0,0,1,0,0,0,1,0,1,0,23,43,73,54,-0.4,6,1,1,1,0,1,1,1,0,0,1,0,0,0,1,0,1,0,24,0,33,37,0.0,1,0,1,0,0,1,1,1,0,0,0,0,0,0,0,0,0,0,25,41,36,144,-1.0,6,1,1,1,0,1,1,0,0,0,1,0,0,0,1,0,1,0,28,42,28,228,0.1,6,1,1,1,0,1,1,0,0,0,1,0,0,0,1,0,1,0,32,43,31,301,-0.6,6,1,1,1,0,1,1,0,0,0,1,0,0,0,1,0,1,1,127,0,21,258,0.0,0,0,0,0,0,2,0,1,0,0,0,0,0,0,0,0,0,1,128,45,46,238,0.0,6,0,0,0,0,2,1,1,0,0,0,0,0,0,0,0,0,1,129,43,53,229,0.0,6,0,1,0,0,2,1,1,0,0,0,0,0,0,0,0,0,1,137,41,60,149,0.0,6,0,0,0,0,2,1,1,0,0,0,0,0,0,0,0,0,2,4,0,1,265,0.0,0,0,1,0,0,2,0,1,0,0,0,0,0,0,0,0,0,2,7,23,12,60,0.0,4,0,1,0,0,2,0,1,0,0,0,0,0,0,0,0,0,2,10,0,5,325,0.0,0,0,1,0,0,2,0,1,0,0,0,0,0,0,0,0,0,2,12,36,25,313,1.3,7,1,1,0,0,1,1,1,0,0,0,0,0,0,0,0,0,2,19,37,41,303,0.5,7,1,1,0,0,1,1,1,0,0,0,0,0,0,0,0,0,2,21,43,26,150,-0.5,7,1,1,0,0,1,1,1,0,0,0,0,0,0,0,0,0,2,23,0,0,193,0.0,0,0,1,0,0,2,0,1,0,0,0,0,0,0,0,0,0,2,26,43,33,178,0.1,7,1,1,0,0,1,1,1,0,0,0,0,0,0,0,0,0,2,27,25,27,91,-177.7,4,0,1,0,0,1,1,1,0,0,0,0,0,0,0,0,0,2,29,41,47,14,0.4,7,1,1,0,0,1,1,0,0,0,0,0,0,0,0,0,0,2,30,0,4,48,0.0,0,0,1,0,0,2,0,1,0,0,0,0,0,0,0,0,0,2,33,44,59,249,0.6,7,1,1,0,0,1,1,1,0,0,0,0,0,0,0,0,0,3,6,41,69,222,-0.8,6,1,1,0,0,1,1,0,0,0,0,0,0,0,0,0,0,3,9,39,53,217,-0.6,6,1,1,0,0,1,1,0,0,0,0,0,0,0,0,0,0,3,13,39,61,358,-0.3,7,1,1,0,0,1,1,0,0,0,0,0,0,0,0,0,0,3,16,41,77,225,-0.2,6,1,1,0,0,1,1,0,0,0,0,0,0,0,0,0,0,3,23,42,67,116,-0.2,6,1,1,0,0,1,1,0,0,0,0,0,0,0,0,0,0,3,27,0,20,215,0.0,0,0,1,0,0,1,1,0,0,0,0,0,0,0,0,0,0,3,32,37,42,338,0.0,6,1,1,0,0,1,1,0,0,0,0,0,0,0,0,0,0,3,38,41,70,65,0.6,6,1,1,0,0,1,1,0,0,0,0,0,0,0,0,0,0,3,39,43,83,267,1.2,6,1,1,0,0,1,1,0,0,0,0,0,0,0,0,0,0,5,2,43,26,135,0.7,6,1,1,0,0,1,1,1,0,0,0,0,0,0,0,0,0,5,3,43,37,165,1.2,6,1,1,0,0,1,1,1,0,0,0,0,0,0,0,0,0,5,4,0,63,60,0.0,1,0,2,0,0,2,0,1,0,0,0,0,0,0,0,0,0,5,7,37,60,149,0.7,6,1,1,0,0,1,1,1,0,0,0,0,0,0,0,0,0,6,6,0,35,41,0.0,1,0,1,0,0,2,0,1,0,0,0,0,0,0,0,0,0,6,7,37,32,343,-3.7,6,1,1,0,0,1,1,1,0,0,0,0,0,0,0,0,0,6,8,0,3,302,0.0,0,0,1,0,0,2,0,1,0,0,0,0,0,0,0,0,0,6,9,41,60,119,0.9,6,1,1,0,0,1,1,1,0,0,0,0,0,0,0,0,0,6,10,40,28,177,6.2,6,1,1,0,0,1,1,1,0,0,0,0,0,0,0,0,0,6,16,21,30,42,0.0,4,0,1,0,0,1,1,1,0,0,0,0,0,0,0,0,0,6,21,44,20,210,-5.8,6,1,1,0,0,1,1,1,0,0,0,0,0,0,0,0,0
94536000,1,47,0,0,10,41,43,334,-0.2,6,1,1,1,0,1,1,0,0,0,1,0,0,0,1,0,1,0,12,42,33,102,-0.6,6,1,1,1,0,1,1,0,0,0,1,0,0,0,1,0,1,0,15,0,13,76,0.0,1,0,1,0,0,2,0,1,0,0,0,0,0,0,0,0,0,0,18,42,39,198,0.0,6,1,1,1,0,1,1,1,0,0,1,0,0,0,1,0,1,0,23,42,73,54,-0.6,6,1,1,1,0,1,1,1,0,0,1,0,0,0,1,0,1,0,24,0,33,37,0.0,1,0,1,0,0,1,1,1,0,0,0,0,0,0,0,0,0,0,25,38,36,144,-1.1,6,1,1,1,0,1,1,0,0,0,1,0,0,0,1,0,1,0,28,43,28,228,-0.1,6,1,1,1,0,1,1,0,0,0,1,0,0,0,1,0,1,0,32,45,31,302,-0.8,6,1,1,1,0,1,1,0,0,0,1,0,0,0,1,0,1,1,127,0,21,258,0.0,0,0,0,0,0,2,0,1,0,0,0,0,0,0,0,0,0,1,128,44,46,238,0.0,6,0,0,0,0,2,1,1,0,0,0,0,0,0,0,0,0,1,129,42,53,229,0.0,6,0,1,0,0,2,1,1,0,0,0,0,0,0,0,0,0,1,137,43,60,149,0.0,6,0,0,0,0,2,1,1,0,0,0,0,0,0,0,0,0,2,4,0,1,265,0.0,0,0,1,0,0,2,0,1,0,0,0,0,0,0,0,0,0,2,7,22,12,60,0.0,3,0,1,0,0,2,0,1,0,0,0,0,0,0,0,0,0,2,10,0,5,325,0.0,0,0,1,0,0,2,0,1,0,0,0,0,0,0,0,0,0,2,12,36,25,313,0.3,7,1,1,0,0,1,1,1,0,0,0,0,0,0,0,0,0,2,19,39,41,303,0.1,7,1,1,0,0,1,1,1,0,0,0,0,0,0,0,0,0,2,21,40,26,150,-0.6,7,1,1,0,0,1,1,1,0,0,0,0,0,0,0,0,0,2,23,0,0,193,0.0,0,0,1,0,0,2,0,1,0,0,0,0,0,0,0,0,0,2,26,42,33,178,-0.2,7,1,1,0,0,1,1,1,0,0,0,0,0,0,0,0,0,2,27,25,27,91,5.5,4,1,1,0,0,1,1,1,0,0,0,0,0,0,0,0,0,2,29,42,47,14,-0.1,7,1,1,0,0,1,1,0,0,0,0,0,0,0,0,0,0,2,30,0,4,48,0.0,0,0,1,0,0,2,0,1,0,0,0,0,0,0,0,0,0,2,33,41,59,249,0.5,7,1,1,0,0,1,1,1,0,0,0,0,0,0,0,0,0,3,6,42,69,222,-0.8,6,1,1,0,0,1,1,0,0,0,0,0,0,0,0,0,0,3,9,38,53,217,-1.0,6,1,1,0,0,1,1,0,0,0,0,0,0,0,0,0,0,3,13,40,61,358,-0.4,7,1,1,0,0,1,1,0,0,0,0,0,0,0,0,0,0,3,16,41,77,225,-0.5,6,1,1,0,0,1,1,0,0,0,0,0,0,0,0,0,0,3,23,44,67,116,-0.2,6,1,1,0,0,1,1,0,0,0,0,0,0,0,0,0,0,3,27,0,20,215,0.0,0,0,1,0,0,1,1,0,0,0,0,0,0,0,0,0,0,3,32,39,42,338,-0.3,6,1,1,0,0,1,1,0,0,0,0,0,0,0,0,0,0,3,38,40,70,65,0.4,6,1,1,0,0,1,1,0,0,0,0,0,0,0,0,0,0,3,39,43,83,267,1.0,6,1,1,0,0,1,1,0,0,0,0,0,0,0,0,0,0,5,2,41,26,135,1.6,6,1,1,0,0,1,1,1,0,0,0,0,0,0,0,0,0,5,3,44,37,165,1.0,6,1,1,0,0,1,1,1,0,0,0,0,0,0,0,0,0,5,4,0,63,60,0.0,1,0,2,0,0,2,0,1,0,0,0,0,0,0,0,0,0,5,7,38,60,149,0.4,6,1,1,0,0,1,1,1,0,0,0,0,0,0,0,0,0,6,6,0,35,41,0.0,1,0,1,0,0,2,0,1,0,0,0,0,0,0,0,0,0,6,7,42,32,343,-4.0,6,1,1,0,0,1,1,1,0,0,0,0,0,0,0,0,0,6,8,0,3,302,0.0,0,0,1,0,0,2,0,1,0,0,0,0,0,0,0,0,0,6,9,45,60,119,0.7,6,1,1,0,0,1,1,1,0,0,0,0,0,0,0,0,0,6,10,38,28,177,6.1,6,1,1,0,0,1,1,1,0,0,0,0,0,0,0,0,0,6,16,28,30,42,0.0,4,0,1,0,0,1,1,1,0,0,0,0,0,0,0,0,0,6,21,46,20,210,-6.1,6,1,1,0,0,1,1,1,0,0,0,0,0,0,0,0,0
94537000,1,47,0,0,10,40,43,334,-0.4,5,1,1,1,0,1,1,0,0,0,1,0,0,0,1,0,1,0,12,40,33,102,-0.1,7,1,1,1,0,1,1,0,0,0,1,0,0,0,1,0,1,0,15,0,13,76,0.0,1,0,1,0,0,2,0,1,0,0,0,0,0,0,0,0,0,0,18,44,39,198,0.1,7,1,1,1,0,1,1,1,0,0,1,0,0,0,1,0,1,0,23,41,73,54,-0.8,7,1,1,1,0,1,1,1,0,0,1,0,0,0,1,0,1,0,24,19,33,37,0.0,3,0,1,0,0,1,1,1,0,0,0,0,0,0,0,0,0,0,25,41,36,144,-1.2,7,1,1,1,0,1,1,0,0,0,1,0,0,0,1,0,1,0,28,41,28,228,-0.1,7,1,1,1,0,1,1,0,0,0,1,0,0,0,1,0,1,0,32,43,31,302,-0.9,5,1,1,1,0,1,1,0,0,0,1,0,0,0,1,0,1,1,127,0,21,258,0.0,0,0,0,0,0,2,0,1,0,0,0,0,0,0,0,0,0,1,128,42,46,238,0.0,6,0,0,0,0,2,1,1,0,0,0,0,0,0,0,0,0,1,129,44,53,229,0.0,6,0,1,0,0,2,1,1,0,0,0,0,0,0,0,0,0,1,137,39,60,149,0.0,6,0,0,0,0,2,1,1,0,0,0,0,0,0,0,0,0,2,4,0,1,265,0.0,0,0,1,0,0,2,0,1,0,0,0,0,0,0,0,0,0,2,7,22,12,60,0.0,3,0,1,0,0,2,0,1,0,0,0,0,0,0,0,0,0,2,10,0,5,325,0.0,0,0,1,0,0,2,0,1,0,0,0,0,0,0,0,0,0,2,12,33,25,313,-0.2,5,1,1,0,0,1,1,1,0,0,0,0,0,0,0,0,0,2,19,37,41,303,-0.1,5,1,1,0,0,1,1,1,0,0,0,0,0,0,0,0,0,2,21,43,26,150,-0.4,5,1,1,0,0,1,1,1,0,0,0,0,0,0,0,0,0,2,23,0,0,193,0.0,0,0,1,0,0,2,0,1,0,0,0,0,0,0,0,0,0,2,26,41,33,178,-0.1,5,1,1,0,0,1,1,1,0,0,0,0,0,0,0,0,0,2,27,27,27,91,-5.9,4,1,1,0,0,1,1,1,0,0,0,0,0,0,0,0,0,2,29,40,47,14,-0.3,5,1,1,0,0,1,1,0,0,0,0,0,0,0,0,0,0,2,30,0,4,48,0.0,0,0,1,0,0,2,0,1,0,0,0,0,0,0,0,0,0,2,33,44,59,249,0.8,5,1,1,0,0,1,1,1,0,0,0,0,0,0,0,0,0,3,6,42,69,222,-1.1,5,1,1,0,0,1,1,0,0,0,0,0,0,0,0,0,0,3,9,42,53,217,-1.0,6,1,1,0,0,1,1,0,0,0,0,0,0,0,0,0,0,3,13,40,61,358,-0.5,5,1,1,0,0,1,1,0,0,0,0,0,0,0,0,0,0,3,16,44,77,225,-0.4,6,1,1,0,0,1,1,0,0,0,0,0,0,0,0,0,0,3,23,43,67,116,-0.3,6,1,1,0,0,1,1,0,0,0,0,0,0,0,0,0,0,3,27,0,20,215,0.0,0,0,1,0,0,1,1,0,0,0,0,0,0,0,0,0,0,3,32,39,42,338,-0.5,6,1,1,0,0,1,1,0,0,0,0,0,0,0,0,0,0,3,38,42,70,65,0.3,6,1,1,0,0,1,1,0,0,0,0,0,0,0,0,0,0,3,39,44,83,267,1.1,6,1,1,0,0,1,1,0,0,0,0,0,0,0,0,0,0,5,2,44,26,135,1.3,6,1,1,0,0,1,1,1,0,0,0,0,0,0,0,0,0,5,3,42,37,165,1.0,7,1,1,0,0,1,1,1,0,0,0,0,0,0,0,0,0,5,4,0,63,60,0.0,1,0,2,0,0,2,0,1,0,0,0,0,0,0,0,0,0,5,7,37,60,149,0.3,7,1,1,0,0,1,1,1,0,0,0,0,0,0,0,0,0,6,6,0,35,41,0.0,1,0,1,0,0,2,0,1,0,0,0,0,0,0,0,0,0,6,7,38,32,343,-4.2,5,1,1,0,0,1,1,1,0,0,0,0,0,0,0,0,0,6,8,0,3,302,0.0,0,0,1,0,0,2,0,1,0,0,0,0,0,0,0,0,0,6,9,43,60,119,0.5,5,1,1,0,0,1,1,1,0,0,0,0,0,0,0,0,0,6,10,39,28,177,6.1,7,1,1,0,0,1,1,1,0,0,0,0,0,0,0,0,0,6,16,22,30,42,-96.1,4,0,1,0,0,1,1,1,0,0,0,0,0,0,0,0,0,6,21,42,20,210,-6.0,7,1,1,0,0,1,1,1,0,0,0,0,0,0,0,0,0
94538000,1,47,0,0,10,40,43,334,-0.3,6,1,1,1,0,1,1,0,0,0,1,0,0,0,1,0,1,0,12,29,33,102,0.5,7,1,1,1,0,1,1,0,0,0,1,0,0,0,1,0,1,0,15,0,13,76,0.0,1,0,1,0,0,2,0,1,0,0,0,0,0,0,0,0,0,0,18,40,39,198,0.1,7,1,1,1,0,1,1,1,0,0,1,0,0,0,1,0,1,0,23,42,73,54,-0.8,7,1,1,1,0,1,1,1,0,0,1,0,0,0,1,0,1,0,24,18,33,37,0.0,3,0,1,0,0,1,1,1,0,0,0,0,0,0,0,0,0,0,25,42,36,144,-1.2,7,1,1,1,0,1,1,0,0,0,1,0,0,0,1,0,1,0,28,41,28,228,-0.1,7,1,1,1,0,1,1,0,0,0,1,0,0,0,1,0,1,0,32,44,31,302,-0.8,6,1,1,1,0,1,1,0,0,0,1,0,0,0,1,0,1,1,127,0,21,258,0.0,0,0,0,0,0,2,0,1,0,0,0,0,0,0,0,0,0,1,128,42,46,238,0.0,6,0,0,0,0,2,1,1,0,0,0,0,0,0,0,0,0,1,129,41,53,229,0.0,6,0,1,0,0,2,1,1,0,0,0,0,0,0,0,0,0,1,137,42,60,149,0.0,6,0,0,0,0,2,1,1,0,0,0,0,0,0,0,0,0,2,4,0,1,265,0.0,0,0,1,0,0,2,0,1,0,0,0,0,0,0,0,0,0,2,7,22,12,60,0.0,3,0,1,0,0,2,0,1,0,0,0,0,0,0,0,0,0,2,10,0,5,325,0.0,0,0,1,0,0,2,0,1,0,0,0,0,0,0,0,0,0,2,12,34,25,313,-0.2,7,1,1,0,0,1,1,1,0,0,0,0,0,0,0,0,0,2,19,35,41,303,0.1,7,1,1,0,0,1,1,1,0,0,0,0,0,0,0,0,0,2,21,37,26,150,-0.3,7,1,1,0,0,1,1,1,0,0,0,0,0,0,0,0,0,2,23,0,0,193,0.0,0,0,1,0,0,2,0,1,0,0,0,0,0,0,0,0,0,2,26,41,33,178,0.1,7,1,1,0,0,1,1,1,0,0,0,0,0,0,0,0,0,2,27,26,27,91,-8.3,4,1,1,0,0,1,1,1,0,0,0,0,0,0,0,0,0,2,29,43,47,14,-0.3,7,1,1,0,0,1,1,0,0,0,0,0,0,0,0,0,0,2,30,0,4,48,0.0,0,0,1,0,0,2,0,1,0,0,0,0,0,0,0,0,0,2,33,44,59,249,-0.1,7,1,1,0,0,1,1,1,0,0,0,0,0,0,0,0,0,3,6,42,69,222,-1.1,6,1,1,0,0,1,1,0,0,0,0,0,0,0,0,0,0,3,9,39,53,217,-0.9,6,1,1,0,0,1,1,0,0,0,0,0,0,0,0,0,0,3,13,41,61,358,-0.6,6,1,1,0,0,1,1,0,0,0,0,0,0,0,0,0,0,3,16,43,77,225,-0.2,6,1,1,0,0,1,1,0,0,0,0,0,0,0,0,0,0,3,23,45,67,116,-0.2,6,1,1,0,0,1,1,0,0,0,0,0,0,0,0,0,0,3,27,0,20,215,0.0,0,0,1,0,0,1,1,0,0,0,0,0,0,0,0,0,0,3,32,41,42,338,-0.5,6,1,1,0,0,1,1,0,0,0,0,0,0,0,0,0,0,3,38,43,70,65,0.3,6,1,1,0,0,1,1,0,0,0,0,0,0,0,0,0,0,3,39,45,83,267,1.2,6,1,1,0,0,1,1,0,0,0,0,0,0,0,0,0,0,5,2,41,26,135,1.1,7,1,1,0,0,1,1,1,0,0,0,0,0,0,0,0,0,5,3,42,37,165,1.0,7,1,1,0,0,1,1,1,0,0,0,0,0,0,0,0,0,5,4,25,63,60,0.0,3,0,2,0,0,2,0,1,0,0,0,0,0,0,0,0,0,5,7,37,60,149,0.4,7,1,1,0,0,1,1,1,0,0,0,0,0,0,0,0,0,6,6,0,35,41,0.0,1,0,1,0,0,2,0,1,0,0,0,0,0,0,0,0,0,6,7,37,32,343,-4.1,6,1,1,0,0,1,1,1,0,0,0,0,0,0,0,0,0,6,8,0,3,302,0.0,0,0,1,0,0,2,0,1,0,0,0,0,0,0,0,0,0,6,9,46,60,119,0.5,6,1,1,0,0,1,1,1,0,0,0,0,0,0,0,0,0,6,10,39,28,177,6.1,7,1,1,0,0,1,1,1,0,0,0,0,0,0,0,0,0,6,16,22,30,42,-98.3,4,0,1,0,0,1,1,1,0,0,0,0,0,0,0,0,0,6,21,43,20,210,-6.0,7,1,1,0,0,1,1,1,0,0,0,0,0,0,0,0,0
94539000,1,47,0,0,10,43,43,334,-0.4,6,1,1,1,0,1,1,0,0,0,1,0,0,0,1,0,1,0,12,38,33,102,-0.5,7,1,1,1,0,1,1,0,0,0,1,0,0,0,1,0,1,0,15,0,13,76,0.0,1,0,1,0,0,2,0,1,0,0,0,0,0,0,0,0,0,0,18,44,39,198,0.0,7,1,1,1,0,1,1,1,0,0,1,0,0,0,1,0,1,0,23,43,73,54,-0.9,7,1,1,1,0,1,1,1,0,0,1,0,0,0,1,0,1,0,24,19,33,37,0.0,3,0,1,0,0,1,1,1,0,0,0,0,0,0,0,0,0,0,25,41,36,144,-1.5,7,1,1,1,0,1,1,0,0,0,1,0,0,0,1,0,1,0,28,39,28,228,-0.2,7,1,1,1,0,1,1,0,0,0,1,0,0,0,1,0,1,0,32,42,31,302,-0.9,6,1,1,1,0,1,1,0,0,0,1,0,0,0,1,0,1,1,127,0,21,258,0.0,0,0,0,0,0,2,0,1,0,0,0,0,0,0,0,0,0,1,128,42,46,238,0.0,6,0,0,0,0,2,1,1,0,0,0,0,0,0,0,0,0,1,129,44,53,229,0.0,6,0,1,0,0,2,1,1,0,0,0,0,0,0,0,0,0,1,137,41,60,149,0.0,6,0,0,0,0,2,1,1,0,0,0,0,0,0,0,0,0,2,4,0,1,265,0.0,0,0,1,0,0,2,0,1,0,0,0,0,0,0,0,0,0,2,7,25,12,60,0.0,3,0,1,0,0,2,0,1,0,0,0,0,0,0,0,0,0,2,10,0,5,325,0.0,0,0,1,0,0,2,0,1,0,0,0,0,0,0,0,0,0,2,12,35,25,313,-0.5,7,1,1,0,0,1,1,1,0,0,0,0,0,0,0,0,0,2,19,37,41,303,0.4,7,1,1,0,0,1,1,1,0,0,0,0,0,0,0,0,0,2,21,40,26,150,-0.4,7,1,1,0,0,1,1,1,0,0,0,0,0,0,0,0,0,2,23,0,0,193,0.0,0,0,1,0,0,2,0,1,0,0,0,0,0,0,0,0,0,2,26,39,33,178,0.1,7,1,1,0,0,1,1,1,0,0,0,0,0,0,0,0,0,2,27,25,27,91,0.0,4,0,1,0,0,1,1,1,0,0,0,0,0,0,0,0,0,2,29,42,47,14,-0.4,7,1,1,0,0,1,1,0,0,0,0,0,0,0,0,0,0,2,30,0,4,48,0.0,0,0,1,0,0,2,0,1,0,0,0,0,0,0,0,0,0,2,33,44,59,249,0.0,7,1,1,0,0,1,1,1,0,0,0,0,0,0,0,0,0,3,6,42,69,222,-1.3,7,1,1,0,0,1,1,0,0,0,0,0,0,0,0,0,0,3,9,40,53,217,-1.1,7,1,1,0,0,1,1,0,0,0,0,0,0,0,0,0,0,3,13,41,61,358,-0.9,7,1,1,0,0,1,1,0,0,0,0,0,0,0,0,0,0,3,16,44,77,225,-0.5,7,1,1,0,0,1,1,0,0,0,0,0,0,0,0,0,0,3,23,44,67,116,-0.5,7,1,1,0,0,1,1,0,0,0,0,0,0,0,0,0,0,3,27,0,20,215,0.0,0,0,1,0,0,1,1,0,0,0,0,0,0,0,0,0,0,3,32,42,42,338,-0.4,7,1,1,0,0,1,1,0,0,0,0,0,0,0,0,0,0,3,38,42,70,65,0.3,7,1,1,0,0,1,1,0,0,0,0,0,0,0,0,0,0,3,39,44,83,267,0.9,7,1,1,0,0,1,1,0,0,0,0,0,0,0,0,0,0,5,2,41,26,135,0.6,7,1,1,0,0,1,1,1,0,0,0,0,0,0,0,0,0,5,3,41,37,165,0.7,7,1,1,0,0,1,1,1,0,0,0,0,0,0,0,0,0,5,4,21,63,60,0.0,3,0,2,0,0,2,0,1,0,0,0,0,0,0,0,0,0,5,7,38,60,149,0.3,7,1,1,0,0,1,1,1,0,0,0,0,0,0,0,0,0,6,6,0,35,41,0.0,0,0,1,0,0,2,0,1,0,0,0,0,0,0,0,0,0,6,7,42,32,343,-4.2,5,1,1,0,0,1,1,1,0,0,0,0,0,0,0,0,0,6,8,0,3,302,0.0,0,0,1,0,0,2,0,1,0,0,0,0,0,0,0,0,0,6,9,43,60,119,0.4,5,1,1,0,0,1,1,1,0,0,0,0,0,0,0,0,0,6,10,39,28,177,5.9,7,1,1,0,0,1,1,1,0,0,0,0,0,0,0,0,0,6,16,22,30,42,-97.4,4,0,1,0,0,1,1,1,0,0,0,0,0,0,0,0,0,6,21,43,20,210,-6.2,7,1,1,0,0,1,1,1,0,0,0,0,0,0,0,0,0
94540000,1,47,0,0,10,42,43,334,-0.2,6,1,1,1,0,1,1,0,0,0,1,0,0,0,1,0,1,0,12,38,33,102,-0.6,7,1,1,1,0,1,1,0,0,0,1,0,0,0,1,0,1,0,15,0,13,76,0.0,1,0,1,0,0,2,0,1,0,0,0,0,0,0,0,0,0,0,18,42,39,198,-0.1,7,1,1,1,0,1,1,1,0,0,1,0,0,0,1,0,1,0,23,43,73,54,-0.9,7,1,1,1,0,1,1,1,0,0,1,0,0,0,1,0,1,0,24,20,33,37,-70.8,4,1,1,1,0,1,1,1,0,0,1,0,0,0,1,0,1,0,25,41,36,144,-1.5,7,1,1,1,0,1,1,0,0,0,1,0,0,0,1,0,1,0,28,41,28,228,-0.3,7,1,1,1,0,1,1,0,0,0,1,0,0,0,1,0,1,0,32,43,31,302,-0.9,6,1,1,1,0,1,1,0,0,0,1,0,0,0,1,0,1,1,127,0,21,258,0.0,0,0,0,0,0,2,0,1,0,0,0,0,0,0,0,0,0,1,128,41,46,238,0.0,7,0,0,0,0,2,1,1,0,0,0,0,0,0,0,0,0,1,129,41,53,229,0.0,7,0,1,0,0,2,1,1,0,0,0,0,0,0,0,0,0,1,137,43,60,149,0.0,7,0,0,0,0,2,1,1,0,0,0,0,0,0,0,0,0,2,4,0,1,265,0.0,0,0,1,0,0,2,0,1,0,0,0,0,0,0,0,0,0,2,7,26,12,60,0.0,4,0,1,0,0,2,0,1,0,0,0,0,0,0,0,0,0,2,10,0,5,325,0.0,0,0,1,0,0,2,0,1,0,0,0,0,0,0,0,0,0,2,12,34,25,313,-0.7,7,1,1,0,0,1,1,1,0,0,0,0,0,0,0,0,0,2,19,38,41,303,0.2,7,1,1,0,0,1,1,1,0,0,0,0,0,0,0,0,0,2,21,40,26,150,-0.7,7,1,1,0,0,1,1,1,0,0,0,0,0,0,0,0,0,2,23,0,0,193,0.0,0,0,1,0,0,2,0,1,0,0,0,0,0,0,0,0,0,2,26,41,33,178,0.1,7,1,1,0,0,1,1,1,0,0,0,0,0,0,0,0,0,2,27,26,27,91,-11.0,4,1,1,0,0,1,1,1,0,0,0,0,0,0,0,0,0,2,29,42,47,14,-0.6,7,1,1,0,0,1,1,0,0,0,0,0,0,0,0,0,0,2,30,0,4,48,0.0,0,0,1,0,0,2,0,1,0,0,0,0,0,0,0,0,0,2,33,44,59,249,0.2,7,1,1,0,0,1,1,1,0,0,0,0,0,0,0,0,0,3,6,44,69,222,-1.4,7,1,1,0,0,1,1,0,0,0,0,0,0,0,0,0,0,3,9,40,53,217,-1.1,7,1,1,0,0,1,1,0,0,0,0,0,0,0,0,0,0,3,13,39,61,358,-0.7,7,1,1,0,0,1,1,0,0,0,0,0,0,0,0,0,0,3,16,40,77,225,-0.7,7,1,1,0,0,1,1,0,0,0,0,0,0,0,0,0,0,3,23,44,67,116,-0.5,7,1,1,0,0,1,1,0,0,0,0,0,0,0,0,0,0,3,27,0,20,215,0.0,0,0,1,0,0,1,1,0,0,0,0,0,0,0,0,0,0,3,32,41,42,338,-0.4,7,1,1,0,0,1,1,0,0,0,0,0,0,0,0,0,0,3,38,43,70,65,0.5,7,1,1,0,0,1,1,0,0,0,0,0,0,0,0,0,0,3,39,42,83,267,0.9,7,1,1,0,0,1,1,0,0,0,0,0,0,0,0,0,0,5,2,37,26,135,1.2,7,1,1,0,0,1,1,1,0,0,0,0,0,0,0,0,0,5,3,43,37,165,0.7,7,1,1,0,0,1,1,1,0,0,0,0,0,0,0,0,0,5,4,0,63,60,0.0,1,0,2,0,0,2,0,1,0,0,0,0,0,0,0,0,0,5,7,38,60,149,0.2,7,1,1,0,0,1,1,1,0,0,0,0,0,0,0,0,0,6,6,0,35,41,0.0,1,0,1,0,0,2,0,1,0,0,0,0,0,0,0,0,0,6,7,38,32,343,-4.2,6,1,1,0,0,1,1,1,0,0,0,0,0,0,0,0,0,6,8,0,3,302,0.0,0,0,1,0,0,2,0,1,0,0,0,0,0,0,0,0,0,6,9,45,60,119,0.6,6,1,1,0,0,1,1,1,0,0,0,0,0,0,0,0,0,6,10,40,28,177,5.9,7,1,1,0,0,1,1,1,0,0,0,0,0,0,0,0,0,6,16,24,30,42,0.0,4,0,1,0,0,1,1,1,0,0,0,0,0,0,0,0,0,6,21,44,20,210,-6.3,7,1,1,0,0,1,1,1,0,0,0,0,0,0,0,0,0
94541000,1,47,0,0,10,40,43,334,-0.3,6,1,1,1,0,1,1,0,0,0,1,0,0,0,1,0,1,0,12,36,33,102,-0.9,5,1,1,1,0,1,1,0,0,0,1,0,0,0,1,0,1,0,15,0,13,76,0.0,1,0,1,0,0,2,0,1,0,0,0,0,0,0,0,0,0,0,18,41,39,198,-0.3,7,1,1,1,0,1,1,1,0,0,1,0,0,0,1,0,1,0,23,42,73,54,-1.0,7,1,1,1,0,1,1,1,0,0,1,0,0,0,1,0,1,0,24,20,33,37,-83.1,4,1,1,1,0,1,1,1,0,0,1,0,0,0,1,0,1,0,25,42,36,144,-1.7,7,1,1,1,0,1,1,0,0,0,1,0,0,0,1,0,1,0,28,43,28,228,-0.6,7,1,1,1,0,1,1,0,0,0,1,0,0,0,1,0,1,0,32,43,31,302,-0.9,6,1,1,1,0,1,1,0,0,0,1,0,0,0,1,0,1,1,127,0,21,258,0.0,0,0,0,0,0,2,0,1,0,0,0,0,0,0,0,0,0,1,128,42,46,238,0.0,5,0,0,0,0,2,1,1,0,0,0,0,0,0,0,0,0,1,129,43,53,229,0.0,5,0,1,0,0,2,1,1,0,0,0,0,0,0,0,0,0,1,137,40,60,149,0.0,5,0,0,0,0,2,1,1,0,0,0,0,0,0,0,0,0,2,4,0,1,265,0.0,0,0,1,0,0,2,0,1,0,0,0,0,0,0,0,0,0,2,7,24,12,60,0.0,4,0,1,0,0,2,0,1,0,0,0,0,0,0,0,0,0,2,10,0,5,325,0.0,0,0,1,0,0,2,0,1,0,0,0,0,0,0,0,0,0,2,12,36,25,313,-1.0,7,1,1,0,0,1,1,1,0,0,0,0,0,0,0,0,0,2,19,38,41,303,0.0,5,1,1,0,0,1,1,1,0,0,0,0,0,0,0,0,0,2,21,40,26,150,-0.8,7,1,1,0,0,1,1,1,0,0,0,0,0,0,0,0,0,2,23,0,0,193,0.0,0,0,1,0,0,2,0,1,0,0,0,0,0,0,0,0,0,2,26,44,33,178,-0.5,7,1,1,0,0,1,1,1,0,0,0,0,0,0,0,0,0,2,27,25,27,91,-8.7,4,1,1,0,0,1,1,1,0,0,0,0,0,0,0,0,0,2,29,42,47,14,-1.0,5,1,1,0,0,1,1,0,0,0,0,0,0,0,0,0,0,2,30,0,4,48,0.0,0,0,1,0,0,2,0,1,0,0,0,0,0,0,0,0,0,2,33,44,59,249,-0.3,7,1,1,0,0,1,1,1,0,0,0,0,0,0,0,0,0,3,6,42,69,222,-1.5,7,1,1,0,0,1,1,0,0,0,0,0,0,0,0,0,0,3,9,37,53,217,-1.3,7,1,1,0,0,1,1,0,0,0,0,0,0,0,0,0,0,3,13,39,61,358,-0.9,7,1,1,0,0,1,1,0,0,0,0,0,0,0,0,0,0,3,16,42,77,225,-1.0,7,1,1,0,0,1,1,0,0,0,0,0,0,0,0,0,0,3,23,42,67,116,-0.7,7,1,1,0,0,1,1,0,0,0,0,0,0,0,0,0,0,3,27,0,20,215,0.0,0,0,1,0,0,1,1,0,0,0,0,0,0,0,0,0,0,3,32,40,42,338,-0.4,7,1,1,0,0,1,1,0,0,0,0,0,0,0,0,0,0,3,38,43,70,65,0.3,7,1,1,0,0,1,1,0,0,0,0,0,0,0,0,0,0,3,39,43,83,267,0.8,7,1,1,0,0,1,1,0,0,0,0,0,0,0,0,0,0,5,2,38,26,135,0.9,7,1,1,0,0,1,1,1,0,0,0,0,0,0,0,0,0,5,3,43,37,165,0.5,7,1,1,0,0,1,1,1,0,0,0,0,0,0,0,0,0,5,4,0,63,60,0.0,1,0,2,0,0,2,0,1,0,0,0,0,0,0,0,0,0,5,7,36,60,149,0.0,7,1,1,0,0,1,1,1,0,0,0,0,0,0,0,0,0,6,6,0,35,41,0.0,1,0,1,0,0,2,0,1,0,0,0,0,0,0,0,0,0,6,7,35,32,343,-4.8,5,1,1,0,0,1,1,1,0,0,0,0,0,0,0,0,0,6,8,0,3,302,0.0,0,0,1,0,0,2,0,1,0,0,0,0,0,0,0,0,0,6,9,41,60,119,0.5,7,1,1,0,0,1,1,1,0,0,0,0,0,0,0,0,0,6,10,40,28,177,5.8,7,1,1,0,0,1,1,1,0,0,0,0,0,0,0,0,0,6,16,24,30,42,0.0,3,0,1,0,0,1,1,1,0,0,0,0,0,0,0,0,0,6,21,43,20,210,-6.4,7,1,1,0,0,1,1,1,0,0,0,0,0,0,0,0,0
94542000,1,47,0,0,10,42,43,334,-0.3,6,1,1,1,0,1,1,0,0,0,1,0,0,0,1,0,1,0,12,33,33,102,-0.7,6,1,1,1,0,1,1,0,0,0,1,0,0,0,1,0,1,0,15,0,13,76,0.0,1,0,1,0,0,2,0,1,0,0,0,0,0,0,0,0,0,0,18,44,39,198,-0.3,7,1,1,1,0,1,1,1,0,0,1,0,0,0,1,0,1,0,23,44,73,54,-1.0,7,1,1,1,0,1,1,1,0,0,1,0,0,0,1,0,1,0,24,21,33,37,-80.7,4,1,1,1,0,1,1,1,0,0,1,0,0,0,1,0,1,0,25,43,36,144,-1.7,7,1,1,1,0,1,1,0,0,0,1,0,0,0,1,0,1,0,28,42,28,228,-0.5,7,1,1,1,0,1,1,0,0,0,1,0,0,0,1,0,1,0,32,45,31,302,-0.8,6,1,1,1,0,1,1,0,0,0,1,0,0,0,1,0,1,1,127,0,21,258,0.0,0,0,0,0,0,2,0,1,0,0,0,0,0,0,0,0,0,1,128,41,46,238,0.0,6,0,0,0,0,2,1,1,0,0,0,0,0,0,0,0,0,1,129,41,53,229,0.0,6,0,1,0,0,2,1,1,0,0,0,0,0,0,0,0,0,1,137,41,60,149,0.0,6,0,0,0,0,2,1,1,0,0,0,0,0,0,0,0,0,2,4,0,1,265,0.0,0,0,1,0,0,2,0,1,0,0,0,0,0,0,0,0,0,2,7,24,12,60,0.0,3,0,1,0,0,2,0,1,0,0,0,0,0,0,0,0,0,2,10,0,5,325,0.0,0,0,1,0,0,2,0,1,0,0,0,0,0,0,0,0,0,2,12,36,25,313,-1.0,7,1,1,0,0,1,1,1,0,0,0,0,0,0,0,0,0,2,19,40,41,303,0.1,7,1,1,0,0,1,1,1,0,0,0,0,0,0,0,0,0,2,21,38,26,150,-0.6,7,1,1,0,0,1,1,1,0,0,0,0,0,0,0,0,0,2,23,0,0,193,0.0,0,0,1,0,0,2,0,1,0,0,0,0,0,0,0,0,0,2,26,43,33,178,-0.4,7,1,1,0,0,1,1,1,0,0,0,0,0,0,0,0,0,2,27,24,27,91,-8.6,4,1,1,0,0,1,1,1,0,0,0,0,0,0,0,0,0,2,29,39,47,14,-0.8,7,1,1,0,0,1,1,0,0,0,0,0,0,0,0,0,0,2,30,0,4,48,0.0,0,0,1,0,0,2,0,1,0,0,0,0,0,0,0,0,0,2,33,45,59,249,-0.1,7,1,1,0,0,1,1,1,0,0,0,0,0,0,0,0,0,3,6,43,69,222,-1.3,7,1,1,0,0,1,1,0,0,0,0,0,0,0,0,0,0,3,9,39,53,217,-1.4,7,1,1,0,0,1,1,0,0,0,0,0,0,0,0,0,0,3,13,38,61,358,-0.8,7,1,1,0,0,1,1,0,0,0,0,0,0,0,0,0,0,3,16,41,77,225,-0.7,7,1,1,0,0,1,1,0,0,0,0,0,0,0,0,0,0,3,23,43,67,116,-0.7,7,1,1,0,0,1,1,0,0,0,0,0,0,0,0,0,0,3,27,0,20,215,0.0,0,0,1,0,0,1,1,0,0,0,0,0,0,0,0,0,0,3,32,40,42,338,-0.3,7,1,1,0,0,1,1,0,0,0,0,0,0,0,0,0,0,3,38,43,70,65,0.4,7,1,1,0,0,1,1,0,0,0,0,0,0,0,0,0,0,3,39,43,83,267,0.9,7,1,1,0,0,1,1,0,0,0,0,0,0,0,0,0,0,5,2,40,26,135,0.8,7,1,1,0,0,1,1,1,0,0,0,0,0,0,0,0,0,5,3,42,37,165,0.5,7,1,1,0,0,1,1,1,0,0,0,0,0,0,0,0,0,5,4,0,63,60,0.0,1,0,2,0,0,2,0,1,0,0,0,0,0,0,0,0,0,5,7,38,60,149,0.1,7,1,1,0,0,1,1,1,0,0,0,0,0,0,0,0,0,6,6,0,35,41,0.0,1,0,1,0,0,2,0,1,0,0,0,0,0,0,0,0,0,6,7,35,32,343,-4.7,6,1,1,0,0,1,1,1,0,0,0,0,0,0,0,0,0,6,8,0,3,302,0.0,0,0,1,0,0,2,0,1,0,0,0,0,0,0,0,0,0,6,9,43,60,119,0.5,7,1,1,0,0,1,1,1,0,0,0,0,0,0,0,0,0,6,10,36,28,177,5.8,7,1,1,0,0,1,1,1,0,0,0,0,0,0,0,0,0,6,16,24,30,42,0.0,3,0,1,0,0,1,1,1,0,0,0,0,0,0,0,0,0,6,21,45,20,210,-6.3,7,1,1,0,0,1,1,1,0,0,0,0,0,0,0,0,0
94543000,1,47,0,0,10,42,43,334,-0.2,7,1,1,1,0,1,1,0,0,0,1,0,0,0,1,0,1,0,12,36,33,102,-0.6,7,1,1,1,0,1,1,0,0,0,1,0,0,0,1,0,1,0,15,0,13,76,0.0,1,0,1,0,0,2,0,1,0,0,0,0,0,0,0,0,0,0,18,44,39,198,-0.1,7,1,1,1,0,1,1,1,0,0,1,0,0,0,1,0,1,0,23,42,73,54,-1.0,7,1,1,1,0,1,1,1,0,0,1,0,0,0,1,0,1,0,24,21,33,37,-69.3,4,1,1,1,0,1,1,1,0,0,1,0,0,0,1,0,1,0,25,42,36,144,-1.7,7,1,1,1,0,1,1,0,0,0,1,0,0,0,1,0,1,0,28,38,28,228,-0.4,7,1,1,1,0,1,1,0,0,0,1,0,0,0,1,0,1,0,32,44,31,302,-0.7,7,1,1,1,0,1,1,0,0,0,1,0,0,0,1,0,1,1,127,0,21,258,0.0,0,0,0,0,0,2,0,1,0,0,0,0,0,0,0,0,0,1,128,39,46,238,0.0,6,0,0,0,0,2,1,1,0,0,0,0,0,0,0,0,0,1,129,42,53,229,0.0,6,0,1,0,0,2,1,1,0,0,0,0,0,0,0,0,0,1,137,42,60,149,0.0,6,0,0,0,0,2,1,1,0,0,0,0,0,0,0,0,0,2,4,0,1,265,0.0,0,0,1,0,0,2,0,1,0,0,0,0,0,0,0,0,0,2,7,22,12,60,0.0,3,0,1,0,0,2,0,1,0,0,0,0,0,0,0,0,0,2,10,0,5,325,0.0,0,0,1,0,0,2,0,1,0,0,0,0,0,0,0,0,0,2,12,37,25,313,-0.8,7,1,1,0,0,1,1,1,0,0,0,0,0,0,0,0,0,2,19,41,41,303,0.2,7,1,1,0,0,1,1,1,0,0,0,0,0,0,0,0,0,2,21,35,26,150,-0.5,7,1,1,0,0,1,1,1,0,0,0,0,0,0,0,0,0,2,23,0,0,193,0.0,0,0,1,0,0,2,0,1,0,0,0,0,0,0,0,0,0,2,26,41,33,178,-0.1,7,1,1,0,0,1,1,1,0,0,0,0,0,0,0,0,0,2,27,26,27,91,-8.0,4,1,1,0,0,1,1,1,0,0,0,0,0,0,0,0,0,2,29,40,47,14,-0.8,7,1,1,0,0,1,1,0,0,0,0,0,0,0,0,0,0,2,30,0,4,47,0.0,0,0,1,0,0,2,0,1,0,0,0,0,0,0,0,0,0,2,33,43,59,249,0.0,7,1,1,0,0,1,1,1,0,0,0,0,0,0,0,0,0,3,6,42,69,222,-1.2,7,1,1,0,0,1,1,0,0,0,0,0,0,0,0,0,0,3,9,41,53,217,-1.2,7,1,1,0,0,1,1,0,0,0,0,0,0,0,0,0,0,3,13,41,61,358,-0.7,7,1,1,0,0,1,1,0,0,0,0,0,0,0,0,0,0,3,16,43,77,225,-0.4,7,1,1,0,0,1,1,0,0,0,0,0,0,0,0,0,0,3,23,42,67,116,-0.7,7,1,1,0,0,1,1,0,0,0,0,0,0,0,0,0,0,3,27,0,20,215,0.0,0,0,1,0,0,1,1,0,0,0,0,0,0,0,0,0,0,3,32,40,42,338,-0.3,7,1,1,0,0,1,1,0,0,0,0,0,0,0,0,0,0,3,38,43,70,65,0.6,7,1,1,0,0,1,1,0,0,0,0,0,0,0,0,0,0,3,39,44,83,267,0.9,7,1,1,0,0,1,1,0,0,0,0,0,0,0,0,0,0,5,2,39,26,135,0.9,7,1,1,0,0,1,1,1,0,0,0,0,0,0,0,0,0,5,3,42,37,165,0.7,7,1,1,0,0,1,1,1,0,0,0,0,0,0,0,0,0,5,4,24,63,60,0.0,3,0,2,0,0,2,0,1,0,0,0,0,0,0,0,0,0,5,7,38,60,149,0.1,7,1,1,0,0,1,1,1,0,0,0,0,0,0,0,0,0,6,6,0,35,41,0.0,1,0,1,0,0,2,0,1,0,0,0,0,0,0,0,0,0,6,7,37,32,343,-4.7,6,1,1,0,0,1,1,1,0,0,0,0,0,0,0,0,0,6,8,0,3,302,0.0,0,0,1,0,0,2,0,1,0,0,0,0,0,0,0,0,0,6,9,44,60,119,0.4,7,1,1,0,0,1,1,1,0,0,0,0,0,0,0,0,0,6,10,37,28,177,6.0,7,1,1,0,0,1,1,1,0,0,0,0,0,0,0,0,0,6,16,23,30,42,0.0,4,0,1,0,0,1,1,1,0,0,0,0,0,0,0,0,0,6,21,45,20,210,-6.0,7,1,1,0,0,1,1,1,0,0,0,0,0,0,0,0,0
94544000,1,47,0,0,10,43,43,334,0.0,7,1,1,1,0,1,1,0,0,0,1,0,0,0,1,0,1,0,12,38,33,102,-0.7,7,1,1,1,0,1,1,0,0,0,1,0,0,0,1,0,1,0,15,0,13,76,0.0,1,0,1,0,0,2,0,1,0,0,0,0,0,0,0,0,0,0,18,43,39,198,0.1,7,1,1,1,0,1,1,1,0,0,1,0,0,0,1,0,1,0,23,41,73,54,-0.8,7,1,1,1,0,1,1,1,0,0,1,0,0,0,1,0,1,0,24,22,33,37,-61.2,4,1,1,1,0,1,1,1,0,0,1,0,0,0,1,0,1,0,25,39,36,144,-1.6,7,1,1,1,0,1,1,0,0,0,1,0,0,0,1,0,1,0,28,40,28,228,-0.3,7,1,1,1,0,1,1,0,0,0,1,0,0,0,1,0,1,0,32,43,31,302,-0.5,7,1,1,1,0,1,1,0,0,0,1,0,0,0,1,0,1,1,127,0,21,258,0.0,0,0,0,0,0,2,0,1,0,0,0,0,0,0,0,0,0,1,128,40,46,238,0.0,6,0,0,0,0,2,1,1,0,0,0,0,0,0,0,0,0,1,129,43,53,229,0.0,6,0,1,0,0,2,1,1,0,0,0,0,0,0,0,0,0,1,137,41,60,149,0.0,6,0,0,0,0,2,1,1,0,0,0,0,0,0,0,0,0,2,4,0,1,265,0.0,0,0,1,0,0,2,0,1,0,0,0,0,0,0,0,0,0,2,7,21,12,60,0.0,3,0,1,0,0,2,0,1,0,0,0,0,0,0,0,0,0,2,10,0,5,325,0.0,0,0,1,0,0,2,0,1,0,0,0,0,0,0,0,0,0,2,12,38,25,313,-0.7,7,1,1,0,0,1,1,1,0,0,0,0,0,0,0,0,0,2,19,39,41,303,0.4,7,1,1,0,0,1,1,1,0,0,0,0,0,0,0,0,0,2,21,41,26,150,-0.3,7,1,1,0,0,1,1,1,0,0,0,0,0,0,0,0,0,2,23,0,0,193,0.0,0,0,1,0,0,2,0,1,0,0,0,0,0,0,0,0,0,2,26,42,33,178,0.1,7,1,1,0,0,1,1,1,0,0,0,0,0,0,0,0,0,2,27,26,27,91,-9.4,4,1,1,0,0,1,1,1,0,0,0,0,0,0,0,0,0,2,29,38,47,14,-0.4,7,1,1,0,0,1,1,0,0,0,0,0,0,0,0,0,0,2,30,0,4,47,0.0,0,0,1,0,0,2,0,1,0,0,0,0,0,0,0,0,0,2,33,45,59,249,0.2,7,1,1,0,0,1,1,1,0,0,0,0,0,0,0,0,0,3,6,42,69,222,-1.1,7,1,1,0,0,1,1,0,0,0,0,0,0,0,0,0,0,3,9,40,53,217,-1.1,7,1,1,0,0,1,1,0,0,0,0,0,0,0,0,0,0,3,13,40,61,358,-0.7,7,1,1,0,0,1,1,0,0,0,0,0,0,0,0,0,0,3,16,43,77,225,-0.4,7,1,1,0,0,1,1,0,0,0,0,0,0,0,0,0,0,3,23,45,67,116,-0.7,7,1,1,0,0,1,1,0,0,0,0,0,0,0,0,0,0,3,27,0,20,215,0.0,0,0,1,0,0,1,1,0,0,0,0,0,0,0,0,0,0,3,32,40,42,338,-0.3,7,1,1,0,0,1,1,0,0,0,0,0,0,0,0,0,0,3,38,43,70,65,0.6,7,1,1,0,0,1,1,0,0,0,0,0,0,0,0,0,0,3,39,42,83,267,1.0,7,1,1,0,0,1,1,0,0,0,0,0,0,0,0,0,0,5,2,40,26,135,1.0,7,1,1,0,0,1,1,1,0,0,0,0,0,0,0,0,0,5,3,42,37,165,0.8,7,1,1,0,0,1,1,1,0,0,0,0,0,0,0,0,0,5,4,20,63,60,0.0,3,0,2,0,0,2,0,1,0,0,0,0,0,0,0,0,0,5,7,36,60,149,0.2,7,1,1,0,0,1,1,1,0,0,0,0,0,0,0,0,0,6,6,0,35,41,0.0,1,0,1,0,0,2,0,1,0,0,0,0,0,0,0,0,0,6,7,37,32,343,-4.6,6,1,1,0,0,1,1,1,0,0,0,0,0,0,0,0,0,6,8,0,3,302,0.0,0,0,1,0,0,2,0,1,0,0,0,0,0,0,0,0,0,6,9,43,60,119,0.5,7,1,1,0,0,1,1,1,0,0,0,0,0,0,0,0,0,6,10,39,28,177,6.2,7,1,1,0,0,1,1,1,0,0,0,0,0,0,0,0,0,6,16,23,30,42,0.0,3,0,1,0,0,1,1,1,0,0,0,0,0,0,0,0,0,6,21,42,20,210,-6.0,7,1,1,0,0,1,1,1,0,0,0,0,0,0,0,0,0
94545000,1,47,0,0,10,42,43,334,0.1,7,1,1,1,0,1,1,0,0,0,1,0,0,0,1,0,1,0,12,31,33,102,-0.7,7,1,1,1,0,1,1,0,0,0,1,0,0,0,1,0,1,0,15,0,13,76,0.0,1,0,1,0,0,2,0,1,0,0,0,0,0,0,0,0,0,0,18,43,39,198,0.1,7,1,1,1,0,1,1,1,0,0,1,0,0,0,1,0,1,0,23,44,73,54,-0.6,7,1,1,1,0,1,1,1,0,0,1,0,0,0,1,0,1,0,24,20,33,37,-58.1,4,1,1,1,0,1,1,1,0,0,1,0,0,0,1,0,1,0,25,43,36,144,-1.4,7,1,1,1,0,1,1,0,0,0,1,0,0,0,1,0,1,0,28,43,28,228,-0.3,7,1,1,1,0,1,1,0,0,0,1,0,0,0,1,0,1,0,32,40,31,302,-0.4,7,1,1,1,0,1,1,0,0,0,1,0,0,0,1,0,1,1,127,0,21,258,0.0,0,0,0,0,0,2,0,1,0,0,0,0,0,0,0,0,0,1,128,44,46,238,0.0,6,0,0,0,0,2,1,1,0,0,0,0,0,0,0,0,0,1,129,45,53,229,0.0,6,0,1,0,0,2,1,1,0,0,0,0,0,0,0,0,0,1,137,41,60,149,0.0,6,0,0,0,0,2,1,1,0,0,0,0,0,0,0,0,0,2,4,0,1,265,0.0,0,0,1,0,0,2,0,1,0,0,0,0,0,0,0,0,0,2,7,19,12,60,0.0,3,0,1,0,0,2,0,1,0,0,0,0,0,0,0,0,0,2,10,0,5,325,0.0,0,0,1,0,0,2,0,1,0,0,0,0,0,0,0,0,0,2,12,39,25,313,-0.4,7,1,1,0,0,1,1,1,0,0,0,0,0,0,0,0,0,2,19,40,41,303,0.7,7,1,1,0,0,1,1,1,0,0,0,0,0,0,0,0,0,2,21,41,26,150,-0.4,7,1,1,0,0,1,1,1,0,0,0,0,0,0,0,0,0,2,23,0,0,193,0.0,0,0,1,0,0,2,0,1,0,0,0,0,0,0,0,0,0,2,26,42,33,178,0.2,7,1,1,0,0,1,1,1,0,0,0,0,0,0,0,0,0,2,27,27,27,91,-9.9,4,1,1,0,0,1,1,1,0,0,0,0,0,0,0,0,0,2,29,37,47,14,0.0,7,1,1,0,0,1,1,0,0,0,0,0,0,0,0,0,0,2,30,0,4,47,0.0,0,0,1,0,0,2,0,1,0,0,0,0,0,0,0,0,0,2,33,45,59,249,0.5,7,1,1,0,0,1,1,1,0,0,0,0,0,0,0,0,0,3,6,41,69,222,-0.9,7,1,1,0,0,1,1,0,0,0,0,0,0,0,0,0,0,3,9,42,53,217,-1.0,7,1,1,0,0,1,1,0,0,0,0,0,0,0,0,0,0,3,13,40,61,358,-0.5,7,1,1,0,0,1,1,0,0,0,0,0,0,0,0,0,0,3,16,42,77,225,-0.4,7,1,1,0,0,1,1,0,0,0,0,0,0,0,0,0,0,3,23,42,67,116,-0.5,7,1,1,0,0,1,1,0,0,0,0,0,0,0,0,0,0,3,27,0,20,215,0.0,0,0,1,0,0,1,1,0,0,0,0,0,0,0,0,0,0,3,32,41,42,338,-0.2,7,1,1,0,0,1,1,0,0,0,0,0,0,0,0,0,0,3,38,43,70,65,0.6,7,1,1,0,0,1,1,0,0,0,0,0,0,0,0,0,0,3,39,43,83,267,1.0,7,1,1,0,0,1,1,0,0,0,0,0,0,0,0,0,0,5,2,43,26,135,1.1,7,1,1,0,0,1,1,1,0,0,0,0,0,0,0,0,0,5,3,43,37,165,0.9,7,1,1,0,0,1,1,1,0,0,0,0,0,0,0,0,0,5,4,0,63,60,0.0,1,0,2,0,0,2,0,1,0,0,0,0,0,0,0,0,0,5,7,38,60,149,0.4,7,1,1,0,0,1,1,1,0,0,0,0,0,0,0,0,0,6,6,0,35,41,0.0,1,0,1,0,0,2,0,1,0,0,0,0,0,0,0,0,0,6,7,37,32,343,-4.4,7,1,1,0,0,1,1,1,0,0,0,0,0,0,0,0,0,6,8,0,3,302,0.0,0,0,1,0,0,2,0,1,0,0,0,0,0,0,0,0,0,6,9,43,60,119,0.6,7,1,1,0,0,1,1,1,0,0,0,0,0,0,0,0,0,6,10,36,28,177,6.2,7,1,1,0,0,1,1,1,0,0,0,0,0,0,0,0,0,6,16,22,30,42,0.0,3,0,1,0,0,1,1,1,0,0,0,0,0,0,0,0,0,6,21,46,20,210,-6.0,7,1,1,0,0,1,1,1,0,0,0,0,0,0,0,0,0
94546000,1,47,0,0,10,42,43,334,0.2,7,1,1,1,0,1,1,0,0,0,1,0,0,0,1,0,1,0,12,37,33,102,-0.7,7,1,1,1,0,1,1,0,0,0,1,0,0,0,1,0,1,0,15,0,13,76,0.0,1,0,1,0,0,2,0,1,0,0,0,0,0,0,0,0,0,0,18,45,39,198,0.2,7,1,1,1,0,1,1,1,0,0,1,0,0,0,1,0,1,0,23,44,73,54,-0.4,7,1,1,1,0,1,1,1,0,0,1,0,0,0,1,0,1,0,24,21,33,37,-47.3,4,0,1,0,0,1,1,1,0,0,0,0,0,0,0,0,0,0,25,43,36,144,-1.3,7,1,1,1,0,1,1,0,0,0,1,0,0,0,1,0,1,0,28,42,28,228,-0.2,7,1,1,1,0,1,1,0,0,0,1,0,0,0,1,0,1,0,32,41,31,302,-0.2,7,1,1,1,0,1,1,0,0,0,1,0,0,0,1,0,1,1,127,0,21,258,0.0,0,0,0,0,0,2,0,1,0,0,0,0,0,0,0,0,0,1,128,43,46,238,0.0,6,0,0,0,0,2,1,1,0,0,0,0,0,0,0,0,0,1,129,40,53,229,0.0,6,0,1,0,0,2,1,1,0,0,0,0,0,0,0,0,0,1,137,40,60,149,0.0,6,0,0,0,0,2,1,1,0,0,0,0,0,0,0,0,0,2,4,0,1,265,0.0,0,0,1,0,0,2,0,1,0,0,0,0,0,0,0,0,0,2,7,18,12,60,0.0,3,0,1,0,0,2,0,1,0,0,0,0,0,0,0,0,0,2,10,0,5,325,0.0,0,0,1,0,0,2,0,1,0,0,0,0,0,0,0,0,0,2,12,40,25,313,-0.2,7,1,1,0,0,1,1,1,0,0,0,0,0,0,0,0,0,2,19,37,41,303,0.7,7,1,1,0,0,1,1,1,0,0,0,0,0,0,0,0,0,2,21,42,26,150,-0.2,7,1,1,0,0,1,1,1,0,0,0,0,0,0,0,0,0,2,23,0,0,193,0.0,0,0,1,0,0,2,0,1,0,0,0,0,0,0,0,0,0,2,26,42,33,178,0.2,7,1,1,0,0,1,1,1,0,0,0,0,0,0,0,0,0,2,27,27,27,91,-9.9,4,1,1,0,0,1,1,1,0,0,0,0,0,0,0,0,0,2,29,38,47,14,0.2,7,1,1,0,0,1,1,0,0,0,0,0,0,0,0,0,0,2,30,0,4,47,0.0,0,0,1,0,0,2,0,1,0,0,0,0,0,0,0,0,0,2,33,43,59,249,0.8,7,1,1,0,0,1,1,1,0,0,0,0,0,0,0,0,0,3,6,42,69,222,-1.0,7,1,1,0,0,1,1,0,0,0,0,0,0,0,0,0,0,3,9,39,53,217,-1.1,7,1,1,0,0,1,1,0,0,0,0,0,0,0,0,0,0,3,13,41,61,358,-0.5,7,1,1,0,0,1,1,0,0,0,0,0,0,0,0,0,0,3,16,41,77,225,-0.3,7,1,1,0,0,1,1,0,0,0,0,0,0,0,0,0,0,3,23,41,67,116,-0.4,7,1,1,0,0,1,1,0,0,0,0,0,0,0,0,0,0,3,27,0,20,215,0.0,0,0,1,0,0,1,1,0,0,0,0,0,0,0,0,0,0,3,32,42,42,338,0.0,7,1,1,0,0,1,1,0,0,0,0,0,0,0,0,0,0,3,38,43,70,65,0.8,7,1,1,0,0,1,1,0,0,0,0,0,0,0,0,0,0,3,39,43,83,267,1.1,7,1,1,0,0,1,1,0,0,0,0,0,0,0,0,0,0,5,2,43,26,135,1.1,7,1,1,0,0,1,1,1,0,0,0,0,0,0,0,0,0,5,3,39,37,165,1.0,7,1,1,0,0,1,1,1,0,0,0,0,0,0,0,0,0,5,4,0,63,60,0.0,1,0,2,0,0,2,0,1,0,0,0,0,0,0,0,0,0,5,7,37,60,149,0.5,7,1,1,0,0,1,1,1,0,0,0,0,0,0,0,0,0,6,6,0,35,41,0.0,1,0,1,0,0,2,0,1,0,0,0,0,0,0,0,0,0,6,7,40,32,343,-4.1,7,1,1,0,0,1,1,1,0,0,0,0,0,0,0,0,0,6,8,0,3,302,0.0,0,0,1,0,0,2,0,1,0,0,0,0,0,0,0,0,0,6,9,42,60,119,0.7,7,1,1,0,0,1,1,1,0,0,0,0,0,0,0,0,0,6,10,42,28,177,6.3,7,1,1,0,0,1,1,1,0,0,0,0,0,0,0,0,0,6,16,25,30,42,0.0,4,0,1,0,0,1,1,1,0,0,0,0,0,0,0,0,0,6,21,46,20,210,-5.9,7,1,1,0,0,1,1,1,0,0,0,0,0,0,0,0,0
94547000,1,47,0,0,10,40,43,334,0.1,7,1,1,1,0,1,1,0,0,0,1,0,0,0,1,0,1,0,12,31,33,102,-2.3,5,1,1,1,0,1,1,0,0,0,1,0,0,0,1,0,1,0,15,0,13,76,0.0,1,0,1,0,0,2,0,1,0,0,0,0,0,0,0,0,0,0,18,42,39,198,0.2,7,1,1,1,0,1,1,1,0,0,1,0,0,0,1,0,1,0,23,43,73,54,-0.4,7,1,1,1,0,1,1,1,0,0,1,0,0,0,1,0,1,0,24,22,33,37,0.0,3,0,1,0,0,1,1,1,0,0,0,0,0,0,0,0,0,0,25,43,36,144,-1.1,7,1,1,1,0,1,1,0,0,0,1,0,0,0,1,0,1,0,28,42,28,228,-0.3,7,1,1,1,0,1,1,0,0,0,1,0,0,0,1,0,1,0,32,46,31,302,-0.4,7,1,1,1,0,1,1,0,0,0,1,0,0,0,1,0,1,1,127,0,21,258,0.0,0,0,0,0,0,2,0,1,0,0,0,0,0,0,0,0,0,1,128,42,46,238,0.0,7,0,0,0,0,2,1,1,0,0,0,0,0,0,0,0,0,1,129,41,53,229,0.0,7,0,1,0,0,2,1,1,0,0,0,0,0,0,0,0,0,1,137,41,60,149,0.0,7,0,0,0,0,2,1,1,0,0,0,0,0,0,0,0,0,2,4,0,1,265,0.0,0,0,1,0,0,2,0,1,0,0,0,0,0,0,0,0,0,2,7,16,12,60,0.0,3,0,1,0,0,2,0,1,0,0,0,0,0,0,0,0,0,2,10,0,5,325,0.0,0,0,1,0,0,2,0,1,0,0,0,0,0,0,0,0,0,2,12,38,25,313,-0.6,7,1,1,0,0,1,1,1,0,0,0,0,0,0,0,0,0,2,19,39,41,303,0.6,7,1,1,0,0,1,1,1,0,0,0,0,0,0,0,0,0,2,21,39,26,150,-0.4,7,1,1,0,0,1,1,1,0,0,0,0,0,0,0,0,0,2,23,0,0,193,0.0,0,0,1,0,0,2,0,1,0,0,0,0,0,0,0,0,0,2,26,43,33,178,0.2,7,1,1,0,0,1,1,1,0,0,0,0,0,0,0,0,0,2,27,27,27,91,-9.1,4,1,1,0,0,1,1,1,0,0,0,0,0,0,0,0,0,2,29,38,47,14,0.0,7,1,1,0,0,1,1,0,0,0,0,0,0,0,0,0,0,2,30,0,4,47,0.0,0,0,1,0,0,2,0,1,0,0,0,0,0,0,0,0,0,2,33,44,59,249,0.5,7,1,1,0,0,1,1,1,0,0,0,0,0,0,0,0,0,3,6,40,69,222,-1.0,7,1,1,0,0,1,1,0,0,0,0,0,0,0,0,0,0,3,9,39,53,217,-1.2,7,1,1,0,0,1,1,0,0,0,0,0,0,0,0,0,0,3,13,39,61,358,-0.6,7,1,1,0,0,1,1,0,0,0,0,0,0,0,0,0,0,3,16,43,77,225,0.0,7,1,1,0,0,1,1,0,0,0,0,0,0,0,0,0,0,3,23,44,67,116,-0.5,7,1,1,0,0,1,1,0,0,0,0,0,0,0,0,0,0,3,27,0,20,215,0.0,0,0,1,0,0,1,1,0,0,0,0,0,0,0,0,0,0,3,32,41,42,338,-0.2,7,1,1,0,0,1,1,0,0,0,0,0,0,0,0,0,0,3,38,43,70,65,0.7,7,1,1,0,0,1,1,0,0,0,0,0,0,0,0,0,0,3,39,43,83,267,1.1,7,1,1,0,0,1,1,0,0,0,0,0,0,0,0,0,0,5,2,40,26,135,1.2,7,1,1,0,0,1,1,1,0,0,0,0,0,0,0,0,0,5,3,37,37,165,1.0,7,1,1,0,0,1,1,1,0,0,0,0,0,0,0,0,0,5,4,0,63,60,0.0,1,0,2,0,0,2,0,1,0,0,0,0,0,0,0,0,0,5,7,36,60,149,0.5,7,1,1,0,0,1,1,1,0,0,0,0,0,0,0,0,0,6,6,0,35,41,0.0,1,0,1,0,0,2,0,1,0,0,0,0,0,0,0,0,0,6,7,39,32,343,-4.2,4,0,1,0,0,1,1,1,0,0,0,0,0,0,0,0,0,6,8,0,3,302,0.0,0,0,1,0,0,2,0,1,0,0,0,0,0,0,0,0,0,6,9,44,60,119,0.8,7,1,1,0,0,1,1,1,0,0,0,0,0,0,0,0,0,6,10,35,28,177,6.3,7,1,1,0,0,1,1,1,0,0,0,0,0,0,0,0,0,6,16,24,30,42,-84.6,4,0,1,0,0,1,1,1,0,0,0,0,0,0,0,0,0,6,21,41,20,210,-6.0,7,1,1,0,0,1,1,1,0,0,0,0,0,0,0,0,0
94548000,1,47,0,0,10,43,43,334,0.0,7,1,1,1,0,1,1,0,0,0,1,0,0,0,1,0,1,0,12,31,33,102,-6.1,6,1,1,1,0,1,1,0,0,0,1,0,0,0,1,0,1,0,15,0,13,76,0.0,1,0,1,0,0,2,0,1,0,0,0,0,0,0,0,0,0,0,18,41,39,198,0.2,7,1,1,1,0,1,1,1,0,0,1,0,0,0,1,0,1,0,23,45,73,54,-0.6,7,1,1,1,0,1,1,1,0,0,1,0,0,0,1,0,1,0,24,23,33,37,0.0,3,0,1,0,0,1,1,1,0,0,0,0,0,0,0,0,0,0,25,44,36,144,-1.2,7,1,1,1,0,1,1,0,0,0,1,0,0,0,1,0,1,0,28,39,28,228,-0.3,7,1,1,1,0,1,1,0,0,0,1,0,0,0,1,0,1,0,32,38,31,302,-0.5,7,1,1,1,0,1,1,0,0,0,1,0,0,0,1,0,1,1,127,0,21,258,0.0,0,0,0,0,0,2,0,1,0,0,0,0,0,0,0,0,0,1,128,42,46,238,0.0,7,0,0,0,0,2,1,1,0,0,0,0,0,0,0,0,0,1,129,42,53,229,0.0,7,0,1,0,0,2,1,1,0,0,0,0,0,0,0,0,0,1,137,39,60,149,0.0,7,0,0,0,0,2,1,1,0,0,0,0,0,0,0,0,0,2,4,0,1,265,0.0,0,0,1,0,0,2,0,1,0,0,0,0,0,0,0,0,0,2,7,16,12,60,0.0,3,0,1,0,0,2,0,1,0,0,0,0,0,0,0,0,0,2,10,0,5,325,0.0,0,0,1,0,0,2,0,1,0,0,0,0,0,0,0,0,0,2,12,36,25,313,-0.7,7,1,1,0,0,1,1,1,0,0,0,0,0,0,0,0,0,2,19,35,41,303,0.6,7,1,1,0,0,1,1,1,0,0,0,0,0,0,0,0,0,2,21,38,26,150,-0.2,7,1,1,0,0,1,1,1,0,0,0,0,0,0,0,0,0,2,23,0,0,193,0.0,0,0,1,0,0,2,0,1,0,0,0,0,0,0,0,0,0,2,26,41,33,178,0.3,7,1,1,0,0,1,1,1,0,0,0,0,0,0,0,0,0,2,27,33,27,91,-3.2,7,1,1,0,0,1,1,1,0,0,0,0,0,0,0,0,0,2,29,40,47,14,-0.1,7,1,1,0,0,1,1,0,0,0,0,0,0,0,0,0,0,2,30,0,4,47,0.0,0,0,1,0,0,2,0,1,0,0,0,0,0,0,0,0,0,2,33,44,59,249,0.3,7,1,1,0,0,1,1,1,0,0,0,0,0,0,0,0,0,3,6,41,69,222,-1.1,7,1,1,0,0,1,1,0,0,0,0,0,0,0,0,0,0,3,9,38,53,217,-1.3,7,1,1,0,0,1,1,0,0,0,0,0,0,0,0,0,0,3,13,40,61,358,-0.7,7,1,1,0,0,1,1,0,0,0,0,0,0,0,0,0,0,3,16,43,77,225,0.0,7,1,1,0,0,1,1,0,0,0,0,0,0,0,0,0,0,3,23,42,67,116,-0.4,7,1,1,0,0,1,1,0,0,0,0,0,0,0,0,0,0,3,27,0,20,215,0.0,0,0,1,0,0,1,1,0,0,0,0,0,0,0,0,0,0,3,32,41,42,338,-0.3,7,1,1,0,0,1,1,0,0,0,0,0,0,0,0,0,0,3,38,43,70,65,0.6,7,1,1,0,0,1,1,0,0,0,0,0,0,0,0,0,0,3,39,44,83,267,1.1,7,1,1,0,0,1,1,0,0,0,0,0,0,0,0,0,0,5,2,40,26,135,1.0,7,1,1,0,0,1,1,1,0,0,0,0,0,0,0,0,0,5,3,41,37,165,1.0,7,1,1,0,0,1,1,1,0,0,0,0,0,0,0,0,0,5,4,0,63,60,0.0,1,0,2,0,0,2,0,1,0,0,0,0,0,0,0,0,0,5,7,36,60,149,0.5,7,1,1,0,0,1,1,1,0,0,0,0,0,0,0,0,0,6,6,0,35,41,0.0,1,0,1,0,0,2,0,1,0,0,0,0,0,0,0,0,0,6,7,37,32,343,-5.2,6,1,1,0,0,1,1,1,0,0,0,0,0,0,0,0,0,6,8,0,3,302,0.0,0,0,1,0,0,2,0,1,0,0,0,0,0,0,0,0,0,6,9,42,60,119,0.8,7,1,1,0,0,1,1,1,0,0,0,0,0,0,0,0,0,6,10,40,28,177,6.3,7,1,1,0,0,1,1,1,0,0,0,0,0,0,0,0,0,6,16,24,30,42,0.0,4,0,1,0,0,1,1,1,0,0,0,0,0,0,0,0,0,6,21,44,20,210,-5.9,7,1,1,0,0,1,1,1,0,0,0,0,0,0,0,0,0
94549000,1,47,0,0,10,44,43,334,0.1,7,1,1,1,0,1,1,0,0,0,1,0,0,0,1,0,1,0,12,41,33,102,-5.8,5,1,1,1,0,1,1,0,0,0,1,0,0,0,1,0,1,0,15,23,13,76,0.0,3,0,1,0,0,2,0,1,0,0,0,0,0,0,0,0,0,0,18,42,39,198,0.4,7,1,1,1,0,1,1,1,0,0,1,0,0,0,1,0,1,0,23,45,73,54,-0.4,7,1,1,1,0,1,1,1,0,0,1,0,0,0,1,0,1,0,24,24,33,37,0.0,3,0,1,0,0,1,1,1,0,0,0,0,0,0,0,0,0,0,25,40,36,144,-1.0,7,1,1,1,0,1,1,0,0,0,1,0,0,0,1,0,1,0,28,43,28,228,-0.1,7,1,1,1,0,1,1,0,0,0,1,0,0,0,1,0,1,0,32,38,31,302,-0.3,7,1,1,1,0,1,1,0,0,0,1,0,0,0,1,0,1,1,127,0,21,258,0.0,0,0,0,0,0,2,0,1,0,0,0,0,0,0,0,0,0,1,128,42,46,238,0.0,7,0,0,0,0,2,1,1,0,0,0,0,0,0,0,0,0,1,129,45,53,229,0.0,7,0,1,0,0,2,1,1,0,0,0,0,0,0,0,0,0,1,137,41,60,149,0.0,7,0,0,0,0,2,1,1,0,0,0,0,0,0,0,0,0,2,4,0,1,265,0.0,0,0,1,0,0,2,0,1,0,0,0,0,0,0,0,0,0,2,7,17,12,60,0.0,3,0,1,0,0,2,0,1,0,0,0,0,0,0,0,0,0,2,10,0,5,325,0.0,0,0,1,0,0,2,0,1,0,0,0,0,0,0,0,0,0,2,12,34,25,313,-0.6,7,1,1,0,0,1,1,1,0,0,0,0,0,0,0,0,0,2,19,38,41,303,0.6,7,1,1,0,0,1,1,1,0,0,0,0,0,0,0,0,0,2,21,40,26,150,-0.1,7,1,1,0,0,1,1,1,0,0,0,0,0,0,0,0,0,2,23,0,0,193,0.0,0,0,1,0,0,2,0,1,0,0,0,0,0,0,0,0,0,2,26,43,33,178,0.3,7,1,1,0,0,1,1,1,0,0,0,0,0,0,0,0,0,2,27,36,27,91,-2.5,7,1,1,0,0,1,1,1,0,0,0,0,0,0,0,0,0,2,29,38,47,14,-0.1,7,1,1,0,0,1,1,0,0,0,0,0,0,0,0,0,0,2,30,0,4,47,0.0,0,0,1,0,0,2,0,1,0,0,0,0,0,0,0,0,0,2,33,45,59,249,0.4,7,1,1,0,0,1,1,1,0,0,0,0,0,0,0,0,0,3,6,41,69,222,-1.0,7,1,1,0,0,1,1,0,0,0,0,0,0,0,0,0,0,3,9,41,53,217,-1.3,7,1,1,0,0,1,1,0,0,0,0,0,0,0,0,0,0,3,13,42,61,358,-0.8,7,1,1,0,0,1,1,0,0,0,0,0,0,0,0,0,0,3,16,44,77,225,-0.3,7,1,1,0,0,1,1,0,0,0,0,0,0,0,0,0,0,3,23,44,67,116,-0.3,7,1,1,0,0,1,1,0,0,0,0,0,0,0,0,0,0,3,27,0,20,215,0.0,0,0,1,0,0,1,1,0,0,0,0,0,0,0,0,0,0,3,32,40,42,338,-0.2,7,1,1,0,0,1,1,0,0,0,0,0,0,0,0,0,0,3,38,45,70,65,0.5,7,1,1,0,0,1,1,0,0,0,0,0,0,0,0,0,0,3,39,43,83,267,1.2,7,1,1,0,0,1,1,0,0,0,0,0,0,0,0,0,0,5,2,42,26,135,1.1,7,1,1,0,0,1,1,1,0,0,0,0,0,0,0,0,0,5,3,39,37,165,1.2,7,1,1,0,0,1,1,1,0,0,0,0,0,0,0,0,0,5,4,0,63,60,0.0,1,0,2,0,0,2,0,1,0,0,0,0,0,0,0,0,0,5,7,38,60,149,0.7,7,1,1,0,0,1,1,1,0,0,0,0,0,0,0,0,0,6,6,0,35,41,0.0,1,0,1,0,0,2,0,1,0,0,0,0,0,0,0,0,0,6,7,39,32,343,-1.8,5,1,1,0,0,1,1,1,0,0,0,0,0,0,0,0,0,6,8,0,3,302,0.0,0,0,1,0,0,2,0,1,0,0,0,0,0,0,0,0,0,6,9,44,60,119,0.8,7,1,1,0,0,1,1,1,0,0,0,0,0,0,0,0,0,6,10,41,28,177,6.5,7,1,1,0,0,1,1,1,0,0,0,0,0,0,0,0,0,6,16,24,30,42,-82.4,4,0,1,0,0,1,1,1,0,0,0,0,0,0,0,0,0,6,21,43,20,210,-5.7,7,1,1,0,0,1,1,1,0,0,0,0,0,0,0,0,0
94550000,1,47,0,0,10,44,43,334,0.2,7,1,1,1,0,1,1,0,0,0,1,0,0,0,1,0,1,0,12,36,33,102,-5.5,5,1,1,1,0,1,1,0,0,0,1,0,0,0,1,0,1,0,15,0,13,76,0.0,1,0,1,0,0,2,0,1,0,0,0,0,0,0,0,0,0,0,18,40,39,198,0.2,7,1,1,1,0,1,1,1,0,0,1,0,0,0,1,0,1,0,23,44,73,54,-0.3,7,1,1,1,0,1,1,1,0,0,1,0,0,0,1,0,1,0,24,24,33,37,-40.4,4,1,1,1,0,1,1,1,0,0,1,0,0,0,1,0,1,0,25,43,36,144,-1.2,7,1,1,1,0,1,1,0,0,0,1,0,0,0,1,0,1,0,28,44,28,228,-0.2,7,1,1,1,0,1,1,0,0,0,1,0,0,0,1,0,1,0,32,45,31,302,-0.4,7,1,1,1,0,1,1,0,0,0,1,0,0,0,1,0,1,1,127,0,21,258,0.0,0,0,0,0,0,2,0,1,0,0,0,0,0,0,0,0,0,1,128,44,46,238,0.0,7,0,0,0,0,2,1,1,0,0,0,0,0,0,0,0,0,1,129,42,53,229,0.0,7,0,1,0,0,2,1,1,0,0,0,0,0,0,0,0,0,1,137,41,60,149,0.0,7,0,0,0,0,2,1,1,0,0,0,0,0,0,0,0,0,2,4,0,1,265,0.0,0,0,1,0,0,2,0,1,0,0,0,0,0,0,0,0,0,2,7,17,12,60,0.0,3,0,1,0,0,2,0,1,0,0,0,0,0,0,0,0,0,2,10,0,5,325,0.0,0,0,1,0,0,2,0,1,0,0,0,0,0,0,0,0,0,2,12,29,25,313,-0.5,7,1,1,0,0,1,1,1,0,0,0,0,0,0,0,0,0,2,19,36,41,303,0.8,7,1,1,0,0,1,1,1,0,0,0,0,0,0,0,0,0,2,21,42,26,150,0.0,7,1,1,0,0,1,1,1,0,0,0,0,0,0,0,0,0,2,23,0,0,193,0.0,0,0,1,0,0,2,0,1,0,0,0,0,0,0,0,0,0,2,26,43,33,178,0.1,7,1,1,0,0,1,1,1,0,0,0,0,0,0,0,0,0,2,27,31,27,91,-3.4,7,1,1,0,0,1,1,1,0,0,0,0,0,0,0,0,0,2,29,40,47,14,-0.1,7,1,1,0,0,1,1,0,0,0,0,0,0,0,0,0,0,2,30,0,4,47,0.0,0,0,1,0,0,2,0,1,0,0,0,0,0,0,0,0,0,2,33,45,59,249,0.3,7,1,1,0,0,1,1,1,0,0,0,0,0,0,0,0,0,3,6,41,69,222,-1.0,7,1,1,0,0,1,1,0,0,0,0,0,0,0,0,0,0,3,9,41,53,217,-1.5,7,1,1,0,0,1,1,0,0,0,0,0,0,0,0,0,0,3,13,42,61,358,-0.7,7,1,1,0,0,1,1,0,0,0,0,0,0,0,0,0,0,3,16,43,77,225,-0.4,7,1,1,0,0,1,1,0,0,0,0,0,0,0,0,0,0,3,23,41,67,116,-0.3,7,1,1,0,0,1,1,0,0,0,0,0,0,0,0,0,0,3,27,0,20,215,0.0,0,0,1,0,0,1,1,0,0,0,0,0,0,0,0,0,0,3,32,45,42,338,-0.3,7,1,1,0,0,1,1,0,0,0,0,0,0,0,0,0,0,3,38,44,70,65,0.5,7,1,1,0,0,1,1,0,0,0,0,0,0,0,0,0,0,3,39,44,83,267,1.1,7,1,1,0,0,1,1,0,0,0,0,0,0,0,0,0,0,5,2,40,26,135,0.9,7,1,1,0,0,1,1,1,0,0,0,0,0,0,0,0,0,5,3,42,37,165,1.1,7,1,1,0,0,1,1,1,0,0,0,0,0,0,0,0,0,5,4,28,63,60,0.0,3,0,2,0,0,2,0,1,0,0,0,0,0,0,0,0,0,5,7,38,60,149,0.6,7,1,1,0,0,1,1,1,0,0,0,0,0,0,0,0,0,6,6,0,35,41,0.0,1,0,1,0,0,2,0,1,0,0,0,0,0,0,0,0,0,6,7,47,32,343,-1.3,6,1,1,0,0,1,1,1,0,0,0,0,0,0,0,0,0,6,8,0,3,302,0.0,0,0,1,0,0,2,0,1,0,0,0,0,0,0,0,0,0,6,9,44,60,119,0.7,7,1,1,0,0,1,1,1,0,0,0,0,0,0,0,0,0,6,10,41,28,177,6.3,7,1,1,0,0,1,1,1,0,0,0,0,0,0,0,0,0,6,16,24,30,42,0.0,4,0,1,0,0,1,1,1,0,0,0,0,0,0,0,0,0,6,21,45,20,210,-5.8,7,1,1,0,0,1,1,1,0,0,0,0,0,0,0,0,0
94551000,1,48,0,0,10,47,43,334,0.4,7,1,1,1,0,1,1,0,0,0,1,0,0,0,1,0,1,0,12,37,33,102,-4.0,6,1,1,1,0,1,1,0,0,0,1,0,0,0,1,0,1,0,15,0,13,76,0.0,1,0,1,0,0,2,0,1,0,0,0,0,0,0,0,0,0,0,18,42,39,198,0.2,7,1,1,1,0,1,1,1,0,0,1,0,0,0,1,0,1,0,23,43,73,54,-0.3,7,1,1,1,0,1,1,1,0,0,1,0,0,0,1,0,1,0,24,30,33,37,-35.8,4,0,1,0,0,1,1,1,0,0,0,0,0,0,0,0,0,0,25,42,36,144,-1.2,7,1,1,1,0,1,1,0,0,0,1,0,0,0,1,0,1,0,28,44,28,228,-0.3,7,1,1,1,0,1,1,0,0,0,1,0,0,0,1,0,1,0,29,0,-91,0,0.0,1,0,1,0,0,0,0,0,0,0,0,0,0,0,0,0,0,0,32,45,31,302,-0.4,7,1,1,1,0,1,1,0,0,0,1,0,0,0,1,0,1,1,127,0,21,258,0.0,0,0,0,0,0,2,0,1,0,0,0,0,0,0,0,0,0,1,128,43,46,238,0.0,7,0,0,0,0,2,1,1,0,0,0,0,0,0,0,0,0,1,129,43,53,229,0.0,7,0,1,0,0,2,1,1,0,0,0,0,0,0,0,0,0,1,137,41,60,149,0.0,7,0,0,0,0,2,1,1,0,0,0,0,0,0,0,0,0,2,4,0,1,265,0.0,0,0,1,0,0,2,0,1,0,0,0,0,0,0,0,0,0,2,7,16,12,60,0.0,3,0,1,0,0,2,0,1,0,0,0,0,0,0,0,0,0,2,10,0,5,325,0.0,0,0,1,0,0,2,0,1,0,0,0,0,0,0,0,0,0,2,12,21,25,313,-0.4,4,1,1,0,0,1,1,1,0,0,0,0,0,0,0,0,0,2,19,36,41,303,0.7,7,1,1,0,0,1,1,1,0,0,0,0,0,0,0,0,0,2,21,38,26,150,0.2,7,1,1,0,0,1,1,1,0,0,0,0,0,0,0,0,0,2,23,0,0,193,0.0,0,0,1,0,0,2,0,1,0,0,0,0,0,0,0,0,0,2,26,42,33,178,-0.1,7,1,1,0,0,1,1,1,0,0,0,0,0,0,0,0,0,2,27,35,27,91,-4.8,4,1,1,0,0,1,1,1,0,0,0,0,0,0,0,0,0,2,29,39,47,14,0.0,7,1,1,0,0,1,1,0,0,0,0,0,0,0,0,0,0,2,30,0,4,47,0.0,0,0,1,0,0,2,0,1,0,0,0,0,0,0,0,0,0,2,33,47,59,249,0.1,7,1,1,0,0,1,1,1,0,0,0,0,0,0,0,0,0,3,6,42,69,222,-0.8,7,1,1,0,0,1,1,0,0,0,0,0,0,0,0,0,0,3,9,36,53,217,-1.3,7,1,1,0,0,1,1,0,0,0,0,0,0,0,0,0,0,3,13,42,61,358,-0.6,7,1,1,0,0,1,1,0,0,0,0,0,0,0,0,0,0,3,16,42,77,225,-0.3,7,1,1,0,0,1,1,0,0,0,0,0,0,0,0,0,0,3,23,43,67,116,-0.2,7,1,1,0,0,1,1,0,0,0,0,0,0,0,0,0,0,3,27,0,20,215,0.0,0,0,1,0,0,1,1,0,0,0,0,0,0,0,0,0,0,3,32,43,42,338,-0.2,7,1,1,0,0,1,1,0,0,0,0,0,0,0,0,0,0,3,38,43,70,65,0.6,7,1,1,0,0,1,1,0,0,0,0,0,0,0,0,0,0,3,39,42,83,267,1.2,7,1,1,0,0,1,1,0,0,0,0,0,0,0,0,0,0,5,2,41,26,135,1.0,7,1,1,0,0,1,1,1,0,0,0,0,0,0,0,0,0,5,3,43,37,165,1.2,7,1,1,0,0,1,1,1,0,0,0,0,0,0,0,0,0,5,4,0,63,60,0.0,1,0,2,0,0,2,0,1,0,0,0,0,0,0,0,0,0,5,7,37,60,149,0.6,7,1,1,0,0,1,1,1,0,0,0,0,0,0,0,0,0,6,6,0,35,41,0.0,1,0,1,0,0,2,0,1,0,0,0,0,0,0,0,0,0,6,7,41,32,343,-3.4,7,1,1,0,0,1,1,1,0,0,0,0,0,0,0,0,0,6,8,0,3,302,0.0,0,0,1,0,0,2,0,1,0,0,0,0,0,0,0,0,0,6,9,43,60,119,0.9,7,1,1,0,0,1,1,1,0,0,0,0,0,0,0,0,0,6,10,40,28,177,6.5,7,1,1,0,0,1,1,1,0,0,0,0,0,0,0,0,0,6,16,24,30,42,0.0,4,0,1,0,0,1,1,1,0,0,0,0,0,0,0,0,0
94552000,1,48,0,0,10,45,43,334,0.3,7,1,1,1,0,1,1,0,0,0,1,0,0,0,1,0,1,0,12,37,33,102,-2.6,6,1,1,1,0,1,1,0,0,0,1,0,0,0,1,0,1,0,15,0,13,76,0.0,1,0,1,0,0,2,0,1,0,0,0,0,0,0,0,0,0,0,18,43,39,198,0.1,7,1,1,1,0,1,1,1,0,0,1,0,0,0,1,0,1,0,23,43,73,54,-0.4,7,1,1,1,0,1,1,1,0,0,1,0,0,0,1,0,1,0,24,31,33,37,-21.2,5,1,1,1,0,1,1,1,0,0,1,0,0,0,1,0,1,0,25,41,36,144,-1.3,7,1,1,1,0,1,1,0,0,0,1,0,0,0,1,0,1,0,28,42,28,228,-0.3,7,1,1,1,0,1,1,0,0,0,1,0,0,0,1,0,1,0,29,0,-91,0,0.0,1,0,1,0,0,0,0,0,0,0,0,0,0,0,0,0,0,0,32,45,31,302,-0.4,7,1,1,1,0,1,1,0,0,0,1,0,0,0,1,0,1,1,127,0,21,258,0.0,0,0,0,0,0,2,0,1,0,0,0,0,0,0,0,0,0,1,128,45,46,238,0.0,7,0,0,0,0,2,1,1,0,0,0,0,0,0,0,0,0,1,129,42,53,229,0.0,7,0,1,0,0,2,1,1,0,0,0,0,0,0,0,0,0,1,137,38,60,149,0.0,7,0,0,0,0,2,1,1,0,0,0,0,0,0,0,0,0,2,4,0,1,265,0.0,0,0,1,0,0,2,0,1,0,0,0,0,0,0,0,0,0,2,7,16,12,60,0.0,3,0,1,0,0,2,0,1,0,0,0,0,0,0,0,0,0,2,10,0,5,325,0.0,0,0,1,0,0,2,0,1,0,0,0,0,0,0,0,0,0,2,12,22,25,313,-0.5,4,1,1,0,0,1,1,1,0,0,0,0,0,0,0,0,0,2,19,36,41,303,0.6,7,1,1,0,0,1,1,1,0,0,0,0,0,0,0,0,0,2,21,40,26,150,-0.1,7,1,1,0,0,1,1,1,0,0,0,0,0,0,0,0,0,2,23,0,0,193,0.0,0,0,1,0,0,2,0,1,0,0,0,0,0,0,0,0,0,2,26,44,33,178,-0.6,7,1,1,0,0,1,1,1,0,0,0,0,0,0,0,0,0,2,27,33,27,91,-2.0,5,1,1,0,0,1,1,1,0,0,0,0,0,0,0,0,0,2,29,40,47,14,-0.3,7,1,1,0,0,1,1,0,0,0,0,0,0,0,0,0,0,2,30,0,4,47,0.0,0,0,1,0,0,2,0,1,0,0,0,0,0,0,0,0,0,2,33,43,59,249,-0.3,7,1,1,0,0,1,1,1,0,0,0,0,0,0,0,0,0,3,6,41,69,222,-1.1,7,1,1,0,0,1,1,0,0,0,0,0,0,0,0,0,0,3,9,36,53,217,-1.3,7,1,1,0,0,1,1,0,0,0,0,0,0,0,0,0,0,3,13,41,61,358,-0.6,7,1,1,0,0,1,1,0,0,0,0,0,0,0,0,0,0,3,16,40,77,225,-0.1,7,1,1,0,0,1,1,0,0,0,0,0,0,0,0,0,0,3,23,43,67,116,-0.2,7,1,1,0,0,1,1,0,0,0,0,0,0,0,0,0,0,3,27,0,20,215,0.0,0,0,1,0,0,1,1,0,0,0,0,0,0,0,0,0,0,3,32,43,42,338,-0.2,7,1,1,0,0,1,1,0,0,0,0,0,0,0,0,0,0,3,38,43,70,65,0.7,7,1,1,0,0,1,1,0,0,0,0,0,0,0,0,0,0,3,39,41,83,267,1.2,7,1,1,0,0,1,1,0,0,0,0,0,0,0,0,0,0,5,2,40,26,135,0.9,7,1,1,0,0,1,1,1,0,0,0,0,0,0,0,0,0,5,3,41,37,165,1.2,7,1,1,0,0,1,1,1,0,0,0,0,0,0,0,0,0,5,4,0,63,60,0.0,1,0,2,0,0,2,0,1,0,0,0,0,0,0,0,0,0,5,7,35,60,149,0.5,7,1,1,0,0,1,1,1,0,0,0,0,0,0,0,0,0,6,6,0,35,41,0.0,1,0,1,0,0,2,0,1,0,0,0,0,0,0,0,0,0,6,7,45,32,343,-2.1,7,1,1,0,0,1,1,1,0,0,0,0,0,0,0,0,0,6,8,0,3,302,0.0,0,0,1,0,0,2,0,1,0,0,0,0,0,0,0,0,0,6,9,42,60,119,0.8,7,1,1,0,0,1,1,1,0,0,0,0,0,0,0,0,0,6,10,40,28,177,6.6,7,1,1,0,0,1,1,1,0,0,0,0,0,0,0,0,0,6,16,25,30,42,0.0,4,0,1,0,0,1,1,1,0,0,0,0,0,0,0,0,0
94553000,1,48,0,0,10,46,43,334,0.1,7,1,1,1,0,1,1,0,0,0,1,0,0,0,1,0,1,0,12,39,33,102,-1.5,6,1,1,1,0,1,1,0,0,0,1,0,0,0,1,0,1,0,15,0,13,76,0.0,1,0,1,0,0,2,0,1,0,0,0,0,0,0,0,0,0,0,18,45,39,198,0.1,7,1,1,1,0,1,1,1,0,0,1,0,0,0,1,0,1,0,23,42,73,54,-0.4,7,1,1,1,0,1,1,1,0,0,1,0,0,0,1,0,1,0,24,31,33,37,-3.6,6,1,1,1,0,1,1,1,0,0,1,0,0,0,1,0,1,0,25,40,36,144,-1.3,7,1,1,1,0,1,1,0,0,0,1,0,0,0,1,0,1,0,28,41,28,228,-0.3,7,1,1,1,0,1,1,0,0,0,1,0,0,0,1,0,1,0,29,0,-91,0,0.0,1,0,1,0,0,0,0,0,0,0,0,0,0,0,0,0,0,0,32,44,31,302,-0.3,7,1,1,1,0,1,1,0,0,0,1,0,0,0,1,0,1,1,127,0,21,258,0.0,0,0,0,0,0,2,0,1,0,0,0,0,0,0,0,0,0,1,128,43,46,238,0.0,7,0,0,0,0,2,1,1,0,0,0,0,0,0,0,0,0,1,129,41,53,229,0.0,7,0,1,0,0,2,1,1,0,0,0,0,0,0,0,0,0,1,137,40,60,149,0.0,7,0,0,0,0,2,1,1,0,0,0,0,0,0,0,0,0,2,4,0,1,265,0.0,0,0,1,0,0,2,0,1,0,0,0,0,0,0,0,0,0,2,7,15,12,61,0.0,3,0,1,0,0,2,0,1,0,0,0,0,0,0,0,0,0,2,10,0,5,325,0.0,0,0,1,0,0,2,0,1,0,0,0,0,0,0,0,0,0,2,12,23,25,313,-1.9,4,1,1,0,0,1,1,1,0,0,0,0,0,0,0,0,0,2,19,39,41,303,0.4,7,1,1,0,0,1,1,1,0,0,0,0,0,0,0,0,0,2,21,40,26,150,0.0,7,1,1,0,0,1,1,1,0,0,0,0,0,0,0,0,0,2,23,0,0,193,0.0,0,0,1,0,0,2,0,1,0,0,0,0,0,0,0,0,0,2,26,43,33,178,-0.6,7,1,1,0,0,1,1,1,0,0,0,0,0,0,0,0,0,2,27,29,27,91,-4.5,4,1,1,0,0,1,1,1,0,0,0,0,0,0,0,0,0,2,29,41,47,14,-0.2,7,1,1,0,0,1,1,0,0,0,0,0,0,0,0,0,0,2,30,0,4,47,0.0,0,0,1,0,0,2,0,1,0,0,0,0,0,0,0,0,0,2,33,44,59,249,-0.1,7,1,1,0,0,1,1,1,0,0,0,0,0,0,0,0,0,3,6,42,69,222,-1.0,7,1,1,0,0,1,1,0,0,0,0,0,0,0,0,0,0,3,9,41,53,217,-1.3,7,1,1,0,0,1,1,0,0,0,0,0,0,0,0,0,0,3,13,42,61,358,-0.6,7,1,1,0,0,1,1,0,0,0,0,0,0,0,0,0,0,3,16,42,77,225,-0.3,7,1,1,0,0,1,1,0,0,0,0,0,0,0,0,0,0,3,23,42,67,116,-0.3,7,1,1,0,0,1,1,0,0,0,0,0,0,0,0,0,0,3,27,0,20,215,0.0,0,0,1,0,0,1,1,0,0,0,0,0,0,0,0,0,0,3,32,45,42,338,-0.1,7,1,1,0,0,1,1,0,0,0,0,0,0,0,0,0,0,3,38,45,70,65,0.7,7,1,1,0,0,1,1,0,0,0,0,0,0,0,0,0,0,3,39,43,83,267,1.2,7,1,1,0,0,1,1,0,0,0,0,0,0,0,0,0,0,5,2,37,26,135,0.8,7,1,1,0,0,1,1,1,0,0,0,0,0,0,0,0,0,5,3,41,37,165,1.2,7,1,1,0,0,1,1,1,0,0,0,0,0,0,0,0,0,5,4,0,63,60,0.0,1,0,2,0,0,2,0,1,0,0,0,0,0,0,0,0,0,5,7,37,60,149,0.5,7,1,1,0,0,1,1,1,0,0,0,0,0,0,0,0,0,6,6,0,35,41,0.0,1,0,1,0,0,2,0,1,0,0,0,0,0,0,0,0,0,6,7,44,32,343,-1.4,7,1,1,0,0,1,1,1,0,0,0,0,0,0,0,0,0,6,8,0,3,302,0.0,0,0,1,0,0,2,0,1,0,0,0,0,0,0,0,0,0,6,9,45,60,119,0.8,7,1,1,0,0,1,1,1,0,0,0,0,0,0,0,0,0,6,10,39,28,177,6.7,7,1,1,0,0,1,1,1,0,0,0,0,0,0,0,0,0,6,16,26,30,42,0.0,5,0,1,0,0,1,1,1,0,0,0,0,0,0,0,0,0
94554000,1,47,0,0,10,47,43,334,0.1,7,1,1,1,0,1,1,0,0,0,1,0,0,0,1,0,1,0,12,31,33,102,-0.9,4,1,1,1,0,1,1,0,0,0,1,0,0,0,1,0,1,0,15,20,13,76,0.0,3,0,1,0,0,2,0,1,0,0,0,0,0,0,0,0,0,0,18,46,39,198,0.0,7,1,1,1,0,1,1,1,0,0,1,0,0,0,1,0,1,0,23,42,73,54,-0.4,7,1,1,1,0,1,1,1,0,0,1,0,0,0,1,0,1,0,24,35,33,37,-3.3,6,1,1,1,0,1,1,1,0,0,1,0,0,0,1,0,1,0,25,37,36,144,-1.2,7,1,1,1,0,1,1,0,0,0,1,0,0,0,1,0,1,0,28,41,28,228,-0.4,7,1,1,1,0,1,1,0,0,0,1,0,0,0,1,0,1,0,32,41,31,302,-0.5,7,1,1,1,0,1,1,0,0,0,1,0,0,0,1,0,1,1,127,0,21,258,0.0,0,0,0,0,0,2,0,1,0,0,0,0,0,0,0,0,0,1,128,41,46,238,0.0,7,0,0,0,0,2,1,1,0,0,0,0,0,0,0,0,0,1,129,41,53,229,0.0,7,0,1,0,0,2,1,1,0,0,0,0,0,0,0,0,0,1,137,38,60,149,0.0,7,0,0,0,0,2,1,1,0,0,0,0,0,0,0,0,0,2,4,0,1,265,0.0,0,0,1,0,0,2,0,1,0,0,0,0,0,0,0,0,0,2,7,14,12,61,0.0,3,0,1,0,0,2,0,1,0,0,0,0,0,0,0,0,0,2,10,0,5,325,0.0,0,0,1,0,0,2,0,1,0,0,0,0,0,0,0,0,0,2,12,22,25,313,0.0,3,0,1,0,0,1,1,1,0,0,0,0,0,0,0,0,0,2,19,37,41,303,0.5,7,1,1,0,0,1,1,1,0,0,0,0,0,0,0,0,0,2,21,38,26,150,-0.4,7,1,1,0,0,1,1,1,0,0,0,0,0,0,0,0,0,2,23,0,0,193,0.0,0,0,1,0,0,2,0,1,0,0,0,0,0,0,0,0,0,2,26,45,33,178,-0.7,7,1,1,0,0,1,1,1,0,0,0,0,0,0,0,0,0,2,27,39,27,91,-1.5,5,1,1,0,0,1,1,1,0,0,0,0,0,0,0,0,0,2,29,42,47,14,-0.4,7,1,1,0,0,1,1,0,0,0,0,0,0,0,0,0,0,2,30,0,4,47,0.0,0,0,1,0,0,2,0,1,0,0,0,0,0,0,0,0,0,2,33,38,59,249,0.1,7,1,1,0,0,1,1,1,0,0,0,0,0,0,0,0,0,3,6,42,69,222,-0.9,7,1,1,0,0,1,1,0,0,0,0,0,0,0,0,0,0,3,9,39,53,217,-1.2,7,1,1,0,0,1,1,0,0,0,0,0,0,0,0,0,0,3,13,43,61,358,-0.4,7,1,1,0,0,1,1,0,0,0,0,0,0,0,0,0,0,3,16,41,77,225,-0.4,7,1,1,0,0,1,1,0,0,0,0,0,0,0,0,0,0,3,23,43,67,116,-0.2,7,1,1,0,0,1,1,0,0,0,0,0,0,0,0,0,0,3,27,0,20,215,0.0,0,0,1,0,0,1,1,0,0,0,0,0,0,0,0,0,0,3,32,44,42,338,0.0,7,1,1,0,0,1,1,0,0,0,0,0,0,0,0,0,0,3,38,43,70,65,0.8,7,1,1,0,0,1,1,0,0,0,0,0,0,0,0,0,0,3,39,41,83,267,1.2,7,1,1,0,0,1,1,0,0,0,0,0,0,0,0,0,0,5,2,28,26,135,-2.9,4,1,1,0,0,1,1,1,0,0,0,0,0,0,0,0,0,5,3,44,37,165,1.2,7,1,1,0,0,1,1,1,0,0,0,0,0,0,0,0,0,5,4,0,63,60,0.0,1,0,2,0,0,2,0,1,0,0,0,0,0,0,0,0,0,5,7,34,60,149,0.5,7,1,1,0,0,1,1,1,0,0,0,0,0,0,0,0,0,6,6,0,35,41,0.0,1,0,1,0,0,2,0,1,0,0,0,0,0,0,0,0,0,6,7,45,32,343,-1.3,7,1,1,0,0,1,1,1,0,0,0,0,0,0,0,0,0,6,8,0,3,302,0.0,0,0,1,0,0,2,0,1,0,0,0,0,0,0,0,0,0,6,9,41,60,119,0.9,7,1,1,0,0,1,1,1,0,0,0,0,0,0,0,0,0,6,10,37,28,177,6.6,7,1,1,0,0,1,1,1,0,0,0,0,0,0,0,0,0,6,16,26,30,42,-75.8,4,0,1,0,0,1,1,1,0,0,0,0,0,0,0,0,0,6,21,40,20,210,-5.5,7,1,1,0,0,1,1,1,0,0,0,0,0,0,0,0,0
94555000,1,48,0,0,7,25,-91,0,0.0,3,0,1,0,0,0,0,0,0,0,0,0,0,0,0,0,0,0,10,44,43,334,0.1,7,1,1,1,0,1,1,0,0,0,1,0,0,0,1,0,1,0,12,36,33,102,-1.8,5,1,1,1,0,1,1,0,0,0,1,0,0,0,1,0,1,0,15,22,13,76,0.0,3,0,1,0,0,2,0,1,0,0,0,0,0,0,0,0,0,0,18,46,39,198,0.0,7,1,1,1,0,1,1,1,0,0,1,0,0,0,1,0,1,0,23,42,73,54,-0.3,7,1,1,1,0,1,1,1,0,0,1,0,0,0,1,0,1,0,24,36,33,37,1.8,6,1,1,1,0,1,1,1,0,0,1,0,0,0,1,0,1,0,25,34,36,144,-1.0,7,1,1,1,0,1,1,1,0,0,1,0,0,0,1,0,1,0,28,36,28,228,-0.4,7,1,1,1,0,1,1,0,0,0,1,0,0,0,1,0,1,0,32,25,31,302,-0.3,4,1,1,1,0,1,1,0,0,0,1,0,0,0,1,0,1,1,127,0,21,258,0.0,0,0,0,0,0,2,0,1,0,0,0,0,0,0,0,0,0,1,128,44,46,238,0.0,7,0,0,0,0,2,1,1,0,0,0,0,0,0,0,0,0,1,129,45,53,229,0.0,7,0,1,0,0,2,1,1,0,0,0,0,0,0,0,0,0,1,137,40,60,149,0.0,7,0,0,0,0,2,1,1,0,0,0,0,0,0,0,0,0,2,4,0,1,265,0.0,0,0,1,0,0,2,0,1,0,0,0,0,0,0,0,0,0,2,7,12,12,61,0.0,3,0,1,0,0,2,0,1,0,0,0,0,0,0,0,0,0,2,10,0,5,325,0.0,0,0,1,0,0,2,0,1,0,0,0,0,0,0,0,0,0,2,12,20,25,313,0.0,3,0,1,0,0,1,1,1,0,0,0,0,0,0,0,0,0,2,19,40,41,303,0.4,7,1,1,0,0,1,1,1,0,0,0,0,0,0,0,0,0,2,21,35,26,150,-0.7,7,1,1,0,0,1,1,1,0,0,0,0,0,0,0,0,0,2,23,0,0,193,0.0,0,0,1,0,0,2,0,1,0,0,0,0,0,0,0,0,0,2,26,44,33,178,-0.8,7,1,1,0,0,1,1,1,0,0,0,0,0,0,0,0,0,2,27,39,27,91,-2.1,7,1,1,0,0,1,1,1,0,0,0,0,0,0,0,0,0,2,29,40,47,14,-0.3,7,1,1,0,0,1,1,0,0,0,0,0,0,0,0,0,0,2,30,0,4,47,0.0,0,0,1,0,0,2,0,1,0,0,0,0,0,0,0,0,0,2,33,37,59,249,0.1,7,1,1,0,0,1,1,1,0,0,0,0,0,0,0,0,0,3,6,42,69,222,-0.9,7,1,1,0,0,1,1,0,0,0,0,0,0,0,0,0,0,3,9,40,53,217,-1.2,7,1,1,0,0,1,1,0,0,0,0,0,0,0,0,0,0,3,13,42,61,358,-0.2,7,1,1,0,0,1,1,0,0,0,0,0,0,0,0,0,0,3,16,43,77,225,-0.1,7,1,1,0,0,1,1,0,0,0,0,0,0,0,0,0,0,3,23,42,67,116,-0.2,7,1,1,0,0,1,1,0,0,0,0,0,0,0,0,0,0,3,27,0,20,215,0.0,0,0,1,0,0,1,1,0,0,0,0,0,0,0,0,0,0,3,32,41,42,338,0.1,7,1,1,0,0,1,1,0,0,0,0,0,0,0,0,0,0,3,38,44,70,65,0.9,7,1,1,0,0,1,1,0,0,0,0,0,0,0,0,0,0,3,39,43,83,267,1.5,7,1,1,0,0,1,1,0,0,0,0,0,0,0,0,0,0,5,2,35,26,135,-2.4,4,1,1,0,0,1,1,1,0,0,0,0,0,0,0,0,0,5,3,42,37,165,1.2,7,1,1,0,0,1,1,1,0,0,0,0,0,0,0,0,0,5,4,0,63,60,0.0,1,0,2,0,0,2,0,1,0,0,0,0,0,0,0,0,0,5,7,37,60,149,0.3,7,1,1,0,0,1,1,1,0,0,0,0,0,0,0,0,0,6,6,0,35,41,0.0,0,0,1,0,0,2,0,1,0,0,0,0,0,0,0,0,0,6,7,43,32,343,-1.2,7,1,1,0,0,1,1,1,0,0,0,0,0,0,0,0,0,6,8,0,3,302,0.0,0,0,1,0,0,2,0,1,0,0,0,0,0,0,0,0,0,6,9,39,60,119,0.9,7,1,1,0,0,1,1,1,0,0,0,0,0,0,0,0,0,6,10,37,28,177,6.7,7,1,1,0,0,1,1,1,0,0,0,0,0,0,0,0,0,6,16,27,30,42,-70.8,4,1,1,0,0,1,1,1,0,0,0,0,0,0,0,0,0
94556000,1,48,0,0,7,24,-91,0,0.0,3,0,1,0,0,0,0,0,0,0,0,0,0,0,0,0,0,0,10,44,43,334,0.0,7,1,1,1,0,1,1,0,0,0,1,0,0,0,1,0,1,0,12,37,33,102,-4.0,5,1,1,1,0,1,1,0,0,0,1,0,0,0,1,0,1,0,15,34,13,76,0.0,5,0,1,0,0,2,0,1,0,0,0,0,0,0,0,0,0,0,18,47,39,198,-0.2,7,1,1,1,0,1,1,1,0,0,1,0,0,0,1,0,1,0,23,43,73,54,-0.4,7,1,1,1,0,1,1,1,0,0,1,0,0,0,1,0,1,0,24,34,33,37,-9.0,4,1,1,1,0,1,1,1,0,0,1,0,0,0,1,0,1,0,25,35,36,144,-1.1,7,1,1,1,0,1,1,1,0,0,1,0,0,0,1,0,1,0,28,35,28,228,-0.4,7,1,1,1,0,1,1,0,0,0,1,0,0,0,1,0,1,0,32,25,31,302,-0.4,4,1,1,1,0,1,1,0,0,0,1,0,0,0,1,0,1,1,127,0,21,258,0.0,0,0,0,0,0,2,0,1,0,0,0,0,0,0,0,0,0,1,128,43,46,238,0.0,7,0,0,0,0,2,1,1,0,0,0,0,0,0,0,0,0,1,129,42,53,229,0.0,7,0,1,0,0,2,1,1,0,0,0,0,0,0,0,0,0,1,137,37,60,149,0.0,7,0,0,0,0,2,1,1,0,0,0,0,0,0,0,0,0,2,4,0,1,265,0.0,0,0,1,0,0,2,0,1,0,0,0,0,0,0,0,0,0,2,7,10,12,61,0.0,3,0,1,0,0,2,0,1,0,0,0,0,0,0,0,0,0,2,10,0,5,324,0.0,0,0,1,0,0,2,0,1,0,0,0,0,0,0,0,0,0,2,12,16,25,313,0.0,3,0,1,0,0,1,1,1,0,0,0,0,0,0,0,0,0,2,19,29,41,303,0.6,7,1,1,0,0,1,1,1,0,0,0,0,0,0,0,0,0,2,21,37,26,150,-0.7,7,1,1,0,0,1,1,1,0,0,0,0,0,0,0,0,0,2,23,0,0,193,0.0,0,0,1,0,0,2,0,1,0,0,0,0,0,0,0,0,0,2,26,45,33,178,-0.8,7,1,1,0,0,1,1,1,0,0,0,0,0,0,0,0,0,2,27,37,27,91,-2.0,7,1,1,0,0,1,1,1,0,0,0,0,0,0,0,0,0,2,29,42,47,14,-0.5,7,1,1,0,0,1,1,0,0,0,0,0,0,0,0,0,0,2,30,0,4,47,0.0,0,0,1,0,0,2,0,1,0,0,0,0,0,0,0,0,0,2,33,34,59,249,0.2,7,1,1,0,0,1,1,1,0,0,0,0,0,0,0,0,0,3,6,41,69,222,-0.9,7,1,1,0,0,1,1,0,0,0,0,0,0,0,0,0,0,3,9,40,53,217,-1.2,7,1,1,0,0,1,1,0,0,0,0,0,0,0,0,0,0,3,13,42,61,358,-0.2,7,1,1,0,0,1,1,0,0,0,0,0,0,0,0,0,0,3,16,43,77,225,0.0,7,1,1,0,0,1,1,0,0,0,0,0,0,0,0,0,0,3,23,43,67,116,-0.2,7,1,1,0,0,1,1,0,0,0,0,0,0,0,0,0,0,3,27,0,20,215,0.0,0,0,1,0,0,1,1,0,0,0,0,0,0,0,0,0,0,3,32,43,42,338,0.2,7,1,1,0,0,1,1,0,0,0,0,0,0,0,0,0,0,3,38,43,70,65,0.8,7,1,1,0,0,1,1,0,0,0,0,0,0,0,0,0,0,3,39,43,83,267,1.5,7,1,1,0,0,1,1,0,0,0,0,0,0,0,0,0,0,5,2,26,26,135,-1.6,5,1,1,0,0,1,1,1,0,0,0,0,0,0,0,0,0,5,3,44,37,165,1.1,7,1,1,0,0,1,1,1,0,0,0,0,0,0,0,0,0,5,4,0,63,60,0.0,1,0,2,0,0,2,0,1,0,0,0,0,0,0,0,0,0,5,7,34,60,149,0.2,7,1,1,0,0,1,1,1,0,0,0,0,0,0,0,0,0,6,6,0,35,41,0.0,1,0,1,0,0,2,0,1,0,0,0,0,0,0,0,0,0,6,7,31,32,343,-1.2,7,1,1,0,0,1,1,1,0,0,0,0,0,0,0,0,0,6,8,0,3,302,0.0,0,0,1,0,0,2,0,1,0,0,0,0,0,0,0,0,0,6,9,44,60,119,1.1,7,1,1,0,0,1,1,1,0,0,0,0,0,0,0,0,0,6,10,39,28,177,6.6,7,1,1,0,0,1,1,1,0,0,0,0,0,0,0,0,0,6,16,32,30,42,-55.8,5,1,1,0,0,1,1,1,0,0,0,0,0,0,0,0,0
94557000,1,48,0,0,7,24,-91,0,0.0,3,0,1,0,0,0,0,0,0,0,0,0,0,0,0,0,0,0,10,41,43,334,0.1,7,1,1,1,0,1,1,0,0,0,1,0,0,0,1,0,1,0,12,34,33,102,-3.6,4,1,1,1,0,1,1,0,0,0,1,0,0,0,1,0,1,0,15,25,13,76,0.0,4,0,1,0,0,2,0,1,0,0,0,0,0,0,0,0,0,0,18,45,39,198,-0.2,7,1,1,1,0,1,1,1,0,0,1,0,0,0,1,0,1,0,23,43,73,54,-0.4,7,1,1,1,0,1,1,1,0,0,1,0,0,0,1,0,1,0,24,29,33,37,-7.4,4,1,1,1,0,1,1,1,0,0,1,0,0,0,1,0,1,0,25,31,36,144,-3.8,5,1,1,1,0,1,1,1,0,0,1,0,0,0,1,0,1,0,28,34,28,228,-0.4,7,1,1,1,0,1,1,0,0,0,1,0,0,0,1,0,1,0,32,32,31,302,-6.6,5,1,1,1,0,1,1,0,0,0,1,0,0,0,1,0,1,1,127,0,21,258,0.0,0,0,0,0,0,2,0,1,0,0,0,0,0,0,0,0,0,1,128,40,46,238,0.0,7,0,0,0,0,2,1,1,0,0,0,0,0,0,0,0,0,1,129,43,53,229,0.0,7,0,1,0,0,2,1,1,0,0,0,0,0,0,0,0,0,1,137,38,60,149,0.0,7,0,0,0,0,2,1,1,0,0,0,0,0,0,0,0,0,2,4,0,1,265,0.0,0,0,1,0,0,2,0,1,0,0,0,0,0,0,0,0,0,2,7,9,12,61,0.0,3,0,1,0,0,2,0,1,0,0,0,0,0,0,0,0,0,2,10,0,5,324,0.0,0,0,1,0,0,2,0,1,0,0,0,0,0,0,0,0,0,2,12,16,25,313,0.0,3,0,1,0,0,1,1,1,0,0,0,0,0,0,0,0,0,2,19,34,41,303,0.5,7,1,1,0,0,1,1,1,0,0,0,0,0,0,0,0,0,2,21,36,26,150,-0.8,7,1,1,0,0,1,1,1,0,0,0,0,0,0,0,0,0,2,23,0,0,193,0.0,0,0,1,0,0,2,0,1,0,0,0,0,0,0,0,0,0,2,26,42,33,178,-0.5,7,1,1,0,0,1,1,1,0,0,0,0,0,0,0,0,0,2,27,37,27,91,-0.4,7,1,1,0,0,1,1,1,0,0,0,0,0,0,0,0,0,2,29,39,47,14,-0.3,7,1,1,0,0,1,1,0,0,0,0,0,0,0,0,0,0,2,30,0,4,47,0.0,0,0,1,0,0,2,0,1,0,0,0,0,0,0,0,0,0,2,33,33,59,249,0.3,7,1,1,0,0,1,1,1,0,0,0,0,0,0,0,0,0,3,6,43,69,222,-0.9,7,1,1,0,0,1,1,0,0,0,0,0,0,0,0,0,0,3,9,39,53,217,-1.2,7,1,1,0,0,1,1,0,0,0,0,0,0,0,0,0,0,3,13,44,61,358,-0.3,7,1,1,0,0,1,1,0,0,0,0,0,0,0,0,0,0,3,16,42,77,225,0.1,7,1,1,0,0,1,1,0,0,0,0,0,0,0,0,0,0,3,23,43,67,116,-0.3,7,1,1,0,0,1,1,0,0,0,0,0,0,0,0,0,0,3,27,0,20,215,0.0,0,0,1,0,0,1,1,0,0,0,0,0,0,0,0,0,0,3,32,38,42,338,0.3,7,1,1,0,0,1,1,0,0,0,0,0,0,0,0,0,0,3,38,44,70,65,0.8,7,1,1,0,0,1,1,0,0,0,0,0,0,0,0,0,0,3,39,44,83,267,1.5,7,1,1,0,0,1,1,0,0,0,0,0,0,0,0,0,0,5,2,31,26,135,-3.0,4,1,1,0,0,1,1,1,0,0,0,0,0,0,0,0,0,5,3,41,37,165,1.1,7,1,1,0,0,1,1,1,0,0,0,0,0,0,0,0,0,5,4,0,63,60,0.0,1,0,2,0,0,2,0,1,0,0,0,0,0,0,0,0,0,5,7,35,60,149,0.2,7,1,1,0,0,1,1,1,0,0,0,0,0,0,0,0,0,6,6,24,35,41,0.0,3,0,1,0,0,2,0,1,0,0,0,0,0,0,0,0,0,6,7,34,32,343,-0.6,5,1,1,0,0,1,1,1,0,0,0,0,0,0,0,0,0,6,8,0,3,302,0.0,0,0,1,0,0,2,0,1,0,0,0,0,0,0,0,0,0,6,9,41,60,119,1.0,7,1,1,0,0,1,1,1,0,0,0,0,0,0,0,0,0,6,10,42,28,177,6.8,7,1,1,0,0,1,1,1,0,0,0,0,0,0,0,0,0,6,16,26,30,42,-51.9,5,1,1,0,0,1,1,1,0,0,0,0,0,0,0,0,0
94558000,1,47,0,0,10,38,43,334,0.1,7,1,1,1,0,1,1,0,0,0,1,0,0,0,1,0,1,0,12,39,33,102,-1.6,5,1,1,1,0,1,1,0,0,0,1,0,0,0,1,0,1,0,15,24,13,76,0.0,3,0,1,0,0,2,0,1,0,0,0,0,0,0,0,0,0,0,18,47,39,198,-0.1,7,1,1,1,0,1,1,1,0,0,1,0,0,0,1,0,1,0,23,44,73,54,-0.4,7,1,1,1,0,1,1,1,0,0,1,0,0,0,1,0,1,0,24,34,33,37,-3.3,5,1,1,1,0,1,1,1,0,0,1,0,0,0,1,0,1,0,25,31,36,144,-3.8,5,1,1,1,0,1,1,1,0,0,1,0,0,0,1,0,1,0,28,30,28,228,-0.3,7,1,1,1,0,1,1,0,0,0,1,0,0,0,1,0,1,0,32,35,31,302,-5.1,5,1,1,1,0,1,1,0,0,0,1,0,0,0,1,0,1,1,127,0,21,258,0.0,0,0,0,0,0,2,0,1,0,0,0,0,0,0,0,0,0,1,128,37,46,238,0.0,7,0,0,0,0,2,1,1,0,0,0,0,0,0,0,0,0,1,129,44,53,229,0.0,7,0,1,0,0,2,1,1,0,0,0,0,0,0,0,0,0,1,137,38,60,149,0.0,7,0,0,0,0,2,1,1,0,0,0,0,0,0,0,0,0,2,4,0,1,265,0.0,0,0,1,0,0,2,0,1,0,0,0,0,0,0,0,0,0,2,7,10,12,61,0.0,3,0,1,0,0,2,0,1,0,0,0,0,0,0,0,0,0,2,10,0,5,324,0.0,0,0,1,0,0,2,0,1,0,0,0,0,0,0,0,0,0,2,12,19,25,313,0.0,3,0,1,0,0,2,1,1,0,0,0,0,0,0,0,0,0,2,19,29,41,303,0.3,7,1,1,0,0,1,1,1,0,0,0,0,0,0,0,0,0,2,21,21,26,150,-8.1,4,1,1,0,0,1,1,1,0,0,0,0,0,0,0,0,0,2,23,0,0,193,0.0,0,0,1,0,0,2,0,1,0,0,0,0,0,0,0,0,0,2,26,42,33,178,-0.1,7,1,1,0,0,1,1,1,0,0,0,0,0,0,0,0,0,2,27,41,27,91,-0.1,7,1,1,0,0,1,1,1,0,0,0,0,0,0,0,0,0,2,29,42,47,14,-0.3,7,1,1,0,0,1,1,0,0,0,0,0,0,0,0,0,0,2,30,0,4,47,0.0,0,0,1,0,0,2,0,1,0,0,0,0,0,0,0,0,0,2,33,27,59,249,-1.1,4,1,1,0,0,1,1,1,0,0,0,0,0,0,0,0,0,3,6,43,69,222,-1.0,7,1,1,0,0,1,1,0,0,0,0,0,0,0,0,0,0,3,9,40,53,217,-1.0,7,1,1,0,0,1,1,0,0,0,0,0,0,0,0,0,0,3,13,41,61,358,-0.3,7,1,1,0,0,1,1,0,0,0,0,0,0,0,0,0,0,3,16,42,77,225,0.0,7,1,1,0,0,1,1,0,0,0,0,0,0,0,0,0,0,3,23,44,67,116,-0.4,7,1,1,0,0,1,1,0,0,0,0,0,0,0,0,0,0,3,27,0,20,215,0.0,0,0,1,0,0,1,1,0,0,0,0,0,0,0,0,0,0,3,32,36,42,338,0.3,7,1,1,0,0,1,1,0,0,0,0,0,0,0,0,0,0,3,38,43,70,65,0.8,7,1,1,0,0,1,1,0,0,0,0,0,0,0,0,0,0,3,39,44,83,267,1.5,7,1,1,0,0,1,1,0,0,0,0,0,0,0,0,0,0,5,2,35,26,135,-3.8,4,1,1,0,0,1,1,1,0,0,0,0,0,0,0,0,0,5,3,40,37,165,1.1,7,1,1,0,0,1,1,1,0,0,0,0,0,0,0,0,0,5,4,0,63,60,0.0,1,0,2,0,0,2,0,1,0,0,0,0,0,0,0,0,0,5,7,35,60,149,0.3,7,1,1,0,0,1,1,1,0,0,0,0,0,0,0,0,0,6,6,23,35,41,0.0,3,0,1,0,0,2,0,1,0,0,0,0,0,0,0,0,0,6,7,34,32,343,-1.1,6,1,1,0,0,1,1,1,0,0,0,0,0,0,0,0,0,6,8,0,3,302,0.0,0,0,1,0,0,2,0,1,0,0,0,0,0,0,0,0,0,6,9,42,60,119,1.0,7,1,1,0,0,1,1,1,0,0,0,0,0,0,0,0,0,6,10,35,28,177,7.1,4,1,1,0,0,1,1,1,0,0,0,0,0,0,0,0,0,6,16,35,30,42,-46.0,6,0,1,0,0,1,1,1,0,0,0,0,0,0,0,0,0,6,21,42,20,210,-5.3,7,1,1,0,0,1,1,1,0,0,0,0,0,0,0,0,0
94559000,1,48,0,0,7,0,-91,0,0.0,1,0,1,0,0,0,0,0,0,0,0,0,0,0,0,0,0,0,10,33,43,334,-0.1,7,1,1,1,0,1,1,0,0,0,1,0,0,0,1,0,1,0,12,39,33,102,0.0,5,1,1,1,0,1,1,0,0,0,1,0,0,0,1,0,1,0,15,25,13,76,0.0,4,0,1,0,0,2,0,1,0,0,0,0,0,0,0,0,0,0,18,44,39,198,-0.1,7,1,1,1,0,1,1,1,0,0,1,0,0,0,1,0,1,0,23,45,73,54,-0.5,7,1,1,1,0,1,1,1,0,0,1,0,0,0,1,0,1,0,24,40,33,37,0.4,6,1,1,1,0,1,1,1,0,0,1,0,0,0,1,0,1,0,25,35,36,144,-1.8,5,1,1,1,0,1,1,1,0,0,1,0,0,0,1,0,1,0,28,24,28,228,-3.6,4,1,1,1,0,1,1,0,0,0,1,0,0,0,1,0,1,0,32,26,31,302,-9.0,4,1,1,1,0,1,1,0,0,0,1,0,0,0,1,0,1,1,127,0,21,258,0.0,0,0,0,0,0,2,0,1,0,0,0,0,0,0,0,0,0,1,128,35,46,238,0.0,7,0,0,0,0,2,1,1,0,0,0,0,0,0,0,0,0,1,129,44,53,229,0.0,7,0,1,0,0,2,1,1,0,0,0,0,0,0,0,0,0,1,137,39,60,149,0.0,7,0,0,0,0,2,1,1,0,0,0,0,0,0,0,0,0,2,4,0,1,265,0.0,0,0,1,0,0,2,0,1,0,0,0,0,0,0,0,0,0,2,7,14,12,61,0.0,3,0,1,0,0,2,0,1,0,0,0,0,0,0,0,0,0,2,10,0,5,324,0.0,0,0,1,0,0,2,0,1,0,0,0,0,0,0,0,0,0,2,12,16,25,313,0.0,3,0,1,0,0,2,1,1,0,0,0,0,0,0,0,0,0,2,19,25,41,303,2.0,4,1,1,0,0,1,1,1,0,0,0,0,0,0,0,0,0,2,21,24,26,150,-9.7,4,1,1,0,0,1,1,1,0,0,0,0,0,0,0,0,0,2,23,0,0,193,0.0,0,0,1,0,0,2,0,1,0,0,0,0,0,0,0,0,0,2,26,42,33,178,-0.4,7,1,1,0,0,1,1,1,0,0,0,0,0,0,0,0,0,2,27,35,27,91,-2.3,7,1,1,0,0,1,1,1,0,0,0,0,0,0,0,0,0,2,29,43,47,14,-0.4,7,1,1,0,0,1,1,0,0,0,0,0,0,0,0,0,0,2,30,0,4,47,0.0,0,0,1,0,0,2,0,1,0,0,0,0,0,0,0,0,0,2,33,26,59,249,-0.2,4,1,1,0,0,1,1,1,0,0,0,0,0,0,0,0,0,3,6,45,69,222,-0.9,7,1,1,0,0,1,1,0,0,0,0,0,0,0,0,0,0,3,9,39,53,217,-1.0,7,1,1,0,0,1,1,0,0,0,0,0,0,0,0,0,0,3,13,42,61,358,-0.2,7,1,1,0,0,1,1,0,0,0,0,0,0,0,0,0,0,3,16,44,77,225,0.1,7,1,1,0,0,1,1,0,0,0,0,0,0,0,0,0,0,3,23,44,67,116,-0.5,7,1,1,0,0,1,1,0,0,0,0,0,0,0,0,0,0,3,27,0,20,215,0.0,0,0,1,0,0,1,1,0,0,0,0,0,0,0,0,0,0,3,32,33,42,338,-0.2,5,1,1,0,0,1,1,0,0,0,0,0,0,0,0,0,0,3,38,44,70,65,0.7,7,1,1,0,0,1,1,0,0,0,0,0,0,0,0,0,0,3,39,42,83,267,1.5,7,1,1,0,0,1,1,0,0,0,0,0,0,0,0,0,0,5,2,33,26,135,-4.2,5,1,1,0,0,1,1,1,0,0,0,0,0,0,0,0,0,5,3,36,37,165,1.0,7,1,1,0,0,1,1,1,0,0,0,0,0,0,0,0,0,5,4,0,63,60,0.0,1,0,2,0,0,2,0,1,0,0,0,0,0,0,0,0,0,5,7,35,60,149,0.3,7,1,1,0,0,1,1,1,0,0,0,0,0,0,0,0,0,6,6,24,35,41,0.0,4,0,1,0,0,2,0,1,0,0,0,0,0,0,0,0,0,6,7,29,32,343,-1.6,4,1,1,0,0,1,1,1,0,0,0,0,0,0,0,0,0,6,8,0,3,302,0.0,0,0,1,0,0,2,0,1,0,0,0,0,0,0,0,0,0,6,9,44,60,119,1.0,7,1,1,0,0,1,1,1,0,0,0,0,0,0,0,0,0,6,10,38,28,177,8.1,5,1,1,0,0,1,1,1,0,0,0,0,0,0,0,0,0,6,16,42,30,42,-24.7,5,1,1,0,0,1,1,1,0,0,0,0,0,0,0,0,0
94560000,1,48,0,0,7,0,-91,0,0.0,1,0,1,0,0,0,0,0,0,0,0,0,0,0,0,0,0,0,10,28,43,334,-1.3,5,1,1,1,0,1,1,0,0,0,1,0,0,0,1,0,1,0,12,39,33,102,-0.7,5,1,1,1,0,1,1,0,0,0,1,0,0,0,1,0,1,0,15,26,13,76,0.0,5,0,1,0,0,2,0,1,0,0,0,0,0,0,0,0,0,0,18,44,39,198,0.0,7,1,1,1,0,1,1,1,0,0,1,0,0,0,1,0,1,0,23,45,73,54,-0.5,7,1,1,1,0,1,1,1,0,0,1,0,0,0,1,0,1,0,24,41,33,37,-1.6,6,1,1,1,0,1,1,1,0,0,1,0,0,0,1,0,1,0,25,37,36,144,-1.8,6,1,1,1,0,1,1,1,0,0,1,0,0,0,1,0,1,0,28,23,28,228,-7.6,4,1,1,1,0,1,1,0,0,0,1,0,0,0,1,0,1,0,32,34,31,302,-4.7,4,1,1,1,0,1,1,0,0,0,1,0,0,0,1,0,1,1,127,0,21,258,0.0,0,0,0,0,0,2,0,1,0,0,0,0,0,0,0,0,0,1,128,31,46,238,0.0,5,0,0,0,0,2,1,1,0,0,0,0,0,0,0,0,0,1,129,44,53,229,0.0,7,0,1,0,0,2,1,1,0,0,0,0,0,0,0,0,0,1,137,38,60,149,0.0,7,0,0,0,0,2,1,1,0,0,0,0,0,0,0,0,0,2,4,0,1,265,0.0,0,0,1,0,0,2,0,1,0,0,0,0,0,0,0,0,0,2,7,13,12,61,0.0,3,0,1,0,0,2,0,1,0,0,0,0,0,0,0,0,0,2,10,0,5,324,0.0,0,0,1,0,0,2,0,1,0,0,0,0,0,0,0,0,0,2,12,14,25,313,0.0,3,0,1,0,0,2,1,1,0,0,0,0,0,0,0,0,0,2,19,23,41,303,1.1,4,1,1,0,0,1,1,1,0,0,0,0,0,0,0,0,0,2,21,31,26,150,-4.5,4,1,1,0,0,1,1,1,0,0,0,0,0,0,0,0,0,2,23,0,0,193,0.0,0,0,1,0,0,2,0,1,0,0,0,0,0,0,0,0,0,2,26,31,33,178,-6.6,5,1,1,0,0,1,1,1,0,0,0,0,0,0,0,0,0,2,27,35,27,91,2.3,5,1,1,0,0,1,1,1,0,0,0,0,0,0,0,0,0,2,29,39,47,14,0.0,7,1,1,0,0,1,1,0,0,0,0,0,0,0,0,0,0,2,30,0,4,47,0.0,0,0,1,0,0,2,0,1,0,0,0,0,0,0,0,0,0,2,33,26,59,249,0.2,4,1,1,0,0,1,1,1,0,0,0,0,0,0,0,0,0,3,6,43,69,222,-0.9,7,1,1,0,0,1,1,0,0,0,0,0,0,0,0,0,0,3,9,42,53,217,-0.8,7,1,1,0,0,1,1,0,0,0,0,0,0,0,0,0,0,3,13,41,61,358,-0.2,7,1,1,0,0,1,1,0,0,0,0,0,0,0,0,0,0,3,16,45,77,225,0.4,7,1,1,0,0,1,1,0,0,0,0,0,0,0,0,0,0,3,23,46,67,116,-0.4,7,1,1,0,0,1,1,0,0,0,0,0,0,0,0,0,0,3,27,0,20,215,0.0,0,0,1,0,0,1,1,0,0,0,0,0,0,0,0,0,0,3,32,29,42,338,-5.7,4,1,1,0,0,1,1,0,0,0,0,0,0,0,0,0,0,3,38,44,70,65,0.8,7,1,1,0,0,1,1,0,0,0,0,0,0,0,0,0,0,3,39,43,83,267,1.6,7,1,1,0,0,1,1,0,0,0,0,0,0,0,0,0,0,5,2,37,26,135,-4.1,5,1,1,0,0,1,1,1,0,0,0,0,0,0,0,0,0,5,3,35,37,165,0.8,7,1,1,0,0,1,1,1,0,0,0,0,0,0,0,0,0,5,4,0,63,60,0.0,1,0,2,0,0,2,0,1,0,0,0,0,0,0,0,0,0,5,7,34,60,149,0.4,7,1,1,0,0,1,1,1,0,0,0,0,0,0,0,0,0,6,6,35,35,41,0.0,5,0,1,0,0,2,0,1,0,0,0,0,0,0,0,0,0,6,7,30,32,343,-2.2,4,1,1,0,0,1,1,1,0,0,0,0,0,0,0,0,0,6,8,0,3,302,0.0,0,0,1,0,0,2,0,1,0,0,0,0,0,0,0,0,0,6,9,45,60,119,1.1,7,1,1,0,0,1,1,1,0,0,0,0,0,0,0,0,0,6,10,28,28,177,2.5,4,1,1,0,0,1,1,1,0,0,0,0,0,0,0,0,0,6,16,46,30,42,-5.6,6,1,1,0,0,1,1,1,0,0,0,0,0,0,0,0,0
94561000,1,49,0,0,7,15,-91,0,0.0,3,0,1,0,0,0,0,0,0,0,0,0,0,0,0,0,0,0,10,29,43,334,-2.1,5,1,1,1,0,1,1,0,0,0,1,0,0,0,1,0,1,0,12,39,33,102,-1.4,5,1,1,1,0,1,1,0,0,0,1,0,0,0,1,0,1,0,15,29,13,76,0.0,4,0,1,0,0,2,0,1,0,0,0,0,0,0,0,0,0,0,18,34,39,198,-0.3,7,1,1,1,0,1,1,1,0,0,1,0,0,0,1,0,1,0,23,41,73,54,-0.5,7,1,1,1,0,1,1,1,0,0,1,0,0,0,1,0,1,0,24,44,33,37,-1.8,6,1,1,1,0,1,1,1,0,0,1,0,0,0,1,0,1,0,25,40,36,144,-0.9,6,1,1,1,0,1,1,1,0,0,1,0,0,0,1,0,1,0,27,0,-91,0,0.0,1,0,1,0,0,0,0,0,0,0,0,0,0,0,0,0,0,0,28,23,28,228,-14.1,4,1,1,1,0,1,1,0,0,0,1,0,0,0,1,0,1,0,32,32,31,302,0.4,5,1,1,1,0,1,1,0,0,0,1,0,0,0,1,0,1,1,127,0,21,258,0.0,0,0,0,0,0,2,0,1,0,0,0,0,0,0,0,0,0,1,128,27,46,238,0.0,3,0,0,0,0,2,1,1,0,0,0,0,0,0,0,0,0,1,129,44,53,229,0.0,7,0,1,0,0,2,1,1,0,0,0,0,0,0,0,0,0,1,137,39,60,149,0.0,7,0,0,0,0,2,1,1,0,0,0,0,0,0,0,0,0,2,4,0,1,265,0.0,0,0,1,0,0,2,0,1,0,0,0,0,0,0,0,0,0,2,7,15,12,61,0.0,3,0,1,0,0,2,0,1,0,0,0,0,0,0,0,0,0,2,10,0,5,324,0.0,0,0,1,0,0,2,0,1,0,0,0,0,0,0,0,0,0,2,12,17,25,313,-2.3,4,1,1,0,0,1,1,1,0,0,0,0,0,0,0,0,0,2,19,21,41,303,-0.4,4,1,1,0,0,1,1,1,0,0,0,0,0,0,0,0,0,2,21,39,26,150,-1.3,5,1,1,0,0,1,1,1,0,0,0,0,0,0,0,0,0,2,23,0,0,193,0.0,0,0,1,0,0,2,0,1,0,0,0,0,0,0,0,0,0,2,26,35,33,178,-11.2,4,1,1,0,0,1,1,1,0,0,0,0,0,0,0,0,0,2,27,36,27,91,-2.2,5,1,1,0,0,1,1,1,0,0,0,0,0,0,0,0,0,2,29,33,47,14,-0.4,7,1,1,0,0,1,1,0,0,0,0,0,0,0,0,0,0,2,30,0,4,47,0.0,0,0,1,0,0,2,0,1,0,0,0,0,0,0,0,0,0,2,33,25,59,249,-4.6,4,1,1,0,0,1,1,1,0,0,0,0,0,0,0,0,0,3,6,40,69,222,-1.2,7,1,1,0,0,1,1,0,0,0,0,0,0,0,0,0,0,3,9,41,53,217,-0.8,7,1,1,0,0,1,1,0,0,0,0,0,0,0,0,0,0,3,13,38,61,358,-0.3,7,1,1,0,0,1,1,0,0,0,0,0,0,0,0,0,0,3,16,42,77,225,0.2,7,1,1,0,0,1,1,0,0,0,0,0,0,0,0,0,0,3,23,47,67,116,-0.5,7,1,1,0,0,1,1,0,0,0,0,0,0,0,0,0,0,3,27,0,20,215,0.0,0,0,1,0,0,1,1,0,0,0,0,0,0,0,0,0,0,3,32,33,42,338,-10.1,5,1,1,0,0,1,1,0,0,0,0,0,0,0,0,0,0,3,38,42,70,65,0.6,7,1,1,0,0,1,1,0,0,0,0,0,0,0,0,0,0,3,39,44,83,267,1.3,7,1,1,0,0,1,1,0,0,0,0,0,0,0,0,0,0,5,2,41,26,135,-4.3,7,1,1,0,0,1,1,1,0,0,0,0,0,0,0,0,0,5,3,33,37,165,0.8,7,1,1,0,0,1,1,1,0,0,0,0,0,0,0,0,0,5,4,0,63,60,0.0,1,0,2,0,0,2,0,1,0,0,0,0,0,0,0,0,0,5,7,37,60,149,0.3,7,1,1,0,0,1,1,1,0,0,0,0,0,0,0,0,0,6,6,33,35,41,0.0,5,0,1,0,0,2,0,1,0,0,0,0,0,0,0,0,0,6,7,29,32,343,-2.5,5,1,1,0,0,1,1,1,0,0,0,0,0,0,0,0,0,6,8,0,3,302,0.0,0,0,1,0,0,2,0,1,0,0,0,0,0,0,0,0,0,6,9,47,60,119,0.9,7,1,1,0,0,1,1,1,0,0,0,0,0,0,0,0,0,6,10,27,28,177,-1.8,5,1,1,0,0,1,1,1,0,0,0,0,0,0,0,0,0
94562000,1,48,0,0,10,21,43,334,0.0,3,0,1,0,0,1,1,0,0,0,0,0,0,0,0,0,0,0,12,30,33,102,-4.0,5,1,1,1,0,1,1,0,0,0,1,0,0,0,1,0,1,0,15,33,13,76,0.0,6,0,1,0,0,2,0,1,0,0,0,0,0,0,0,0,0,0,18,41,39,198,-2.5,5,1,1,1,0,1,1,1,0,0,1,0,0,0,1,0,1,0,23,42,73,54,-0.5,7,1,1,1,0,1,1,1,0,0,1,0,0,0,1,0,1,0,24,28,33,37,-1.0,7,1,1,1,0,1,1,1,0,0,1,0,0,0,1,0,1,0,25,38,36,144,0.3,6,1,1,1,0,1,1,1,0,0,1,0,0,0,1,0,1,0,27,0,-91,0,0.0,1,0,1,0,0,0,0,0,0,0,0,0,0,0,0,0,0,0,28,24,28,228,-23.8,4,1,1,1,0,1,1,0,0,0,1,0,0,0,1,0,1,0,32,33,31,302,-0.2,4,1,1,1,0,1,1,0,0,0,1,0,0,0,1,0,1,1,127,0,21,258,0.0,0,0,0,0,0,2,0,1,0,0,0,0,0,0,0,0,0,1,128,29,46,238,0.0,4,0,0,0,0,2,1,1,0,0,0,0,0,0,0,0,0,1,129,44,53,229,0.0,7,0,1,0,0,2,1,1,0,0,0,0,0,0,0,0,0,1,137,37,60,149,0.0,5,0,0,0,0,2,1,1,0,0,0,0,0,0,0,0,0,2,4,0,1,265,0.0,0,0,1,0,0,2,0,1,0,0,0,0,0,0,0,0,0,2,7,19,12,61,0.0,4,0,1,0,0,2,0,1,0,0,0,0,0,0,0,0,0,2,10,0,5,324,0.0,0,0,1,0,0,2,0,1,0,0,0,0,0,0,0,0,0,2,12,9,25,313,-1.0,4,1,1,0,0,1,1,1,0,0,0,0,0,0,0,0,0,2,19,23,41,304,2.2,4,1,1,0,0,1,1,1,0,0,0,0,0,0,0,0,0,2,21,36,26,150,0.0,7,1,1,0,0,1,1,1,0,0,0,0,0,0,0,0,0,2,23,0,0,193,0.0,0,0,1,0,0,2,0,1,0,0,0,0,0,0,0,0,0,2,26,32,33,178,-6.8,5,1,1,0,0,1,1,1,0,0,0,0,0,0,0,0,0,2,27,39,27,91,-10.8,5,1,1,0,0,1,1,1,0,0,0,0,0,0,0,0,0,2,29,27,47,14,-10.4,5,1,1,0,0,1,1,0,0,0,0,0,0,0,0,0,0,2,30,0,4,47,0.0,0,0,1,0,0,2,0,1,0,0,0,0,0,0,0,0,0,2,33,23,59,249,0.0,4,0,1,0,0,1,1,1,0,0,0,0,0,0,0,0,0,3,6,29,69,222,-1.3,7,1,1,0,0,1,1,0,0,0,0,0,0,0,0,0,0,3,9,39,53,217,-0.9,7,1,1,0,0,1,1,0,0,0,0,0,0,0,0,0,0,3,13,30,61,358,-2.4,5,1,1,0,0,1,1,0,0,0,0,0,0,0,0,0,0,3,16,42,77,225,-0.1,7,1,1,0,0,1,1,0,0,0,0,0,0,0,0,0,0,3,23,40,67,116,-0.5,7,1,1,0,0,1,1,0,0,0,0,0,0,0,0,0,0,3,27,0,20,215,0.0,0,0,1,0,0,1,1,0,0,0,0,0,0,0,0,0,0,3,32,27,42,338,-7.6,5,1,1,0,0,1,1,0,0,0,0,0,0,0,0,0,0,3,38,44,70,65,0.7,7,1,1,0,0,1,1,0,0,0,0,0,0,0,0,0,0,3,39,46,83,267,1.2,7,1,1,0,0,1,1,0,0,0,0,0,0,0,0,0,0,5,2,42,26,135,-12.8,7,1,1,0,0,1,1,1,0,0,0,0,0,0,0,0,0,5,3,37,37,165,-0.3,5,1,1,0,0,1,1,1,0,0,0,0,0,0,0,0,0,5,4,0,63,60,0.0,1,0,2,0,0,2,0,1,0,0,0,0,0,0,0,0,0,5,7,34,60,149,0.3,7,1,1,0,0,1,1,1,0,0,0,0,0,0,0,0,0,6,6,29,35,41,0.0,6,0,1,0,0,2,0,1,0,0,0,0,0,0,0,0,0,6,7,33,32,343,-2.9,4,1,1,0,0,1,1,1,0,0,0,0,0,0,0,0,0,6,8,0,3,302,0.0,0,0,1,0,0,2,0,1,0,0,0,0,0,0,0,0,0,6,9,46,60,119,0.8,7,1,1,0,0,1,1,1,0,0,0,0,0,0,0,0,0,6,10,28,28,177,-4.9,4,1,1,0,0,1,1,1,0,0,0,0,0,0,0,0,0,6,16,39,30,42,-0.2,7,1,1,0,0,1,1,1,0,0,0,0,0,0,0,0,0
94563000,1,48,0,0,10,36,43,334,-6.3,5,1,1,1,0,1,1,0,0,0,1,0,0,0,1,0,1,0,12,43,33,102,-1.8,5,1,1,1,0,1,1,0,0,0,1,0,0,0,1,0,1,0,15,28,13,76,0.0,4,0,1,0,0,2,0,1,0,0,0,0,0,0,0,0,0,0,18,41,39,198,-0.4,6,1,1,1,0,1,1,1,0,0,1,0,0,0,1,0,1,0,23,46,73,54,-0.3,7,1,1,1,0,1,1,1,0,0,1,0,0,0,1,0,1,0,24,29,33,37,-4.2,4,1,1,1,0,1,1,1,0,0,1,0,0,0,1,0,1,0,25,39,36,144,-0.1,6,1,1,1,0,1,1,1,0,0,1,0,0,0,1,0,1,0,27,0,-91,0,0.0,1,0,1,0,0,0,0,0,0,0,0,0,0,0,0,0,0,0,28,24,28,228,-27.6,4,1,1,1,0,1,1,0,0,0,1,0,0,0,1,0,1,0,32,35,31,302,0.5,4,1,1,1,0,1,1,0,0,0,1,0,0,0,1,0,1,1,127,0,21,258,0.0,0,0,0,0,0,2,0,1,0,0,0,0,0,0,0,0,0,1,128,27,46,238,0.0,4,0,0,0,0,2,1,1,0,0,0,0,0,0,0,0,0,1,129,42,53,229,0.0,5,0,1,0,0,2,1,1,0,0,0,0,0,0,0,0,0,1,137,41,60,149,0.0,6,0,0,0,0,2,1,1,0,0,0,0,0,0,0,0,0,2,4,0,1,265,0.0,0,0,1,0,0,2,0,1,0,0,0,0,0,0,0,0,0,2,7,20,12,61,0.0,3,0,1,0,0,2,0,1,0,0,0,0,0,0,0,0,0,2,10,0,5,324,0.0,0,0,1,0,0,2,0,1,0,0,0,0,0,0,0,0,0,2,12,13,25,313,8.7,4,1,1,0,0,1,1,1,0,0,0,0,0,0,0,0,0,2,19,24,41,304,-1.8,4,1,1,0,0,1,1,1,0,0,0,0,0,0,0,0,0,2,21,34,26,150,-2.5,5,1,1,0,0,1,1,1,0,0,0,0,0,0,0,0,0,2,23,0,0,193,0.0,0,0,1,0,0,2,0,1,0,0,0,0,0,0,0,0,0,2,26,36,33,178,-7.1,4,0,1,0,0,1,1,1,0,0,0,0,0,0,0,0,0,2,27,42,27,91,-3.1,7,1,1,0,0,1,1,1,0,0,0,0,0,0,0,0,0,2,29,26,47,14,-7.5,5,1,1,0,0,1,1,0,0,0,0,0,0,0,0,0,0,2,30,0,4,47,0.0,0,0,1,0,0,2,0,1,0,0,0,0,0,0,0,0,0,2,33,22,59,249,0.0,4,0,1,0,0,1,1,1,0,0,0,0,0,0,0,0,0,3,6,43,69,222,-1.0,7,1,1,0,0,1,1,0,0,0,0,0,0,0,0,0,0,3,9,42,53,217,-0.6,7,1,1,0,0,1,1,0,0,0,0,0,0,0,0,0,0,3,13,25,61,358,-7.3,4,1,1,0,0,1,1,0,0,0,0,0,0,0,0,0,0,3,16,44,77,225,0.4,7,1,1,0,0,1,1,0,0,0,0,0,0,0,0,0,0,3,23,45,67,116,-0.2,7,1,1,0,0,1,1,0,0,0,0,0,0,0,0,0,0,3,27,0,20,215,0.0,0,0,1,0,0,1,1,0,0,0,0,0,0,0,0,0,0,3,32,27,42,338,-7.1,4,1,1,0,0,1,1,0,0,0,0,0,0,0,0,0,0,3,38,45,70,65,0.9,7,1,1,0,0,1,1,0,0,0,0,0,0,0,0,0,0,3,39,38,83,267,1.6,7,1,1,0,0,1,1,0,0,0,0,0,0,0,0,0,0,5,2,31,26,135,-19.8,4,0,1,0,0,1,1,1,0,0,0,0,0,0,0,0,0,5,3,40,37,165,-1.0,5,1,1,0,0,1,1,1,0,0,0,0,0,0,0,0,0,5,4,0,63,60,0.0,1,0,2,0,0,2,0,1,0,0,0,0,0,0,0,0,0,5,7,37,60,149,0.3,5,1,1,0,0,1,1,1,0,0,0,0,0,0,0,0,0,6,6,26,35,41,0.0,4,0,1,0,0,2,0,1,0,0,0,0,0,0,0,0,0,6,7,37,32,343,-6.1,4,0,1,0,0,1,1,1,0,0,0,0,0,0,0,0,0,6,8,0,3,302,0.0,0,0,1,0,0,2,0,1,0,0,0,0,0,0,0,0,0,6,9,45,60,119,1.1,7,1,1,0,0,1,1,1,0,0,0,0,0,0,0,0,0,6,10,32,28,177,-6.6,4,1,1,0,0,1,1,1,0,0,0,0,0,0,0,0,0,6,16,42,30,42,0.8,7,1,1,0,0,1,1,1,0,0,0,0,0,0,0,0,0
94564000,1,48,0,0,10,29,43,334,-10.1,4,1,1,1,0,1,1,0,0,0,1,0,0,0,1,0,1,0,12,44,33,102,-0.4,6,1,1,1,0,1,1,0,0,0,1,0,0,0,1,0,1,0,15,20,13,76,0.0,3,0,1,0,0,2,0,1,0,0,0,0,0,0,0,0,0,0,18,44,39,198,0.8,6,1,1,1,0,1,1,1,0,0,1,0,0,0,1,0,1,0,23,42,73,54,0.3,7,1,1,1,0,1,1,1,0,0,1,0,0,0,1,0,1,0,24,23,33,37,-6.2,5,1,1,1,0,1,1,1,0,0,1,0,0,0,1,0,1,0,25,36,36,144,-0.1,6,1,1,1,0,1,1,1,0,0,1,0,0,0,1,0,1,0,27,20,-91,0,0.0,3,0,1,0,0,0,0,0,0,0,0,0,0,0,0,0,0,0,28,25,28,228,-38.5,4,0,1,0,0,1,1,0,0,0,0,0,0,0,0,0,0,0,32,31,31,302,1.0,4,1,1,1,0,1,1,0,0,0,1,0,0,0,1,0,1,1,127,0,21,258,0.0,0,0,0,0,0,2,0,1,0,0,0,0,0,0,0,0,0,1,128,0,46,238,0.0,1,0,0,0,0,2,1,1,0,0,0,0,0,0,0,0,0,1,129,34,53,229,0.0,6,0,1,0,0,2,1,1,0,0,0,0,0,0,0,0,0,1,137,39,60,149,0.0,6,0,0,0,0,2,1,1,0,0,0,0,0,0,0,0,0,2,4,0,1,265,0.0,0,0,1,0,0,2,0,1,0,0,0,0,0,0,0,0,0,2,7,20,12,61,0.0,3,0,1,0,0,2,0,1,0,0,0,0,0,0,0,0,0,2,10,0,5,324,0.0,0,0,1,0,0,2,0,1,0,0,0,0,0,0,0,0,0,2,12,17,25,313,8.1,4,1,1,0,0,1,1,1,0,0,0,0,0,0,0,0,0,2,19,23,41,304,-2.6,4,1,1,0,0,1,1,1,0,0,0,0,0,0,0,0,0,2,21,30,26,150,6.8,5,1,1,0,0,1,1,1,0,0,0,0,0,0,0,0,0,2,23,0,1,193,0.0,0,0,1,0,0,2,0,1,0,0,0,0,0,0,0,0,0,2,26,39,33,178,1.9,5,1,1,0,0,1,1,1,0,0,0,0,0,0,0,0,0,2,27,41,27,91,-0.4,7,1,1,0,0,1,1,1,0,0,0,0,0,0,0,0,0,2,29,32,47,14,-6.7,4,1,1,0,0,1,1,0,0,0,0,0,0,0,0,0,0,2,30,0,4,47,0.0,0,0,1,0,0,2,0,1,0,0,0,0,0,0,0,0,0,2,33,20,59,249,-9.8,4,1,1,0,0,1,1,1,0,0,0,0,0,0,0,0,0,3,6,39,69,222,-0.5,7,1,1,0,0,1,1,0,0,0,0,0,0,0,0,0,0,3,9,39,53,217,-0.2,7,1,1,0,0,1,1,0,0,0,0,0,0,0,0,0,0,3,13,25,61,358,-7.6,4,1,1,0,0,1,1,0,0,0,0,0,0,0,0,0,0,3,16,41,77,225,0.8,7,1,1,0,0,1,1,0,0,0,0,0,0,0,0,0,0,3,23,44,67,116,0.2,7,1,1,0,0,1,1,0,0,0,0,0,0,0,0,0,0,3,27,0,20,215,0.0,0,0,1,0,0,1,1,0,0,0,0,0,0,0,0,0,0,3,32,27,42,338,-6.9,4,1,1,0,0,1,1,0,0,0,0,0,0,0,0,0,0,3,38,45,70,65,1.3,7,1,1,0,0,1,1,0,0,0,0,0,0,0,0,0,0,3,39,38,83,267,2.1,7,1,1,0,0,1,1,0,0,0,0,0,0,0,0,0,0,5,2,31,26,135,-14.6,4,0,1,0,0,1,1,1,0,0,0,0,0,0,0,0,0,5,3,38,37,165,1.5,6,1,1,0,0,1,1,1,0,0,0,0,0,0,0,0,0,5,4,0,63,60,0.0,1,0,2,0,0,2,0,1,0,0,0,0,0,0,0,0,0,5,7,35,60,149,0.9,6,1,1,0,0,1,1,1,0,0,0,0,0,0,0,0,0,6,6,26,35,41,0.0,4,0,1,0,0,2,0,1,0,0,0,0,0,0,0,0,0,6,7,37,32,343,-4.7,6,1,1,0,0,1,1,1,0,0,0,0,0,0,0,0,0,6,8,0,3,302,0.0,0,0,1,0,0,2,0,1,0,0,0,0,0,0,0,0,0,6,9,45,60,119,1.7,7,1,1,0,0,1,1,1,0,0,0,0,0,0,0,0,0,6,10,32,28,177,-4.2,4,1,1,0,0,1,1,1,0,0,0,0,0,0,0,0,0,6,16,32,30,42,0.8,4,1,1,0,0,1,1,1,0,0,0,0,0,0,0,0,0
94565000,1,48,0,0,10,31,43,334,-9.4,5,1,1,1,0,1,1,0,0,0,1,0,0,0,1,0,1,0,12,46,33,102,0.8,6,1,1,1,0,1,1,0,0,0,1,0,0,0,1,0,1,0,15,20,13,76,0.0,4,0,1,0,0,2,0,1,0,0,0,0,0,0,0,0,0,0,18,44,39,198,2.0,6,1,1,1,0,1,1,1,0,0,1,0,0,0,1,0,1,0,23,44,73,54,0.3,7,1,1,1,0,1,1,1,0,0,1,0,0,0,1,0,1,0,24,31,33,37,-6.7,5,1,1,1,0,1,1,1,0,0,1,0,0,0,1,0,1,0,25,35,36,144,-0.5,6,1,1,1,0,1,1,1,0,0,1,0,0,0,1,0,1,0,27,16,-91,0,0.0,3,0,1,0,0,0,0,0,0,0,0,0,0,0,0,0,0,0,28,24,28,228,-41.4,4,1,1,1,0,1,1,0,0,0,1,0,0,0,1,0,1,0,32,33,31,302,-0.2,5,1,1,1,0,1,1,0,0,0,1,0,0,0,1,0,1,1,127,0,21,258,0.0,0,0,0,0,0,2,0,1,0,0,0,0,0,0,0,0,0,1,128,0,46,238,0.0,1,0,0,0,0,2,1,1,0,0,0,0,0,0,0,0,0,1,129,37,53,229,0.0,6,0,1,0,0,2,1,1,0,0,0,0,0,0,0,0,0,1,137,39,60,149,0.0,6,0,0,0,0,2,1,1,0,0,0,0,0,0,0,0,0,2,4,0,1,265,0.0,0,0,1,0,0,2,0,1,0,0,0,0,0,0,0,0,0,2,7,20,12,61,0.0,3,0,1,0,0,2,0,1,0,0,0,0,0,0,0,0,0,2,10,0,5,324,0.0,0,0,1,0,0,2,0,1,0,0,0,0,0,0,0,0,0,2,12,15,25,313,7.4,4,1,1,0,0,1,1,1,0,0,0,0,0,0,0,0,0,2,19,24,41,304,-1.7,4,1,1,0,0,1,1,1,0,0,0,0,0,0,0,0,0,2,21,34,26,150,-3.1,5,1,1,0,0,1,1,1,0,0,0,0,0,0,0,0,0,2,23,0,1,193,0.0,0,0,1,0,0,2,0,1,0,0,0,0,0,0,0,0,0,2,26,35,33,178,2.6,7,1,1,0,0,1,1,1,0,0,0,0,0,0,0,0,0,2,27,39,27,91,1.8,7,1,1,0,0,1,1,1,0,0,0,0,0,0,0,0,0,2,29,27,47,14,-1.5,4,1,1,0,0,1,1,0,0,0,0,0,0,0,0,0,0,2,30,0,4,47,0.0,0,0,1,0,0,2,0,1,0,0,0,0,0,0,0,0,0,2,33,20,59,249,-13.1,4,1,1,0,0,1,1,1,0,0,0,0,0,0,0,0,0,3,6,41,69,222,-0.7,7,1,1,0,0,1,1,0,0,0,0,0,0,0,0,0,0,3,9,42,53,217,-0.2,7,1,1,0,0,1,1,0,0,0,0,0,0,0,0,0,0,3,13,25,61,358,-11.2,4,1,1,0,0,1,1,0,0,0,0,0,0,0,0,0,0,3,16,41,77,225,0.6,7,1,1,0,0,1,1,0,0,0,0,0,0,0,0,0,0,3,23,45,67,116,0.2,7,1,1,0,0,1,1,0,0,0,0,0,0,0,0,0,0,3,27,0,20,215,0.0,0,0,1,0,0,1,1,0,0,0,0,0,0,0,0,0,0,3,32,35,42,338,-1.4,6,1,1,0,0,1,1,0,0,0,0,0,0,0,0,0,0,3,38,45,70,65,1.3,7,1,1,0,0,1,1,0,0,0,0,0,0,0,0,0,0,3,39,37,83,267,2.0,7,1,1,0,0,1,1,0,0,0,0,0,0,0,0,0,0,5,2,36,26,135,-5.5,5,1,1,0,0,1,1,1,0,0,0,0,0,0,0,0,0,5,3,38,37,165,2.7,6,1,1,0,0,1,1,1,0,0,0,0,0,0,0,0,0,5,4,0,63,60,0.0,1,0,2,0,0,2,0,1,0,0,0,0,0,0,0,0,0,5,7,37,60,149,1.0,6,1,1,0,0,1,1,1,0,0,0,0,0,0,0,0,0,6,6,23,35,41,0.0,4,0,1,0,0,2,0,1,0,0,0,0,0,0,0,0,0,6,7,34,32,343,-4.4,5,1,1,0,0,1,1,1,0,0,0,0,0,0,0,0,0,6,8,0,3,302,0.0,0,0,1,0,0,2,0,1,0,0,0,0,0,0,0,0,0,6,9,43,60,119,1.7,7,1,1,0,0,1,1,1,0,0,0,0,0,0,0,0,0,6,10,32,28,177,-2.7,5,1,1,0,0,1,1,1,0,0,0,0,0,0,0,0,0,6,16,38,30,42,-1.1,5,1,1,0,0,1,1,1,0,0,0,0,0,0,0,0,0
94566000,1,47,0,0,10,30,43,334,-3.4,4,1,1,1,0,1,1,0,0,0,1,0,0,0,1,0,1,0,12,46,33,102,-1.6,6,1,1,1,0,1,1,0,0,0,1,0,0,0,1,0,1,0,15,21,13,76,0.0,4,0,1,0,0,2,0,1,0,0,0,0,0,0,0,0,0,0,18,43,39,198,1.7,6,1,1,1,0,1,1,1,0,0,1,0,0,0,1,0,1,0,23,44,73,54,0.3,7,1,1,1,0,1,1,1,0,0,1,0,0,0,1,0,1,0,24,26,33,37,-8.0,5,1,1,1,0,1,1,1,0,0,1,0,0,0,1,0,1,0,25,36,36,144,-0.6,6,1,1,1,0,1,1,1,0,0,1,0,0,0,1,0,1,0,28,24,28,228,-45.5,4,0,1,0,0,1,1,0,0,0,0,0,0,0,0,0,0,0,32,30,31,302,-0.4,5,1,1,1,0,1,1,0,0,0,1,0,0,0,1,0,1,1,127,0,21,258,0.0,0,0,0,0,0,2,0,1,0,0,0,0,0,0,0,0,0,1,128,0,46,238,0.0,3,0,0,0,0,2,1,1,0,0,0,0,0,0,0,0,0,1,129,40,53,229,0.0,6,0,1,0,0,2,1,1,0,0,0,0,0,0,0,0,0,1,137,39,60,149,0.0,6,0,0,0,0,2,1,1,0,0,0,0,0,0,0,0,0,2,4,0,1,265,0.0,0,0,1,0,0,2,0,1,0,0,0,0,0,0,0,0,0,2,7,18,12,61,0.0,4,0,1,0,0,2,0,1,0,0,0,0,0,0,0,0,0,2,10,0,5,324,0.0,0,0,1,0,0,2,0,1,0,0,0,0,0,0,0,0,0,2,12,18,25,313,6.4,4,1,1,0,0,1,1,1,0,0,0,0,0,0,0,0,0,2,19,23,41,304,-0.9,4,1,1,0,0,1,1,1,0,0,0,0,0,0,0,0,0,2,21,29,26,150,-0.9,4,1,1,0,0,1,1,1,0,0,0,0,0,0,0,0,0,2,23,0,1,193,0.0,0,0,1,0,0,2,0,1,0,0,0,0,0,0,0,0,0,2,26,37,33,178,-1.1,7,1,1,0,0,1,1,1,0,0,0,0,0,0,0,0,0,2,27,40,27,91,0.2,7,1,1,0,0,1,1,1,0,0,0,0,0,0,0,0,0,2,29,30,47,14,-11.1,4,1,1,0,0,1,1,0,0,0,0,0,0,0,0,0,0,2,30,0,4,47,0.0,0,0,1,0,0,2,0,1,0,0,0,0,0,0,0,0,0,2,33,20,59,249,-15.8,4,1,1,0,0,1,1,1,0,0,0,0,0,0,0,0,0,3,6,41,69,222,-0.8,7,1,1,0,0,1,1,0,0,0,0,0,0,0,0,0,0,3,9,42,53,217,-0.4,7,1,1,0,0,1,1,0,0,0,0,0,0,0,0,0,0,3,13,26,61,358,-13.7,4,1,1,0,0,1,1,0,0,0,0,0,0,0,0,0,0,3,16,42,77,225,0.4,7,1,1,0,0,1,1,0,0,0,0,0,0,0,0,0,0,3,23,43,67,116,0.0,7,1,1,0,0,1,1,0,0,0,0,0,0,0,0,0,0,3,27,0,20,215,0.0,0,0,1,0,0,1,1,0,0,0,0,0,0,0,0,0,0,3,32,26,42,338,-3.3,4,1,1,0,0,1,1,0,0,0,0,0,0,0,0,0,0,3,38,46,70,65,1.3,7,1,1,0,0,1,1,0,0,0,0,0,0,0,0,0,0,3,39,37,83,267,2.0,7,1,1,0,0,1,1,0,0,0,0,0,0,0,0,0,0,5,2,41,26,135,0.2,6,1,1,0,0,1,1,1,0,0,0,0,0,0,0,0,0,5,3,32,37,165,1.5,6,1,1,0,0,1,1,1,0,0,0,0,0,0,0,0,0,5,4,0,63,60,0.0,1,0,2,0,0,2,0,1,0,0,0,0,0,0,0,0,0,5,7,36,60,149,1.0,6,1,1,0,0,1,1,1,0,0,0,0,0,0,0,0,0,6,6,21,35,41,0.0,4,0,1,0,0,2,0,1,0,0,0,0,0,0,0,0,0,6,7,25,32,343,-3.0,4,1,1,0,0,1,1,1,0,0,0,0,0,0,0,0,0,6,8,0,3,302,0.0,0,0,1,0,0,2,0,1,0,0,0,0,0,0,0,0,0,6,9,43,60,119,1.6,7,1,1,0,0,1,1,1,0,0,0,0,0,0,0,0,0,6,10,27,28,177,-2.1,4,1,1,0,0,1,1,1,0,0,0,0,0,0,0,0,0,6,16,30,30,42,0.4,5,1,1,0,0,1,1,1,0,0,0,0,0,0,0,0,0,6,21,38,20,210,-7.0,6,1,1,0,0,1,1,1,0,0,0,0,0,0,0,0,0
94567000,1,47,0,0,10,34,43,334,-6.7,5,1,1,1,0,1,1,0,0,0,1,0,0,0,1,0,1,0,12,44,33,102,-0.9,7,1,1,1,0,1,1,0,0,0,1,0,0,0,1,0,1,0,15,20,13,76,0.0,3,0,1,0,0,2,0,1,0,0,0,0,0,0,0,0,0,0,18,40,39,198,1.3,7,1,1,1,0,1,1,1,0,0,1,0,0,0,1,0,1,0,23,42,73,54,0.3,7,1,1,1,0,1,1,1,0,0,1,0,0,0,1,0,1,0,24,26,33,37,-8.5,4,1,1,1,0,1,1,1,0,0,1,0,0,0,1,0,1,0,25,35,36,144,-0.7,7,1,1,1,0,1,1,1,0,0,1,0,0,0,1,0,1,0,28,23,28,228,-52.0,4,0,1,0,0,1,1,0,0,0,0,0,0,0,0,0,0,0,32,31,31,302,-0.3,4,1,1,1,0,1,1,0,0,0,1,0,0,0,1,0,1,1,127,0,21,258,0.0,0,0,0,0,0,2,0,1,0,0,0,0,0,0,0,0,0,1,128,0,46,238,0.0,1,0,0,0,0,2,1,1,0,0,0,0,0,0,0,0,0,1,129,41,53,229,0.0,6,0,1,0,0,2,1,1,0,0,0,0,0,0,0,0,0,1,137,38,60,149,0.0,6,0,0,0,0,2,1,1,0,0,0,0,0,0,0,0,0,2,4,0,1,265,0.0,0,0,1,0,0,2,0,1,0,0,0,0,0,0,0,0,0,2,7,19,12,61,0.0,3,0,1,0,0,2,0,1,0,0,0,0,0,0,0,0,0,2,10,0,5,324,0.0,0,0,1,0,0,2,0,1,0,0,0,0,0,0,0,0,0,2,12,17,25,313,7.2,4,1,1,0,0,1,1,1,0,0,0,0,0,0,0,0,0,2,19,22,41,304,-3.6,5,1,1,0,0,1,1,1,0,0,0,0,0,0,0,0,0,2,21,23,26,150,-4.8,4,1,1,0,0,1,1,1,0,0,0,0,0,0,0,0,0,2,23,0,1,193,0.0,0,0,1,0,0,2,0,1,0,0,0,0,0,0,0,0,0,2,26,35,33,178,-3.2,7,1,1,0,0,1,1,1,0,0,0,0,0,0,0,0,0,2,27,38,27,91,0.2,7,1,1,0,0,1,1,1,0,0,0,0,0,0,0,0,0,2,29,30,47,14,-8.9,4,1,1,0,0,1,1,0,0,0,0,0,0,0,0,0,0,2,30,0,4,47,0.0,0,0,1,0,0,2,0,1,0,0,0,0,0,0,0,0,0,2,33,19,59,249,-19.2,4,1,1,0,0,1,1,1,0,0,0,0,0,0,0,0,0,3,6,41,69,222,-0.7,7,1,1,0,0,1,1,0,0,0,0,0,0,0,0,0,0,3,9,43,53,217,-0.5,7,1,1,0,0,1,1,0,0,0,0,0,0,0,0,0,0,3,13,26,61,358,-9.8,4,1,1,0,0,1,1,0,0,0,0,0,0,0,0,0,0,3,16,43,77,225,0.6,7,1,1,0,0,1,1,0,0,0,0,0,0,0,0,0,0,3,23,44,67,116,0.0,7,1,1,0,0,1,1,0,0,0,0,0,0,0,0,0,0,3,27,0,20,215,0.0,0,0,1,0,0,1,1,0,0,0,0,0,0,0,0,0,0,3,32,25,42,338,-4.3,4,1,1,0,0,1,1,0,0,0,0,0,0,0,0,0,0,3,38,45,70,65,1.2,7,1,1,0,0,1,1,0,0,0,0,0,0,0,0,0,0,3,39,37,83,267,1.9,7,1,1,0,0,1,1,0,0,0,0,0,0,0,0,0,0,5,2,36,26,135,-1.5,7,1,1,0,0,1,1,1,0,0,0,0,0,0,0,0,0,5,3,36,37,165,1.9,7,1,1,0,0,1,1,1,0,0,0,0,0,0,0,0,0,5,4,0,63,60,0.0,1,0,2,0,0,2,0,1,0,0,0,0,0,0,0,0,0,5,7,36,60,149,0.8,7,1,1,0,0,1,1,1,0,0,0,0,0,0,0,0,0,6,6,21,35,41,0.0,4,0,1,0,0,2,0,1,0,0,0,0,0,0,0,0,0,6,7,26,32,343,-3.7,4,1,1,0,0,1,1,1,0,0,0,0,0,0,0,0,0,6,8,0,3,302,0.0,0,0,1,0,0,2,0,1,0,0,0,0,0,0,0,0,0,6,9,42,60,119,1.5,7,1,1,0,0,1,1,1,0,0,0,0,0,0,0,0,0,6,10,26,28,177,-1.8,4,1,1,0,0,1,1,1,0,0,0,0,0,0,0,0,0,6,16,37,30,42,0.3,6,1,1,0,0,1,1,1,0,0,0,0,0,0,0,0,0,6,21,29,20,210,-6.8,4,1,1,0,0,1,1,1,0,0,0,0,0,0,0,0,0
94568000,1,47,0,0,10,22,43,334,-5.5,4,1,1,1,0,1,1,0,0,0,1,0,0,0,1,0,1,0,12,43,33,102,-0.4,7,1,1,1,0,1,1,0,0,0,1,0,0,0,1,0,1,0,15,20,13,76,0.0,3,0,1,0,0,2,0,1,0,0,0,0,0,0,0,0,0,0,18,44,39,198,1.7,7,1,1,1,0,1,1,1,0,0,1,0,0,0,1,0,1,0,23,46,73,54,0.4,7,1,1,1,0,1,1,1,0,0,1,0,0,0,1,0,1,0,24,26,33,37,-11.2,4,1,1,1,0,1,1,1,0,0,1,0,0,0,1,0,1,0,25,40,36,144,-0.7,7,1,1,1,0,1,1,1,0,0,1,0,0,0,1,0,1,0,28,21,28,228,-58.8,4,0,1,0,0,1,1,0,0,0,0,0,0,0,0,0,0,0,32,30,31,302,-10.1,4,1,1,1,0,1,1,0,0,0,1,0,0,0,1,0,1,1,127,0,21,258,0.0,0,0,0,0,0,2,0,1,0,0,0,0,0,0,0,0,0,1,128,0,46,238,0.0,1,0,0,0,0,2,1,1,0,0,0,0,0,0,0,0,0,1,129,42,53,229,0.0,6,0,1,0,0,2,1,1,0,0,0,0,0,0,0,0,0,1,137,38,60,149,0.0,7,0,0,0,0,2,1,1,0,0,0,0,0,0,0,0,0,2,4,0,1,265,0.0,0,0,1,0,0,2,0,1,0,0,0,0,0,0,0,0,0,2,7,20,12,61,0.0,4,0,1,0,0,2,0,1,0,0,0,0,0,0,0,0,0,2,10,0,5,324,0.0,0,0,1,0,0,2,0,1,0,0,0,0,0,0,0,0,0,2,12,20,25,313,5.2,4,1,1,0,0,1,1,1,0,0,0,0,0,0,0,0,0,2,19,21,41,304,-4.3,4,1,1,0,0,1,1,1,0,0,0,0,0,0,0,0,0,2,21,31,26,150,-0.5,5,1,1,0,0,1,1,1,0,0,0,0,0,0,0,0,0,2,23,0,1,193,0.0,0,0,1,0,0,2,0,1,0,0,0,0,0,0,0,0,0,2,26,34,33,178,3.1,7,1,1,0,0,1,1,1,0,0,0,0,0,0,0,0,0,2,27,36,27,90,1.3,7,1,1,0,0,1,1,1,0,0,0,0,0,0,0,0,0,2,29,28,47,14,-6.9,4,1,1,0,0,1,1,0,0,0,0,0,0,0,0,0,0,2,30,0,4,47,0.0,0,0,1,0,0,2,0,1,0,0,0,0,0,0,0,0,0,2,33,18,59,249,-19.7,4,1,1,0,0,1,1,1,0,0,0,0,0,0,0,0,0,3,6,42,69,222,-0.7,7,1,1,0,0,1,1,0,0,0,0,0,0,0,0,0,0,3,9,42,53,217,-0.4,7,1,1,0,0,1,1,0,0,0,0,0,0,0,0,0,0,3,13,24,61,358,-8.0,4,1,1,0,0,1,1,0,0,0,0,0,0,0,0,0,0,3,16,43,77,225,0.4,7,1,1,0,0,1,1,0,0,0,0,0,0,0,0,0,0,3,23,46,67,116,0.1,7,1,1,0,0,1,1,0,0,0,0,0,0,0,0,0,0,3,27,0,20,215,0.0,0,0,1,0,0,1,1,0,0,0,0,0,0,0,0,0,0,3,32,27,42,338,-2.9,6,1,1,0,0,1,1,0,0,0,0,0,0,0,0,0,0,3,38,45,70,65,1.3,7,1,1,0,0,1,1,0,0,0,0,0,0,0,0,0,0,3,39,37,83,267,2.0,7,1,1,0,0,1,1,0,0,0,0,0,0,0,0,0,0,5,2,43,26,135,-1.0,7,1,1,0,0,1,1,1,0,0,0,0,0,0,0,0,0,5,3,37,37,165,1.7,7,1,1,0,0,1,1,1,0,0,0,0,0,0,0,0,0,5,4,0,63,60,0.0,1,0,2,0,0,2,0,1,0,0,0,0,0,0,0,0,0,5,7,33,60,149,0.9,7,1,1,0,0,1,1,1,0,0,0,0,0,0,0,0,0,6,6,22,35,41,0.0,4,0,1,0,0,2,0,1,0,0,0,0,0,0,0,0,0,6,7,28,32,343,-2.3,4,1,1,0,0,1,1,1,0,0,0,0,0,0,0,0,0,6,8,0,3,302,0.0,0,0,1,0,0,2,0,1,0,0,0,0,0,0,0,0,0,6,9,43,60,119,1.6,7,1,1,0,0,1,1,1,0,0,0,0,0,0,0,0,0,6,10,25,28,177,-2.5,4,1,1,0,0,1,1,1,0,0,0,0,0,0,0,0,0,6,16,36,30,42,1.8,6,1,1,0,0,1,1,1,0,0,0,0,0,0,0,0,0,6,21,38,20,210,-4.7,5,1,1,0,0,1,1,1,0,0,0,0,0,0,0,0,0
94569000,1,47,0,0,10,33,43,334,-3.3,5,1,1,1,0,1,1,0,0,0,1,0,0,0,1,0,1,0,12,45,33,102,0.0,7,1,1,1,0,1,1,0,0,0,1,0,0,0,1,0,1,0,15,21,13,76,0.0,3,0,1,0,0,2,0,1,0,0,0,0,0,0,0,0,0,0,18,45,39,198,1.6,7,1,1,1,0,1,1,1,0,0,1,0,0,0,1,0,1,0,23,45,73,54,0.3,7,1,1,1,0,1,1,1,0,0,1,0,0,0,1,0,1,0,24,27,33,37,-12.9,4,1,1,1,0,1,1,1,0,0,1,0,0,0,1,0,1,0,25,33,36,144,-0.7,7,1,1,1,0,1,1,1,0,0,1,0,0,0,1,0,1,0,28,22,28,228,-60.6,4,0,1,0,0,1,1,0,0,0,0,0,0,0,0,0,0,0,32,29,31,302,-17.2,5,1,1,1,0,1,1,0,0,0,1,0,0,0,1,0,1,1,127,0,21,258,0.0,0,0,0,0,0,2,0,1,0,0,0,0,0,0,0,0,0,1,128,0,46,238,0.0,1,0,0,0,0,2,1,1,0,0,0,0,0,0,0,0,0,1,129,40,53,229,0.0,7,0,1,0,0,2,1,1,0,0,0,0,0,0,0,0,0,1,137,40,60,149,0.0,7,0,0,0,0,2,1,1,0,0,0,0,0,0,0,0,0,2,4,0,1,265,0.0,0,0,1,0,0,2,0,1,0,0,0,0,0,0,0,0,0,2,7,22,12,61,0.0,4,0,1,0,0,2,0,1,0,0,0,0,0,0,0,0,0,2,10,0,5,324,0.0,0,0,1,0,0,2,0,1,0,0,0,0,0,0,0,0,0,2,12,22,25,313,4.6,4,1,1,0,0,1,1,1,0,0,0,0,0,0,0,0,0,2,19,22,41,304,-4.9,4,1,1,0,0,1,1,1,0,0,0,0,0,0,0,0,0,2,21,25,26,150,-10.6,4,1,1,0,0,1,1,1,0,0,0,0,0,0,0,0,0,2,23,0,1,193,0.0,0,0,1,0,0,2,0,1,0,0,0,0,0,0,0,0,0,2,26,31,33,178,2.9,7,1,1,0,0,1,1,1,0,0,0,0,0,0,0,0,0,2,27,37,27,90,0.6,7,1,1,0,0,1,1,1,0,0,0,0,0,0,0,0,0,2,29,27,47,15,-10.0,4,1,1,0,0,1,1,0,0,0,0,0,0,0,0,0,0,2,30,0,4,47,0.0,0,0,1,0,0,2,0,1,0,0,0,0,0,0,0,0,0,2,33,18,59,249,-22.1,4,1,1,0,0,1,1,1,0,0,0,0,0,0,0,0,0,3,6,41,69,222,-0.7,7,1,1,0,0,1,1,0,0,0,0,0,0,0,0,0,0,3,9,41,53,217,-0.3,7,1,1,0,0,1,1,0,0,0,0,0,0,0,0,0,0,3,13,23,61,358,-7.5,4,1,1,0,0,1,1,0,0,0,0,0,0,0,0,0,0,3,16,43,77,225,0.2,7,1,1,0,0,1,1,0,0,0,0,0,0,0,0,0,0,3,23,43,67,116,0.0,7,1,1,0,0,1,1,0,0,0,0,0,0,0,0,0,0,3,27,0,20,215,0.0,0,0,1,0,0,1,1,0,0,0,0,0,0,0,0,0,0,3,32,32,42,338,-1.6,4,1,1,0,0,1,1,0,0,0,0,0,0,0,0,0,0,3,38,45,70,65,1.4,7,1,1,0,0,1,1,0,0,0,0,0,0,0,0,0,0,3,39,39,83,267,1.9,7,1,1,0,0,1,1,0,0,0,0,0,0,0,0,0,0,5,2,37,26,135,0.8,7,1,1,0,0,1,1,1,0,0,0,0,0,0,0,0,0,5,3,39,37,165,1.4,7,1,1,0,0,1,1,1,0,0,0,0,0,0,0,0,0,5,4,18,63,60,0.0,3,0,2,0,0,2,0,1,0,0,0,0,0,0,0,0,0,5,7,36,60,149,0.9,7,1,1,0,0,1,1,1,0,0,0,0,0,0,0,0,0,6,6,23,35,41,0.0,4,0,1,0,0,2,0,1,0,0,0,0,0,0,0,0,0,6,7,32,32,343,-1.4,4,1,1,0,0,1,1,1,0,0,0,0,0,0,0,0,0,6,8,0,3,302,0.0,0,0,1,0,0,2,0,1,0,0,0,0,0,0,0,0,0,6,9,43,60,119,1.6,7,1,1,0,0,1,1,1,0,0,0,0,0,0,0,0,0,6,10,25,28,177,-3.5,5,1,1,0,0,1,1,1,0,0,0,0,0,0,0,0,0,6,16,38,30,42,1.7,7,1,1,0,0,1,1,1,0,0,0,0,0,0,0,0,0,6,21,34,20,210,0.5,5,1,1,0,0,1,1,1,0,0,0,0,0,0,0,0,0
94570000,1,47,0,0,10,22,43,334,-2.3,4,1,1,1,0,1,1,0,0,0,1,0,0,0,1,0,1,0,12,39,33,102,-0.3,7,1,1,1,0,1,1,0,0,0,1,0,0,0,1,0,1,0,15,21,13,76,0.0,4,0,1,0,0,2,0,1,0,0,0,0,0,0,0,0,0,0,18,43,39,198,1.6,7,1,1,1,0,1,1,1,0,0,1,0,0,0,1,0,1,0,23,45,73,54,0.4,7,1,1,1,0,1,1,1,0,0,1,0,0,0,1,0,1,0,24,32,33,37,-8.4,4,1,1,1,0,1,1,1,0,0,1,0,0,0,1,0,1,0,25,39,36,144,-1.9,5,1,1,1,0,1,1,1,0,0,1,0,0,0,1,0,1,0,28,21,28,228,-61.3,4,0,1,0,0,1,1,0,0,0,0,0,0,0,0,0,0,0,32,38,31,302,-6.1,5,1,1,1,0,1,1,0,0,0,1,0,0,0,1,0,1,1,127,0,21,258,0.0,0,0,0,0,0,2,0,1,0,0,0,0,0,0,0,0,0,1,128,0,46,238,0.0,1,0,0,0,0,2,1,1,0,0,0,0,0,0,0,0,0,1,129,40,53,229,0.0,7,0,1,0,0,2,1,1,0,0,0,0,0,0,0,0,0,1,137,38,60,149,0.0,7,0,0,0,0,2,1,1,0,0,0,0,0,0,0,0,0,2,4,0,1,265,0.0,0,0,1,0,0,2,0,1,0,0,0,0,0,0,0,0,0,2,7,20,12,61,0.0,4,0,1,0,0,2,0,1,0,0,0,0,0,0,0,0,0,2,10,0,5,324,0.0,0,0,1,0,0,2,0,1,0,0,0,0,0,0,0,0,0,2,12,21,25,313,3.4,4,1,1,0,0,1,1,1,0,0,0,0,0,0,0,0,0,2,19,22,41,304,-8.3,4,1,1,0,0,1,1,1,0,0,0,0,0,0,0,0,0,2,21,25,26,150,-7.0,4,1,1,0,0,1,1,1,0,0,0,0,0,0,0,0,0,2,23,0,1,193,0.0,0,0,1,0,0,2,0,1,0,0,0,0,0,0,0,0,0,2,26,35,33,178,1.8,7,1,1,0,0,1,1,1,0,0,0,0,0,0,0,0,0,2,27,36,27,90,0.4,7,1,1,0,0,1,1,1,0,0,0,0,0,0,0,0,0,2,29,27,47,15,-1.7,4,1,1,0,0,1,1,0,0,0,0,0,0,0,0,0,0,2,30,0,4,47,0.0,0,0,1,0,0,2,0,1,0,0,0,0,0,0,0,0,0,2,33,19,59,249,-23.3,4,0,1,0,0,1,1,1,0,0,0,0,0,0,0,0,0,3,6,42,69,222,-0.7,7,1,1,0,0,1,1,0,0,0,0,0,0,0,0,0,0,3,9,39,53,217,-0.4,7,1,1,0,0,1,1,0,0,0,0,0,0,0,0,0,0,3,13,23,61,358,-8.5,4,1,1,0,0,1,1,0,0,0,0,0,0,0,0,0,0,3,16,45,77,225,0.4,7,1,1,0,0,1,1,0,0,0,0,0,0,0,0,0,0,3,23,47,67,116,0.0,7,1,1,0,0,1,1,0,0,0,0,0,0,0,0,0,0,3,27,0,20,215,0.0,0,0,1,0,0,1,1,0,0,0,0,0,0,0,0,0,0,3,32,27,42,338,-0.7,4,1,1,0,0,1,1,0,0,0,0,0,0,0,0,0,0,3,38,41,70,65,1.2,7,1,1,0,0,1,1,0,0,0,0,0,0,0,0,0,0,3,39,42,83,267,1.8,7,1,1,0,0,1,1,0,0,0,0,0,0,0,0,0,0,5,2,41,26,135,0.3,7,1,1,0,0,1,1,1,0,0,0,0,0,0,0,0,0,5,3,36,37,165,1.5,7,1,1,0,0,1,1,1,0,0,0,0,0,0,0,0,0,5,4,16,63,60,0.0,3,0,2,0,0,2,0,1,0,0,0,0,0,0,0,0,0,5,7,33,60,149,1.0,7,1,1,0,0,1,1,1,0,0,0,0,0,0,0,0,0,6,6,23,35,41,0.0,4,0,1,0,0,2,0,1,0,0,0,0,0,0,0,0,0,6,7,30,32,343,4.3,5,1,1,0,0,1,1,1,0,0,0,0,0,0,0,0,0,6,8,0,3,302,0.0,0,0,1,0,0,2,0,1,0,0,0,0,0,0,0,0,0,6,9,47,60,119,1.5,7,1,1,0,0,1,1,1,0,0,0,0,0,0,0,0,0,6,10,31,28,177,-0.4,6,1,1,0,0,1,1,1,0,0,0,0,0,0,0,0,0,6,16,40,30,42,4.7,7,1,1,0,0,1,1,1,0,0,0,0,0,0,0,0,0,6,21,30,20,210,-0.3,6,1,1,0,0,1,1,1,0,0,0,0,0,0,0,0,0
94571000,1,47,0,0,10,22,43,334,-5.4,4,1,1,1,0,1,1,0,0,0,1,0,0,0,1,0,1,0,12,45,33,102,-0.4,7,1,1,1,0,1,1,0,0,0,1,0,0,0,1,0,1,0,15,21,13,76,0.0,3,0,1,0,0,2,0,1,0,0,0,0,0,0,0,0,0,0,18,44,39,198,1.5,7,1,1,1,0,1,1,1,0,0,1,0,0,0,1,0,1,0,23,41,73,54,0.3,7,1,1,1,0,1,1,1,0,0,1,0,0,0,1,0,1,0,24,37,33,37,-1.7,5,1,1,1,0,1,1,1,0,0,1,0,0,0,1,0,1,0,25,37,36,144,-0.7,6,1,1,1,0,1,1,1,0,0,1,0,0,0,1,0,1,0,28,21,28,228,-60.3,4,0,1,0,0,1,1,0,0,0,0,0,0,0,0,0,0,0,32,34,31,302,0.8,5,1,1,1,0,1,1,0,0,0,1,0,0,0,1,0,1,1,127,0,21,258,0.0,0,0,0,0,0,2,0,1,0,0,0,0,0,0,0,0,0,1,128,0,46,238,0.0,1,0,0,0,0,2,1,1,0,0,0,0,0,0,0,0,0,1,129,42,53,229,0.0,7,0,1,0,0,2,1,1,0,0,0,0,0,0,0,0,0,1,137,40,60,149,0.0,7,0,0,0,0,2,1,1,0,0,0,0,0,0,0,0,0,2,4,0,1,265,0.0,0,0,1,0,0,2,0,1,0,0,0,0,0,0,0,0,0,2,7,21,12,61,0.0,4,0,1,0,0,2,0,1,0,0,0,0,0,0,0,0,0,2,10,0,5,324,0.0,0,0,1,0,0,2,0,1,0,0,0,0,0,0,0,0,0,2,12,23,25,313,1.4,4,1,1,0,0,1,1,1,0,0,0,0,0,0,0,0,0,2,19,21,41,304,-18.8,4,1,1,0,0,1,1,1,0,0,0,0,0,0,0,0,0,2,21,28,26,150,0.1,5,1,1,0,0,1,1,1,0,0,0,0,0,0,0,0,0,2,23,0,1,193,0.0,0,0,1,0,0,2,0,1,0,0,0,0,0,0,0,0,0,2,26,37,33,178,1.6,7,1,1,0,0,1,1,1,0,0,0,0,0,0,0,0,0,2,27,33,27,90,0.2,7,1,1,0,0,1,1,1,0,0,0,0,0,0,0,0,0,2,29,31,47,15,-5.6,5,1,1,0,0,1,1,0,0,0,0,0,0,0,0,0,0,2,30,0,4,47,0.0,0,0,1,0,0,2,0,1,0,0,0,0,0,0,0,0,0,2,33,19,59,249,-25.0,4,0,1,0,0,1,1,1,0,0,0,0,0,0,0,0,0,3,6,42,69,222,-0.7,7,1,1,0,0,1,1,0,0,0,0,0,0,0,0,0,0,3,9,39,53,217,-0.3,7,1,1,0,0,1,1,0,0,0,0,0,0,0,0,0,0,3,13,23,61,358,-6.3,4,1,1,0,0,1,1,0,0,0,0,0,0,0,0,0,0,3,16,45,77,225,0.4,7,1,1,0,0,1,1,0,0,0,0,0,0,0,0,0,0,3,23,45,67,116,0.0,7,1,1,0,0,1,1,0,0,0,0,0,0,0,0,0,0,3,27,0,20,215,0.0,0,0,1,0,0,1,1,0,0,0,0,0,0,0,0,0,0,3,32,28,42,338,-2.0,4,1,1,0,0,1,1,0,0,0,0,0,0,0,0,0,0,3,38,42,70,65,1.0,7,1,1,0,0,1,1,0,0,0,0,0,0,0,0,0,0,3,39,46,83,267,1.7,7,1,1,0,0,1,1,0,0,0,0,0,0,0,0,0,0,5,2,38,26,135,1.4,7,1,1,0,0,1,1,1,0,0,0,0,0,0,0,0,0,5,3,37,37,165,1.5,7,1,1,0,0,1,1,1,0,0,0,0,0,0,0,0,0,5,4,16,63,60,0.0,3,0,2,0,0,2,0,1,0,0,0,0,0,0,0,0,0,5,7,36,60,149,0.9,7,1,1,0,0,1,1,1,0,0,0,0,0,0,0,0,0,6,6,27,35,41,0.0,5,0,1,0,0,2,0,1,0,0,0,0,0,0,0,0,0,6,7,29,32,343,1.8,7,1,1,0,0,1,1,1,0,0,0,0,0,0,0,0,0,6,8,0,3,302,0.0,0,0,1,0,0,2,0,1,0,0,0,0,0,0,0,0,0,6,9,45,60,119,1.4,7,1,1,0,0,1,1,1,0,0,0,0,0,0,0,0,0,6,10,29,28,177,-2.8,4,1,1,0,0,1,1,1,0,0,0,0,0,0,0,0,0,6,16,43,30,42,3.9,7,1,1,0,0,1,1,1,0,0,0,0,0,0,0,0,0,6,21,34,20,210,2.4,4,1,1,0,0,1,1,1,0,0,0,0,0,0,0,0,0
94572000,1,47,0,0,10,28,43,334,-5.5,4,1,1,1,0,1,1,0,0,0,1,0,0,0,1,0,1,0,12,42,33,102,-0.4,7,1,1,1,0,1,1,0,0,0,1,0,0,0,1,0,1,0,15,22,13,76,0.0,3,0,1,0,0,2,0,1,0,0,0,0,0,0,0,0,0,0,18,42,39,198,1.3,7,1,1,1,0,1,1,1,0,0,1,0,0,0,1,0,1,0,23,41,73,54,0.3,7,1,1,1,0,1,1,1,0,0,1,0,0,0,1,0,1,0,24,39,33,37,0.2,5,1,1,1,0,1,1,1,0,0,1,0,0,0,1,0,1,0,25,37,36,144,-1.1,6,1,1,1,0,1,1,1,0,0,1,0,0,0,1,0,1,0,28,23,28,228,-56.8,4,1,1,1,0,1,1,0,0,0,1,0,0,0,1,0,1,0,32,34,31,302,0.4,5,1,1,1,0,1,1,0,0,0,1,0,0,0,1,0,1,1,127,0,21,258,0.0,0,0,0,0,0,2,0,1,0,0,0,0,0,0,0,0,0,1,128,27,46,238,0.0,3,0,0,0,0,2,1,1,0,0,0,0,0,0,0,0,0,1,129,40,53,229,0.0,7,0,1,0,0,2,1,1,0,0,0,0,0,0,0,0,0,1,137,40,60,149,0.0,7,0,0,0,0,2,1,1,0,0,0,0,0,0,0,0,0,2,4,0,1,265,0.0,0,0,1,0,0,2,0,1,0,0,0,0,0,0,0,0,0,2,7,22,12,61,0.0,4,0,1,0,0,2,0,1,0,0,0,0,0,0,0,0,0,2,10,0,5,324,0.0,0,0,1,0,0,2,0,1,0,0,0,0,0,0,0,0,0,2,12,24,25,313,0.4,4,1,1,0,0,1,1,1,0,0,0,0,0,0,0,0,0,2,19,22,41,304,-12.5,4,1,1,0,0,1,1,1,0,0,0,0,0,0,0,0,0,2,21,34,26,150,5.2,5,1,1,0,0,1,1,1,0,0,0,0,0,0,0,0,0,2,23,0,1,193,0.0,0,0,1,0,0,2,0,1,0,0,0,0,0,0,0,0,0,2,26,37,33,178,1.1,7,1,1,0,0,1,1,1,0,0,0,0,0,0,0,0,0,2,27,28,27,90,0.5,4,1,1,0,0,1,1,1,0,0,0,0,0,0,0,0,0,2,29,26,47,15,0.4,4,1,1,0,0,1,1,0,0,0,0,0,0,0,0,0,0,2,30,0,4,47,0.0,0,0,1,0,0,2,0,1,0,0,0,0,0,0,0,0,0,2,33,20,59,248,-26.0,4,1,1,0,0,1,1,1,0,0,0,0,0,0,0,0,0,3,6,39,69,222,-1.0,7,1,1,0,0,1,1,0,0,0,0,0,0,0,0,0,0,3,9,42,53,217,-0.3,7,1,1,0,0,1,1,0,0,0,0,0,0,0,0,0,0,3,13,31,61,358,-3.9,4,1,1,0,0,1,1,0,0,0,0,0,0,0,0,0,0,3,16,42,77,225,0.0,7,1,1,0,0,1,1,0,0,0,0,0,0,0,0,0,0,3,23,40,67,116,0.0,7,1,1,0,0,1,1,0,0,0,0,0,0,0,0,0,0,3,27,0,20,215,0.0,0,0,1,0,0,1,1,0,0,0,0,0,0,0,0,0,0,3,32,28,42,338,-4.3,5,1,1,0,0,1,1,0,0,0,0,0,0,0,0,0,0,3,38,42,70,65,1.0,7,1,1,0,0,1,1,0,0,0,0,0,0,0,0,0,0,3,39,45,83,267,1.6,7,1,1,0,0,1,1,0,0,0,0,0,0,0,0,0,0,5,2,44,26,135,1.2,7,1,1,0,0,1,1,1,0,0,0,0,0,0,0,0,0,5,3,35,37,165,1.4,7,1,1,0,0,1,1,1,0,0,0,0,0,0,0,0,0,5,4,15,63,60,0.0,3,0,2,0,0,2,0,1,0,0,0,0,0,0,0,0,0,5,7,36,60,149,0.8,7,1,1,0,0,1,1,1,0,0,0,0,0,0,0,0,0,6,6,32,35,41,0.0,6,0,1,0,0,2,0,1,0,0,0,0,0,0,0,0,0,6,7,22,32,343,-0.5,4,1,1,0,0,1,1,1,0,0,0,0,0,0,0,0,0,6,8,0,3,302,0.0,0,0,1,0,0,2,0,1,0,0,0,0,0,0,0,0,0,6,9,45,60,119,1.3,7,1,1,0,0,1,1,1,0,0,0,0,0,0,0,0,0,6,10,34,28,177,-2.8,6,1,1,0,0,1,1,1,0,0,0,0,0,0,0,0,0,6,16,46,30,42,3.2,7,1,1,0,0,1,1,1,0,0,0,0,0,0,0,0,0,6,21,35,20,210,-3.8,5,1,1,0,0,1,1,1,0,0,0,0,0,0,0,0,0
94573000,1,47,0,0,10,30,43,334,-2.9,5,1,1,1,0,1,1,0,0,0,1,0,0,0,1,0,1,0,12,39,33,102,-0.4,7,1,1,1,0,1,1,0,0,0,1,0,0,0,1,0,1,0,15,21,13,76,0.0,4,0,1,0,0,2,0,1,0,0,0,0,0,0,0,0,0,0,18,39,39,198,1.1,7,1,1,1,0,1,1,1,0,0,1,0,0,0,1,0,1,0,23,44,73,54,0.3,7,1,1,1,0,1,1,1,0,0,1,0,0,0,1,0,1,0,24,42,33,37,-0.5,5,1,1,1,0,1,1,1,0,0,1,0,0,0,1,0,1,0,25,37,36,144,2.6,6,1,1,1,0,1,1,1,0,0,1,0,0,0,1,0,1,0,28,24,28,228,-52.2,4,1,1,1,0,1,1,0,0,0,1,0,0,0,1,0,1,0,32,31,31,302,-3.8,5,1,1,1,0,1,1,0,0,0,1,0,0,0,1,0,1,1,127,0,21,258,0.0,0,0,0,0,0,2,0,1,0,0,0,0,0,0,0,0,0,1,128,0,46,238,0.0,1,0,0,0,0,2,1,1,0,0,0,0,0,0,0,0,0,1,129,39,53,229,0.0,7,0,1,0,0,2,1,1,0,0,0,0,0,0,0,0,0,1,137,39,60,149,0.0,7,0,0,0,0,2,1,1,0,0,0,0,0,0,0,0,0,2,4,0,1,265,0.0,0,0,1,0,0,2,0,1,0,0,0,0,0,0,0,0,0,2,7,21,12,61,0.0,4,0,1,0,0,2,0,1,0,0,0,0,0,0,0,0,0,2,10,0,5,324,0.0,0,0,1,0,0,2,0,1,0,0,0,0,0,0,0,0,0,2,12,25,25,313,1.7,4,1,1,0,0,1,1,1,0,0,0,0,0,0,0,0,0,2,19,22,41,304,-12.0,4,1,1,0,0,1,1,1,0,0,0,0,0,0,0,0,0,2,21,34,26,150,-1.0,7,1,1,0,0,1,1,1,0,0,0,0,0,0,0,0,0,2,23,0,1,193,0.0,0,0,1,0,0,2,0,1,0,0,0,0,0,0,0,0,0,2,26,38,33,178,0.7,7,1,1,0,0,1,1,1,0,0,0,0,0,0,0,0,0,2,27,26,27,90,-1.2,4,1,1,0,0,1,1,1,0,0,0,0,0,0,0,0,0,2,29,31,47,15,0.4,5,1,1,0,0,1,1,0,0,0,0,0,0,0,0,0,0,2,30,0,4,47,0.0,0,0,1,0,0,2,0,1,0,0,0,0,0,0,0,0,0,2,33,21,59,248,-27.8,4,1,1,0,0,1,1,1,0,0,0,0,0,0,0,0,0,3,6,42,69,222,-1.0,7,1,1,0,0,1,1,0,0,0,0,0,0,0,0,0,0,3,9,42,53,217,-0.6,7,1,1,0,0,1,1,0,0,0,0,0,0,0,0,0,0,3,13,37,61,358,-1.6,6,1,1,0,0,1,1,0,0,0,0,0,0,0,0,0,0,3,16,43,77,225,0.0,7,1,1,0,0,1,1,0,0,0,0,0,0,0,0,0,0,3,23,46,67,116,0.0,7,1,1,0,0,1,1,0,0,0,0,0,0,0,0,0,0,3,27,0,20,215,0.0,0,0,1,0,0,1,1,0,0,0,0,0,0,0,0,0,0,3,32,28,42,338,-2.1,4,1,1,0,0,1,1,0,0,0,0,0,0,0,0,0,0,3,38,42,70,65,1.0,7,1,1,0,0,1,1,0,0,0,0,0,0,0,0,0,0,3,39,43,83,267,1.6,7,1,1,0,0,1,1,0,0,0,0,0,0,0,0,0,0,5,2,40,26,135,1.1,7,1,1,0,0,1,1,1,0,0,0,0,0,0,0,0,0,5,3,38,37,165,1.2,4,1,1,0,0,1,1,1,0,0,0,0,0,0,0,0,0,5,4,15,63,60,0.0,4,0,2,0,0,2,0,1,0,0,0,0,0,0,0,0,0,5,7,36,60,149,0.6,7,1,1,0,0,1,1,1,0,0,0,0,0,0,0,0,0,6,6,34,35,41,0.0,6,0,1,0,0,2,0,1,0,0,0,0,0,0,0,0,0,6,7,29,32,343,-1.3,5,1,1,0,0,1,1,1,0,0,0,0,0,0,0,0,0,6,8,0,3,302,0.0,0,0,1,0,0,2,0,1,0,0,0,0,0,0,0,0,0,6,9,40,60,119,1.3,7,1,1,0,0,1,1,1,0,0,0,0,0,0,0,0,0,6,10,30,28,177,-3.2,5,1,1,0,0,1,1,1,0,0,0,0,0,0,0,0,0,6,16,47,30,42,3.3,7,1,1,0,0,1,1,1,0,0,0,0,0,0,0,0,0,6,21,35,20,210,-5.8,5,1,1,0,0,1,1,1,0,0,0,0,0,0,0,0,0
94574000,1,47,0,0,10,33,43,334,-2.1,5,1,1,1,0,1,1,0,0,0,1,0,0,0,1,0,1,0,12,45,33,102,-0.8,7,1,1,1,0,1,1,0,0,0,1,0,0,0,1,0,1,0,15,22,13,76,0.0,3,0,1,0,0,2,0,1,0,0,0,0,0,0,0,0,0,0,18,44,39,198,0.9,7,1,1,1,0,1,1,1,0,0,1,0,0,0,1,0,1,0,23,41,73,54,0.3,7,1,1,1,0,1,1,1,0,0,1,0,0,0,1,0,1,0,24,42,33,37,1.7,6,1,1,1,0,1,1,1,0,0,1,0,0,0,1,0,1,0,25,38,36,144,1.3,6,1,1,1,0,1,1,1,0,0,1,0,0,0,1,0,1,0,28,25,28,228,-47.8,4,0,1,0,0,1,1,0,0,0,0,0,0,0,0,0,0,0,32,30,31,302,-4.0,5,1,1,1,0,1,1,0,0,0,1,0,0,0,1,0,1,1,127,0,21,258,0.0,0,0,0,0,0,2,0,1,0,0,0,0,0,0,0,0,0,1,128,0,46,238,0.0,3,0,0,0,0,2,1,1,0,0,0,0,0,0,0,0,0,1,129,37,53,229,0.0,7,0,1,0,0,2,1,1,0,0,0,0,0,0,0,0,0,1,137,35,60,149,0.0,7,0,0,0,0,2,1,1,0,0,0,0,0,0,0,0,0,2,4,0,1,265,0.0,0,0,1,0,0,2,0,1,0,0,0,0,0,0,0,0,0,2,7,22,12,61,0.0,4,0,1,0,0,2,0,1,0,0,0,0,0,0,0,0,0,2,10,0,5,324,0.0,0,0,1,0,0,2,0,1,0,0,0,0,0,0,0,0,0,2,12,25,25,313,0.1,5,1,1,0,0,1,1,1,0,0,0,0,0,0,0,0,0,2,19,22,41,304,-11.1,4,1,1,0,0,1,1,1,0,0,0,0,0,0,0,0,0,2,21,29,26,150,-1.9,5,1,1,0,0,1,1,1,0,0,0,0,0,0,0,0,0,2,23,0,1,193,0.0,0,0,1,0,0,2,0,1,0,0,0,0,0,0,0,0,0,2,26,36,33,178,4.3,5,1,1,0,0,1,1,1,0,0,0,0,0,0,0,0,0,2,27,24,27,90,-1.4,4,1,1,0,0,1,1,1,0,0,0,0,0,0,0,0,0,2,29,37,47,15,2.0,7,1,1,0,0,1,1,0,0,0,0,0,0,0,0,0,0,2,30,0,4,47,0.0,0,0,1,0,0,2,0,1,0,0,0,0,0,0,0,0,0,2,33,22,59,248,-29.2,4,1,1,0,0,1,1,1,0,0,0,0,0,0,0,0,0,3,6,42,69,222,-1.2,7,1,1,0,0,1,1,0,0,0,0,0,0,0,0,0,0,3,9,38,53,217,-0.7,7,1,1,0,0,1,1,0,0,0,0,0,0,0,0,0,0,3,13,37,61,358,0.0,6,1,1,0,0,1,1,0,0,0,0,0,0,0,0,0,0,3,16,44,77,225,-0.2,7,1,1,0,0,1,1,0,0,0,0,0,0,0,0,0,0,3,23,46,67,116,-0.2,7,1,1,0,0,1,1,0,0,0,0,0,0,0,0,0,0,3,27,0,20,215,0.0,0,0,1,0,0,1,1,0,0,0,0,0,0,0,0,0,0,3,32,28,42,338,-4.3,5,1,1,0,0,1,1,0,0,0,0,0,0,0,0,0,0,3,38,42,70,65,1.0,7,1,1,0,0,1,1,0,0,0,0,0,0,0,0,0,0,3,39,43,83,267,1.4,7,1,1,0,0,1,1,0,0,0,0,0,0,0,0,0,0,5,2,42,26,135,0.9,7,1,1,0,0,1,1,1,0,0,0,0,0,0,0,0,0,5,3,39,37,165,2.1,5,1,1,0,0,1,1,1,0,0,0,0,0,0,0,0,0,5,4,15,63,60,0.0,4,0,2,0,0,2,0,1,0,0,0,0,0,0,0,0,0,5,7,32,60,149,0.6,7,1,1,0,0,1,1,1,0,0,0,0,0,0,0,0,0,6,6,34,35,41,0.0,6,0,1,0,0,2,0,1,0,0,0,0,0,0,0,0,0,6,7,34,32,343,-0.1,5,1,1,0,0,1,1,1,0,0,0,0,0,0,0,0,0,6,8,0,3,302,0.0,0,0,1,0,0,2,0,1,0,0,0,0,0,0,0,0,0,6,9,45,60,119,1.1,7,1,1,0,0,1,1,1,0,0,0,0,0,0,0,0,0,6,10,30,28,177,-2.0,5,1,1,0,0,1,1,1,0,0,0,0,0,0,0,0,0,6,16,47,30,42,2.8,7,1,1,0,0,1,1,1,0,0,0,0,0,0,0,0,0,6,21,41,20,210,-5.5,6,1,1,0,0,1,1,1,0,0,0,0,0,0,0,0,0
94575000,1,47,0,0,10,27,43,334,-2.9,4,1,1,1,0,1,1,0,0,0,1,0,0,0,1,0,1,0,12,38,33,102,-0.7,7,1,1,1,0,1,1,0,0,0,1,0,0,0,1,0,1,0,15,22,13,76,0.0,3,0,1,0,0,2,0,1,0,0,0,0,0,0,0,0,0,0,18,42,39,198,1.2,7,1,1,1,0,1,1,1,0,0,1,0,0,0,1,0,1,0,23,42,73,54,0.2,7,1,1,1,0,1,1,1,0,0,1,0,0,0,1,0,1,0,24,43,33,37,0.1,6,1,1,1,0,1,1,1,0,0,1,0,0,0,1,0,1,0,25,39,36,144,-0.2,6,1,1,1,0,1,1,1,0,0,1,0,0,0,1,0,1,0,28,24,28,228,-45.9,4,0,1,0,0,1,1,0,0,0,0,0,0,0,0,0,0,0,32,32,31,302,-1.4,5,1,1,1,0,1,1,0,0,0,1,0,0,0,1,0,1,1,127,0,21,258,0.0,0,0,0,0,0,2,0,1,0,0,0,0,0,0,0,0,0,1,128,27,46,238,0.0,3,0,0,0,0,2,1,1,0,0,0,0,0,0,0,0,0,1,129,40,53,229,0.0,7,0,1,0,0,2,1,1,0,0,0,0,0,0,0,0,0,1,137,43,60,149,0.0,7,0,0,0,0,2,1,1,0,0,0,0,0,0,0,0,0,2,4,0,1,265,0.0,0,0,1,0,0,2,0,1,0,0,0,0,0,0,0,0,0,2,7,22,12,61,0.0,4,0,1,0,0,2,0,1,0,0,0,0,0,0,0,0,0,2,10,0,5,324,0.0,0,0,1,0,0,2,0,1,0,0,0,0,0,0,0,0,0,2,12,26,25,313,-1.6,7,1,1,0,0,1,1,1,0,0,0,0,0,0,0,0,0,2,19,22,41,304,-12.0,4,1,1,0,0,1,1,1,0,0,0,0,0,0,0,0,0,2,21,28,26,150,-4.9,4,1,1,0,0,1,1,1,0,0,0,0,0,0,0,0,0,2,23,0,1,193,0.0,0,0,1,0,0,2,0,1,0,0,0,0,0,0,0,0,0,2,26,40,33,178,-3.1,7,1,1,0,0,1,1,1,0,0,0,0,0,0,0,0,0,2,27,24,27,90,-3.6,4,1,1,0,0,1,1,1,0,0,0,0,0,0,0,0,0,2,29,37,47,15,0.6,7,1,1,0,0,1,1,0,0,0,0,0,0,0,0,0,0,2,30,0,4,47,0.0,0,0,1,0,0,2,0,1,0,0,0,0,0,0,0,0,0,2,33,23,59,248,-29.7,4,1,1,0,0,1,1,1,0,0,0,0,0,0,0,0,0,3,6,40,69,223,-1.1,7,1,1,0,0,1,1,0,0,0,0,0,0,0,0,0,0,3,9,37,53,217,-0.7,7,1,1,0,0,1,1,0,0,0,0,0,0,0,0,0,0,3,13,37,61,358,-1.0,7,1,1,0,0,1,1,0,0,0,0,0,0,0,0,0,0,3,16,43,77,225,-0.2,7,1,1,0,0,1,1,0,0,0,0,0,0,0,0,0,0,3,23,45,67,116,-0.3,7,1,1,0,0,1,1,0,0,0,0,0,0,0,0,0,0,3,27,0,20,215,0.0,0,0,1,0,0,1,1,0,0,0,0,0,0,0,0,0,0,3,32,26,42,338,-2.3,7,1,1,0,0,1,1,0,0,0,0,0,0,0,0,0,0,3,38,41,70,65,1.0,7,1,1,0,0,1,1,0,0,0,0,0,0,0,0,0,0,3,39,44,83,267,1.5,7,1,1,0,0,1,1,0,0,0,0,0,0,0,0,0,0,5,2,42,26,135,0.9,7,1,1,0,0,1,1,1,0,0,0,0,0,0,0,0,0,5,3,39,37,165,1.6,6,1,1,0,0,1,1,1,0,0,0,0,0,0,0,0,0,5,4,17,63,60,0.0,4,0,2,0,0,2,0,1,0,0,0,0,0,0,0,0,0,5,7,40,60,149,0.6,7,1,1,0,0,1,1,1,0,0,0,0,0,0,0,0,0,6,6,34,35,41,0.0,6,0,1,0,0,2,0,1,0,0,0,0,0,0,0,0,0,6,7,27,32,343,1.5,5,1,1,0,0,1,1,1,0,0,0,0,0,0,0,0,0,6,8,0,3,302,0.0,0,0,1,0,0,2,0,1,0,0,0,0,0,0,0,0,0,6,9,44,60,119,1.2,7,1,1,0,0,1,1,1,0,0,0,0,0,0,0,0,0,6,10,23,28,177,1.3,4,1,1,0,0,1,1,1,0,0,0,0,0,0,0,0,0,6,16,46,30,42,2.4,7,1,1,0,0,1,1,1,0,0,0,0,0,0,0,0,0,6,21,41,20,210,-6.4,7,1,1,0,0,1,1,1,0,0,0,0,0,0,0,0,0
94576000,1,47,0,0,10,34,43,334,-1.6,5,1,1,1,0,1,1,0,0,0,1,0,0,0,1,0,1,0,12,42,33,102,-0.8,7,1,1,1,0,1,1,0,0,0,1,0,0,0,1,0,1,0,15,20,13,76,0.0,3,0,1,0,0,2,0,1,0,0,0,0,0,0,0,0,0,0,18,38,39,198,1.2,7,1,1,1,0,1,1,1,0,0,1,0,0,0,1,0,1,0,23,43,73,54,0.2,7,1,1,1,0,1,1,1,0,0,1,0,0,0,1,0,1,0,24,41,33,37,1.3,6,1,1,1,0,1,1,1,0,0,1,0,0,0,1,0,1,0,25,37,36,144,0.9,6,1,1,1,0,1,1,1,0,0,1,0,0,0,1,0,1,0,28,24,28,228,-43.8,4,0,1,0,0,1,1,0,0,0,0,0,0,0,0,0,0,0,32,31,31,302,0.4,5,1,1,1,0,1,1,0,0,0,1,0,0,0,1,0,1,1,127,0,21,258,0.0,0,0,0,0,0,2,0,1,0,0,0,0,0,0,0,0,0,1,128,28,46,238,0.0,4,0,0,0,0,2,1,1,0,0,0,0,0,0,0,0,0,1,129,42,53,229,0.0,7,0,1,0,0,2,1,1,0,0,0,0,0,0,0,0,0,1,137,40,60,149,0.0,7,0,0,0,0,2,1,1,0,0,0,0,0,0,0,0,0,2,4,0,1,265,0.0,0,0,1,0,0,2,0,1,0,0,0,0,0,0,0,0,0,2,7,21,12,61,0.0,4,0,1,0,0,2,0,1,0,0,0,0,0,0,0,0,0,2,10,0,5,324,0.0,0,0,1,0,0,2,0,1,0,0,0,0,0,0,0,0,0,2,12,24,25,313,-1.9,4,1,1,0,0,1,1,1,0,0,0,0,0,0,0,0,0,2,19,22,41,304,-13.9,4,1,1,0,0,1,1,1,0,0,0,0,0,0,0,0,0,2,21,32,26,150,-3.8,5,1,1,0,0,1,1,1,0,0,0,0,0,0,0,0,0,2,23,0,1,193,0.0,0,0,1,0,0,2,0,1,0,0,0,0,0,0,0,0,0,2,26,29,33,178,3.8,4,1,1,0,0,1,1,1,0,0,0,0,0,0,0,0,0,2,27,24,27,90,-4.9,4,1,1,0,0,1,1,1,0,0,0,0,0,0,0,0,0,2,29,37,47,15,-0.2,7,1,1,0,0,1,1,0,0,0,0,0,0,0,0,0,0,2,30,0,4,47,0.0,0,0,1,0,0,2,0,1,0,0,0,0,0,0,0,0,0,2,33,23,59,248,-26.6,4,1,1,0,0,1,1,1,0,0,0,0,0,0,0,0,0,3,6,39,69,223,-1.0,7,1,1,0,0,1,1,0,0,0,0,0,0,0,0,0,0,3,9,38,53,217,-0.8,7,1,1,0,0,1,1,0,0,0,0,0,0,0,0,0,0,3,13,38,61,358,-0.8,7,1,1,0,0,1,1,0,0,0,0,0,0,0,0,0,0,3,16,42,77,225,-0.3,7,1,1,0,0,1,1,0,0,0,0,0,0,0,0,0,0,3,23,46,67,116,-0.4,7,1,1,0,0,1,1,0,0,0,0,0,0,0,0,0,0,3,27,0,20,215,0.0,0,0,1,0,0,1,1,0,0,0,0,0,0,0,0,0,0,3,32,27,42,338,-2.6,4,1,1,0,0,1,1,0,0,0,0,0,0,0,0,0,0,3,38,42,70,65,1.0,7,1,1,0,0,1,1,0,0,0,0,0,0,0,0,0,0,3,39,42,83,267,1.6,7,1,1,0,0,1,1,0,0,0,0,0,0,0,0,0,0,5,2,41,26,135,-3.7,5,1,1,0,0,1,1,1,0,0,0,0,0,0,0,0,0,5,3,39,37,165,1.4,5,1,1,0,0,1,1,1,0,0,0,0,0,0,0,0,0,5,4,16,63,60,0.0,4,0,2,0,0,2,0,1,0,0,0,0,0,0,0,0,0,5,7,38,60,149,0.6,7,1,1,0,0,1,1,1,0,0,0,0,0,0,0,0,0,6,6,33,35,41,0.0,6,0,1,0,0,2,0,1,0,0,0,0,0,0,0,0,0,6,7,30,32,343,-0.2,4,1,1,0,0,1,1,1,0,0,0,0,0,0,0,0,0,6,8,0,3,302,0.0,0,0,1,0,0,2,0,1,0,0,0,0,0,0,0,0,0,6,9,44,60,119,1.1,7,1,1,0,0,1,1,1,0,0,0,0,0,0,0,0,0,6,10,31,28,177,2.3,5,1,1,0,0,1,1,1,0,0,0,0,0,0,0,0,0,6,16,45,30,42,2.1,7,1,1,0,0,1,1,1,0,0,0,0,0,0,0,0,0,6,21,33,20,210,-5.8,7,1,1,0,0,1,1,1,0,0,0,0,0,0,0,0,0
94577000,1,47,0,0,10,31,43,334,-1.3,5,1,1,1,0,1,1,0,0,0,1,0,0,0,1,0,1,0,12,44,33,102,-0.9,7,1,1,1,0,1,1,0,0,0,1,0,0,0,1,0,1,0,15,18,13,76,0.0,3,0,1,0,0,2,0,1,0,0,0,0,0,0,0,0,0,0,18,45,39,198,1.2,7,1,1,1,0,1,1,1,0,0,1,0,0,0,1,0,1,0,23,44,73,54,0.4,7,1,1,1,0,1,1,1,0,0,1,0,0,0,1,0,1,0,24,43,33,37,1.2,6,1,1,1,0,1,1,1,0,0,1,0,0,0,1,0,1,0,25,39,36,144,0.0,6,1,1,1,0,1,1,1,0,0,1,0,0,0,1,0,1,0,28,23,28,228,-39.6,4,1,1,1,0,1,1,0,0,0,1,0,0,0,1,0,1,0,32,25,31,302,2.6,4,1,1,1,0,1,1,0,0,0,1,0,0,0,1,0,1,1,127,0,21,258,0.0,0,0,0,0,0,2,0,1,0,0,0,0,0,0,0,0,0,1,128,29,46,238,0.0,4,0,0,0,0,2,1,1,0,0,0,0,0,0,0,0,0,1,129,39,53,229,0.0,7,0,1,0,0,2,1,1,0,0,0,0,0,0,0,0,0,1,137,42,60,149,0.0,7,0,0,0,0,2,1,1,0,0,0,0,0,0,0,0,0,2,4,0,1,265,0.0,0,0,1,0,0,2,0,1,0,0,0,0,0,0,0,0,0,2,7,21,12,61,0.0,4,0,1,0,0,2,0,1,0,0,0,0,0,0,0,0,0,2,10,0,5,324,0.0,0,0,1,0,0,2,0,1,0,0,0,0,0,0,0,0,0,2,12,22,25,313,-3.3,4,1,1,0,0,1,1,1,0,0,0,0,0,0,0,0,0,2,19,22,41,304,-11.5,4,1,1,0,0,1,1,1,0,0,0,0,0,0,0,0,0,2,21,27,26,150,2.5,7,1,1,0,0,1,1,1,0,0,0,0,0,0,0,0,0,2,23,0,1,193,0.0,0,0,1,0,0,2,0,1,0,0,0,0,0,0,0,0,0,2,26,35,33,178,0.7,5,1,1,0,0,1,1,1,0,0,0,0,0,0,0,0,0,2,27,23,27,90,0.0,4,0,1,0,0,1,1,1,0,0,0,0,0,0,0,0,0,2,29,37,47,15,2.2,7,1,1,0,0,1,1,0,0,0,0,0,0,0,0,0,0,2,30,0,4,47,0.0,0,0,1,0,0,2,0,1,0,0,0,0,0,0,0,0,0,2,33,23,59,248,-20.5,4,1,1,0,0,1,1,1,0,0,0,0,0,0,0,0,0,3,6,40,69,223,-0.9,7,1,1,0,0,1,1,0,0,0,0,0,0,0,0,0,0,3,9,40,53,217,-0.7,7,1,1,0,0,1,1,0,0,0,0,0,0,0,0,0,0,3,13,41,61,358,-1.5,7,1,1,0,0,1,1,0,0,0,0,0,0,0,0,0,0,3,16,42,77,225,-0.2,7,1,1,0,0,1,1,0,0,0,0,0,0,0,0,0,0,3,23,45,67,116,-0.5,7,1,1,0,0,1,1,0,0,0,0,0,0,0,0,0,0,3,27,0,20,215,0.0,0,0,1,0,0,1,1,0,0,0,0,0,0,0,0,0,0,3,32,32,42,338,-3.1,5,1,1,0,0,1,1,0,0,0,0,0,0,0,0,0,0,3,38,43,70,65,0.9,7,1,1,0,0,1,1,0,0,0,0,0,0,0,0,0,0,3,39,44,83,267,1.5,7,1,1,0,0,1,1,0,0,0,0,0,0,0,0,0,0,5,2,31,26,135,-7.4,6,1,1,0,0,1,1,1,0,0,0,0,0,0,0,0,0,5,3,37,37,165,1.0,6,1,1,0,0,1,1,1,0,0,0,0,0,0,0,0,0,5,4,13,63,60,0.0,4,0,2,0,0,2,0,1,0,0,0,0,0,0,0,0,0,5,7,38,60,149,0.6,7,1,1,0,0,1,1,1,0,0,0,0,0,0,0,0,0,6,6,32,35,41,0.0,7,0,1,0,0,2,0,1,0,0,0,0,0,0,0,0,0,6,7,29,32,343,-2.8,4,1,1,0,0,1,1,1,0,0,0,0,0,0,0,0,0,6,8,0,3,302,0.0,0,0,1,0,0,2,0,1,0,0,0,0,0,0,0,0,0,6,9,44,60,119,1.1,7,1,1,0,0,1,1,1,0,0,0,0,0,0,0,0,0,6,10,34,28,177,4.9,5,1,1,0,0,1,1,1,0,0,0,0,0,0,0,0,0,6,16,43,30,42,1.9,7,1,1,0,0,1,1,1,0,0,0,0,0,0,0,0,0,6,21,38,20,210,-6.8,5,1,1,0,0,1,1,1,0,0,0,0,0,0,0,0,0
94578000,1,47,0,0,10,31,43,334,-0.1,6,1,1,1,0,1,1,0,0,0,1,0,0,0,1,0,1,0,12,46,33,102,-1.1,7,1,1,1,0,1,1,0,0,0,1,0,0,0,1,0,1,0,15,22,13,76,0.0,3,0,1,0,0,2,0,1,0,0,0,0,0,0,0,0,0,0,18,43,39,198,1.1,7,1,1,1,0,1,1,1,0,0,1,0,0,0,1,0,1,0,23,45,73,54,0.2,7,1,1,1,0,1,1,1,0,0,1,0,0,0,1,0,1,0,24,45,33,37,1.0,6,1,1,1,0,1,1,1,0,0,1,0,0,0,1,0,1,0,25,34,36,144,-0.1,6,1,1,1,0,1,1,1,0,0,1,0,0,0,1,0,1,0,28,23,28,228,-37.6,4,0,1,0,0,1,1,0,0,0,0,0,0,0,0,0,0,0,32,26,31,302,-7.3,4,1,1,1,0,1,1,0,0,0,1,0,0,0,1,0,1,1,127,0,21,258,0.0,0,0,0,0,0,2,0,1,0,0,0,0,0,0,0,0,0,1,128,27,46,238,0.0,4,0,0,0,0,2,1,1,0,0,0,0,0,0,0,0,0,1,129,42,53,229,0.0,7,0,1,0,0,2,1,1,0,0,0,0,0,0,0,0,0,1,137,37,60,149,0.0,7,0,0,0,0,2,1,1,0,0,0,0,0,0,0,0,0,2,4,0,1,265,0.0,0,0,1,0,0,2,0,1,0,0,0,0,0,0,0,0,0,2,7,23,12,61,0.0,4,0,1,0,0,2,0,1,0,0,0,0,0,0,0,0,0,2,10,0,5,324,0.0,0,0,1,0,0,2,0,1,0,0,0,0,0,0,0,0,0,2,12,22,25,313,-3.4,4,1,1,0,0,1,1,1,0,0,0,0,0,0,0,0,0,2,19,23,41,304,-8.6,4,1,1,0,0,1,1,1,0,0,0,0,0,0,0,0,0,2,21,26,26,150,-1.0,4,1,1,0,0,1,1,1,0,0,0,0,0,0,0,0,0,2,23,0,1,193,0.0,0,0,1,0,0,2,0,1,0,0,0,0,0,0,0,0,0,2,26,37,33,178,1.6,7,1,1,0,0,1,1,1,0,0,0,0,0,0,0,0,0,2,27,22,27,90,0.0,4,0,1,0,0,1,1,1,0,0,0,0,0,0,0,0,0,2,29,41,47,15,1.3,7,1,1,0,0,1,1,0,0,0,0,0,0,0,0,0,0,2,30,0,4,47,0.0,0,0,1,0,0,2,0,1,0,0,0,0,0,0,0,0,0,2,33,25,59,248,-17.6,4,1,1,0,0,1,1,1,0,0,0,0,0,0,0,0,0,3,6,41,69,223,-0.9,7,1,1,0,0,1,1,0,0,0,0,0,0,0,0,0,0,3,9,39,53,217,-0.7,7,1,1,0,0,1,1,0,0,0,0,0,0,0,0,0,0,3,13,41,61,358,-1.3,7,1,1,0,0,1,1,0,0,0,0,0,0,0,0,0,0,3,16,43,77,227,-0.4,7,1,1,0,0,1,1,0,0,0,0,0,0,0,0,0,0,3,23,44,67,116,-0.6,7,1,1,0,0,1,1,0,0,0,0,0,0,0,0,0,0,3,27,0,20,215,0.0,0,0,1,0,0,1,1,0,0,0,0,0,0,0,0,0,0,3,32,30,42,338,-3.3,6,1,1,0,0,1,1,0,0,0,0,0,0,0,0,0,0,3,38,43,70,65,0.8,7,1,1,0,0,1,1,0,0,0,0,0,0,0,0,0,0,3,39,44,83,267,1.4,7,1,1,0,0,1,1,0,0,0,0,0,0,0,0,0,0,5,2,44,26,135,-0.1,5,1,1,0,0,1,1,1,0,0,0,0,0,0,0,0,0,5,3,39,37,165,1.3,6,1,1,0,0,1,1,1,0,0,0,0,0,0,0,0,0,5,4,11,63,60,0.0,3,0,2,0,0,2,0,1,0,0,0,0,0,0,0,0,0,5,7,35,60,149,0.6,7,1,1,0,0,1,1,1,0,0,0,0,0,0,0,0,0,6,6,32,35,41,0.0,7,0,1,0,0,2,0,1,0,0,0,0,0,0,0,0,0,6,7,23,32,343,-5.5,5,1,1,0,0,1,1,1,0,0,0,0,0,0,0,0,0,6,8,0,3,302,0.0,0,0,1,0,0,2,0,1,0,0,0,0,0,0,0,0,0,6,9,44,60,119,1.2,7,1,1,0,0,1,1,1,0,0,0,0,0,0,0,0,0,6,10,34,28,177,4.5,6,1,1,0,0,1,1,1,0,0,0,0,0,0,0,0,0,6,16,42,30,42,1.6,7,1,1,0,0,1,1,1,0,0,0,0,0,0,0,0,0,6,21,37,20,210,-5.6,6,1,1,0,0,1,1,1,0,0,0,0,0,0,0,0,0
94579000,1,47,0,0,10,31,43,334,-1.7,7,1,1,1,0,1,1,0,0,0,1,0,0,0,1,0,1,0,12,49,33,102,-1.2,7,1,1,1,0,1,1,0,0,0,1,0,0,0,1,0,1,0,15,0,13,76,0.0,1,0,1,0,0,2,0,1,0,0,0,0,0,0,0,0,0,0,18,42,39,198,0.8,7,1,1,1,0,1,1,1,0,0,1,0,0,0,1,0,1,0,23,44,73,54,0.2,7,1,1,1,0,1,1,1,0,0,1,0,0,0,1,0,1,0,24,43,33,37,0.8,7,1,1,1,0,1,1,1,0,0,1,0,0,0,1,0,1,0,25,37,36,144,0.1,7,1,1,1,0,1,1,1,0,0,1,0,0,0,1,0,1,0,28,24,28,228,-34.1,4,1,1,1,0,1,1,0,0,0,1,0,0,0,1,0,1,0,32,32,31,302,-15.7,5,1,1,1,0,1,1,0,0,0,1,0,0,0,1,0,1,1,127,0,21,258,0.0,0,0,0,0,0,2,0,1,0,0,0,0,0,0,0,0,0,1,128,0,46,238,0.0,1,0,0,0,0,2,1,1,0,0,0,0,0,0,0,0,0,1,129,41,53,229,0.0,7,0,1,0,0,2,1,1,0,0,0,0,0,0,0,0,0,1,137,39,60,149,0.0,7,0,0,0,0,2,1,1,0,0,0,0,0,0,0,0,0,2,4,0,1,265,0.0,0,0,1,0,0,2,0,1,0,0,0,0,0,0,0,0,0,2,7,24,12,61,0.0,4,0,1,0,0,2,0,1,0,0,0,0,0,0,0,0,0,2,10,0,5,324,0.0,0,0,1,0,0,2,0,1,0,0,0,0,0,0,0,0,0,2,12,22,25,313,-4.3,4,1,1,0,0,1,1,1,0,0,0,0,0,0,0,0,0,2,19,23,41,304,-8.1,4,1,1,0,0,1,1,1,0,0,0,0,0,0,0,0,0,2,21,26,26,150,0.7,4,1,1,0,0,1,1,1,0,0,0,0,0,0,0,0,0,2,23,0,1,193,0.0,0,0,1,0,0,2,0,1,0,0,0,0,0,0,0,0,0,2,26,34,33,178,-3.3,7,1,1,0,0,1,1,1,0,0,0,0,0,0,0,0,0,2,27,23,27,90,-5.5,4,1,1,0,0,1,1,1,0,0,0,0,0,0,0,0,0,2,29,44,47,15,0.6,7,1,1,0,0,1,1,0,0,0,0,0,0,0,0,0,0,2,30,0,4,47,0.0,0,0,1,0,0,2,0,1,0,0,0,0,0,0,0,0,0,2,33,26,59,248,-16.5,4,1,1,0,0,1,1,1,0,0,0,0,0,0,0,0,0,3,6,38,69,223,-1.0,7,1,1,0,0,1,1,0,0,0,0,0,0,0,0,0,0,3,9,36,53,217,-1.0,7,1,1,0,0,1,1,0,0,0,0,0,0,0,0,0,0,3,13,40,61,358,-0.9,7,1,1,0,0,1,1,0,0,0,0,0,0,0,0,0,0,3,16,40,77,227,-0.7,7,1,1,0,0,1,1,0,0,0,0,0,0,0,0,0,0,3,23,43,67,114,-0.5,7,1,1,0,0,1,1,0,0,0,0,0,0,0,0,0,0,3,27,0,20,215,0.0,0,0,1,0,0,1,1,0,0,0,0,0,0,0,0,0,0,3,32,29,42,338,-3.5,5,1,1,0,0,1,1,0,0,0,0,0,0,0,0,0,0,3,38,42,70,65,0.7,7,1,1,0,0,1,1,0,0,0,0,0,0,0,0,0,0,3,39,39,83,267,1.3,7,1,1,0,0,1,1,0,0,0,0,0,0,0,0,0,0,5,2,43,26,135,-0.5,7,1,1,0,0,1,1,1,0,0,0,0,0,0,0,0,0,5,3,40,37,165,1.0,7,1,1,0,0,1,1,1,0,0,0,0,0,0,0,0,0,5,4,15,63,60,0.0,3,0,2,0,0,2,0,1,0,0,0,0,0,0,0,0,0,5,7,35,60,149,0.5,7,1,1,0,0,1,1,1,0,0,0,0,0,0,0,0,0,6,6,32,35,41,0.0,7,0,1,0,0,2,0,1,0,0,0,0,0,0,0,0,0,6,7,31,32,343,-3.0,5,1,1,0,0,1,1,1,0,0,0,0,0,0,0,0,0,6,8,0,3,302,0.0,0,0,1,0,0,2,0,1,0,0,0,0,0,0,0,0,0,6,9,46,60,119,1.2,7,1,1,0,0,1,1,1,0,0,0,0,0,0,0,0,0,6,10,25,28,177,3.8,4,1,1,0,0,1,1,1,0,0,0,0,0,0,0,0,0,6,16,45,30,42,1.4,7,1,1,0,0,1,1,1,0,0,0,0,0,0,0,0,0,6,21,27,20,210,-10.2,4,1,1,0,0,1,1,1,0,0,0,0,0,0,0,0,0
94580000,1,47,0,0,10,34,43,334,-0.9,7,1,1,1,0,1,1,0,0,0,1,0,0,0,1,0,1,0,12,36,33,102,-1.3,7,1,1,1,0,1,1,0,0,0,1,0,0,0,1,0,1,0,15,0,13,76,0.0,1,0,1,0,0,2,0,1,0,0,0,0,0,0,0,0,0,0,18,42,39,198,0.9,7,1,1,1,0,1,1,1,0,0,1,0,0,0,1,0,1,0,23,45,73,54,0.1,7,1,1,1,0,1,1,1,0,0,1,0,0,0,1,0,1,0,24,44,33,37,0.6,7,1,1,1,0,1,1,1,0,0,1,0,0,0,1,0,1,0,25,41,36,144,-0.1,7,1,1,1,0,1,1,1,0,0,1,0,0,0,1,0,1,0,28,25,28,228,-30.2,4,0,1,0,0,1,1,0,0,0,0,0,0,0,0,0,0,0,32,0,31,302,0.0,1,0,1,0,0,1,1,0,0,0,0,0,0,0,0,0,0,1,127,0,21,258,0.0,0,0,0,0,0,2,0,1,0,0,0,0,0,0,0,0,0,1,128,0,46,238,0.0,1,0,0,0,0,2,1,1,0,0,0,0,0,0,0,0,0,1,129,42,53,229,0.0,7,0,1,0,0,2,1,1,0,0,0,0,0,0,0,0,0,1,137,39,60,149,0.0,7,0,0,0,0,2,1,1,0,0,0,0,0,0,0,0,0,2,4,0,1,265,0.0,0,0,1,0,0,2,0,1,0,0,0,0,0,0,0,0,0,2,7,30,12,61,0.0,4,0,1,0,0,2,0,1,0,0,0,0,0,0,0,0,0,2,10,0,5,324,0.0,0,0,1,0,0,2,0,1,0,0,0,0,0,0,0,0,0,2,12,21,25,313,-6.7,4,1,1,0,0,1,1,1,0,0,0,0,0,0,0,0,0,2,19,25,41,304,-7.8,5,1,1,0,0,1,1,1,0,0,0,0,0,0,0,0,0,2,21,31,26,150,-10.4,5,1,1,0,0,1,1,1,0,0,0,0,0,0,0,0,0,2,23,0,1,193,0.0,0,0,1,0,0,2,0,1,0,0,0,0,0,0,0,0,0,2,26,34,33,178,1.6,7,1,1,0,0,1,1,1,0,0,0,0,0,0,0,0,0,2,27,22,27,90,-4.1,4,1,1,0,0,1,1,1,0,0,0,0,0,0,0,0,0,2,29,45,47,15,0.9,7,1,1,0,0,1,1,0,0,0,0,0,0,0,0,0,0,2,30,0,4,47,0.0,0,0,1,0,0,2,0,1,0,0,0,0,0,0,0,0,0,2,33,25,59,248,-19.2,4,1,1,0,0,1,1,1,0,0,0,0,0,0,0,0,0,3,6,41,69,223,-1.1,7,1,1,0,0,1,1,0,0,0,0,0,0,0,0,0,0,3,9,38,53,217,-0.9,7,1,1,0,0,1,1,0,0,0,0,0,0,0,0,0,0,3,13,43,61,358,-0.6,7,1,1,0,0,1,1,0,0,0,0,0,0,0,0,0,0,3,16,42,77,227,-0.7,7,1,1,0,0,1,1,0,0,0,0,0,0,0,0,0,0,3,23,45,67,114,-0.6,7,1,1,0,0,1,1,0,0,0,0,0,0,0,0,0,0,3,27,0,19,215,0.0,0,0,1,0,0,1,1,0,0,0,0,0,0,0,0,0,0,3,32,30,42,338,-2.3,6,1,1,0,0,1,1,0,0,0,0,0,0,0,0,0,0,3,38,42,70,65,0.5,7,1,1,0,0,1,1,0,0,0,0,0,0,0,0,0,0,3,39,44,83,267,1.5,7,1,1,0,0,1,1,0,0,0,0,0,0,0,0,0,0,5,2,42,26,135,1.1,7,1,1,0,0,1,1,1,0,0,0,0,0,0,0,0,0,5,3,36,37,165,1.6,4,1,1,0,0,1,1,1,0,0,0,0,0,0,0,0,0,5,4,14,63,60,0.0,3,0,2,0,0,2,0,1,0,0,0,0,0,0,0,0,0,5,7,34,60,149,0.5,7,1,1,0,0,1,1,1,0,0,0,0,0,0,0,0,0,6,6,32,35,41,0.0,7,0,1,0,0,2,0,1,0,0,0,0,0,0,0,0,0,6,7,30,32,343,-1.7,6,1,1,0,0,1,1,1,0,0,0,0,0,0,0,0,0,6,8,0,3,302,0.0,0,0,1,0,0,2,0,1,0,0,0,0,0,0,0,0,0,6,9,46,60,119,1.2,7,1,1,0,0,1,1,1,0,0,0,0,0,0,0,0,0,6,10,34,28,177,7.3,5,1,1,0,0,1,1,1,0,0,0,0,0,0,0,0,0,6,16,41,30,42,1.0,7,1,1,0,0,1,1,1,0,0,0,0,0,0,0,0,0,6,21,37,20,210,-8.4,5,1,1,0,0,1,1,1,0,0,0,0,0,0,0,0,0
94581000,1,47,0,0,10,31,43,334,0.0,5,1,1,1,0,1,1,0,0,0,1,0,0,0,1,0,1,0,12,35,33,102,-1.3,7,1,1,1,0,1,1,0,0,0,1,0,0,0,1,0,1,0,15,0,13,76,0.0,1,0,1,0,0,2,0,1,0,0,0,0,0,0,0,0,0,0,18,34,39,198,1.1,7,1,1,1,0,1,1,1,0,0,1,0,0,0,1,0,1,0,23,45,73,54,0.2,7,1,1,1,0,1,1,1,0,0,1,0,0,0,1,0,1,0,24,43,33,37,0.5,7,1,1,1,0,1,1,1,0,0,1,0,0,0,1,0,1,0,25,41,36,144,-0.3,7,1,1,1,0,1,1,1,0,0,1,0,0,0,1,0,1,0,28,25,28,228,-27.4,4,1,1,1,0,1,1,0,0,0,1,0,0,0,1,0,1,0,32,31,31,302,-23.4,4,1,1,1,0,1,1,0,0,0,1,0,0,0,1,0,1,1,127,0,21,258,0.0,0,0,0,0,0,2,0,1,0,0,0,0,0,0,0,0,0,1,128,0,46,238,0.0,1,0,0,0,0,2,1,1,0,0,0,0,0,0,0,0,0,1,129,43,53,229,0.0,7,0,1,0,0,2,1,1,0,0,0,0,0,0,0,0,0,1,137,41,60,149,0.0,7,0,0,0,0,2,1,1,0,0,0,0,0,0,0,0,0,2,4,0,1,265,0.0,0,0,1,0,0,2,0,1,0,0,0,0,0,0,0,0,0,2,7,23,12,61,0.0,4,0,1,0,0,2,0,1,0,0,0,0,0,0,0,0,0,2,10,0,5,324,0.0,0,0,1,0,0,2,0,1,0,0,0,0,0,0,0,0,0,2,12,20,25,313,-6.2,4,1,1,0,0,1,1,1,0,0,0,0,0,0,0,0,0,2,19,26,41,304,-6.7,5,1,1,0,0,1,1,1,0,0,0,0,0,0,0,0,0,2,21,35,26,150,-1.5,5,1,1,0,0,1,1,1,0,0,0,0,0,0,0,0,0,2,23,0,1,193,0.0,0,0,1,0,0,2,0,1,0,0,0,0,0,0,0,0,0,2,26,41,33,178,1.4,7,1,1,0,0,1,1,1,0,0,0,0,0,0,0,0,0,2,27,23,27,90,-4.4,4,1,1,0,0,1,1,1,0,0,0,0,0,0,0,0,0,2,29,44,47,15,0.8,7,1,1,0,0,1,1,0,0,0,0,0,0,0,0,0,0,2,30,0,4,47,0.0,0,0,1,0,0,2,0,1,0,0,0,0,0,0,0,0,0,2,33,26,59,248,-20.9,4,0,1,0,0,1,1,1,0,0,0,0,0,0,0,0,0,3,6,39,69,223,-1.1,7,1,1,0,0,1,1,0,0,0,0,0,0,0,0,0,0,3,9,40,53,217,-0.9,7,1,1,0,0,1,1,0,0,0,0,0,0,0,0,0,0,3,13,43,61,358,-0.6,7,1,1,0,0,1,1,0,0,0,0,0,0,0,0,0,0,3,16,42,77,227,-0.6,7,1,1,0,0,1,1,0,0,0,0,0,0,0,0,0,0,3,23,46,67,114,-0.5,7,1,1,0,0,1,1,0,0,0,0,0,0,0,0,0,0,3,27,0,19,215,0.0,0,0,1,0,0,1,1,0,0,0,0,0,0,0,0,0,0,3,32,33,42,339,-1.8,4,1,1,0,0,1,1,0,0,0,0,0,0,0,0,0,0,3,38,41,70,65,0.7,7,1,1,0,0,1,1,0,0,0,0,0,0,0,0,0,0,3,39,43,83,267,1.4,7,1,1,0,0,1,1,0,0,0,0,0,0,0,0,0,0,5,2,44,26,135,1.8,7,1,1,0,0,1,1,1,0,0,0,0,0,0,0,0,0,5,3,40,37,165,1.8,5,1,1,0,0,1,1,1,0,0,0,0,0,0,0,0,0,5,4,12,63,60,0.0,3,0,2,0,0,2,0,1,0,0,0,0,0,0,0,0,0,5,7,37,60,149,0.5,7,1,1,0,0,1,1,1,0,0,0,0,0,0,0,0,0,6,6,31,35,41,0.0,7,0,1,0,0,2,0,1,0,0,0,0,0,0,0,0,0,6,7,30,32,343,1.1,4,1,1,0,0,1,1,1,0,0,0,0,0,0,0,0,0,6,8,0,3,302,0.0,0,0,1,0,0,2,0,1,0,0,0,0,0,0,0,0,0,6,9,46,60,119,1.3,7,1,1,0,0,1,1,1,0,0,0,0,0,0,0,0,0,6,10,35,28,177,5.2,5,1,1,0,0,1,1,1,0,0,0,0,0,0,0,0,0,6,16,43,30,42,0.8,7,1,1,0,0,1,1,1,0,0,0,0,0,0,0,0,0,6,21,37,20,210,-6.1,5,1,1,0,0,1,1,1,0,0,0,0,0,0,0,0,0
94582000,1,47,0,0,10,34,43,334,-0.2,6,1,1,1,0,1,1,0,0,0,1,0,0,0,1,0,1,0,12,46,33,102,-1.3,7,1,1,1,0,1,1,0,0,0,1,0,0,0,1,0,1,0,15,0,13,76,0.0,1,0,1,0,0,2,0,1,0,0,0,0,0,0,0,0,0,0,18,37,39,198,1.1,7,1,1,1,0,1,1,1,0,0,1,0,0,0,1,0,1,0,23,40,73,54,0.1,7,1,1,1,0,1,1,1,0,0,1,0,0,0,1,0,1,0,24,46,33,37,0.3,7,1,1,1,0,1,1,1,0,0,1,0,0,0,1,0,1,0,25,35,36,144,-0.3,7,1,1,1,0,1,1,1,0,0,1,0,0,0,1,0,1,0,28,30,28,228,-17.7,4,0,1,0,0,1,1,0,0,0,0,0,0,0,0,0,0,0,32,31,31,302,-7.4,5,1,1,1,0,1,1,0,0,0,1,0,0,0,1,0,1,1,127,0,21,258,0.0,0,0,0,0,0,2,0,1,0,0,0,0,0,0,0,0,0,1,128,0,46,238,0.0,1,0,0,0,0,2,1,1,0,0,0,0,0,0,0,0,0,1,129,44,53,229,0.0,7,0,1,0,0,2,1,1,0,0,0,0,0,0,0,0,0,1,137,37,60,149,0.0,7,0,0,0,0,2,1,1,0,0,0,0,0,0,0,0,0,2,4,0,1,265,0.0,0,0,1,0,0,2,0,1,0,0,0,0,0,0,0,0,0,2,7,22,12,61,0.0,4,0,1,0,0,2,0,1,0,0,0,0,0,0,0,0,0,2,10,0,5,324,0.0,0,0,1,0,0,2,0,1,0,0,0,0,0,0,0,0,0,2,12,20,25,313,-8.4,4,1,1,0,0,1,1,1,0,0,0,0,0,0,0,0,0,2,19,25,41,304,-6.0,4,1,1,0,0,1,1,1,0,0,0,0,0,0,0,0,0,2,21,26,26,150,-2.2,5,1,1,0,0,1,1,1,0,0,0,0,0,0,0,0,0,2,23,0,1,193,0.0,0,0,1,0,0,2,0,1,0,0,0,0,0,0,0,0,0,2,26,37,33,178,0.6,7,1,1,0,0,1,1,1,0,0,0,0,0,0,0,0,0,2,27,22,27,90,-3.5,4,1,1,0,0,1,1,1,0,0,0,0,0,0,0,0,0,2,29,42,47,15,0.9,7,1,1,0,0,1,1,0,0,0,0,0,0,0,0,0,0,2,30,0,4,47,0.0,0,0,1,0,0,2,0,1,0,0,0,0,0,0,0,0,0,2,33,31,59,248,-6.5,5,1,1,0,0,1,1,1,0,0,0,0,0,0,0,0,0,3,6,39,69,223,-0.9,7,1,1,0,0,1,1,0,0,0,0,0,0,0,0,0,0,3,9,39,53,217,-0.8,7,1,1,0,0,1,1,0,0,0,0,0,0,0,0,0,0,3,13,41,61,358,-0.6,7,1,1,0,0,1,1,0,0,0,0,0,0,0,0,0,0,3,16,42,77,227,-0.7,7,1,1,0,0,1,1,0,0,0,0,0,0,0,0,0,0,3,23,45,67,114,-0.5,7,1,1,0,0,1,1,0,0,0,0,0,0,0,0,0,0,3,27,0,19,215,0.0,0,0,1,0,0,1,1,0,0,0,0,0,0,0,0,0,0,3,32,28,42,339,-2.8,4,1,1,0,0,1,1,0,0,0,0,0,0,0,0,0,0,3,38,43,71,66,0.5,7,1,1,0,0,1,1,0,0,0,0,0,0,0,0,0,0,3,39,42,83,267,1.4,7,1,1,0,0,1,1,0,0,0,0,0,0,0,0,0,0,5,2,38,26,135,1.8,7,1,1,0,0,1,1,1,0,0,0,0,0,0,0,0,0,5,3,39,37,165,1.8,6,1,1,0,0,1,1,1,0,0,0,0,0,0,0,0,0,5,4,9,63,60,0.0,3,0,2,0,0,2,0,1,0,0,0,0,0,0,0,0,0,5,7,34,60,149,0.6,7,1,1,0,0,1,1,1,0,0,0,0,0,0,0,0,0,6,6,32,35,41,0.0,7,0,1,0,0,2,0,1,0,0,0,0,0,0,0,0,0,6,7,31,32,343,0.0,5,1,1,0,0,1,1,1,0,0,0,0,0,0,0,0,0,6,8,0,3,302,0.0,0,0,1,0,0,2,0,1,0,0,0,0,0,0,0,0,0,6,9,45,60,119,1.4,7,1,1,0,0,1,1,1,0,0,0,0,0,0,0,0,0,6,10,32,28,177,6.1,4,1,1,0,0,1,1,1,0,0,0,0,0,0,0,0,0,6,16,46,30,42,0.5,7,1,1,0,0,1,1,1,0,0,0,0,0,0,0,0,0,6,21,32,20,210,-3.6,6,1,1,0,0,1,1,1,0,0,0,0,0,0,0,0,0
94583000,1,47,0,0,10,31,43,334,1.2,5,1,1,1,0,1,1,0,0,0,1,0,0,0,1,0,1,0,12,45,33,102,-1.3,7,1,1,1,0,1,1,0,0,0,1,0,0,0,1,0,1,0,15,0,13,76,0.0,1,0,1,0,0,2,0,1,0,0,0,0,0,0,0,0,0,0,18,40,39,198,0.9,5,1,1,1,0,1,1,1,0,0,1,0,0,0,1,0,1,0,23,45,73,54,0.1,7,1,1,1,0,1,1,1,0,0,1,0,0,0,1,0,1,0,24,44,33,37,0.1,7,1,1,1,0,1,1,1,0,0,1,0,0,0,1,0,1,0,25,35,36,144,-1.6,4,1,1,1,0,1,1,1,0,0,1,0,0,0,1,0,1,0,28,31,28,228,-15.6,4,1,1,1,0,1,1,0,0,0,1,0,0,0,1,0,1,0,32,34,31,302,-2.9,5,1,1,1,0,1,1,0,0,0,1,0,0,0,1,0,1,1,127,0,21,258,0.0,0,0,0,0,0,2,0,1,0,0,0,0,0,0,0,0,0,1,128,0,46,238,0.0,3,0,0,0,0,2,1,1,0,0,0,0,0,0,0,0,0,1,129,44,53,229,0.0,7,0,1,0,0,2,1,1,0,0,0,0,0,0,0,0,0,1,137,39,60,149,0.0,7,0,0,0,0,2,1,1,0,0,0,0,0,0,0,0,0,2,4,0,1,265,0.0,0,0,1,0,0,2,0,1,0,0,0,0,0,0,0,0,0,2,7,21,12,61,0.0,4,0,1,0,0,2,0,1,0,0,0,0,0,0,0,0,0,2,10,0,5,324,0.0,0,0,1,0,0,2,0,1,0,0,0,0,0,0,0,0,0,2,12,19,25,313,-9.2,4,1,1,0,0,1,1,1,0,0,0,0,0,0,0,0,0,2,19,26,41,304,-3.5,5,1,1,0,0,1,1,1,0,0,0,0,0,0,0,0,0,2,21,26,26,150,-1.7,4,1,1,0,0,1,1,1,0,0,0,0,0,0,0,0,0,2,23,0,1,193,0.0,0,0,1,0,0,2,0,1,0,0,0,0,0,0,0,0,0,2,26,35,33,178,2.5,7,1,1,0,0,1,1,1,0,0,0,0,0,0,0,0,0,2,27,21,27,90,-4.7,4,1,1,0,0,1,1,1,0,0,0,0,0,0,0,0,0,2,29,41,47,15,0.5,7,1,1,0,0,1,1,0,0,0,0,0,0,0,0,0,0,2,30,0,4,47,0.0,0,0,1,0,0,2,0,1,0,0,0,0,0,0,0,0,0,2,33,36,59,248,2.2,7,1,1,0,0,1,1,1,0,0,0,0,0,0,0,0,0,3,6,40,69,223,-1.0,7,1,1,0,0,1,1,0,0,0,0,0,0,0,0,0,0,3,9,39,53,217,-0.8,7,1,1,0,0,1,1,0,0,0,0,0,0,0,0,0,0,3,13,43,61,358,-0.7,7,1,1,0,0,1,1,0,0,0,0,0,0,0,0,0,0,3,16,43,77,227,-0.5,7,1,1,0,0,1,1,0,0,0,0,0,0,0,0,0,0,3,23,44,67,114,-0.3,7,1,1,0,0,1,1,0,0,0,0,0,0,0,0,0,0,3,27,0,19,215,0.0,0,0,1,0,0,1,1,0,0,0,0,0,0,0,0,0,0,3,32,28,42,339,-3.1,4,1,1,0,0,1,1,0,0,0,0,0,0,0,0,0,0,3,38,43,71,66,0.8,7,1,1,0,0,1,1,0,0,0,0,0,0,0,0,0,0,3,39,42,83,270,1.3,7,1,1,0,0,1,1,0,0,0,0,0,0,0,0,0,0,5,2,39,26,135,0.9,7,1,1,0,0,1,1,1,0,0,0,0,0,0,0,0,0,5,3,40,37,165,1.8,6,1,1,0,0,1,1,1,0,0,0,0,0,0,0,0,0,5,4,7,63,60,0.0,3,0,2,0,0,2,0,1,0,0,0,0,0,0,0,0,0,5,7,34,60,149,0.6,7,1,1,0,0,1,1,1,0,0,0,0,0,0,0,0,0,6,6,34,35,41,0.0,7,0,1,0,0,2,0,1,0,0,0,0,0,0,0,0,0,6,7,35,32,343,-5.6,5,1,1,0,0,1,1,1,0,0,0,0,0,0,0,0,0,6,8,0,3,302,0.0,0,0,1,0,0,2,0,1,0,0,0,0,0,0,0,0,0,6,9,44,60,119,1.3,7,1,1,0,0,1,1,1,0,0,0,0,0,0,0,0,0,6,10,27,28,177,4.1,5,1,1,0,0,1,1,1,0,0,0,0,0,0,0,0,0,6,16,45,30,42,0.7,7,1,1,0,0,1,1,1,0,0,0,0,0,0,0,0,0,6,21,31,20,210,-7.2,4,1,1,0,0,1,1,1,0,0,0,0,0,0,0,0,0
94584000,1,47,0,0,10,31,43,334,-3.5,4,1,1,1,0,1,1,0,0,0,1,0,0,0,1,0,1,0,12,46,33,102,-1.5,7,1,1,1,0,1,1,0,0,0,1,0,0,0,1,0,1,0,15,0,13,76,0.0,1,0,1,0,0,2,0,1,0,0,0,0,0,0,0,0,0,0,18,40,39,198,0.9,6,1,1,1,0,1,1,1,0,0,1,0,0,0,1,0,1,0,23,43,73,54,0.0,7,1,1,1,0,1,1,1,0,0,1,0,0,0,1,0,1,0,24,41,33,37,0.0,7,1,1,1,0,1,1,1,0,0,1,0,0,0,1,0,1,0,25,37,36,144,-0.6,5,1,1,1,0,1,1,1,0,0,1,0,0,0,1,0,1,0,28,29,28,228,-10.2,4,1,1,1,0,1,1,0,0,0,1,0,0,0,1,0,1,0,32,33,31,302,-14.4,5,1,1,1,0,1,1,0,0,0,1,0,0,0,1,0,1,1,127,0,21,258,0.0,0,0,0,0,0,2,0,1,0,0,0,0,0,0,0,0,0,1,128,0,46,238,0.0,1,0,0,0,0,2,1,1,0,0,0,0,0,0,0,0,0,1,129,41,53,229,0.0,7,0,1,0,0,2,1,1,0,0,0,0,0,0,0,0,0,1,137,39,60,149,0.0,7,0,0,0,0,2,1,1,0,0,0,0,0,0,0,0,0,2,4,0,1,265,0.0,0,0,1,0,0,2,0,1,0,0,0,0,0,0,0,0,0,2,7,20,12,61,0.0,4,0,1,0,0,2,0,1,0,0,0,0,0,0,0,0,0,2,10,0,5,324,0.0,0,0,1,0,0,2,0,1,0,0,0,0,0,0,0,0,0,2,12,19,25,313,-10.6,4,1,1,0,0,1,1,1,0,0,0,0,0,0,0,0,0,2,19,26,41,304,-4.1,7,1,1,0,0,1,1,1,0,0,0,0,0,0,0,0,0,2,21,32,26,150,-0.4,5,1,1,0,0,1,1,1,0,0,0,0,0,0,0,0,0,2,23,0,1,193,0.0,0,0,1,0,0,2,0,1,0,0,0,0,0,0,0,0,0,2,26,37,33,178,1.8,7,1,1,0,0,1,1,1,0,0,0,0,0,0,0,0,0,2,27,19,27,90,-6.7,4,1,1,0,0,1,1,1,0,0,0,0,0,0,0,0,0,2,29,45,47,15,0.2,7,1,1,0,0,1,1,0,0,0,0,0,0,0,0,0,0,2,30,0,4,47,0.0,0,0,1,0,0,2,0,1,0,0,0,0,0,0,0,0,0,2,33,36,59,248,-2.0,7,1,1,0,0,1,1,1,0,0,0,0,0,0,0,0,0,3,6,41,69,223,-0.8,7,1,1,0,0,1,1,0,0,0,0,0,0,0,0,0,0,3,9,41,53,217,-0.8,7,1,1,0,0,1,1,0,0,0,0,0,0,0,0,0,0,3,13,43,61,358,-0.6,7,1,1,0,0,1,1,0,0,0,0,0,0,0,0,0,0,3,16,42,77,227,-0.4,7,1,1,0,0,1,1,0,0,0,0,0,0,0,0,0,0,3,23,46,67,114,-0.2,7,1,1,0,0,1,1,0,0,0,0,0,0,0,0,0,0,3,27,0,19,215,0.0,0,0,1,0,0,1,1,0,0,0,0,0,0,0,0,0,0,3,32,28,42,339,0.3,4,1,1,0,0,1,1,0,0,0,0,0,0,0,0,0,0,3,38,43,71,66,0.9,7,1,1,0,0,1,1,0,0,0,0,0,0,0,0,0,0,3,39,42,83,270,1.3,7,1,1,0,0,1,1,0,0,0,0,0,0,0,0,0,0,5,2,43,26,135,0.8,7,1,1,0,0,1,1,1,0,0,0,0,0,0,0,0,0,5,3,38,37,165,0.0,4,1,1,0,0,1,1,1,0,0,0,0,0,0,0,0,0,5,4,7,63,60,0.0,3,0,2,0,0,2,0,1,0,0,0,0,0,0,0,0,0,5,7,35,60,149,0.7,7,1,1,0,0,1,1,1,0,0,0,0,0,0,0,0,0,6,6,28,35,41,0.0,7,0,1,0,0,2,0,1,0,0,0,0,0,0,0,0,0,6,7,30,32,343,-3.0,6,1,1,0,0,1,1,1,0,0,0,0,0,0,0,0,0,6,8,0,3,302,0.0,0,0,1,0,0,2,0,1,0,0,0,0,0,0,0,0,0,6,9,44,60,119,1.3,7,1,1,0,0,1,1,1,0,0,0,0,0,0,0,0,0,6,10,28,28,177,3.1,4,1,1,0,0,1,1,1,0,0,0,0,0,0,0,0,0,6,16,40,30,42,0.6,7,1,1,0,0,1,1,1,0,0,0,0,0,0,0,0,0,6,21,32,20,210,-5.7,4,1,1,0,0,1,1,1,0,0,0,0,0,0,0,0,0
94585000,1,47,0,0,10,44,43,334,-1.0,6,1,1,1,0,1,1,0,0,0,1,0,0,0,1,0,1,0,12,42,33,102,-1.4,7,1,1,1,0,1,1,0,0,0,1,0,0,0,1,0,1,0,15,0,13,76,0.0,1,0,1,0,0,2,0,1,0,0,0,0,0,0,0,0,0,0,18,40,39,198,0.7,7,1,1,1,0,1,1,1,0,0,1,0,0,0,1,0,1,0,23,40,73,54,0.0,7,1,1,1,0,1,1,1,0,0,1,0,0,0,1,0,1,0,24,41,33,37,-0.1,7,1,1,1,0,1,1,1,0,0,1,0,0,0,1,0,1,0,25,42,36,144,-0.5,7,1,1,1,0,1,1,1,0,0,1,0,0,0,1,0,1,0,28,28,28,228,-7.3,5,1,1,1,0,1,1,0,0,0,1,0,0,0,1,0,1,0,32,31,31,302,-3.5,5,1,1,1,0,1,1,0,0,0,1,0,0,0,1,0,1,1,127,0,21,258,0.0,0,0,0,0,0,2,0,1,0,0,0,0,0,0,0,0,0,1,128,0,46,238,0.0,0,0,0,0,0,2,1,1,0,0,0,0,0,0,0,0,0,1,129,41,53,229,0.0,7,0,1,0,0,2,1,1,0,0,0,0,0,0,0,0,0,1,137,40,60,149,0.0,7,0,0,0,0,2,1,1,0,0,0,0,0,0,0,0,0,2,4,0,1,265,0.0,0,0,1,0,0,2,0,1,0,0,0,0,0,0,0,0,0,2,7,21,12,61,0.0,4,0,1,0,0,2,0,1,0,0,0,0,0,0,0,0,0,2,10,0,5,324,0.0,0,0,1,0,0,2,0,1,0,0,0,0,0,0,0,0,0,2,12,20,25,313,-10.2,4,1,1,0,0,1,1,1,0,0,0,0,0,0,0,0,0,2,19,26,41,304,-4.3,7,1,1,0,0,1,1,1,0,0,0,0,0,0,0,0,0,2,21,41,26,150,0.5,7,1,1,0,0,1,1,1,0,0,0,0,0,0,0,0,0,2,23,0,1,193,0.0,0,0,1,0,0,2,0,1,0,0,0,0,0,0,0,0,0,2,26,39,33,178,1.0,7,1,1,0,0,1,1,1,0,0,0,0,0,0,0,0,0,2,27,17,27,90,-8.2,4,1,1,0,0,1,1,1,0,0,0,0,0,0,0,0,0,2,29,42,47,15,0.3,7,1,1,0,0,1,1,0,0,0,0,0,0,0,0,0,0,2,30,0,4,47,0.0,0,0,1,0,0,2,0,1,0,0,0,0,0,0,0,0,0,2,33,42,59,248,-5.5,7,1,1,0,0,1,1,1,0,0,0,0,0,0,0,0,0,3,6,42,69,223,-0.8,7,1,1,0,0,1,1,0,0,0,0,0,0,0,0,0,0,3,9,35,53,217,-0.9,7,1,1,0,0,1,1,0,0,0,0,0,0,0,0,0,0,3,13,43,61,358,-0.5,7,1,1,0,0,1,1,0,0,0,0,0,0,0,0,0,0,3,16,45,77,227,-0.6,7,1,1,0,0,1,1,0,0,0,0,0,0,0,0,0,0,3,23,46,67,114,-0.3,7,1,1,0,0,1,1,0,0,0,0,0,0,0,0,0,0,3,27,0,19,215,0.0,0,0,1,0,0,1,1,0,0,0,0,0,0,0,0,0,0,3,32,40,42,339,0.3,5,1,1,0,0,1,1,0,0,0,0,0,0,0,0,0,0,3,38,43,71,66,0.9,7,1,1,0,0,1,1,0,0,0,0,0,0,0,0,0,0,3,39,44,83,270,1.3,7,1,1,0,0,1,1,0,0,0,0,0,0,0,0,0,0,5,2,43,26,135,0.7,7,1,1,0,0,1,1,1,0,0,0,0,0,0,0,0,0,5,3,38,37,165,-4.4,4,1,1,0,0,1,1,1,0,0,0,0,0,0,0,0,0,5,4,21,63,60,0.0,3,0,2,0,0,2,0,1,0,0,0,0,0,0,0,0,0,5,7,35,60,149,0.8,7,1,1,0,0,1,1,1,0,0,0,0,0,0,0,0,0,6,6,32,35,41,0.0,5,0,1,0,0,2,0,1,0,0,0,0,0,0,0,0,0,6,7,34,32,343,-0.7,7,1,1,0,0,1,1,1,0,0,0,0,0,0,0,0,0,6,8,0,3,302,0.0,0,0,1,0,0,2,0,1,0,0,0,0,0,0,0,0,0,6,9,45,60,119,1.3,7,1,1,0,0,1,1,1,0,0,0,0,0,0,0,0,0,6,10,28,28,177,4.0,5,1,1,0,0,1,1,1,0,0,0,0,0,0,0,0,0,6,16,43,30,42,0.6,7,1,1,0,0,1,1,1,0,0,0,0,0,0,0,0,0,6,21,38,20,210,-7.6,5,1,1,0,0,1,1,1,0,0,0,0,0,0,0,0,0
94586000,1,47,0,0,10,46,43,334,2.1,6,1,1,1,0,1,1,0,0,0,1,0,0,0,1,0,1,0,12,45,33,102,-1.5,7,1,1,1,0,1,1,0,0,0,1,0,0,0,1,0,1,0,15,27,13,76,0.0,3,0,1,0,0,2,0,1,0,0,0,0,0,0,0,0,0,0,18,41,39,198,0.7,7,1,1,1,0,1,1,1,0,0,1,0,0,0,1,0,1,0,23,42,73,54,-0.1,7,1,1,1,0,1,1,1,0,0,1,0,0,0,1,0,1,0,24,43,33,37,-0.2,7,1,1,1,0,1,1,1,0,0,1,0,0,0,1,0,1,0,25,43,36,144,-1.0,7,1,1,1,0,1,1,1,0,0,1,0,0,0,1,0,1,0,28,32,28,228,-6.8,4,1,1,1,0,1,1,0,0,0,1,0,0,0,1,0,1,0,32,32,31,302,-0.1,6,1,1,1,0,1,1,0,0,0,1,0,0,0,1,0,1,1,127,0,21,258,0.0,0,0,0,0,0,2,0,1,0,0,0,0,0,0,0,0,0,1,128,0,46,238,0.0,1,0,0,0,0,2,1,1,0,0,0,0,0,0,0,0,0,1,129,41,53,229,0.0,7,0,1,0,0,2,1,1,0,0,0,0,0,0,0,0,0,1,137,38,60,149,0.0,7,0,0,0,0,2,1,1,0,0,0,0,0,0,0,0,0,2,4,0,1,265,0.0,0,0,1,0,0,2,0,1,0,0,0,0,0,0,0,0,0,2,7,23,12,61,0.0,3,0,1,0,0,2,0,1,0,0,0,0,0,0,0,0,0,2,10,0,5,324,0.0,0,0,1,0,0,2,0,1,0,0,0,0,0,0,0,0,0,2,12,20,25,313,-10.8,4,1,1,0,0,1,1,1,0,0,0,0,0,0,0,0,0,2,19,34,41,304,1.7,7,1,1,0,0,1,1,1,0,0,0,0,0,0,0,0,0,2,21,38,26,150,0.9,7,1,1,0,0,1,1,1,0,0,0,0,0,0,0,0,0,2,23,0,1,193,0.0,0,0,1,0,0,2,0,1,0,0,0,0,0,0,0,0,0,2,26,37,33,178,1.0,7,1,1,0,0,1,1,1,0,0,0,0,0,0,0,0,0,2,27,17,27,90,-11.4,4,1,1,0,0,1,1,1,0,0,0,0,0,0,0,0,0,2,29,40,47,15,0.4,7,1,1,0,0,1,1,0,0,0,0,0,0,0,0,0,0,2,30,0,4,47,0.0,0,0,1,0,0,2,0,1,0,0,0,0,0,0,0,0,0,2,33,40,59,248,-0.6,7,1,1,0,0,1,1,1,0,0,0,0,0,0,0,0,0,3,6,43,69,223,-0.7,7,1,1,0,0,1,1,0,0,0,0,0,0,0,0,0,0,3,9,40,53,217,-0.9,7,1,1,0,0,1,1,0,0,0,0,0,0,0,0,0,0,3,13,44,61,358,-0.6,7,1,1,0,0,1,1,0,0,0,0,0,0,0,0,0,0,3,16,45,77,227,-0.6,7,1,1,0,0,1,1,0,0,0,0,0,0,0,0,0,0,3,23,45,67,114,-0.4,7,1,1,0,0,1,1,0,0,0,0,0,0,0,0,0,0,3,27,0,19,215,0.0,0,0,1,0,0,1,1,0,0,0,0,0,0,0,0,0,0,3,32,44,42,339,-0.7,6,1,1,0,0,1,1,0,0,0,0,0,0,0,0,0,0,3,38,43,71,66,0.9,7,1,1,0,0,1,1,0,0,0,0,0,0,0,0,0,0,3,39,45,83,270,1.3,7,1,1,0,0,1,1,0,0,0,0,0,0,0,0,0,0,5,2,43,26,135,0.7,7,1,1,0,0,1,1,1,0,0,0,0,0,0,0,0,0,5,3,39,37,165,-4.2,5,1,1,0,0,1,1,1,0,0,0,0,0,0,0,0,0,5,4,0,63,60,0.0,1,0,2,0,0,2,0,1,0,0,0,0,0,0,0,0,0,5,7,35,60,149,0.9,7,1,1,0,0,1,1,1,0,0,0,0,0,0,0,0,0,6,6,29,35,41,0.0,6,0,1,0,0,2,0,1,0,0,0,0,0,0,0,0,0,6,7,40,32,343,-1.5,7,1,1,0,0,1,1,1,0,0,0,0,0,0,0,0,0,6,8,0,3,302,0.0,0,0,1,0,0,2,0,1,0,0,0,0,0,0,0,0,0,6,9,47,60,119,1.2,7,1,1,0,0,1,1,1,0,0,0,0,0,0,0,0,0,6,10,28,28,177,4.4,4,1,1,0,0,1,1,1,0,0,0,0,0,0,0,0,0,6,16,46,30,42,0.4,7,1,1,0,0,1,1,1,0,0,0,0,0,0,0,0,0,6,21,39,20,210,-6.7,6,1,1,0,0,1,1,1,0,0,0,0,0,0,0,0,0
94587000,1,48,0,0,9,0,-91,0,0.0,1,0,1,0,0,0,0,0,0,0,0,0,0,0,0,0,0,0,10,47,43,334,0.4,6,1,1,1,0,1,1,0,0,0,1,0,0,0,1,0,1,0,12,40,33,102,-1.5,7,1,1,1,0,1,1,0,0,0,1,0,0,0,1,0,1,0,15,0,13,76,0.0,1,0,1,0,0,2,0,1,0,0,0,0,0,0,0,0,0,0,18,43,39,198,0.8,7,1,1,1,0,1,1,1,0,0,1,0,0,0,1,0,1,0,23,43,73,54,-0.2,7,1,1,1,0,1,1,1,0,0,1,0,0,0,1,0,1,0,24,45,33,37,-0.2,7,1,1,1,0,1,1,1,0,0,1,0,0,0,1,0,1,0,25,43,36,144,-1.4,7,1,1,1,0,1,1,1,0,0,1,0,0,0,1,0,1,0,28,32,28,228,-6.7,5,1,1,1,0,1,1,0,0,0,1,0,0,0,1,0,1,0,32,35,31,302,-1.0,6,1,1,1,0,1,1,0,0,0,1,0,0,0,1,0,1,1,127,0,21,258,0.0,0,0,0,0,0,2,0,1,0,0,0,0,0,0,0,0,0,1,128,33,46,238,0.0,4,0,0,0,0,2,1,1,0,0,0,0,0,0,0,0,0,1,129,43,53,229,0.0,7,0,1,0,0,2,1,1,0,0,0,0,0,0,0,0,0,1,137,37,60,149,0.0,7,0,0,0,0,2,1,1,0,0,0,0,0,0,0,0,0,2,4,0,1,265,0.0,0,0,1,0,0,2,0,1,0,0,0,0,0,0,0,0,0,2,7,21,12,61,0.0,4,0,1,0,0,2,0,1,0,0,0,0,0,0,0,0,0,2,10,0,5,324,0.0,0,0,1,0,0,2,0,1,0,0,0,0,0,0,0,0,0,2,12,22,25,313,-12.8,4,1,1,0,0,1,1,1,0,0,0,0,0,0,0,0,0,2,19,37,41,304,1.6,7,1,1,0,0,1,1,1,0,0,0,0,0,0,0,0,0,2,21,40,26,150,0.0,7,1,1,0,0,1,1,1,0,0,0,0,0,0,0,0,0,2,23,0,1,193,0.0,0,0,1,0,0,2,0,1,0,0,0,0,0,0,0,0,0,2,26,39,33,178,0.8,7,1,1,0,0,1,1,1,0,0,0,0,0,0,0,0,0,2,27,17,27,90,0.0,3,0,1,0,0,1,1,1,0,0,0,0,0,0,0,0,0,2,29,42,47,15,0.2,7,1,1,0,0,1,1,0,0,0,0,0,0,0,0,0,0,2,30,0,4,47,0.0,0,0,1,0,0,2,0,1,0,0,0,0,0,0,0,0,0,2,33,43,59,248,-0.5,7,1,1,0,0,1,1,1,0,0,0,0,0,0,0,0,0,3,6,41,69,223,-0.8,7,1,1,0,0,1,1,0,0,0,0,0,0,0,0,0,0,3,9,40,53,217,-0.8,7,1,1,0,0,1,1,0,0,0,0,0,0,0,0,0,0,3,13,43,61,358,-0.6,7,1,1,0,0,1,1,0,0,0,0,0,0,0,0,0,0,3,16,44,77,227,-0.3,7,1,1,0,0,1,1,0,0,0,0,0,0,0,0,0,0,3,23,45,67,114,-0.2,7,1,1,0,0,1,1,0,0,0,0,0,0,0,0,0,0,3,27,0,19,215,0.0,0,0,1,0,0,1,1,0,0,0,0,0,0,0,0,0,0,3,32,45,42,339,-1.2,7,1,1,0,0,1,1,0,0,0,0,0,0,0,0,0,0,3,38,42,71,66,1.0,7,1,1,0,0,1,1,0,0,0,0,0,0,0,0,0,0,3,39,45,83,270,1.4,7,1,1,0,0,1,1,0,0,0,0,0,0,0,0,0,0,5,2,43,26,135,0.7,7,1,1,0,0,1,1,1,0,0,0,0,0,0,0,0,0,5,3,33,37,165,-6.0,4,1,1,0,0,1,1,1,0,0,0,0,0,0,0,0,0,5,4,0,63,60,0.0,1,0,2,0,0,2,0,1,0,0,0,0,0,0,0,0,0,5,7,32,60,149,0.7,7,1,1,0,0,1,1,1,0,0,0,0,0,0,0,0,0,6,6,29,35,41,0.0,5,0,1,0,0,2,0,1,0,0,0,0,0,0,0,0,0,6,7,41,32,343,-0.9,7,1,1,0,0,1,1,1,0,0,0,0,0,0,0,0,0,6,8,0,3,302,0.0,0,0,1,0,0,2,0,1,0,0,0,0,0,0,0,0,0,6,9,48,60,119,1.0,7,1,1,0,0,1,1,1,0,0,0,0,0,0,0,0,0,6,10,33,28,177,5.5,5,1,1,0,0,1,1,1,0,0,0,0,0,0,0,0,0,6,16,40,30,42,0.2,7,1,1,0,0,1,1,1,0,0,0,0,0,0,0,0,0
94588000,1,50,0,0,9,0,-91,0,0.0,1,0,1,0,0,0,0,0,0,0,0,0,0,0,0,0,0,0,10,47,43,334,1.6,6,1,1,1,0,1,1,0,0,0,1,0,0,0,1,0,1,0,12,41,33,102,-1.5,7,1,1,1,0,1,1,0,0,0,1,0,0,0,1,0,1,0,15,0,13,76,0.0,1,0,1,0,0,2,0,1,0,0,0,0,0,0,0,0,0,0,18,41,39,198,0.7,7,1,1,1,0,1,1,1,0,0,1,0,0,0,1,0,1,0,23,44,73,54,-0.2,7,1,1,1,0,1,1,1,0,0,1,0,0,0,1,0,1,0,24,41,33,37,-0.3,7,1,1,1,0,1,1,1,0,0,1,0,0,0,1,0,1,0,25,40,36,144,-0.4,7,1,1,1,0,1,1,1,0,0,1,0,0,0,1,0,1,0,27,0,-91,0,0.0,1,0,1,0,0,0,0,0,0,0,0,0,0,0,0,0,0,0,28,35,28,228,-2.8,5,1,1,1,0,1,1,0,0,0,1,0,0,0,1,0,1,0,30,0,-91,0,0.0,1,0,1,0,0,0,0,0,0,0,0,0,0,0,0,0,0,0,32,38,31,302,-0.4,6,1,1,1,0,1,1,0,0,0,1,0,0,0,1,0,1,1,127,0,21,258,0.0,0,0,0,0,0,2,0,1,0,0,0,0,0,0,0,0,0,1,128,29,46,238,0.0,4,0,0,0,0,2,1,1,0,0,0,0,0,0,0,0,0,1,129,41,53,229,0.0,7,0,1,0,0,2,1,1,0,0,0,0,0,0,0,0,0,1,137,40,60,149,0.0,7,0,0,0,0,2,1,1,0,0,0,0,0,0,0,0,0,2,4,0,1,265,0.0,0,0,1,0,0,2,0,1,0,0,0,0,0,0,0,0,0,2,7,22,12,61,0.0,3,0,1,0,0,2,0,1,0,0,0,0,0,0,0,0,0,2,10,0,5,324,0.0,0,0,1,0,0,2,0,1,0,0,0,0,0,0,0,0,0,2,12,23,25,313,-13.5,4,1,1,0,0,1,1,1,0,0,0,0,0,0,0,0,0,2,19,39,41,304,0.5,7,1,1,0,0,1,1,1,0,0,0,0,0,0,0,0,0,2,21,39,26,150,0.1,7,1,1,0,0,1,1,1,0,0,0,0,0,0,0,0,0,2,23,0,1,193,0.0,0,0,1,0,0,2,0,1,0,0,0,0,0,0,0,0,0,2,26,38,33,178,0.4,7,1,1,0,0,1,1,1,0,0,0,0,0,0,0,0,0,2,27,17,27,90,0.0,3,0,1,0,0,1,1,1,0,0,0,0,0,0,0,0,0,2,29,44,47,15,0.1,7,1,1,0,0,1,1,0,0,0,0,0,0,0,0,0,0,2,30,0,4,47,0.0,0,0,1,0,0,2,0,1,0,0,0,0,0,0,0,0,0,2,33,40,59,248,-1.0,7,1,1,0,0,1,1,1,0,0,0,0,0,0,0,0,0,3,6,40,69,223,-0.9,7,1,1,0,0,1,1,0,0,0,0,0,0,0,0,0,0,3,9,38,53,217,-1.0,7,1,1,0,0,1,1,0,0,0,0,0,0,0,0,0,0,3,13,42,61,358,-0.7,7,1,1,0,0,1,1,0,0,0,0,0,0,0,0,0,0,3,16,43,77,227,-0.5,7,1,1,0,0,1,1,0,0,0,0,0,0,0,0,0,0,3,23,44,67,114,-0.3,7,1,1,0,0,1,1,0,0,0,0,0,0,0,0,0,0,3,27,0,19,215,0.0,0,0,1,0,0,1,1,0,0,0,0,0,0,0,0,0,0,3,32,45,42,339,0.5,7,1,1,0,0,1,1,0,0,0,0,0,0,0,0,0,0,3,38,42,71,66,1.0,7,1,1,0,0,1,1,0,0,0,0,0,0,0,0,0,0,3,39,43,83,270,1.3,7,1,1,0,0,1,1,0,0,0,0,0,0,0,0,0,0,5,2,43,26,135,0.7,7,1,1,0,0,1,1,1,0,0,0,0,0,0,0,0,0,5,3,36,37,165,-0.5,5,1,1,0,0,1,1,1,0,0,0,0,0,0,0,0,0,5,4,0,63,60,0.0,1,0,2,0,0,2,0,1,0,0,0,0,0,0,0,0,0,5,7,35,60,149,0.7,7,1,1,0,0,1,1,1,0,0,0,0,0,0,0,0,0,6,6,30,35,41,0.0,6,0,1,0,0,2,0,1,0,0,0,0,0,0,0,0,0,6,7,43,32,343,-1.4,7,1,1,0,0,1,1,1,0,0,0,0,0,0,0,0,0,6,8,0,3,302,0.0,0,0,1,0,0,2,0,1,0,0,0,0,0,0,0,0,0,6,9,46,60,119,0.9,7,1,1,0,0,1,1,1,0,0,0,0,0,0,0,0,0
94589000,1,50,0,0,9,0,-91,0,0.0,1,0,1,0,0,0,0,0,0,0,0,0,0,0,0,0,0,0,10,44,43,334,1.5,6,1,1,1,0,1,1,0,0,0,1,0,0,0,1,0,1,0,12,38,33,102,-1.5,7,1,1,1,0,1,1,0,0,0,1,0,0,0,1,0,1,0,15,0,13,76,0.0,1,0,1,0,0,2,0,1,0,0,0,0,0,0,0,0,0,0,18,40,39,198,0.7,7,1,1,1,0,1,1,1,0,0,1,0,0,0,1,0,1,0,23,45,73,54,-0.1,7,1,1,1,0,1,1,1,0,0,1,0,0,0,1,0,1,0,24,43,33,37,-0.3,7,1,1,1,0,1,1,1,0,0,1,0,0,0,1,0,1,0,25,39,36,144,-0.6,7,1,1,1,0,1,1,1,0,0,1,0,0,0,1,0,1,0,27,0,-91,0,0.0,1,0,1,0,0,0,0,0,0,0,0,0,0,0,0,0,0,0,28,39,28,228,-0.6,6,1,1,1,0,1,1,0,0,0,1,0,0,0,1,0,1,0,30,0,-91,0,0.0,1,0,1,0,0,0,0,0,0,0,0,0,0,0,0,0,0,0,32,41,31,302,1.0,6,1,1,1,0,1,1,0,0,0,1,0,0,0,1,0,1,1,127,0,21,258,0.0,0,0,0,0,0,2,0,1,0,0,0,0,0,0,0,0,0,1,128,30,46,238,0.0,4,0,0,0,0,2,1,1,0,0,0,0,0,0,0,0,0,1,129,42,53,229,0.0,7,0,1,0,0,2,1,1,0,0,0,0,0,0,0,0,0,1,137,40,60,149,0.0,7,0,0,0,0,2,1,1,0,0,0,0,0,0,0,0,0,2,4,0,1,265,0.0,0,0,1,0,0,2,0,1,0,0,0,0,0,0,0,0,0,2,7,21,12,61,0.0,4,0,1,0,0,2,0,1,0,0,0,0,0,0,0,0,0,2,10,0,5,324,0.0,0,0,1,0,0,2,0,1,0,0,0,0,0,0,0,0,0,2,12,23,25,313,-10.8,4,1,1,0,0,1,1,1,0,0,0,0,0,0,0,0,0,2,19,40,41,304,1.4,7,1,1,0,0,1,1,1,0,0,0,0,0,0,0,0,0,2,21,32,26,150,-0.9,7,1,1,0,0,1,1,1,0,0,0,0,0,0,0,0,0,2,23,0,1,193,0.0,0,0,1,0,0,2,0,1,0,0,0,0,0,0,0,0,0,2,26,36,33,178,0.5,7,1,1,0,0,1,1,1,0,0,0,0,0,0,0,0,0,2,27,16,27,90,0.0,3,0,1,0,0,1,1,1,0,0,0,0,0,0,0,0,0,2,29,42,47,15,0.1,7,1,1,0,0,1,1,0,0,0,0,0,0,0,0,0,0,2,30,0,4,47,0.0,0,0,1,0,0,2,0,1,0,0,0,0,0,0,0,0,0,2,33,41,59,248,-0.7,7,1,1,0,0,1,1,1,0,0,0,0,0,0,0,0,0,3,6,41,69,223,-0.6,7,1,1,0,0,1,1,0,0,0,0,0,0,0,0,0,0,3,9,43,53,217,-0.8,7,1,1,0,0,1,1,0,0,0,0,0,0,0,0,0,0,3,13,42,61,358,-0.5,7,1,1,0,0,1,1,0,0,0,0,0,0,0,0,0,0,3,16,45,77,227,-0.3,7,1,1,0,0,1,1,0,0,0,0,0,0,0,0,0,0,3,23,46,67,114,-0.2,7,1,1,0,0,1,1,0,0,0,0,0,0,0,0,0,0,3,27,0,19,215,0.0,0,0,1,0,0,1,1,0,0,0,0,0,0,0,0,0,0,3,32,44,42,339,-0.4,7,1,1,0,0,1,1,0,0,0,0,0,0,0,0,0,0,3,38,38,71,66,1.1,7,1,1,0,0,1,1,0,0,0,0,0,0,0,0,0,0,3,39,45,83,270,1.4,7,1,1,0,0,1,1,0,0,0,0,0,0,0,0,0,0,5,2,46,26,135,0.8,7,1,1,0,0,1,1,1,0,0,0,0,0,0,0,0,0,5,3,37,37,165,0.9,6,1,1,0,0,1,1,1,0,0,0,0,0,0,0,0,0,5,4,0,63,60,0.0,1,0,2,0,0,2,0,1,0,0,0,0,0,0,0,0,0,5,7,36,60,149,0.8,7,1,1,0,0,1,1,1,0,0,0,0,0,0,0,0,0,6,6,28,35,41,0.0,7,0,1,0,0,2,0,1,0,0,0,0,0,0,0,0,0,6,7,45,32,343,-1.5,7,1,1,0,0,1,1,1,0,0,0,0,0,0,0,0,0,6,8,0,3,302,0.0,0,0,1,0,0,2,0,1,0,0,0,0,0,0,0,0,0,6,9,47,60,119,1.0,7,1,1,0,0,1,1,1,0,0,0,0,0,0,0,0,0
94590000,1,47,0,0,10,46,43,334,1.5,6,1,1,1,0,1,1,0,0,0,1,0,0,0,1,0,1,0,12,41,33,102,-1.5,7,1,1,1,0,1,1,0,0,0,1,0,0,0,1,0,1,0,15,22,13,76,0.0,3,0,1,0,0,2,0,1,0,0,0,0,0,0,0,0,0,0,18,43,39,198,0.8,7,1,1,1,0,1,1,1,0,0,1,0,0,0,1,0,1,0,23,42,73,54,-0.2,7,1,1,1,0,1,1,1,0,0,1,0,0,0,1,0,1,0,24,43,33,37,-0.2,7,1,1,1,0,1,1,1,0,0,1,0,0,0,1,0,1,0,25,39,36,144,-1.3,7,1,1,1,0,1,1,1,0,0,1,0,0,0,1,0,1,0,28,37,28,228,1.1,6,1,1,1,0,1,1,0,0,0,1,0,0,0,1,0,1,0,32,43,31,302,1.0,6,1,1,1,0,1,1,0,0,0,1,0,0,0,1,0,1,1,127,0,21,258,0.0,0,0,0,0,0,2,0,1,0,0,0,0,0,0,0,0,0,1,128,30,46,238,0.0,4,0,0,0,0,2,1,1,0,0,0,0,0,0,0,0,0,1,129,41,53,229,0.0,7,0,1,0,0,2,1,1,0,0,0,0,0,0,0,0,0,1,137,38,60,149,0.0,7,0,0,0,0,2,1,1,0,0,0,0,0,0,0,0,0,2,4,0,1,265,0.0,0,0,1,0,0,2,0,1,0,0,0,0,0,0,0,0,0,2,7,21,12,61,0.0,3,0,1,0,0,2,0,1,0,0,0,0,0,0,0,0,0,2,10,0,5,324,0.0,0,0,1,0,0,2,0,1,0,0,0,0,0,0,0,0,0,2,12,26,25,313,-9.0,4,1,1,0,0,1,1,1,0,0,0,0,0,0,0,0,0,2,19,39,41,304,1.7,7,1,1,0,0,1,1,1,0,0,0,0,0,0,0,0,0,2,21,32,26,150,1.1,7,1,1,0,0,1,1,1,0,0,0,0,0,0,0,0,0,2,23,0,1,193,0.0,0,0,1,0,0,2,0,1,0,0,0,0,0,0,0,0,0,2,26,36,33,178,0.5,7,1,1,0,0,1,1,1,0,0,0,0,0,0,0,0,0,2,27,16,27,90,0.0,3,0,1,0,0,1,1,1,0,0,0,0,0,0,0,0,0,2,29,38,47,15,0.1,7,1,1,0,0,1,1,0,0,0,0,0,0,0,0,0,0,2,30,0,4,47,0.0,0,0,1,0,0,2,0,1,0,0,0,0,0,0,0,0,0,2,33,41,59,248,-0.3,7,1,1,0,0,1,1,1,0,0,0,0,0,0,0,0,0,3,6,43,69,223,-0.6,7,1,1,0,0,1,1,0,0,0,0,0,0,0,0,0,0,3,9,42,53,217,-0.9,7,1,1,0,0,1,1,0,0,0,0,0,0,0,0,0,0,3,13,42,61,358,-0.5,7,1,1,0,0,1,1,0,0,0,0,0,0,0,0,0,0,3,16,44,77,227,-0.3,7,1,1,0,0,1,1,0,0,0,0,0,0,0,0,0,0,3,23,46,67,114,0.0,7,1,1,0,0,1,1,0,0,0,0,0,0,0,0,0,0,3,27,0,19,215,0.0,0,0,1,0,0,1,1,0,0,0,0,0,0,0,0,0,0,3,32,44,42,339,-0.8,7,1,1,0,0,1,1,0,0,0,0,0,0,0,0,0,0,3,38,33,71,66,1.2,7,1,1,0,0,1,1,0,0,0,0,0,0,0,0,0,0,3,39,44,83,270,1.3,7,1,1,0,0,1,1,0,0,0,0,0,0,0,0,0,0,5,2,43,26,135,0.9,7,1,1,0,0,1,1,1,0,0,0,0,0,0,0,0,0,5,3,35,37,165,2.0,4,1,1,0,0,1,1,1,0,0,0,0,0,0,0,0,0,5,4,0,63,60,0.0,1,0,2,0,0,2,0,1,0,0,0,0,0,0,0,0,0,5,7,33,60,149,0.7,7,1,1,0,0,1,1,1,0,0,0,0,0,0,0,0,0,6,6,28,35,41,0.0,7,0,1,0,0,2,0,1,0,0,0,0,0,0,0,0,0,6,7,46,32,343,-1.5,7,1,1,0,0,1,1,1,0,0,0,0,0,0,0,0,0,6,8,0,3,302,0.0,0,0,1,0,0,2,0,1,0,0,0,0,0,0,0,0,0,6,9,47,60,119,0.9,7,1,1,0,0,1,1,1,0,0,0,0,0,0,0,0,0,6,10,29,28,177,5.8,4,1,1,0,0,1,1,1,0,0,0,0,0,0,0,0,0,6,16,36,30,42,0.0,7,1,1,0,0,1,1,1,0,0,0,0,0,0,0,0,0,6,21,37,20,210,-5.3,6,1,1,0,0,1,1,1,0,0,0,0,0,0,0,0,0
94591000,1,47,0,0,10,47,43,334,1.6,7,1,1,1,0,1,1,0,0,0,1,0,0,0,1,0,1,0,12,39,33,102,-1.5,7,1,1,1,0,1,1,0,0,0,1,0,0,0,1,0,1,0,15,0,13,76,0.0,1,0,1,0,0,2,0,1,0,0,0,0,0,0,0,0,0,0,18,43,39,198,0.7,7,1,1,1,0,1,1,1,0,0,1,0,0,0,1,0,1,0,23,40,73,54,-0.2,7,1,1,1,0,1,1,1,0,0,1,0,0,0,1,0,1,0,24,45,33,37,-0.3,7,1,1,1,0,1,1,1,0,0,1,0,0,0,1,0,1,0,25,40,36,144,-1.1,7,1,1,1,0,1,1,1,0,0,1,0,0,0,1,0,1,0,28,34,28,228,-0.5,7,1,1,1,0,1,1,0,0,0,1,0,0,0,1,0,1,0,32,45,31,302,-0.2,6,1,1,1,0,1,1,0,0,0,1,0,0,0,1,0,1,1,127,0,21,258,0.0,0,0,0,0,0,2,0,1,0,0,0,0,0,0,0,0,0,1,128,32,46,238,0.0,5,0,0,0,0,2,1,1,0,0,0,0,0,0,0,0,0,1,129,41,53,229,0.0,7,0,1,0,0,2,1,1,0,0,0,0,0,0,0,0,0,1,137,40,60,149,0.0,7,0,0,0,0,2,1,1,0,0,0,0,0,0,0,0,0,2,4,0,1,265,0.0,0,0,1,0,0,2,0,1,0,0,0,0,0,0,0,0,0,2,7,20,12,61,0.0,3,0,1,0,0,2,0,1,0,0,0,0,0,0,0,0,0,2,10,0,5,324,0.0,0,0,1,0,0,2,0,1,0,0,0,0,0,0,0,0,0,2,12,35,25,313,0.9,5,1,1,0,0,1,1,1,0,0,0,0,0,0,0,0,0,2,19,39,41,304,0.7,7,1,1,0,0,1,1,1,0,0,0,0,0,0,0,0,0,2,21,38,26,150,1.0,7,1,1,0,0,1,1,1,0,0,0,0,0,0,0,0,0,2,23,0,1,193,0.0,0,0,1,0,0,2,0,1,0,0,0,0,0,0,0,0,0,2,26,40,33,178,0.5,7,1,1,0,0,1,1,1,0,0,0,0,0,0,0,0,0,2,27,16,27,90,0.0,3,0,1,0,0,1,1,1,0,0,0,0,0,0,0,0,0,2,29,40,47,15,0.3,7,1,1,0,0,1,1,0,0,0,0,0,0,0,0,0,0,2,30,0,4,47,0.0,0,0,1,0,0,2,0,1,0,0,0,0,0,0,0,0,0,2,33,42,59,248,-0.4,7,1,1,0,0,1,1,1,0,0,0,0,0,0,0,0,0,3,6,41,69,223,-0.7,7,1,1,0,0,1,1,0,0,0,0,0,0,0,0,0,0,3,9,39,53,217,-0.8,7,1,1,0,0,1,1,0,0,0,0,0,0,0,0,0,0,3,13,41,61,358,-0.6,7,1,1,0,0,1,1,0,0,0,0,0,0,0,0,0,0,3,16,43,77,227,-0.5,7,1,1,0,0,1,1,0,0,0,0,0,0,0,0,0,0,3,23,43,67,114,-0.1,7,1,1,0,0,1,1,0,0,0,0,0,0,0,0,0,0,3,27,0,19,215,0.0,0,0,1,0,0,1,1,0,0,0,0,0,0,0,0,0,0,3,32,44,42,339,-0.6,7,1,1,0,0,1,1,0,0,0,0,0,0,0,0,0,0,3,38,33,71,66,1.0,7,1,1,0,0,1,1,0,0,0,0,0,0,0,0,0,0,3,39,44,83,270,1.3,7,1,1,0,0,1,1,0,0,0,0,0,0,0,0,0,0,5,2,41,26,135,0.8,7,1,1,0,0,1,1,1,0,0,0,0,0,0,0,0,0,5,3,37,37,165,2.4,5,1,1,0,0,1,1,1,0,0,0,0,0,0,0,0,0,5,4,0,63,60,0.0,1,0,2,0,0,2,0,1,0,0,0,0,0,0,0,0,0,5,7,36,60,149,0.8,7,1,1,0,0,1,1,1,0,0,0,0,0,0,0,0,0,6,6,27,35,41,0.0,7,0,1,0,0,2,0,1,0,0,0,0,0,0,0,0,0,6,7,45,32,343,-1.5,7,1,1,0,0,1,1,1,0,0,0,0,0,0,0,0,0,6,8,0,3,302,0.0,0,0,1,0,0,2,0,1,0,0,0,0,0,0,0,0,0,6,9,46,60,119,1.0,7,1,1,0,0,1,1,1,0,0,0,0,0,0,0,0,0,6,10,33,28,177,6.0,5,1,1,0,0,1,1,1,0,0,0,0,0,0,0,0,0,6,16,36,30,42,0.0,7,1,1,0,0,1,1,1,0,0,0,0,0,0,0,0,0,6,21,37,20,210,-2.1,7,1,1,0,0,1,1,1,0,0,0,0,0,0,0,0,0
94592000,1,48,0,0,10,45,43,334,1.5,7,1,1,1,0,1,1,0,0,0,1,0,0,0,1,0,1,0,12,36,33,102,-1.6,7,1,1,1,0,1,1,0,0,0,1,0,0,0,1,0,1,0,15,0,13,76,0.0,1,0,1,0,0,2,0,1,0,0,0,0,0,0,0,0,0,0,18,38,39,198,0.6,7,1,1,1,0,1,1,1,0,0,1,0,0,0,1,0,1,0,23,36,73,54,-0.3,7,1,1,1,0,1,1,1,0,0,1,0,0,0,1,0,1,0,24,42,33,37,-0.4,7,1,1,1,0,1,1,1,0,0,1,0,0,0,1,0,1,0,25,39,36,144,-1.0,7,1,1,1,0,1,1,1,0,0,1,0,0,0,1,0,1,0,28,42,28,228,0.1,7,1,1,1,0,1,1,0,0,0,1,0,0,0,1,0,1,0,32,41,31,302,0.0,7,1,1,1,0,1,1,0,0,0,1,0,0,0,1,0,1,1,127,0,21,258,0.0,0,0,0,0,0,2,0,1,0,0,0,0,0,0,0,0,0,1,128,29,46,238,0.0,4,0,0,0,0,2,1,1,0,0,0,0,0,0,0,0,0,1,129,44,53,229,0.0,7,0,1,0,0,2,1,1,0,0,0,0,0,0,0,0,0,1,137,40,60,149,0.0,7,0,0,0,0,2,1,1,0,0,0,0,0,0,0,0,0,2,4,0,1,265,0.0,0,0,1,0,0,2,0,1,0,0,0,0,0,0,0,0,0,2,7,22,12,61,0.0,4,0,1,0,0,2,0,1,0,0,0,0,0,0,0,0,0,2,10,0,5,324,0.0,0,0,1,0,0,2,0,1,0,0,0,0,0,0,0,0,0,2,12,38,25,313,1.1,7,1,1,0,0,1,1,1,0,0,0,0,0,0,0,0,0,2,19,39,41,304,1.1,7,1,1,0,0,1,1,1,0,0,0,0,0,0,0,0,0,2,21,36,26,150,0.8,7,1,1,0,0,1,1,1,0,0,0,0,0,0,0,0,0,2,23,0,1,193,0.0,0,0,1,0,0,2,0,1,0,0,0,0,0,0,0,0,0,2,26,35,33,178,-0.5,5,1,1,0,0,1,1,1,0,0,0,0,0,0,0,0,0,2,27,17,27,90,0.0,3,0,1,0,0,1,1,1,0,0,0,0,0,0,0,0,0,2,29,41,47,15,0.3,7,1,1,0,0,1,1,0,0,0,0,0,0,0,0,0,0,2,30,0,4,47,0.0,0,0,1,0,0,2,0,1,0,0,0,0,0,0,0,0,0,2,33,43,59,248,-0.3,7,1,1,0,0,1,1,1,0,0,0,0,0,0,0,0,0,3,6,43,69,223,-0.8,7,1,1,0,0,1,1,0,0,0,0,0,0,0,0,0,0,3,9,42,53,217,-0.9,7,1,1,0,0,1,1,0,0,0,0,0,0,0,0,0,0,3,13,42,61,358,-0.6,7,1,1,0,0,1,1,0,0,0,0,0,0,0,0,0,0,3,16,43,77,227,-0.4,7,1,1,0,0,1,1,0,0,0,0,0,0,0,0,0,0,3,23,46,67,114,-0.2,7,1,1,0,0,1,1,0,0,0,0,0,0,0,0,0,0,3,27,0,19,215,0.0,0,0,1,0,0,1,1,0,0,0,0,0,0,0,0,0,0,3,32,43,42,339,-0.6,7,1,1,0,0,1,1,0,0,0,0,0,0,0,0,0,0,3,38,27,71,66,0.9,7,1,1,0,0,1,1,0,0,0,0,0,0,0,0,0,0,3,39,42,83,270,1.2,7,1,1,0,0,1,1,0,0,0,0,0,0,0,0,0,0,5,2,42,26,135,0.8,7,1,1,0,0,1,1,1,0,0,0,0,0,0,0,0,0,5,3,38,37,165,1.0,6,1,1,0,0,1,1,1,0,0,0,0,0,0,0,0,0,5,4,0,63,60,0.0,1,0,2,0,0,2,0,1,0,0,0,0,0,0,0,0,0,5,7,36,60,149,0.7,7,1,1,0,0,1,1,1,0,0,0,0,0,0,0,0,0,5,8,0,53,229,0.0,0,0,1,0,0,2,0,1,0,0,0,0,0,0,0,0,0,6,6,24,35,41,0.0,7,0,1,0,0,2,0,1,0,0,0,0,0,0,0,0,0,6,7,42,32,343,-1.5,7,1,1,0,0,1,1,1,0,0,0,0,0,0,0,0,0,6,8,0,3,302,0.0,0,0,1,0,0,2,0,1,0,0,0,0,0,0,0,0,0,6,9,47,60,119,0.7,7,1,1,0,0,1,1,1,0,0,0,0,0,0,0,0,0,6,10,30,28,177,5.0,4,1,1,0,0,1,1,1,0,0,0,0,0,0,0,0,0,6,16,33,30,42,0.0,7,1,1,0,0,1,1,1,0,0,0,0,0,0,0,0,0
94593000,1,48,0,0,10,44,43,334,1.4,7,1,1,1,0,1,1,0,0,0,1,0,0,0,1,0,1,0,12,42,33,102,-1.6,7,1,1,1,0,1,1,0,0,0,1,0,0,0,1,0,1,0,15,0,13,76,0.0,1,0,1,0,0,2,0,1,0,0,0,0,0,0,0,0,0,0,18,41,39,198,0.4,7,1,1,1,0,1,1,1,0,0,1,0,0,0,1,0,1,0,23,31,73,54,-0.5,7,1,1,1,0,1,1,1,0,0,1,0,0,0,1,0,1,0,24,40,33,37,-0.3,7,1,1,1,0,1,1,1,0,0,1,0,0,0,1,0,1,0,25,42,36,144,-1.1,7,1,1,1,0,1,1,1,0,0,1,0,0,0,1,0,1,0,28,41,28,228,0.5,7,1,1,1,0,1,1,0,0,0,1,0,0,0,1,0,1,0,32,43,31,302,0.1,7,1,1,1,0,1,1,0,0,0,1,0,0,0,1,0,1,1,127,0,21,258,0.0,0,0,0,0,0,2,0,1,0,0,0,0,0,0,0,0,0,1,128,33,46,238,0.0,5,0,0,0,0,2,1,1,0,0,0,0,0,0,0,0,0,1,129,43,53,229,0.0,7,0,1,0,0,2,1,1,0,0,0,0,0,0,0,0,0,1,137,41,60,149,0.0,7,0,0,0,0,2,1,1,0,0,0,0,0,0,0,0,0,2,4,0,1,265,0.0,0,0,1,0,0,2,0,1,0,0,0,0,0,0,0,0,0,2,7,20,12,61,0.0,4,0,1,0,0,2,0,1,0,0,0,0,0,0,0,0,0,2,10,0,5,324,0.0,0,0,1,0,0,2,0,1,0,0,0,0,0,0,0,0,0,2,12,37,25,313,-1.2,7,1,1,0,0,1,1,1,0,0,0,0,0,0,0,0,0,2,19,39,41,304,0.9,7,1,1,0,0,1,1,1,0,0,0,0,0,0,0,0,0,2,21,40,26,150,0.4,7,1,1,0,0,1,1,1,0,0,0,0,0,0,0,0,0,2,23,0,1,193,0.0,0,0,1,0,0,2,0,1,0,0,0,0,0,0,0,0,0,2,26,34,33,178,0.7,7,1,1,0,0,1,1,1,0,0,0,0,0,0,0,0,0,2,27,17,27,90,0.0,3,0,1,0,0,1,1,1,0,0,0,0,0,0,0,0,0,2,29,42,47,15,0.5,7,1,1,0,0,1,1,0,0,0,0,0,0,0,0,0,0,2,30,0,4,47,0.0,0,0,1,0,0,2,0,1,0,0,0,0,0,0,0,0,0,2,33,39,59,248,0.3,7,1,1,0,0,1,1,1,0,0,0,0,0,0,0,0,0,3,6,42,69,223,-1.1,7,1,1,0,0,1,1,0,0,0,0,0,0,0,0,0,0,3,9,42,53,217,-0.9,7,1,1,0,0,1,1,0,0,0,0,0,0,0,0,0,0,3,13,43,61,358,-0.6,7,1,1,0,0,1,1,0,0,0,0,0,0,0,0,0,0,3,16,45,77,227,-0.3,7,1,1,0,0,1,1,0,0,0,0,0,0,0,0,0,0,3,23,46,67,114,-0.4,7,1,1,0,0,1,1,0,0,0,0,0,0,0,0,0,0,3,27,0,19,215,0.0,0,0,1,0,0,1,1,0,0,0,0,0,0,0,0,0,0,3,32,44,42,339,-0.4,7,1,1,0,0,1,1,0,0,0,0,0,0,0,0,0,0,3,38,28,71,66,0.7,7,1,1,0,0,1,1,0,0,0,0,0,0,0,0,0,0,3,39,45,83,270,1.2,7,1,1,0,0,1,1,0,0,0,0,0,0,0,0,0,0,5,2,40,26,135,0.7,7,1,1,0,0,1,1,1,0,0,0,0,0,0,0,0,0,5,3,35,37,165,3.4,6,1,1,0,0,1,1,1,0,0,0,0,0,0,0,0,0,5,4,0,63,60,0.0,1,0,2,0,0,2,0,1,0,0,0,0,0,0,0,0,0,5,7,37,60,149,0.7,7,1,1,0,0,1,1,1,0,0,0,0,0,0,0,0,0,5,8,0,53,229,0.0,0,0,1,0,0,2,0,1,0,0,0,0,0,0,0,0,0,6,6,22,35,41,0.0,4,0,1,0,0,2,0,1,0,0,0,0,0,0,0,0,0,6,7,45,32,343,-1.4,7,1,1,0,0,1,1,1,0,0,0,0,0,0,0,0,0,6,8,0,3,302,0.0,0,0,1,0,0,2,0,1,0,0,0,0,0,0,0,0,0,6,9,48,60,119,0.7,7,1,1,0,0,1,1,1,0,0,0,0,0,0,0,0,0,6,10,29,28,177,1.0,4,1,1,0,0,1,1,1,0,0,0,0,0,0,0,0,0,6,16,23,30,42,0.0,4,1,1,0,0,1,1,1,0,0,0,0,0,0,0,0,0
94594000,1,48,0,0,10,44,43,334,1.4,7,1,1,1,0,1,1,0,0,0,1,0,0,0,1,0,1,0,12,43,33,102,-1.4,7,1,1,1,0,1,1,0,0,0,1,0,0,0,1,0,1,0,15,0,13,76,0.0,1,0,1,0,0,2,0,1,0,0,0,0,0,0,0,0,0,0,18,39,39,198,0.5,7,1,1,1,0,1,1,1,0,0,1,0,0,0,1,0,1,0,23,31,73,54,-0.4,7,1,1,1,0,1,1,1,0,0,1,0,0,0,1,0,1,0,24,34,33,37,-0.2,7,1,1,1,0,1,1,1,0,0,1,0,0,0,1,0,1,0,25,42,36,144,-1.1,7,1,1,1,0,1,1,1,0,0,1,0,0,0,1,0,1,0,28,44,28,228,1.1,7,1,1,1,0,1,1,0,0,0,1,0,0,0,1,0,1,0,32,43,31,302,0.2,7,1,1,1,0,1,1,0,0,0,1,0,0,0,1,0,1,1,127,0,21,258,0.0,0,0,0,0,0,2,0,1,0,0,0,0,0,0,0,0,0,1,128,36,46,238,0.0,4,0,0,0,0,2,1,1,0,0,0,0,0,0,0,0,0,1,129,45,53,229,0.0,7,0,1,0,0,2,1,1,0,0,0,0,0,0,0,0,0,1,137,41,60,149,0.0,7,0,0,0,0,2,1,1,0,0,0,0,0,0,0,0,0,2,4,0,1,265,0.0,0,0,1,0,0,2,0,1,0,0,0,0,0,0,0,0,0,2,7,21,12,61,0.0,3,0,1,0,0,2,0,1,0,0,0,0,0,0,0,0,0,2,10,0,5,324,0.0,0,0,1,0,0,2,0,1,0,0,0,0,0,0,0,0,0,2,12,34,25,313,0.7,7,1,1,0,0,1,1,1,0,0,0,0,0,0,0,0,0,2,19,37,41,304,1.0,7,1,1,0,0,1,1,1,0,0,0,0,0,0,0,0,0,2,21,38,26,150,0.7,7,1,1,0,0,1,1,1,0,0,0,0,0,0,0,0,0,2,23,0,1,193,0.0,0,0,1,0,0,2,0,1,0,0,0,0,0,0,0,0,0,2,26,34,33,178,4.7,5,1,1,0,0,1,1,1,0,0,0,0,0,0,0,0,0,2,27,15,27,90,0.0,3,0,1,0,0,1,1,1,0,0,0,0,0,0,0,0,0,2,29,42,47,15,0.7,7,1,1,0,0,1,1,0,0,0,0,0,0,0,0,0,0,2,30,0,4,47,0.0,0,0,1,0,0,2,0,1,0,0,0,0,0,0,0,0,0,2,33,41,59,248,0.4,7,1,1,0,0,1,1,1,0,0,0,0,0,0,0,0,0,3,6,42,69,223,-1.0,7,1,1,0,0,1,1,0,0,0,0,0,0,0,0,0,0,3,9,41,53,217,-1.0,7,1,1,0,0,1,1,0,0,0,0,0,0,0,0,0,0,3,13,42,61,358,-0.6,7,1,1,0,0,1,1,0,0,0,0,0,0,0,0,0,0,3,16,44,77,227,-0.4,7,1,1,0,0,1,1,0,0,0,0,0,0,0,0,0,0,3,23,46,67,114,-0.4,7,1,1,0,0,1,1,0,0,0,0,0,0,0,0,0,0,3,27,0,19,215,0.0,0,0,1,0,0,1,1,0,0,0,0,0,0,0,0,0,0,3,32,43,42,339,-0.3,7,1,1,0,0,1,1,0,0,0,0,0,0,0,0,0,0,3,38,25,71,66,-2.8,4,1,1,0,0,1,1,0,0,0,0,0,0,0,0,0,0,3,39,45,83,270,1.1,7,1,1,0,0,1,1,0,0,0,0,0,0,0,0,0,0,5,2,34,26,135,0.8,7,1,1,0,0,1,1,1,0,0,0,0,0,0,0,0,0,5,3,38,37,165,2.9,6,1,1,0,0,1,1,1,0,0,0,0,0,0,0,0,0,5,4,0,63,60,0.0,1,0,2,0,0,2,0,1,0,0,0,0,0,0,0,0,0,5,7,37,60,149,0.7,7,1,1,0,0,1,1,1,0,0,0,0,0,0,0,0,0,5,8,0,53,229,0.0,0,0,1,0,0,2,0,1,0,0,0,0,0,0,0,0,0,6,6,20,35,42,0.0,4,0,1,0,0,2,0,1,0,0,0,0,0,0,0,0,0,6,7,47,32,343,-1.4,7,1,1,0,0,1,1,1,0,0,0,0,0,0,0,0,0,6,8,0,3,302,0.0,0,0,1,0,0,2,0,1,0,0,0,0,0,0,0,0,0,6,9,47,60,119,0.8,7,1,1,0,0,1,1,1,0,0,0,0,0,0,0,0,0,6,10,34,28,177,-1.2,5,1,1,0,0,1,1,1,0,0,0,0,0,0,0,0,0,6,16,33,30,42,-4.4,4,1,1,0,0,1,1,1,0,0,0,0,0,0,0,0,0
94595000,1,48,0,0,10,44,43,334,1.3,7,1,1,1,0,1,1,0,0,0,1,0,0,0,1,0,1,0,12,47,33,102,-1.4,7,1,1,1,0,1,1,0,0,0,1,0,0,0,1,0,1,0,15,0,13,76,0.0,1,0,1,0,0,2,0,1,0,0,0,0,0,0,0,0,0,0,18,32,39,198,0.5,7,1,1,1,0,1,1,1,0,0,1,0,0,0,1,0,1,0,23,31,73,54,-0.3,7,1,1,1,0,1,1,1,0,0,1,0,0,0,1,0,1,0,24,33,33,37,-0.2,7,1,1,1,0,1,1,1,0,0,1,0,0,0,1,0,1,0,25,42,36,144,-1.0,7,1,1,1,0,1,1,1,0,0,1,0,0,0,1,0,1,0,28,46,28,228,0.9,7,1,1,1,0,1,1,0,0,0,1,0,0,0,1,0,1,0,32,41,31,302,0.1,7,1,1,1,0,1,1,0,0,0,1,0,0,0,1,0,1,1,127,0,21,258,0.0,0,0,0,0,0,2,0,1,0,0,0,0,0,0,0,0,0,1,128,34,46,238,0.0,6,0,0,0,0,2,1,1,0,0,0,0,0,0,0,0,0,1,129,42,53,229,0.0,7,0,1,0,0,2,1,1,0,0,0,0,0,0,0,0,0,1,137,41,60,149,0.0,7,0,0,0,0,2,1,1,0,0,0,0,0,0,0,0,0,2,4,0,1,265,0.0,0,0,1,0,0,2,0,1,0,0,0,0,0,0,0,0,0,2,7,19,12,61,0.0,3,0,1,0,0,2,0,1,0,0,0,0,0,0,0,0,0,2,10,0,5,324,0.0,0,0,1,0,0,2,0,1,0,0,0,0,0,0,0,0,0,2,12,34,25,313,1.0,7,1,1,0,0,1,1,1,0,0,0,0,0,0,0,0,0,2,19,35,41,304,0.8,7,1,1,0,0,1,1,1,0,0,0,0,0,0,0,0,0,2,21,42,26,150,0.5,7,1,1,0,0,1,1,1,0,0,0,0,0,0,0,0,0,2,23,0,1,193,0.0,0,0,1,0,0,2,0,1,0,0,0,0,0,0,0,0,0,2,26,37,33,178,0.1,4,1,1,0,0,1,1,1,0,0,0,0,0,0,0,0,0,2,27,15,27,90,0.0,3,0,1,0,0,1,1,1,0,0,0,0,0,0,0,0,0,2,29,42,47,15,0.6,7,1,1,0,0,1,1,0,0,0,0,0,0,0,0,0,0,2,30,0,4,47,0.0,0,0,1,0,0,2,0,1,0,0,0,0,0,0,0,0,0,2,33,45,59,248,0.4,7,1,1,0,0,1,1,1,0,0,0,0,0,0,0,0,0,3,6,42,69,223,-1.0,7,1,1,0,0,1,1,0,0,0,0,0,0,0,0,0,0,3,9,39,53,217,-1.0,7,1,1,0,0,1,1,0,0,0,0,0,0,0,0,0,0,3,13,41,61,358,-0.5,7,1,1,0,0,1,1,0,0,0,0,0,0,0,0,0,0,3,16,42,77,227,-0.4,7,1,1,0,0,1,1,0,0,0,0,0,0,0,0,0,0,3,23,48,67,114,-0.4,7,1,1,0,0,1,1,0,0,0,0,0,0,0,0,0,0,3,27,0,19,215,0.0,0,0,1,0,0,1,1,0,0,0,0,0,0,0,0,0,0,3,32,44,42,339,-0.2,7,1,1,0,0,1,1,0,0,0,0,0,0,0,0,0,0,3,38,24,71,66,-3.3,4,1,1,0,0,1,1,0,0,0,0,0,0,0,0,0,0,3,39,43,83,270,1.1,7,1,1,0,0,1,1,0,0,0,0,0,0,0,0,0,0,5,2,34,26,135,0.8,7,1,1,0,0,1,1,1,0,0,0,0,0,0,0,0,0,5,3,40,37,165,1.4,6,1,1,0,0,1,1,1,0,0,0,0,0,0,0,0,0,5,4,0,63,60,0.0,1,0,2,0,0,2,0,1,0,0,0,0,0,0,0,0,0,5,7,37,60,149,0.7,7,1,1,0,0,1,1,1,0,0,0,0,0,0,0,0,0,5,8,0,53,229,0.0,0,0,1,0,0,2,0,1,0,0,0,0,0,0,0,0,0,6,6,18,35,42,0.0,4,0,1,0,0,2,0,1,0,0,0,0,0,0,0,0,0,6,7,46,32,344,-1.4,7,1,1,0,0,1,1,1,0,0,0,0,0,0,0,0,0,6,8,0,3,302,0.0,0,0,1,0,0,2,0,1,0,0,0,0,0,0,0,0,0,6,9,45,60,119,0.8,7,1,1,0,0,1,1,1,0,0,0,0,0,0,0,0,0,6,10,30,28,177,0.1,4,1,1,0,0,1,1,1,0,0,0,0,0,0,0,0,0,6,16,28,30,42,-6.1,5,1,1,0,0,1,1,1,0,0,0,0,0,0,0,0,0
94596000,1,48,0,0,10,44,43,334,1.2,7,1,1,1,0,1,1,0,0,0,1,0,0,0,1,0,1,0,12,41,33,102,-1.3,7,1,1,1,0,1,1,0,0,0,1,0,0,0,1,0,1,0,15,0,13,76,0.0,1,0,1,0,0,2,0,1,0,0,0,0,0,0,0,0,0,0,18,39,39,198,0.5,7,1,1,1,0,1,1,1,0,0,1,0,0,0,1,0,1,0,23,21,73,54,-0.5,4,1,1,1,0,1,1,1,0,0,1,0,0,0,1,0,1,0,24,21,33,37,-2.5,4,1,1,1,0,1,1,1,0,0,1,0,0,0,1,0,1,0,25,44,36,144,-0.9,7,1,1,1,0,1,1,1,0,0,1,0,0,0,1,0,1,0,28,40,28,228,0.9,7,1,1,1,0,1,1,0,0,0,1,0,0,0,1,0,1,0,32,42,31,302,0.1,7,1,1,1,0,1,1,0,0,0,1,0,0,0,1,0,1,1,127,0,21,258,0.0,0,0,0,0,0,2,0,1,0,0,0,0,0,0,0,0,0,1,128,36,46,238,0.0,6,0,0,0,0,2,1,1,0,0,0,0,0,0,0,0,0,1,129,40,53,229,0.0,7,0,1,0,0,2,1,1,0,0,0,0,0,0,0,0,0,1,137,41,60,149,0.0,7,0,0,0,0,2,1,1,0,0,0,0,0,0,0,0,0,2,4,0,1,265,0.0,0,0,1,0,0,2,0,1,0,0,0,0,0,0,0,0,0,2,7,21,12,61,0.0,3,0,1,0,0,2,0,1,0,0,0,0,0,0,0,0,0,2,10,0,5,324,0.0,0,0,1,0,0,2,0,1,0,0,0,0,0,0,0,0,0,2,12,33,25,313,-0.4,7,1,1,0,0,1,1,1,0,0,0,0,0,0,0,0,0,2,19,35,41,304,0.9,7,1,1,0,0,1,1,1,0,0,0,0,0,0,0,0,0,2,21,43,26,150,0.3,7,1,1,0,0,1,1,1,0,0,0,0,0,0,0,0,0,2,23,0,1,193,0.0,0,0,1,0,0,2,0,1,0,0,0,0,0,0,0,0,0,2,26,31,33,178,-3.2,4,1,1,0,0,1,1,1,0,0,0,0,0,0,0,0,0,2,27,15,27,90,0.0,3,0,1,0,0,1,1,1,0,0,0,0,0,0,0,0,0,2,29,45,47,15,0.6,7,1,1,0,0,1,1,0,0,0,0,0,0,0,0,0,0,2,30,0,4,47,0.0,0,0,1,0,0,2,0,1,0,0,0,0,0,0,0,0,0,2,33,43,59,248,0.4,7,1,1,0,0,1,1,1,0,0,0,0,0,0,0,0,0,3,6,43,69,223,-0.9,7,1,1,0,0,1,1,0,0,0,0,0,0,0,0,0,0,3,9,38,53,217,-1.0,7,1,1,0,0,1,1,0,0,0,0,0,0,0,0,0,0,3,13,42,61,358,-0.6,7,1,1,0,0,1,1,0,0,0,0,0,0,0,0,0,0,3,16,45,77,227,-0.4,7,1,1,0,0,1,1,0,0,0,0,0,0,0,0,0,0,3,23,45,67,114,-0.4,7,1,1,0,0,1,1,0,0,0,0,0,0,0,0,0,0,3,27,0,19,215,0.0,0,0,1,0,0,1,1,0,0,0,0,0,0,0,0,0,0,3,32,42,42,339,-0.3,7,1,1,0,0,1,1,0,0,0,0,0,0,0,0,0,0,3,38,22,71,66,-7.1,4,1,1,0,0,1,1,0,0,0,0,0,0,0,0,0,0,3,39,45,83,270,1.2,7,1,1,0,0,1,1,0,0,0,0,0,0,0,0,0,0,5,2,34,26,135,0.8,7,1,1,0,0,1,1,1,0,0,0,0,0,0,0,0,0,5,3,40,37,165,2.9,6,1,1,0,0,1,1,1,0,0,0,0,0,0,0,0,0,5,4,0,63,60,0.0,1,0,2,0,0,2,0,1,0,0,0,0,0,0,0,0,0,5,7,37,60,149,0.7,7,1,1,0,0,1,1,1,0,0,0,0,0,0,0,0,0,5,8,0,53,229,0.0,0,0,1,0,0,2,0,1,0,0,0,0,0,0,0,0,0,6,6,17,35,42,0.0,4,0,1,0,0,2,0,1,0,0,0,0,0,0,0,0,0,6,7,44,32,344,-1.5,7,1,1,0,0,1,1,1,0,0,0,0,0,0,0,0,0,6,8,0,4,302,0.0,0,0,1,0,0,2,0,1,0,0,0,0,0,0,0,0,0,6,9,48,60,119,0.7,7,1,1,0,0,1,1,1,0,0,0,0,0,0,0,0,0,6,10,28,28,177,2.2,4,1,1,0,0,1,1,1,0,0,0,0,0,0,0,0,0,6,16,27,30,42,-10.8,4,1,1,0,0,1,1,1,0,0,0,0,0,0,0,0,0
94597000,1,48,0,0,10,47,43,334,1.1,7,1,1,1,0,1,1,0,0,0,1,0,0,0,1,0,1,0,12,45,33,102,-1.2,7,1,1,1,0,1,1,0,0,0,1,0,0,0,1,0,1,0,15,0,13,76,0.0,1,0,1,0,0,2,0,1,0,0,0,0,0,0,0,0,0,0,18,39,39,198,0.6,7,1,1,1,0,1,1,1,0,0,1,0,0,0,1,0,1,0,23,21,73,54,-1.8,4,1,1,1,0,1,1,1,0,0,1,0,0,0,1,0,1,0,24,20,33,37,-4.8,4,1,1,1,0,1,1,1,0,0,1,0,0,0,1,0,1,0,25,43,36,144,-0.8,7,1,1,1,0,1,1,1,0,0,1,0,0,0,1,0,1,0,28,39,28,228,1.0,7,1,1,1,0,1,1,0,0,0,1,0,0,0,1,0,1,0,32,37,31,302,0.1,7,1,1,1,0,1,1,0,0,0,1,0,0,0,1,0,1,1,127,0,21,258,0.0,0,0,0,0,0,2,0,1,0,0,0,0,0,0,0,0,0,1,128,42,46,238,0.0,6,0,0,0,0,2,1,1,0,0,0,0,0,0,0,0,0,1,129,43,53,229,0.0,7,0,1,0,0,2,1,1,0,0,0,0,0,0,0,0,0,1,137,39,60,149,0.0,7,0,0,0,0,2,1,1,0,0,0,0,0,0,0,0,0,2,4,0,1,265,0.0,0,0,1,0,0,2,0,1,0,0,0,0,0,0,0,0,0,2,7,23,12,61,0.0,3,0,1,0,0,2,0,1,0,0,0,0,0,0,0,0,0,2,10,0,5,324,0.0,0,0,1,0,0,2,0,1,0,0,0,0,0,0,0,0,0,2,12,28,25,313,-1.2,7,1,1,0,0,1,1,1,0,0,0,0,0,0,0,0,0,2,19,31,41,304,1.0,7,1,1,0,0,1,1,1,0,0,0,0,0,0,0,0,0,2,21,41,26,150,0.3,7,1,1,0,0,1,1,1,0,0,0,0,0,0,0,0,0,2,23,0,1,193,0.0,0,0,1,0,0,2,0,1,0,0,0,0,0,0,0,0,0,2,26,34,33,178,1.8,5,1,1,0,0,1,1,1,0,0,0,0,0,0,0,0,0,2,27,15,27,90,-39.3,4,1,1,0,0,1,1,1,0,0,0,0,0,0,0,0,0,2,29,43,47,15,0.6,7,1,1,0,0,1,1,0,0,0,0,0,0,0,0,0,0,2,30,0,4,47,0.0,0,0,1,0,0,2,0,1,0,0,0,0,0,0,0,0,0,2,33,42,59,248,0.4,7,1,1,0,0,1,1,1,0,0,0,0,0,0,0,0,0,3,6,42,69,223,-0.9,7,1,1,0,0,1,1,0,0,0,0,0,0,0,0,0,0,3,9,39,53,217,-0.8,7,1,1,0,0,1,1,0,0,0,0,0,0,0,0,0,0,3,13,41,61,358,-0.5,7,1,1,0,0,1,1,0,0,0,0,0,0,0,0,0,0,3,16,44,77,227,-0.5,7,1,1,0,0,1,1,0,0,0,0,0,0,0,0,0,0,3,23,47,67,114,-0.1,7,1,1,0,0,1,1,0,0,0,0,0,0,0,0,0,0,3,27,0,19,215,0.0,0,0,1,0,0,1,1,0,0,0,0,0,0,0,0,0,0,3,32,42,42,339,-0.2,7,1,1,0,0,1,1,0,0,0,0,0,0,0,0,0,0,3,38,20,71,66,-4.6,4,1,1,0,0,1,1,0,0,0,0,0,0,0,0,0,0,3,39,44,83,270,1.3,7,1,1,0,0,1,1,0,0,0,0,0,0,0,0,0,0,5,2,34,26,135,0.6,7,1,1,0,0,1,1,1,0,0,0,0,0,0,0,0,0,5,3,42,37,165,2.8,7,1,1,0,0,1,1,1,0,0,0,0,0,0,0,0,0,5,4,0,63,60,0.0,1,0,2,0,0,2,0,1,0,0,0,0,0,0,0,0,0,5,7,34,60,149,0.7,7,1,1,0,0,1,1,1,0,0,0,0,0,0,0,0,0,5,8,0,53,229,0.0,0,0,1,0,0,2,0,1,0,0,0,0,0,0,0,0,0,6,6,16,35,42,0.0,4,0,1,0,0,2,0,1,0,0,0,0,0,0,0,0,0,6,7,40,32,344,-1.6,7,1,1,0,0,1,1,1,0,0,0,0,0,0,0,0,0,6,8,0,4,302,0.0,0,0,1,0,0,2,0,1,0,0,0,0,0,0,0,0,0,6,9,46,61,118,0.9,7,1,1,0,0,1,1,1,0,0,0,0,0,0,0,0,0,6,10,32,28,177,0.0,3,0,1,0,0,1,1,1,0,0,0,0,0,0,0,0,0,6,16,26,30,42,-10.7,4,1,1,0,0,1,1,1,0,0,0,0,0,0,0,0,0
94598000,1,48,0,0,10,44,43,334,1.2,7,1,1,1,0,1,1,0,0,0,1,0,0,0,1,0,1,0,12,43,33,102,-1.1,7,1,1,1,0,1,1,0,0,0,1,0,0,0,1,0,1,0,15,0,13,76,0.0,1,0,1,0,0,2,0,1,0,0,0,0,0,0,0,0,0,0,18,37,39,198,0.8,7,1,1,1,0,1,1,1,0,0,1,0,0,0,1,0,1,0,23,23,73,54,-3.6,4,1,1,1,0,1,1,1,0,0,1,0,0,0,1,0,1,0,24,23,33,37,-5.5,4,1,1,1,0,1,1,1,0,0,1,0,0,0,1,0,1,0,25,43,36,144,-0.6,7,1,1,1,0,1,1,1,0,0,1,0,0,0,1,0,1,0,28,34,28,228,1.0,7,1,1,1,0,1,1,0,0,0,1,0,0,0,1,0,1,0,32,30,31,302,0.0,4,1,1,1,0,1,1,0,0,0,1,0,0,0,1,0,1,1,127,0,21,258,0.0,0,0,0,0,0,2,0,1,0,0,0,0,0,0,0,0,0,1,128,37,46,238,0.0,6,0,0,0,0,2,1,1,0,0,0,0,0,0,0,0,0,1,129,38,53,229,0.0,7,0,1,0,0,2,1,1,0,0,0,0,0,0,0,0,0,1,137,43,60,149,0.0,7,0,0,0,0,2,1,1,0,0,0,0,0,0,0,0,0,2,4,0,1,265,0.0,0,0,1,0,0,2,0,1,0,0,0,0,0,0,0,0,0,2,7,24,12,61,0.0,4,0,1,0,0,2,0,1,0,0,0,0,0,0,0,0,0,2,10,0,5,324,0.0,0,0,1,0,0,2,0,1,0,0,0,0,0,0,0,0,0,2,12,26,25,313,-3.0,4,1,1,0,0,1,1,1,0,0,0,0,0,0,0,0,0,2,19,32,41,304,0.7,7,1,1,0,0,1,1,1,0,0,0,0,0,0,0,0,0,2,21,40,26,150,0.4,7,1,1,0,0,1,1,1,0,0,0,0,0,0,0,0,0,2,23,0,1,193,0.0,0,0,1,0,0,2,0,1,0,0,0,0,0,0,0,0,0,2,26,39,33,178,2.1,5,1,1,0,0,1,1,1,0,0,0,0,0,0,0,0,0,2,27,15,27,90,0.0,3,0,1,0,0,1,1,1,0,0,0,0,0,0,0,0,0,2,29,42,47,15,0.5,7,1,1,0,0,1,1,0,0,0,0,0,0,0,0,0,0,2,30,0,4,47,0.0,0,0,1,0,0,2,0,1,0,0,0,0,0,0,0,0,0,2,33,43,59,248,0.6,7,1,1,0,0,1,1,1,0,0,0,0,0,0,0,0,0,3,6,40,69,223,-0.6,7,1,1,0,0,1,1,0,0,0,0,0,0,0,0,0,0,3,9,34,53,217,-0.6,7,1,1,0,0,1,1,0,0,0,0,0,0,0,0,0,0,3,13,41,61,358,-0.3,7,1,1,0,0,1,1,0,0,0,0,0,0,0,0,0,0,3,16,44,77,227,-0.1,7,1,1,0,0,1,1,0,0,0,0,0,0,0,0,0,0,3,23,44,67,114,0.0,7,1,1,0,0,1,1,0,0,0,0,0,0,0,0,0,0,3,27,0,19,215,0.0,0,0,1,0,0,1,1,0,0,0,0,0,0,0,0,0,0,3,32,45,42,339,0.0,7,1,1,0,0,1,1,0,0,0,0,0,0,0,0,0,0,3,38,18,71,66,-5.6,4,1,1,0,0,1,1,0,0,0,0,0,0,0,0,0,0,3,39,45,83,270,1.4,7,1,1,0,0,1,1,0,0,0,0,0,0,0,0,0,0,5,2,24,26,135,0.5,4,1,1,0,0,1,1,1,0,0,0,0,0,0,0,0,0,5,3,41,37,165,2.8,7,1,1,0,0,1,1,1,0,0,0,0,0,0,0,0,0,5,4,0,63,60,0.0,1,0,2,0,0,2,0,1,0,0,0,0,0,0,0,0,0,5,7,39,60,149,0.9,7,1,1,0,0,1,1,1,0,0,0,0,0,0,0,0,0,5,8,0,53,229,0.0,0,0,1,0,0,2,0,1,0,0,0,0,0,0,0,0,0,6,6,15,35,42,0.0,4,0,1,0,0,2,0,1,0,0,0,0,0,0,0,0,0,6,7,43,32,344,-1.5,7,1,1,0,0,1,1,1,0,0,0,0,0,0,0,0,0,6,8,0,4,302,0.0,0,0,1,0,0,2,0,1,0,0,0,0,0,0,0,0,0,6,9,47,61,118,1.0,7,1,1,0,0,1,1,1,0,0,0,0,0,0,0,0,0,6,10,32,29,177,1.3,6,1,1,0,0,1,1,1,0,0,0,0,0,0,0,0,0,6,16,25,30,42,-11.8,4,1,1,0,0,1,1,1,0,0,0,0,0,0,0,0,0
94599000,1,48,0,0,10,42,43,334,1.2,7,1,1,1,0,1,1,0,0,0,1,0,0,0,1,0,1,0,12,38,33,102,-1.1,7,1,1,1,0,1,1,0,0,0,1,0,0,0,1,0,1,0,15,0,13,76,0.0,1,0,1,0,0,2,0,1,0,0,0,0,0,0,0,0,0,0,18,39,39,198,0.7,7,1,1,1,0,1,1,1,0,0,1,0,0,0,1,0,1,0,23,22,73,54,-6.1,4,1,1,1,0,1,1,1,0,0,1,0,0,0,1,0,1,0,24,22,33,37,-8.3,4,1,1,1,0,1,1,1,0,0,1,0,0,0,1,0,1,0,25,42,36,144,-0.7,7,1,1,1,0,1,1,1,0,0,1,0,0,0,1,0,1,0,28,31,28,228,0.9,5,1,1,1,0,1,1,0,0,0,1,0,0,0,1,0,1,0,32,37,31,302,-1.7,4,1,1,1,0,1,1,0,0,0,1,0,0,0,1,0,1,1,127,0,21,258,0.0,0,0,0,0,0,2,0,1,0,0,0,0,0,0,0,0,0,1,128,38,46,238,0.0,6,0,0,0,0,2,1,1,0,0,0,0,0,0,0,0,0,1,129,38,53,229,0.0,5,0,1,0,0,2,1,1,0,0,0,0,0,0,0,0,0,1,137,43,60,149,0.0,5,0,0,0,0,2,1,1,0,0,0,0,0,0,0,0,0,2,4,0,1,265,0.0,0,0,1,0,0,2,0,1,0,0,0,0,0,0,0,0,0,2,7,24,12,61,0.0,4,0,1,0,0,2,0,1,0,0,0,0,0,0,0,0,0,2,10,0,5,324,0.0,0,0,1,0,0,2,0,1,0,0,0,0,0,0,0,0,0,2,12,25,25,313,-7.5,4,1,1,0,0,1,1,1,0,0,0,0,0,0,0,0,0,2,19,35,41,304,0.2,5,1,1,0,0,1,1,1,0,0,0,0,0,0,0,0,0,2,21,38,26,150,-0.2,7,1,1,0,0,1,1,1,0,0,0,0,0,0,0,0,0,2,23,0,1,193,0.0,0,0,1,0,0,2,0,1,0,0,0,0,0,0,0,0,0,2,26,42,33,178,3.4,7,1,1,0,0,1,1,1,0,0,0,0,0,0,0,0,0,2,27,15,27,90,0.0,3,0,1,0,0,1,1,1,0,0,0,0,0,0,0,0,0,2,29,43,47,15,0.6,7,1,1,0,0,1,1,0,0,0,0,0,0,0,0,0,0,2,30,0,4,47,0.0,0,0,1,0,0,2,0,1,0,0,0,0,0,0,0,0,0,2,33,42,59,248,0.5,7,1,1,0,0,1,1,1,0,0,0,0,0,0,0,0,0,3,6,40,69,223,-0.7,6,1,1,0,0,1,1,0,0,0,0,0,0,0,0,0,0,3,9,36,53,217,-0.6,6,1,1,0,0,1,1,1,0,0,0,0,0,0,0,0,0,3,13,41,61,358,-0.5,7,1,1,0,0,1,1,0,0,0,0,0,0,0,0,0,0,3,16,42,77,227,-0.3,6,1,1,0,0,1,1,0,0,0,0,0,0,0,0,0,0,3,23,44,67,114,-0.1,6,1,1,0,0,1,1,0,0,0,0,0,0,0,0,0,0,3,27,0,19,215,0.0,0,0,1,0,0,1,1,0,0,0,0,0,0,0,0,0,0,3,32,42,42,339,0.1,7,1,1,0,0,1,1,0,0,0,0,0,0,0,0,0,0,3,38,18,71,66,-6.5,4,1,1,0,0,1,1,0,0,0,0,0,0,0,0,0,0,3,39,45,83,270,1.3,7,1,1,0,0,1,1,0,0,0,0,0,0,0,0,0,0,5,2,25,26,135,-5.4,5,1,1,0,0,1,1,1,0,0,0,0,0,0,0,0,0,5,3,45,37,165,2.6,7,1,1,0,0,1,1,1,0,0,0,0,0,0,0,0,0,5,4,0,63,60,0.0,1,0,2,0,0,2,0,1,0,0,0,0,0,0,0,0,0,5,7,39,60,149,0.8,7,1,1,0,0,1,1,1,0,0,0,0,0,0,0,0,0,5,8,0,53,229,0.0,0,0,1,0,0,2,0,1,0,0,0,0,0,0,0,0,0,6,6,14,35,42,0.0,4,0,1,0,0,2,0,1,0,0,0,0,0,0,0,0,0,6,7,41,32,344,-1.5,7,1,1,0,0,1,1,1,0,0,0,0,0,0,0,0,0,6,8,0,4,302,0.0,0,0,1,0,0,2,0,1,0,0,0,0,0,0,0,0,0,6,9,46,61,118,1.1,7,1,1,0,0,1,1,1,0,0,0,0,0,0,0,0,0,6,10,39,29,177,2.1,6,1,1,0,0,1,1,1,0,0,0,0,0,0,0,0,0,6,16,25,30,42,-16.2,4,1,1,0,0,1,1,1,0,0,0,0,0,0,0,0,0
94600000,1,48,0,0,10,41,43,334,1.2,7,1,1,1,0,1,1,0,0,0,1,0,0,0,1,0,1,0,12,34,33,102,-1.2,7,1,1,1,0,1,1,0,0,0,1,0,0,0,1,0,1,0,15,28,13,76,0.0,3,0,1,0,0,2,0,1,0,0,0,0,0,0,0,0,0,0,18,34,39,198,0.7,7,1,1,1,0,1,1,1,0,0,1,0,0,0,1,0,1,0,23,21,73,54,-9.2,4,1,1,1,0,1,1,1,0,0,1,0,0,0,1,0,1,0,24,21,33,37,-9.5,4,1,1,1,0,1,1,1,0,0,1,0,0,0,1,0,1,0,25,41,36,144,-0.7,7,1,1,1,0,1,1,1,0,0,1,0,0,0,1,0,1,0,28,31,28,228,0.9,6,1,1,1,0,1,1,0,0,0,1,0,0,0,1,0,1,0,32,37,31,302,2.7,5,1,1,1,0,1,1,0,0,0,1,0,0,0,1,0,1,1,127,0,21,258,0.0,0,0,0,0,0,2,0,1,0,0,0,0,0,0,0,0,0,1,128,37,46,238,0.0,6,0,0,0,0,2,1,1,0,0,0,0,0,0,0,0,0,1,129,38,53,229,0.0,6,0,1,0,0,2,1,1,0,0,0,0,0,0,0,0,0,1,137,42,60,149,0.0,6,0,0,0,0,2,1,1,0,0,0,0,0,0,0,0,0,2,4,0,1,265,0.0,0,0,1,0,0,2,0,1,0,0,0,0,0,0,0,0,0,2,7,23,12,61,0.0,4,0,1,0,0,2,0,1,0,0,0,0,0,0,0,0,0,2,10,0,5,324,0.0,0,0,1,0,0,2,0,1,0,0,0,0,0,0,0,0,0,2,12,24,25,313,-12.5,4,1,1,0,0,1,1,1,0,0,0,0,0,0,0,0,0,2,19,31,41,304,0.7,7,1,1,0,0,1,1,1,0,0,0,0,0,0,0,0,0,2,21,32,26,150,0.3,7,1,1,0,0,1,1,1,0,0,0,0,0,0,0,0,0,2,23,0,1,193,0.0,0,0,1,0,0,2,0,1,0,0,0,0,0,0,0,0,0,2,26,41,33,178,4.2,7,1,1,0,0,1,1,1,0,0,0,0,0,0,0,0,0,2,27,13,27,90,0.0,3,0,1,0,0,1,1,1,0,0,0,0,0,0,0,0,0,2,29,44,47,15,0.7,7,1,1,0,0,1,1,0,0,0,0,0,0,0,0,0,0,2,30,0,4,47,0.0,0,0,1,0,0,2,0,1,0,0,0,0,0,0,0,0,0,2,33,40,59,248,0.9,7,1,1,0,0,1,1,1,0,0,0,0,0,0,0,0,0,3,6,41,69,223,-0.7,6,1,1,0,0,1,1,0,0,0,0,0,0,0,0,0,0,3,9,39,53,218,-0.6,6,1,1,0,0,1,1,1,0,0,0,0,0,0,0,0,0,3,13,38,61,358,-0.5,7,1,1,0,0,1,1,0,0,0,0,0,0,0,0,0,0,3,16,44,77,227,-0.2,6,1,1,0,0,1,1,0,0,0,0,0,0,0,0,0,0,3,23,45,67,114,0.0,6,1,1,0,0,1,1,0,0,0,0,0,0,0,0,0,0,3,27,0,19,215,0.0,0,0,1,0,0,1,1,0,0,0,0,0,0,0,0,0,0,3,32,35,42,339,0.2,7,1,1,0,0,1,1,0,0,0,0,0,0,0,0,0,0,3,38,18,71,66,-6.0,4,1,1,0,0,1,1,0,0,0,0,0,0,0,0,0,0,3,39,45,83,270,1.3,7,1,1,0,0,1,1,0,0,0,0,0,0,0,0,0,0,5,2,23,26,135,-10.9,4,1,1,0,0,1,1,1,0,0,0,0,0,0,0,0,0,5,3,42,37,165,2.5,7,1,1,0,0,1,1,1,0,0,0,0,0,0,0,0,0,5,4,0,63,60,0.0,1,0,2,0,0,2,0,1,0,0,0,0,0,0,0,0,0,5,7,38,60,149,0.7,7,1,1,0,0,1,1,1,0,0,0,0,0,0,0,0,0,5,8,0,53,229,0.0,0,0,1,0,0,2,0,1,0,0,0,0,0,0,0,0,0,6,6,13,35,42,0.0,4,0,1,0,0,2,0,1,0,0,0,0,0,0,0,0,0,6,7,39,32,344,-1.6,7,1,1,0,0,1,1,1,0,0,0,0,0,0,0,0,0,6,8,0,4,302,0.0,0,0,1,0,0,2,0,1,0,0,0,0,0,0,0,0,0,6,9,48,61,118,1.1,7,1,1,0,0,1,1,1,0,0,0,0,0,0,0,0,0,6,10,36,29,177,3.3,6,1,1,0,0,1,1,1,0,0,0,0,0,0,0,0,0,6,16,23,30,42,-19.7,4,1,1,0,0,1,1,1,0,0,0,0,0,0,0,0,0
94601000,1,50,0,0,10,40,43,334,1.3,7,1,1,1,0,1,1,0,0,0,1,0,0,0,1,0,1,0,11,0,-91,0,0.0,1,0,1,0,0,0,0,0,0,0,0,0,0,0,0,0,0,0,12,31,33,102,-1.0,7,1,1,1,0,1,1,0,0,0,1,0,0,0,1,0,1,0,15,26,13,76,0.0,3,0,1,0,0,2,0,1,0,0,0,0,0,0,0,0,0,0,18,39,39,198,0.5,7,1,1,1,0,1,1,1,0,0,1,0,0,0,1,0,1,0,23,21,73,54,-9.7,4,1,1,1,0,1,1,1,0,0,1,0,0,0,1,0,1,0,24,20,33,37,-11.8,4,1,1,1,0,1,1,1,0,0,1,0,0,0,1,0,1,0,25,42,36,144,-0.8,7,1,1,1,0,1,1,1,0,0,1,0,0,0,1,0,1,0,27,0,-91,0,0.0,1,0,1,0,0,0,0,0,0,0,0,0,0,0,0,0,0,0,28,31,28,228,-0.9,4,1,1,1,0,1,1,0,0,0,1,0,0,0,1,0,1,0,32,29,31,302,-2.8,6,1,1,1,0,1,1,0,0,0,1,0,0,0,1,0,1,1,127,0,21,258,0.0,0,0,0,0,0,2,0,1,0,0,0,0,0,0,0,0,0,1,128,40,46,238,0.0,7,0,0,0,0,2,1,1,0,0,0,0,0,0,0,0,0,1,129,39,53,229,0.0,6,0,1,0,0,2,1,1,0,0,0,0,0,0,0,0,0,1,137,42,60,149,0.0,6,0,0,0,0,2,1,1,0,0,0,0,0,0,0,0,0,2,4,0,1,265,0.0,0,0,1,0,0,2,0,1,0,0,0,0,0,0,0,0,0,2,7,22,12,61,0.0,4,0,1,0,0,2,0,1,0,0,0,0,0,0,0,0,0,2,10,0,5,324,0.0,0,0,1,0,0,2,0,1,0,0,0,0,0,0,0,0,0,2,12,24,25,313,-11.7,4,1,1,0,0,1,1,1,0,0,0,0,0,0,0,0,0,2,19,32,41,304,0.8,7,1,1,0,0,1,1,1,0,0,0,0,0,0,0,0,0,2,21,31,26,150,0.4,7,1,1,0,0,1,1,1,0,0,0,0,0,0,0,0,0,2,23,0,1,193,0.0,0,0,1,0,0,2,0,1,0,0,0,0,0,0,0,0,0,2,26,42,33,178,-1.3,7,1,1,0,0,1,1,1,0,0,0,0,0,0,0,0,0,2,27,11,27,90,0.0,3,0,1,0,0,1,1,1,0,0,0,0,0,0,0,0,0,2,29,34,47,15,0.5,7,1,1,0,0,1,1,0,0,0,0,0,0,0,0,0,0,2,30,0,4,47,0.0,0,0,1,0,0,2,0,1,0,0,0,0,0,0,0,0,0,2,33,40,59,248,0.6,7,1,1,0,0,1,1,1,0,0,0,0,0,0,0,0,0,3,6,40,69,223,-0.9,6,1,1,0,0,1,1,0,0,0,0,0,0,0,0,0,0,3,9,37,53,218,-0.7,6,1,1,0,0,1,1,1,0,0,0,0,0,0,0,0,0,3,13,42,61,358,-0.5,7,1,1,0,0,1,1,0,0,0,0,0,0,0,0,0,0,3,16,42,77,227,-0.2,6,1,1,0,0,1,1,0,0,0,0,0,0,0,0,0,0,3,23,46,67,114,0.0,6,1,1,0,0,1,1,0,0,0,0,0,0,0,0,0,0,3,27,0,19,215,0.0,0,0,1,0,0,1,1,0,0,0,0,0,0,0,0,0,0,3,32,39,42,339,0.2,7,1,1,0,0,1,1,0,0,0,0,0,0,0,0,0,0,3,38,19,71,66,-6.3,4,1,1,0,0,1,1,0,0,0,0,0,0,0,0,0,0,3,39,45,83,270,1.2,7,1,1,0,0,1,1,0,0,0,0,0,0,0,0,0,0,5,2,30,26,135,-13.6,5,1,1,0,0,1,1,1,0,0,0,0,0,0,0,0,0,5,3,40,37,165,2.4,7,1,1,0,0,1,1,1,0,0,0,0,0,0,0,0,0,5,4,0,63,60,0.0,1,0,2,0,0,2,0,1,0,0,0,0,0,0,0,0,0,5,7,38,60,149,0.7,7,1,1,0,0,1,1,1,0,0,0,0,0,0,0,0,0,5,8,0,53,229,0.0,0,0,1,0,0,2,0,1,0,0,0,0,0,0,0,0,0,6,6,0,35,42,0.0,1,0,1,0,0,2,0,1,0,0,0,0,0,0,0,0,0,6,7,39,32,344,-1.5,5,1,1,0,0,1,1,1,0,0,0,0,0,0,0,0,0,6,8,0,4,302,0.0,0,0,1,0,0,2,0,1,0,0,0,0,0,0,0,0,0,6,9,45,61,118,1.1,7,1,1,0,0,1,1,1,0,0,0,0,0,0,0,0,0
94602000,1,50,0,0,10,42,43,334,1.3,7,1,1,1,0,1,1,0,0,0,1,0,0,0,1,0,1,0,11,22,-91,0,0.0,3,0,1,0,0,0,0,0,0,0,0,0,0,0,0,0,0,0,12,28,33,102,-0.9,7,1,1,1,0,1,1,0,0,0,1,0,0,0,1,0,1,0,15,25,13,76,0.0,4,0,1,0,0,2,0,1,0,0,0,0,0,0,0,0,0,0,18,43,39,198,0.5,7,1,1,1,0,1,1,1,0,0,1,0,0,0,1,0,1,0,23,19,73,54,-11.5,4,1,1,1,0,1,1,1,0,0,1,0,0,0,1,0,1,0,24,18,33,37,-14.8,4,1,1,1,0,1,1,1,0,0,1,0,0,0,1,0,1,0,25,42,36,144,-0.8,7,1,1,1,0,1,1,1,0,0,1,0,0,0,1,0,1,0,27,0,-91,0,0.0,1,0,1,0,0,0,0,0,0,0,0,0,0,0,0,0,0,0,28,30,28,228,-7.2,4,1,1,1,0,1,1,0,0,0,1,0,0,0,1,0,1,0,32,30,31,302,-3.0,5,1,1,1,0,1,1,0,0,0,1,0,0,0,1,0,1,1,127,0,21,258,0.0,0,0,0,0,0,2,0,1,0,0,0,0,0,0,0,0,0,1,128,41,46,238,0.0,7,0,0,0,0,2,1,1,0,0,0,0,0,0,0,0,0,1,129,42,53,229,0.0,6,0,1,0,0,2,1,1,0,0,0,0,0,0,0,0,0,1,137,40,60,149,0.0,6,0,0,0,0,2,1,1,0,0,0,0,0,0,0,0,0,2,4,0,1,265,0.0,0,0,1,0,0,2,0,1,0,0,0,0,0,0,0,0,0,2,7,20,12,61,0.0,4,0,1,0,0,2,0,1,0,0,0,0,0,0,0,0,0,2,10,0,5,324,0.0,0,0,1,0,0,2,0,1,0,0,0,0,0,0,0,0,0,2,12,25,25,313,-11.5,4,1,1,0,0,1,1,1,0,0,0,0,0,0,0,0,0,2,19,33,41,304,0.6,7,1,1,0,0,1,1,1,0,0,0,0,0,0,0,0,0,2,21,31,26,150,1.8,7,1,1,0,0,1,1,1,0,0,0,0,0,0,0,0,0,2,23,0,1,193,0.0,0,0,1,0,0,2,0,1,0,0,0,0,0,0,0,0,0,2,26,38,33,178,7.9,7,1,1,0,0,1,1,1,0,0,0,0,0,0,0,0,0,2,27,14,27,90,0.0,3,0,1,0,0,1,1,1,0,0,0,0,0,0,0,0,0,2,29,24,47,15,0.5,7,1,1,0,0,1,1,0,0,0,0,0,0,0,0,0,0,2,30,0,4,47,0.0,0,0,1,0,0,2,0,1,0,0,0,0,0,0,0,0,0,2,33,39,59,248,0.7,7,1,1,0,0,1,1,1,0,0,0,0,0,0,0,0,0,3,6,41,69,223,-0.9,6,1,1,0,0,1,1,0,0,0,0,0,0,0,0,0,0,3,9,39,53,218,-0.9,6,1,1,0,0,1,1,1,0,0,0,0,0,0,0,0,0,3,13,39,61,358,-0.6,7,1,1,0,0,1,1,0,0,0,0,0,0,0,0,0,0,3,16,43,77,227,-0.4,6,1,1,0,0,1,1,0,0,0,0,0,0,0,0,0,0,3,23,46,67,114,-0.1,6,1,1,0,0,1,1,0,0,0,0,0,0,0,0,0,0,3,27,0,19,215,0.0,0,0,1,0,0,1,1,0,0,0,0,0,0,0,0,0,0,3,32,39,42,339,0.2,7,1,1,0,0,1,1,0,0,0,0,0,0,0,0,0,0,3,38,20,71,66,-8.2,4,1,1,0,0,1,1,0,0,0,0,0,0,0,0,0,0,3,39,43,83,270,1.3,7,1,1,0,0,1,1,0,0,0,0,0,0,0,0,0,0,5,2,29,26,135,-16.8,4,0,1,0,0,1,1,1,0,0,0,0,0,0,0,0,0,5,3,42,37,165,2.3,7,1,1,0,0,1,1,1,0,0,0,0,0,0,0,0,0,5,4,22,63,60,0.0,3,0,2,0,0,2,0,1,0,0,0,0,0,0,0,0,0,5,7,37,60,149,0.7,7,1,1,0,0,1,1,1,0,0,0,0,0,0,0,0,0,5,8,0,53,229,0.0,0,0,1,0,0,2,0,1,0,0,0,0,0,0,0,0,0,6,6,0,35,42,0.0,1,0,1,0,0,2,0,1,0,0,0,0,0,0,0,0,0,6,7,39,32,344,-1.5,6,1,1,0,0,1,1,1,0,0,0,0,0,0,0,0,0,6,8,0,4,302,0.0,0,0,1,0,0,2,0,1,0,0,0,0,0,0,0,0,0,6,9,45,61,118,1.1,7,1,1,0,0,1,1,1,0,0,0,0,0,0,0,0,0
94603000,1,50,0,0,10,42,43,334,1.1,7,1,1,1,0,1,1,0,0,0,1,0,0,0,1,0,1,0,11,21,-91,0,0.0,3,0,1,0,0,0,0,0,0,0,0,0,0,0,0,0,0,0,12,28,33,102,-3.4,5,1,1,1,0,1,1,0,0,0,1,0,0,0,1,0,1,0,15,24,13,76,0.0,4,0,1,0,0,2,0,1,0,0,0,0,0,0,0,0,0,0,18,44,39,198,0.5,7,1,1,1,0,1,1,1,0,0,1,0,0,0,1,0,1,0,23,19,73,54,-13.2,4,1,1,1,0,1,1,1,0,0,1,0,0,0,1,0,1,0,24,17,33,37,-16.3,4,1,1,1,0,1,1,1,0,0,1,0,0,0,1,0,1,0,25,42,36,144,-0.6,7,1,1,1,0,1,1,1,0,0,1,0,0,0,1,0,1,0,27,0,-91,0,0.0,1,0,1,0,0,0,0,0,0,0,0,0,0,0,0,0,0,0,28,34,28,228,-5.9,4,1,1,1,0,1,1,0,0,0,1,0,0,0,1,0,1,0,32,33,31,302,-1.1,4,1,1,1,0,1,1,0,0,0,1,0,0,0,1,0,1,1,127,0,21,258,0.0,0,0,0,0,0,2,0,1,0,0,0,0,0,0,0,0,0,1,128,39,46,238,0.0,7,0,0,0,0,2,1,1,0,0,0,0,0,0,0,0,0,1,129,40,53,229,0.0,6,0,1,0,0,2,1,1,0,0,0,0,0,0,0,0,0,1,137,42,60,149,0.0,6,0,0,0,0,2,1,1,0,0,0,0,0,0,0,0,0,2,4,0,1,265,0.0,0,0,1,0,0,2,0,1,0,0,0,0,0,0,0,0,0,2,7,19,12,61,0.0,3,0,1,0,0,2,0,1,0,0,0,0,0,0,0,0,0,2,10,0,5,324,0.0,0,0,1,0,0,2,0,1,0,0,0,0,0,0,0,0,0,2,12,23,25,313,-13.9,4,1,1,0,0,1,1,1,0,0,0,0,0,0,0,0,0,2,19,36,41,304,0.5,7,1,1,0,0,1,1,1,0,0,0,0,0,0,0,0,0,2,21,33,26,150,0.7,7,1,1,0,0,1,1,1,0,0,0,0,0,0,0,0,0,2,23,0,1,193,0.0,0,0,1,0,0,2,0,1,0,0,0,0,0,0,0,0,0,2,26,42,33,178,-1.2,7,1,1,0,0,1,1,1,0,0,0,0,0,0,0,0,0,2,27,11,27,90,0.0,3,0,1,0,0,1,1,1,0,0,0,0,0,0,0,0,0,2,29,22,47,15,-2.2,4,1,1,0,0,1,1,0,0,0,0,0,0,0,0,0,0,2,30,0,4,47,0.0,0,0,1,0,0,2,0,1,0,0,0,0,0,0,0,0,0,2,33,43,59,248,0.2,7,1,1,0,0,1,1,1,0,0,0,0,0,0,0,0,0,3,6,38,69,223,-1.0,6,1,1,0,0,1,1,0,0,0,0,0,0,0,0,0,0,3,9,38,53,218,-1.0,6,1,1,0,0,1,1,1,0,0,0,0,0,0,0,0,0,3,13,44,61,358,-0.7,7,1,1,0,0,1,1,0,0,0,0,0,0,0,0,0,0,3,16,41,77,227,-0.4,6,1,1,0,0,1,1,0,0,0,0,0,0,0,0,0,0,3,23,46,67,114,-0.3,6,1,1,0,0,1,1,0,0,0,0,0,0,0,0,0,0,3,27,0,19,215,0.0,0,0,1,0,0,1,1,0,0,0,0,0,0,0,0,0,0,3,32,39,42,339,0.0,7,1,1,0,0,1,1,0,0,0,0,0,0,0,0,0,0,3,38,22,71,66,-8.3,4,1,1,0,0,1,1,0,0,0,0,0,0,0,0,0,0,3,39,43,83,270,1.2,7,1,1,0,0,1,1,0,0,0,0,0,0,0,0,0,0,5,2,27,26,135,-20.3,4,1,1,0,0,1,1,1,0,0,0,0,0,0,0,0,0,5,3,39,37,165,2.3,7,1,1,0,0,1,1,1,0,0,0,0,0,0,0,0,0,5,4,19,63,60,0.0,3,0,2,0,0,2,0,1,0,0,0,0,0,0,0,0,0,5,7,37,60,149,0.8,7,1,1,0,0,1,1,1,0,0,0,0,0,0,0,0,0,5,8,0,53,229,0.0,0,0,1,0,0,2,0,1,0,0,0,0,0,0,0,0,0,6,6,0,35,42,0.0,1,0,1,0,0,2,0,1,0,0,0,0,0,0,0,0,0,6,7,41,32,344,-1.6,5,1,1,0,0,1,1,1,0,0,0,0,0,0,0,0,0,6,8,0,4,302,0.0,0,0,1,0,0,2,0,1,0,0,0,0,0,0,0,0,0,6,9,48,61,118,1.0,7,1,1,0,0,1,1,1,0,0,0,0,0,0,0,0,0
94604000,1,50,0,0,4,0,-91,0,0.0,1,0,1,0,0,0,0,0,0,0,0,0,0,0,0,0,0,0,10,42,43,334,0.8,7,1,1,1,0,1,1,0,0,0,1,0,0,0,1,0,1,0,11,20,-91,0,0.0,3,0,1,0,0,0,0,0,0,0,0,0,0,0,0,0,0,0,12,27,33,102,-2.3,6,1,1,1,0,1,1,0,0,0,1,0,0,0,1,0,1,0,15,23,13,76,0.0,4,0,1,0,0,2,0,1,0,0,0,0,0,0,0,0,0,0,18,43,39,198,0.4,7,1,1,1,0,1,1,1,0,0,1,0,0,0,1,0,1,0,23,18,73,54,-12.6,4,1,1,1,0,1,1,1,0,0,1,0,0,0,1,0,1,0,24,20,33,37,0.0,3,0,1,0,0,1,1,1,0,0,0,0,0,0,0,0,0,0,25,41,36,144,-0.7,7,1,1,1,0,1,1,1,0,0,1,0,0,0,1,0,1,0,28,34,28,228,-5.4,5,1,1,1,0,1,1,0,0,0,1,0,0,0,1,0,1,0,32,36,31,302,1.4,5,1,1,1,0,1,1,0,0,0,1,0,0,0,1,0,1,1,127,0,21,258,0.0,0,0,0,0,0,2,0,1,0,0,0,0,0,0,0,0,0,1,128,39,46,238,0.0,7,0,0,0,0,2,1,1,0,0,0,0,0,0,0,0,0,1,129,40,53,229,0.0,6,0,1,0,0,2,1,1,0,0,0,0,0,0,0,0,0,1,137,39,60,149,0.0,6,0,0,0,0,2,1,1,0,0,0,0,0,0,0,0,0,2,4,0,1,265,0.0,0,0,1,0,0,2,0,1,0,0,0,0,0,0,0,0,0,2,7,19,12,61,0.0,3,0,1,0,0,2,0,1,0,0,0,0,0,0,0,0,0,2,10,0,5,324,0.0,0,0,1,0,0,2,0,1,0,0,0,0,0,0,0,0,0,2,12,24,25,313,-11.3,4,1,1,0,0,1,1,1,0,0,0,0,0,0,0,0,0,2,19,36,41,304,0.4,7,1,1,0,0,1,1,1,0,0,0,0,0,0,0,0,0,2,21,28,26,150,-4.2,4,1,1,0,0,1,1,1,0,0,0,0,0,0,0,0,0,2,23,0,1,193,0.0,0,0,1,0,0,2,0,1,0,0,0,0,0,0,0,0,0,2,26,41,33,178,4.8,7,1,1,0,0,1,1,1,0,0,0,0,0,0,0,0,0,2,27,12,27,90,18.4,4,1,1,0,0,1,1,1,0,0,0,0,0,0,0,0,0,2,29,22,47,15,-3.9,4,1,1,0,0,1,1,0,0,0,0,0,0,0,0,0,0,2,30,0,4,47,0.0,0,0,1,0,0,2,0,1,0,0,0,0,0,0,0,0,0,2,33,42,59,248,0.1,7,1,1,0,0,1,1,1,0,0,0,0,0,0,0,0,0,3,6,41,69,223,-1.3,6,1,1,0,0,1,1,0,0,0,0,0,0,0,0,0,0,3,9,36,53,218,-1.1,6,1,1,0,0,1,1,1,0,0,0,0,0,0,0,0,0,3,13,42,61,358,-0.9,7,1,1,0,0,1,1,0,0,0,0,0,0,0,0,0,0,3,16,42,77,227,-0.6,6,1,1,0,0,1,1,0,0,0,0,0,0,0,0,0,0,3,23,44,67,114,-0.5,6,1,1,0,0,1,1,0,0,0,0,0,0,0,0,0,0,3,27,0,19,215,0.0,0,0,1,0,0,1,1,0,0,0,0,0,0,0,0,0,0,3,32,37,42,339,-0.1,7,1,1,0,0,1,1,0,0,0,0,0,0,0,0,0,0,3,38,31,71,66,-4.8,5,1,1,0,0,1,1,0,0,0,0,0,0,0,0,0,0,3,39,45,83,270,1.0,7,1,1,0,0,1,1,0,0,0,0,0,0,0,0,0,0,5,2,33,26,135,-22.1,5,1,1,0,0,1,1,1,0,0,0,0,0,0,0,0,0,5,3,44,37,165,2.3,7,1,1,0,0,1,1,1,0,0,0,0,0,0,0,0,0,5,4,16,63,60,0.0,3,0,2,0,0,2,0,1,0,0,0,0,0,0,0,0,0,5,7,37,60,149,0.7,7,1,1,0,0,1,1,1,0,0,0,0,0,0,0,0,0,5,8,0,53,229,0.0,0,0,1,0,0,2,0,1,0,0,0,0,0,0,0,0,0,6,6,0,35,42,0.0,1,0,1,0,0,2,0,1,0,0,0,0,0,0,0,0,0,6,7,26,32,344,-1.2,4,1,1,0,0,1,1,1,0,0,0,0,0,0,0,0,0,6,8,0,4,302,0.0,0,0,1,0,0,2,0,1,0,0,0,0,0,0,0,0,0,6,9,46,61,118,0.8,7,1,1,0,0,1,1,1,0,0,0,0,0,0,0,0,0
94605000,1,49,0,0,4,0,-91,0,0.0,1,0,1,0,0,0,0,0,0,0,0,0,0,0,0,0,0,0,10,41,43,334,1.0,7,1,1,1,0,1,1,0,0,0,1,0,0,0,1,0,1,0,12,25,33,102,-7.3,4,1,1,1,0,1,1,0,0,0,1,0,0,0,1,0,1,0,15,21,13,76,0.0,3,0,1,0,0,2,0,1,0,0,0,0,0,0,0,0,0,0,18,40,39,198,0.5,7,1,1,1,0,1,1,1,0,0,1,0,0,0,1,0,1,0,23,22,73,54,-10.8,4,1,1,1,0,1,1,1,0,0,1,0,0,0,1,0,1,0,24,0,33,37,0.0,1,0,1,0,0,1,1,1,0,0,0,0,0,0,0,0,0,0,25,45,36,144,-0.7,7,1,1,1,0,1,1,1,0,0,1,0,0,0,1,0,1,0,28,31,28,228,-4.6,5,1,1,1,0,1,1,0,0,0,1,0,0,0,1,0,1,0,32,44,31,302,0.6,6,1,1,1,0,1,1,0,0,0,1,0,0,0,1,0,1,1,127,0,21,258,0.0,0,0,0,0,0,2,0,1,0,0,0,0,0,0,0,0,0,1,128,38,46,238,0.0,7,0,0,0,0,2,1,1,0,0,0,0,0,0,0,0,0,1,129,42,53,229,0.0,7,0,1,0,0,2,1,1,0,0,0,0,0,0,0,0,0,1,137,42,60,149,0.0,7,0,0,0,0,2,1,1,0,0,0,0,0,0,0,0,0,2,4,0,1,265,0.0,0,0,1,0,0,2,0,1,0,0,0,0,0,0,0,0,0,2,7,20,12,61,0.0,3,0,1,0,0,2,0,1,0,0,0,0,0,0,0,0,0,2,10,0,5,324,0.0,0,0,1,0,0,2,0,1,0,0,0,0,0,0,0,0,0,2,12,30,25,313,-6.3,5,1,1,0,0,1,1,1,0,0,0,0,0,0,0,0,0,2,19,36,41,304,0.7,7,1,1,0,0,1,1,1,0,0,0,0,0,0,0,0,0,2,21,27,26,150,-17.0,5,1,1,0,0,1,1,1,0,0,0,0,0,0,0,0,0,2,23,0,1,193,0.0,0,0,1,0,0,2,0,1,0,0,0,0,0,0,0,0,0,2,26,38,33,178,3.3,7,1,1,0,0,1,1,1,0,0,0,0,0,0,0,0,0,2,27,10,27,90,18.9,4,1,1,0,0,1,1,1,0,0,0,0,0,0,0,0,0,2,29,21,47,15,-5.6,4,1,1,0,0,1,1,0,0,0,0,0,0,0,0,0,0,2,30,0,4,47,0.0,0,0,1,0,0,2,0,1,0,0,0,0,0,0,0,0,0,2,33,44,59,248,0.3,7,1,1,0,0,1,1,1,0,0,0,0,0,0,0,0,0,3,6,41,69,223,-1.1,7,1,1,0,0,1,1,0,0,0,0,0,0,0,0,0,0,3,9,40,53,218,-1.0,7,1,1,0,0,1,1,1,0,0,0,0,0,0,0,0,0,3,13,38,61,358,-0.7,7,1,1,0,0,1,1,0,0,0,0,0,0,0,0,0,0,3,16,42,77,227,-0.6,7,1,1,0,0,1,1,0,0,0,0,0,0,0,0,0,0,3,23,47,67,114,-0.4,7,1,1,0,0,1,1,0,0,0,0,0,0,0,0,0,0,3,27,0,19,215,0.0,0,0,1,0,0,1,1,0,0,0,0,0,0,0,0,0,0,3,32,39,42,339,-0.1,7,1,1,0,0,1,1,0,0,0,0,0,0,0,0,0,0,3,38,39,71,66,0.0,7,1,1,0,0,1,1,0,0,0,0,0,0,0,0,0,0,3,39,43,83,270,1.1,7,1,1,0,0,1,1,0,0,0,0,0,0,0,0,0,0,5,2,32,26,135,-18.8,6,1,1,0,0,1,1,1,0,0,0,0,0,0,0,0,0,5,3,35,37,165,2.4,7,1,1,0,0,1,1,1,0,0,0,0,0,0,0,0,0,5,4,21,63,60,0.0,3,0,2,0,0,2,0,1,0,0,0,0,0,0,0,0,0,5,7,38,60,149,0.8,7,1,1,0,0,1,1,1,0,0,0,0,0,0,0,0,0,5,8,0,53,229,0.0,0,0,1,0,0,2,0,1,0,0,0,0,0,0,0,0,0,6,6,0,35,42,0.0,1,0,1,0,0,2,0,1,0,0,0,0,0,0,0,0,0,6,7,27,32,344,-4.8,5,1,1,0,0,1,1,1,0,0,0,0,0,0,0,0,0,6,8,0,4,302,0.0,0,0,1,0,0,2,0,1,0,0,0,0,0,0,0,0,0,6,9,46,61,118,1.0,7,1,1,0,0,1,1,1,0,0,0,0,0,0,0,0,0,6,10,37,29,177,7.3,5,1,1,0,0,1,1,1,0,0,0,0,0,0,0,0,0
94606000,1,49,0,0,4,0,-91,0,0.0,1,0,1,0,0,0,0,0,0,0,0,0,0,0,0,0,0,0,10,37,43,334,1.0,7,1,1,1,0,1,1,0,0,0,1,0,0,0,1,0,1,0,12,24,33,102,-11.0,4,1,1,1,0,1,1,0,0,0,1,0,0,0,1,0,1,0,15,20,13,76,0.0,3,0,1,0,0,2,0,1,0,0,0,0,0,0,0,0,0,0,18,43,39,198,0.5,7,1,1,1,0,1,1,1,0,0,1,0,0,0,1,0,1,0,23,25,73,54,-10.6,4,1,1,1,0,1,1,1,0,0,1,0,0,0,1,0,1,0,24,0,33,37,0.0,1,0,1,0,0,1,1,1,0,0,0,0,0,0,0,0,0,0,25,44,36,144,-0.6,7,1,1,1,0,1,1,1,0,0,1,0,0,0,1,0,1,0,28,31,28,228,-5.6,4,1,1,1,0,1,1,0,0,0,1,0,0,0,1,0,1,0,32,44,31,302,1.4,6,1,1,1,0,1,1,0,0,0,1,0,0,0,1,0,1,1,127,0,21,258,0.0,0,0,0,0,0,2,0,1,0,0,0,0,0,0,0,0,0,1,128,41,46,238,0.0,7,0,0,0,0,2,1,1,0,0,0,0,0,0,0,0,0,1,129,39,53,229,0.0,7,0,1,0,0,2,1,1,0,0,0,0,0,0,0,0,0,1,137,40,60,149,0.0,7,0,0,0,0,2,1,1,0,0,0,0,0,0,0,0,0,2,4,0,1,265,0.0,0,0,1,0,0,2,0,1,0,0,0,0,0,0,0,0,0,2,7,22,12,61,0.0,3,0,1,0,0,2,0,1,0,0,0,0,0,0,0,0,0,2,10,0,5,324,0.0,0,0,1,0,0,2,0,1,0,0,0,0,0,0,0,0,0,2,12,34,25,313,-0.4,7,1,1,0,0,1,1,1,0,0,0,0,0,0,0,0,0,2,19,40,41,304,0.7,7,1,1,0,0,1,1,1,0,0,0,0,0,0,0,0,0,2,21,28,26,150,-20.8,4,1,1,0,0,1,1,1,0,0,0,0,0,0,0,0,0,2,23,0,1,193,0.0,0,0,1,0,0,2,0,1,0,0,0,0,0,0,0,0,0,2,26,41,33,178,1.7,7,1,1,0,0,1,1,1,0,0,0,0,0,0,0,0,0,2,27,8,27,90,-53.8,4,1,1,0,0,1,1,1,0,0,0,0,0,0,0,0,0,2,29,21,47,15,-10.0,4,1,1,0,0,1,1,0,0,0,0,0,0,0,0,0,0,2,30,0,4,47,0.0,0,0,1,0,0,2,0,1,0,0,0,0,0,0,0,0,0,2,33,41,59,248,0.7,7,1,1,0,0,1,1,1,0,0,0,0,0,0,0,0,0,3,6,41,69,223,-1.1,7,1,1,0,0,1,1,0,0,0,0,0,0,0,0,0,0,3,9,36,53,218,-0.9,7,1,1,0,0,1,1,1,0,0,0,0,0,0,0,0,0,3,13,35,61,358,-0.6,7,1,1,0,0,1,1,0,0,0,0,0,0,0,0,0,0,3,16,40,77,227,-0.1,7,1,1,0,0,1,1,0,0,0,0,0,0,0,0,0,0,3,23,44,67,114,-0.1,7,1,1,0,0,1,1,0,0,0,0,0,0,0,0,0,0,3,27,0,19,215,0.0,0,0,1,0,0,1,1,0,0,0,0,0,0,0,0,0,0,3,32,37,42,339,0.2,7,1,1,0,0,1,1,0,0,0,0,0,0,0,0,0,0,3,38,43,71,66,-0.5,7,1,1,0,0,1,1,0,0,0,0,0,0,0,0,0,0,3,39,43,83,270,1.4,7,1,1,0,0,1,1,0,0,0,0,0,0,0,0,0,0,5,2,25,26,135,-22.0,4,1,1,0,0,1,1,1,0,0,0,0,0,0,0,0,0,5,3,44,37,165,2.5,7,1,1,0,0,1,1,1,0,0,0,0,0,0,0,0,0,5,4,18,63,60,0.0,3,0,2,0,0,2,0,1,0,0,0,0,0,0,0,0,0,5,7,37,60,149,0.9,7,1,1,0,0,1,1,1,0,0,0,0,0,0,0,0,0,5,8,0,53,229,0.0,0,0,1,0,0,2,0,1,0,0,0,0,0,0,0,0,0,6,6,0,35,42,0.0,1,0,1,0,0,2,0,1,0,0,0,0,0,0,0,0,0,6,7,35,32,344,-4.7,6,1,1,0,0,1,1,1,0,0,0,0,0,0,0,0,0,6,8,0,4,302,0.0,0,0,1,0,0,2,0,1,0,0,0,0,0,0,0,0,0,6,9,46,61,118,1.1,7,1,1,0,0,1,1,1,0,0,0,0,0,0,0,0,0,6,10,35,29,177,6.6,5,1,1,0,0,1,1,1,0,0,0,0,0,0,0,0,0
94607000,1,49,0,0,4,27,-91,0,0.0,3,0,1,0,0,0,0,0,0,0,0,0,0,0,0,0,0,0,10,41,43,334,0.9,7,1,1,1,0,1,1,0,0,0,1,0,0,0,1,0,1,0,12,22,33,102,-13.8,4,1,1,1,0,1,1,0,0,0,1,0,0,0,1,0,1,0,15,19,13,76,0.0,3,0,1,0,0,2,0,1,0,0,0,0,0,0,0,0,0,0,18,43,39,198,0.5,7,1,1,1,0,1,1,1,0,0,1,0,0,0,1,0,1,0,23,35,73,54,-5.0,5,1,1,1,0,1,1,1,0,0,1,0,0,0,1,0,1,0,24,0,33,37,0.0,1,0,1,0,0,1,1,1,0,0,0,0,0,0,0,0,0,0,25,42,36,144,-0.6,7,1,1,1,0,1,1,1,0,0,1,0,0,0,1,0,1,0,28,36,28,228,-1.2,5,1,1,1,0,1,1,0,0,0,1,0,0,0,1,0,1,0,32,45,31,302,-0.2,6,1,1,1,0,1,1,0,0,0,1,0,0,0,1,0,1,1,127,0,21,258,0.0,0,0,0,0,0,2,0,1,0,0,0,0,0,0,0,0,0,1,128,38,46,238,0.0,7,0,0,0,0,2,1,1,0,0,0,0,0,0,0,0,0,1,129,41,53,229,0.0,7,0,1,0,0,2,1,1,0,0,0,0,0,0,0,0,0,1,137,40,60,149,0.0,7,0,0,0,0,2,1,1,0,0,0,0,0,0,0,0,0,2,4,0,1,265,0.0,0,0,1,0,0,2,0,1,0,0,0,0,0,0,0,0,0,2,7,21,12,61,0.0,3,0,1,0,0,2,0,1,0,0,0,0,0,0,0,0,0,2,10,0,5,324,0.0,0,0,1,0,0,2,0,1,0,0,0,0,0,0,0,0,0,2,12,33,25,313,0.1,7,1,1,0,0,1,1,1,0,0,0,0,0,0,0,0,0,2,19,38,41,304,0.8,7,1,1,0,0,1,1,1,0,0,0,0,0,0,0,0,0,2,21,34,26,150,-27.2,5,1,1,0,0,1,1,1,0,0,0,0,0,0,0,0,0,2,23,0,1,193,0.0,0,0,1,0,0,2,0,1,0,0,0,0,0,0,0,0,0,2,26,40,33,178,0.6,7,1,1,0,0,1,1,1,0,0,0,0,0,0,0,0,0,2,27,12,27,90,18.0,4,1,1,0,0,1,1,1,0,0,0,0,0,0,0,0,0,2,29,19,47,15,-12.4,4,1,1,0,0,1,1,0,0,0,0,0,0,0,0,0,0,2,30,0,4,47,0.0,0,0,1,0,0,2,0,1,0,0,0,0,0,0,0,0,0,2,33,40,59,248,0.4,7,1,1,0,0,1,1,1,0,0,0,0,0,0,0,0,0,3,6,39,69,223,-1.2,7,1,1,0,0,1,1,0,0,0,0,0,0,0,0,0,0,3,9,36,53,218,-0.8,7,1,1,0,0,1,1,1,0,0,0,0,0,0,0,0,0,3,13,32,61,358,-0.6,7,1,1,0,0,1,1,0,0,0,0,0,0,0,0,0,0,3,16,43,77,227,-0.3,7,1,1,0,0,1,1,0,0,0,0,0,0,0,0,0,0,3,23,44,67,114,0.1,7,1,1,0,0,1,1,0,0,0,0,0,0,0,0,0,0,3,27,0,19,215,0.0,0,0,1,0,0,1,1,0,0,0,0,0,0,0,0,0,0,3,32,37,42,339,0.3,7,1,1,0,0,1,1,0,0,0,0,0,0,0,0,0,0,3,38,45,71,66,-0.7,7,1,1,0,0,1,1,0,0,0,0,0,0,0,0,0,0,3,39,44,83,270,1.5,7,1,1,0,0,1,1,0,0,0,0,0,0,0,0,0,0,5,2,35,26,135,-20.5,5,0,1,0,0,1,1,1,0,0,0,0,0,0,0,0,0,5,3,45,37,165,2.5,7,1,1,0,0,1,1,1,0,0,0,0,0,0,0,0,0,5,4,15,63,60,0.0,3,0,2,0,0,2,0,1,0,0,0,0,0,0,0,0,0,5,7,35,60,149,1.0,7,1,1,0,0,1,1,1,0,0,0,0,0,0,0,0,0,5,8,0,53,229,0.0,0,0,1,0,0,2,0,1,0,0,0,0,0,0,0,0,0,6,6,0,35,42,0.0,1,0,1,0,0,2,0,1,0,0,0,0,0,0,0,0,0,6,7,32,32,344,-0.7,5,1,1,0,0,1,1,1,0,0,0,0,0,0,0,0,0,6,8,0,4,302,0.0,0,0,1,0,0,2,0,1,0,0,0,0,0,0,0,0,0,6,9,48,61,118,1.2,7,1,1,0,0,1,1,1,0,0,0,0,0,0,0,0,0,6,10,35,29,177,9.8,7,1,1,0,0,1,1,1,0,0,0,0,0,0,0,0,0
94608000,1,49,0,0,4,23,-91,0,0.0,3,0,1,0,0,0,0,0,0,0,0,0,0,0,0,0,0,0,10,39,43,334,1.0,7,1,1,1,0,1,1,0,0,0,1,0,0,0,1,0,1,0,12,21,33,102,-16.0,4,1,1,1,0,1,1,0,0,0,1,0,0,0,1,0,1,0,15,20,13,76,0.0,3,0,1,0,0,2,0,1,0,0,0,0,0,0,0,0,0,0,18,46,39,198,0.7,7,1,1,1,0,1,1,1,0,0,1,0,0,0,1,0,1,0,23,38,73,54,-2.1,5,1,1,1,0,1,1,1,0,0,1,0,0,0,1,0,1,0,24,0,33,37,0.0,1,0,1,0,0,1,1,1,0,0,0,0,0,0,0,0,0,0,25,41,36,144,-0.5,7,1,1,1,0,1,1,1,0,0,1,0,0,0,1,0,1,0,28,38,28,228,1.1,6,1,1,1,0,1,1,0,0,0,1,0,0,0,1,0,1,0,32,42,31,302,-1.0,6,1,1,1,0,1,1,0,0,0,1,0,0,0,1,0,1,1,127,0,21,258,0.0,0,0,0,0,0,2,0,1,0,0,0,0,0,0,0,0,0,1,128,34,46,238,0.0,7,0,0,0,0,2,1,1,0,0,0,0,0,0,0,0,0,1,129,38,53,229,0.0,7,0,1,0,0,2,1,1,0,0,0,0,0,0,0,0,0,1,137,42,60,149,0.0,7,0,0,0,0,2,1,1,0,0,0,0,0,0,0,0,0,2,4,0,1,265,0.0,0,0,1,0,0,2,0,1,0,0,0,0,0,0,0,0,0,2,7,20,12,61,0.0,3,0,1,0,0,2,0,1,0,0,0,0,0,0,0,0,0,2,10,0,5,324,0.0,0,0,1,0,0,2,0,1,0,0,0,0,0,0,0,0,0,2,12,32,25,313,1.7,7,1,1,0,0,1,1,1,0,0,0,0,0,0,0,0,0,2,19,39,41,304,0.5,7,1,1,0,0,1,1,1,0,0,0,0,0,0,0,0,0,2,21,31,26,150,-36.0,7,0,1,0,0,1,1,1,0,0,0,0,0,0,0,0,0,2,23,0,1,193,0.0,0,0,1,0,0,2,0,1,0,0,0,0,0,0,0,0,0,2,26,39,33,178,0.4,7,1,1,0,0,1,1,1,0,0,0,0,0,0,0,0,0,2,27,6,27,90,17.6,4,0,1,0,0,1,1,1,0,0,0,0,0,0,0,0,0,2,29,16,47,15,-10.5,4,1,1,0,0,1,1,0,0,0,0,0,0,0,0,0,0,2,30,0,4,47,0.0,0,0,1,0,0,2,0,1,0,0,0,0,0,0,0,0,0,2,33,43,59,248,-0.1,7,1,1,0,0,1,1,1,0,0,0,0,0,0,0,0,0,3,6,40,69,223,-1.0,7,1,1,0,0,1,1,0,0,0,0,0,0,0,0,0,0,3,9,36,53,218,-0.8,7,1,1,0,0,1,1,1,0,0,0,0,0,0,0,0,0,3,13,31,61,358,-0.5,7,1,1,0,0,1,1,0,0,0,0,0,0,0,0,0,0,3,16,43,77,227,-0.2,7,1,1,0,0,1,1,0,0,0,0,0,0,0,0,0,0,3,23,45,67,114,0.5,7,1,1,0,0,1,1,0,0,0,0,0,0,0,0,0,0,3,27,0,19,215,0.0,0,0,1,0,0,1,1,0,0,0,0,0,0,0,0,0,0,3,32,37,42,339,0.4,7,1,1,0,0,1,1,0,0,0,0,0,0,0,0,0,0,3,38,45,71,66,0.2,7,1,1,0,0,1,1,0,0,0,0,0,0,0,0,0,0,3,39,44,83,270,1.5,7,1,1,0,0,1,1,0,0,0,0,0,0,0,0,0,0,5,2,36,26,135,-24.2,6,1,1,0,0,1,1,1,0,0,0,0,0,0,0,0,0,5,3,42,37,165,2.5,7,1,1,0,0,1,1,1,0,0,0,0,0,0,0,0,0,5,4,12,63,60,0.0,3,0,2,0,0,2,0,1,0,0,0,0,0,0,0,0,0,5,7,38,60,149,-0.3,5,1,1,0,0,1,1,1,0,0,0,0,0,0,0,0,0,5,8,0,53,229,0.0,0,0,1,0,0,2,0,1,0,0,0,0,0,0,0,0,0,6,6,0,35,42,0.0,1,0,1,0,0,2,0,1,0,0,0,0,0,0,0,0,0,6,7,34,32,344,-2.3,5,1,1,0,0,1,1,1,0,0,0,0,0,0,0,0,0,6,8,0,4,302,0.0,0,0,1,0,0,2,0,1,0,0,0,0,0,0,0,0,0,6,9,46,61,118,1.3,7,1,1,0,0,1,1,1,0,0,0,0,0,0,0,0,0,6,10,40,29,177,5.7,7,1,1,0,0,1,1,1,0,0,0,0,0,0,0,0,0
94609000,1,49,0,0,4,19,-91,0,0.0,3,0,1,0,0,0,0,0,0,0,0,0,0,0,0,0,0,0,10,43,43,334,0.9,7,1,1,1,0,1,1,0,0,0,1,0,0,0,1,0,1,0,12,19,33,102,-20.1,4,1,1,1,0,1,1,0,0,0,1,0,0,0,1,0,1,0,15,19,13,76,0.0,3,0,1,0,0,2,0,1,0,0,0,0,0,0,0,0,0,0,18,45,39,198,0.9,7,1,1,1,0,1,1,1,0,0,1,0,0,0,1,0,1,0,23,42,73,54,1.8,5,1,1,1,0,1,1,1,0,0,1,0,0,0,1,0,1,0,24,26,33,37,0.0,3,0,1,0,0,1,1,1,0,0,0,0,0,0,0,0,0,0,25,39,36,144,-0.5,7,1,1,1,0,1,1,1,0,0,1,0,0,0,1,0,1,0,28,41,28,228,0.7,7,1,1,1,0,1,1,0,0,0,1,0,0,0,1,0,1,0,32,42,31,302,-0.1,7,1,1,1,0,1,1,0,0,0,1,0,0,0,1,0,1,1,127,0,21,258,0.0,0,0,0,0,0,2,0,1,0,0,0,0,0,0,0,0,0,1,128,36,46,238,0.0,7,0,0,0,0,2,1,1,0,0,0,0,0,0,0,0,0,1,129,42,53,229,0.0,7,0,1,0,0,2,1,1,0,0,0,0,0,0,0,0,0,1,137,44,60,149,0.0,7,0,0,0,0,2,1,1,0,0,0,0,0,0,0,0,0,2,4,0,1,265,0.0,0,0,1,0,0,2,0,1,0,0,0,0,0,0,0,0,0,2,7,21,12,61,0.0,3,0,1,0,0,2,0,1,0,0,0,0,0,0,0,0,0,2,10,0,5,324,0.0,0,0,1,0,0,2,0,1,0,0,0,0,0,0,0,0,0,2,12,35,25,313,-0.5,7,1,1,0,0,1,1,1,0,0,0,0,0,0,0,0,0,2,19,37,41,304,0.6,7,1,1,0,0,1,1,1,0,0,0,0,0,0,0,0,0,2,21,24,26,150,-44.6,4,1,1,0,0,1,1,1,0,0,0,0,0,0,0,0,0,2,23,0,1,193,0.0,0,0,1,0,0,2,0,1,0,0,0,0,0,0,0,0,0,2,26,43,33,178,0.4,7,1,1,0,0,1,1,1,0,0,0,0,0,0,0,0,0,2,27,13,27,90,-19.8,4,1,1,0,0,1,1,1,0,0,0,0,0,0,0,0,0,2,29,13,47,15,-14.7,4,1,1,0,0,1,1,0,0,0,0,0,0,0,0,0,0,2,30,0,4,47,0.0,0,0,1,0,0,2,0,1,0,0,0,0,0,0,0,0,0,2,33,42,59,248,-0.2,7,1,1,0,0,1,1,1,0,0,0,0,0,0,0,0,0,3,6,41,69,223,-0.9,7,1,1,0,0,1,1,0,0,0,0,0,0,0,0,0,0,3,9,37,53,218,-0.7,7,1,1,0,0,1,1,1,0,0,0,0,0,0,0,0,0,3,13,27,61,358,-0.6,7,1,1,0,0,1,1,0,0,0,0,0,0,0,0,0,0,3,16,43,77,227,-0.1,7,1,1,0,0,1,1,0,0,0,0,0,0,0,0,0,0,3,23,44,67,114,0.4,7,1,1,0,0,1,1,0,0,0,0,0,0,0,0,0,0,3,27,0,19,215,0.0,0,0,1,0,0,1,1,0,0,0,0,0,0,0,0,0,0,3,32,38,42,339,0.4,7,1,1,0,0,1,1,0,0,0,0,0,0,0,0,0,0,3,38,43,71,66,0.3,7,1,1,0,0,1,1,0,0,0,0,0,0,0,0,0,0,3,39,45,83,270,1.5,7,1,1,0,0,1,1,0,0,0,0,0,0,0,0,0,0,5,2,29,26,135,-23.9,7,1,1,0,0,1,1,1,0,0,0,0,0,0,0,0,0,5,3,41,37,165,2.5,7,1,1,0,0,1,1,1,0,0,0,0,0,0,0,0,0,5,4,8,63,60,0.0,3,0,2,0,0,2,0,1,0,0,0,0,0,0,0,0,0,5,7,40,60,149,0.9,7,1,1,0,0,1,1,1,0,0,0,0,0,0,0,0,0,5,8,0,53,229,0.0,0,0,1,0,0,2,0,1,0,0,0,0,0,0,0,0,0,6,6,0,35,42,0.0,1,0,1,0,0,2,0,1,0,0,0,0,0,0,0,0,0,6,7,39,32,344,0.2,5,1,1,0,0,1,1,1,0,0,0,0,0,0,0,0,0,6,8,0,4,302,0.0,0,0,1,0,0,2,0,1,0,0,0,0,0,0,0,0,0,6,9,44,61,118,1.4,7,1,1,0,0,1,1,1,0,0,0,0,0,0,0,0,0,6,10,42,29,177,4.7,7,1,1,0,0,1,1,1,0,0,0,0,0,0,0,0,0
94610000,1,48,0,0,10,44,43,334,0.6,7,1,1,1,0,1,1,0,0,0,1,0,0,0,1,0,1,0,12,20,33,102,-26.2,4,1,1,1,0,1,1,0,0,0,1,0,0,0,1,0,1,0,15,0,13,76,0.0,1,0,1,0,0,2,0,1,0,0,0,0,0,0,0,0,0,0,18,46,39,198,0.8,7,1,1,1,0,1,1,1,0,0,1,0,0,0,1,0,1,0,23,45,73,54,1.5,6,1,1,1,0,1,1,1,0,0,1,0,0,0,1,0,1,0,24,24,33,37,0.0,3,0,1,0,0,1,1,1,0,0,0,0,0,0,0,0,0,0,25,33,36,144,-0.7,7,1,1,1,0,1,1,1,0,0,1,0,0,0,1,0,1,0,28,43,28,228,1.6,7,1,1,1,0,1,1,0,0,0,1,0,0,0,1,0,1,0,32,38,31,302,-0.3,7,1,1,1,0,1,1,0,0,0,1,0,0,0,1,0,1,1,127,0,21,258,0.0,0,0,0,0,0,2,0,1,0,0,0,0,0,0,0,0,0,1,128,42,46,238,0.0,7,0,0,0,0,2,1,1,0,0,0,0,0,0,0,0,0,1,129,43,53,229,0.0,7,0,1,0,0,2,1,1,0,0,0,0,0,0,0,0,0,1,137,43,60,149,0.0,7,0,0,0,0,2,1,1,0,0,0,0,0,0,0,0,0,2,4,0,1,265,0.0,0,0,1,0,0,2,0,1,0,0,0,0,0,0,0,0,0,2,7,22,12,61,0.0,4,0,1,0,0,2,0,1,0,0,0,0,0,0,0,0,0,2,10,0,5,324,0.0,0,0,1,0,0,2,0,1,0,0,0,0,0,0,0,0,0,2,12,37,25,313,-1.3,7,1,1,0,0,1,1,1,0,0,0,0,0,0,0,0,0,2,19,32,41,304,0.6,7,1,1,0,0,1,1,1,0,0,0,0,0,0,0,0,0,2,21,23,26,150,-37.6,4,1,1,0,0,1,1,1,0,0,0,0,0,0,0,0,0,2,23,0,1,193,0.0,0,0,1,0,0,2,0,1,0,0,0,0,0,0,0,0,0,2,26,41,33,178,0.9,7,1,1,0,0,1,1,1,0,0,0,0,0,0,0,0,0,2,27,12,27,90,17.7,4,1,1,0,0,1,1,1,0,0,0,0,0,0,0,0,0,2,29,12,47,15,-18.6,4,1,1,0,0,1,1,0,0,0,0,0,0,0,0,0,0,2,30,0,4,47,0.0,0,0,1,0,0,2,0,1,0,0,0,0,0,0,0,0,0,2,33,42,59,248,0.3,7,1,1,0,0,1,1,1,0,0,0,0,0,0,0,0,0,3,6,44,69,223,-1.1,7,1,1,0,0,1,1,0,0,0,0,0,0,0,0,0,0,3,9,41,53,218,-1.0,7,1,1,0,0,1,1,1,0,0,0,0,0,0,0,0,0,3,13,31,61,358,-0.8,7,1,1,0,0,1,1,0,0,0,0,0,0,0,0,0,0,3,16,43,77,227,-0.3,7,1,1,0,0,1,1,0,0,0,0,0,0,0,0,0,0,3,23,46,67,114,0.3,7,1,1,0,0,1,1,0,0,0,0,0,0,0,0,0,0,3,27,0,19,215,0.0,0,0,1,0,0,1,1,0,0,0,0,0,0,0,0,0,0,3,32,42,42,339,0.2,7,1,1,0,0,1,1,0,0,0,0,0,0,0,0,0,0,3,38,44,71,66,0.3,7,1,1,0,0,1,1,0,0,0,0,0,0,0,0,0,0,3,39,43,83,270,1.4,7,1,1,0,0,1,1,0,0,0,0,0,0,0,0,0,0,5,2,29,26,135,-25.4,5,1,1,0,0,1,1,1,0,0,0,0,0,0,0,0,0,5,3,44,37,165,2.5,7,1,1,0,0,1,1,1,0,0,0,0,0,0,0,0,0,5,4,24,63,60,0.0,3,0,2,0,0,2,0,1,0,0,0,0,0,0,0,0,0,5,7,39,60,149,1.8,7,1,1,0,0,1,1,1,0,0,0,0,0,0,0,0,0,5,8,0,53,229,0.0,0,0,1,0,0,2,0,1,0,0,0,0,0,0,0,0,0,6,6,0,35,42,0.0,1,0,1,0,0,2,0,1,0,0,0,0,0,0,0,0,0,6,7,42,32,344,-1.2,6,1,1,0,0,1,1,1,0,0,0,0,0,0,0,0,0,6,8,0,4,302,0.0,0,0,1,0,0,2,0,1,0,0,0,0,0,0,0,0,0,6,9,47,61,118,1.3,7,1,1,0,0,1,1,1,0,0,0,0,0,0,0,0,0,6,10,38,29,177,4.3,7,1,1,0,0,1,1,1,0,0,0,0,0,0,0,0,0,6,16,20,29,42,-46.1,4,0,1,0,0,1,1,1,0,0,0,0,0,0,0,0,0
94611000,1,48,0,0,10,45,43,334,0.4,7,1,1,1,0,1,1,0,0,0,1,0,0,0,1,0,1,0,12,20,33,102,-30.2,4,0,1,0,0,1,1,0,0,0,0,0,0,0,0,0,0,0,15,0,13,76,0.0,1,0,1,0,0,2,0,1,0,0,0,0,0,0,0,0,0,0,18,43,39,198,0.7,7,1,1,1,0,1,1,1,0,0,1,0,0,0,1,0,1,0,23,45,73,54,1.3,6,1,1,1,0,1,1,1,0,0,1,0,0,0,1,0,1,0,24,0,33,37,0.0,1,0,1,0,0,1,1,1,0,0,0,0,0,0,0,0,0,0,25,32,36,144,-0.8,7,1,1,1,0,1,1,1,0,0,1,0,0,0,1,0,1,0,28,40,28,228,1.1,7,1,1,1,0,1,1,0,0,0,1,0,0,0,1,0,1,0,32,37,31,302,-0.6,7,1,1,1,0,1,1,0,0,0,1,0,0,0,1,0,1,1,127,0,21,258,0.0,0,0,0,0,0,2,0,1,0,0,0,0,0,0,0,0,0,1,128,40,46,238,0.0,7,0,0,0,0,2,1,1,0,0,0,0,0,0,0,0,0,1,129,42,53,229,0.0,7,0,1,0,0,2,1,1,0,0,0,0,0,0,0,0,0,1,137,42,60,149,0.0,7,0,0,0,0,2,1,1,0,0,0,0,0,0,0,0,0,2,4,0,1,265,0.0,0,0,1,0,0,2,0,1,0,0,0,0,0,0,0,0,0,2,7,20,12,61,0.0,4,0,1,0,0,2,0,1,0,0,0,0,0,0,0,0,0,2,10,0,5,324,0.0,0,0,1,0,0,2,0,1,0,0,0,0,0,0,0,0,0,2,12,30,25,313,0.2,7,1,1,0,0,1,1,1,0,0,0,0,0,0,0,0,0,2,19,32,41,304,0.0,7,1,1,0,0,1,1,1,0,0,0,0,0,0,0,0,0,2,21,25,26,150,-28.0,4,0,1,0,0,1,1,1,0,0,0,0,0,0,0,0,0,2,23,0,1,193,0.0,0,0,1,0,0,2,0,1,0,0,0,0,0,0,0,0,0,2,26,39,33,178,0.6,7,1,1,0,0,1,1,1,0,0,0,0,0,0,0,0,0,2,27,11,27,90,17.4,4,1,1,0,0,1,1,1,0,0,0,0,0,0,0,0,0,2,29,11,47,15,-16.2,4,1,1,0,0,1,1,0,0,0,0,0,0,0,0,0,0,2,30,0,4,47,0.0,0,0,1,0,0,2,0,1,0,0,0,0,0,0,0,0,0,2,33,42,59,248,-0.1,7,1,1,0,0,1,1,1,0,0,0,0,0,0,0,0,0,3,6,42,69,223,-1.3,7,1,1,0,0,1,1,0,0,0,0,0,0,0,0,0,0,3,9,39,53,218,-1.1,7,1,1,0,0,1,1,1,0,0,0,0,0,0,0,0,0,3,13,29,61,358,-1.0,7,1,1,0,0,1,1,0,0,0,0,0,0,0,0,0,0,3,16,44,77,227,-0.4,7,1,1,0,0,1,1,0,0,0,0,0,0,0,0,0,0,3,23,47,67,114,0.1,7,1,1,0,0,1,1,0,0,0,0,0,0,0,0,0,0,3,27,0,19,215,0.0,0,0,1,0,0,1,1,0,0,0,0,0,0,0,0,0,0,3,32,43,42,339,0.0,7,1,1,0,0,1,1,0,0,0,0,0,0,0,0,0,0,3,38,42,71,66,-0.4,7,1,1,0,0,1,1,0,0,0,0,0,0,0,0,0,0,3,39,44,83,270,1.2,7,1,1,0,0,1,1,0,0,0,0,0,0,0,0,0,0,5,2,27,26,135,-27.6,4,0,1,0,0,1,1,1,0,0,0,0,0,0,0,0,0,5,3,42,37,165,2.2,7,1,1,0,0,1,1,1,0,0,0,0,0,0,0,0,0,5,4,21,63,60,0.0,3,0,2,0,0,2,0,1,0,0,0,0,0,0,0,0,0,5,7,38,60,149,2.5,7,1,1,0,0,1,1,1,0,0,0,0,0,0,0,0,0,5,8,0,53,229,0.0,0,0,1,0,0,2,0,1,0,0,0,0,0,0,0,0,0,6,6,0,35,42,0.0,1,0,1,0,0,2,0,1,0,0,0,0,0,0,0,0,0,6,7,43,32,344,-1.7,7,1,1,0,0,1,1,1,0,0,0,0,0,0,0,0,0,6,8,0,4,302,0.0,0,0,1,0,0,2,0,1,0,0,0,0,0,0,0,0,0,6,9,47,61,118,1.2,7,1,1,0,0,1,1,1,0,0,0,0,0,0,0,0,0,6,10,37,29,177,5.0,7,1,1,0,0,1,1,1,0,0,0,0,0,0,0,0,0,6,16,21,29,42,-48.4,4,1,1,0,0,1,1,1,0,0,0,0,0,0,0,0,0
94612000,1,48,0,0,10,46,43,334,0.4,7,1,1,1,0,1,1,0,0,0,1,0,0,0,1,0,1,0,12,0,33,102,0.0,1,0,1,0,0,1,1,0,0,0,0,0,0,0,0,0,0,0,15,0,13,76,0.0,1,0,1,0,0,2,0,1,0,0,0,0,0,0,0,0,0,0,18,44,39,198,0.8,7,1,1,1,0,1,1,1,0,0,1,0,0,0,1,0,1,0,23,43,73,54,1.5,6,1,1,1,0,1,1,1,0,0,1,0,0,0,1,0,1,0,24,0,33,37,0.0,1,0,1,0,0,1,1,1,0,0,0,0,0,0,0,0,0,0,25,33,36,144,-16.1,5,1,1,1,0,1,1,1,0,0,1,0,0,0,1,0,1,0,28,40,28,228,1.2,7,1,1,1,0,1,1,0,0,0,1,0,0,0,1,0,1,0,32,37,31,302,-1.3,4,1,1,1,0,1,1,0,0,0,1,0,0,0,1,0,1,1,127,0,21,258,0.0,0,0,0,0,0,2,0,1,0,0,0,0,0,0,0,0,0,1,128,42,46,238,0.0,7,0,0,0,0,2,1,1,0,0,0,0,0,0,0,0,0,1,129,43,53,229,0.0,7,0,1,0,0,2,1,1,0,0,0,0,0,0,0,0,0,1,137,42,60,149,0.0,7,0,0,0,0,2,1,1,0,0,0,0,0,0,0,0,0,2,4,0,1,265,0.0,0,0,1,0,0,2,0,1,0,0,0,0,0,0,0,0,0,2,7,21,12,61,0.0,3,0,1,0,0,2,0,1,0,0,0,0,0,0,0,0,0,2,10,0,5,324,0.0,0,0,1,0,0,2,0,1,0,0,0,0,0,0,0,0,0,2,12,30,25,313,-0.4,7,1,1,0,0,1,1,1,0,0,0,0,0,0,0,0,0,2,19,32,41,304,0.0,7,1,1,0,0,1,1,1,0,0,0,0,0,0,0,0,0,2,21,27,26,150,-30.3,5,1,1,0,0,1,1,1,0,0,0,0,0,0,0,0,0,2,23,0,1,193,0.0,0,0,1,0,0,2,0,1,0,0,0,0,0,0,0,0,0,2,26,41,33,178,0.7,7,1,1,0,0,1,1,1,0,0,0,0,0,0,0,0,0,2,27,12,27,90,-19.3,4,1,1,0,0,1,1,1,0,0,0,0,0,0,0,0,0,2,29,13,47,15,-15.8,4,1,1,0,0,1,1,0,0,0,0,0,0,0,0,0,0,2,30,0,4,47,0.0,0,0,1,0,0,2,0,1,0,0,0,0,0,0,0,0,0,2,33,43,59,248,0.1,7,1,1,0,0,1,1,1,0,0,0,0,0,0,0,0,0,3,6,42,69,223,-1.3,7,1,1,0,0,1,1,0,0,0,0,0,0,0,0,0,0,3,9,38,53,218,-1.1,7,1,1,0,0,1,1,1,0,0,0,0,0,0,0,0,0,3,13,29,61,358,-1.1,7,1,1,0,0,1,1,0,0,0,0,0,0,0,0,0,0,3,16,43,77,227,-0.6,7,1,1,0,0,1,1,0,0,0,0,0,0,0,0,0,0,3,23,46,67,114,0.1,7,1,1,0,0,1,1,0,0,0,0,0,0,0,0,0,0,3,27,0,19,215,0.0,0,0,1,0,0,1,1,0,0,0,0,0,0,0,0,0,0,3,32,45,42,339,0.0,7,1,1,0,0,1,1,0,0,0,0,0,0,0,0,0,0,3,38,45,71,66,-0.1,7,1,1,0,0,1,1,0,0,0,0,0,0,0,0,0,0,3,39,44,83,270,1.3,7,1,1,0,0,1,1,0,0,0,0,0,0,0,0,0,0,5,2,26,26,135,-31.4,4,0,1,0,0,1,1,1,0,0,0,0,0,0,0,0,0,5,3,43,37,165,2.2,7,1,1,0,0,1,1,1,0,0,0,0,0,0,0,0,0,5,4,0,63,60,0.0,1,0,2,0,0,2,0,1,0,0,0,0,0,0,0,0,0,5,7,38,60,149,0.6,7,1,1,0,0,1,1,1,0,0,0,0,0,0,0,0,0,5,8,0,53,229,0.0,0,0,1,0,0,2,0,1,0,0,0,0,0,0,0,0,0,6,6,0,35,42,0.0,1,0,1,0,0,2,0,1,0,0,0,0,0,0,0,0,0,6,7,45,32,344,-1.9,7,1,1,0,0,1,1,1,0,0,0,0,0,0,0,0,0,6,8,0,4,302,0.0,0,0,1,0,0,2,0,1,0,0,0,0,0,0,0,0,0,6,9,47,61,118,1.2,7,1,1,0,0,1,1,1,0,0,0,0,0,0,0,0,0,6,10,40,29,177,5.2,7,1,1,0,0,1,1,1,0,0,0,0,0,0,0,0,0,6,16,21,29,42,-50.0,4,1,1,0,0,1,1,1,0,0,0,0,0,0,0,0,0
94613000,1,48,0,0,10,44,43,334,0.4,7,1,1,1,0,1,1,0,0,0,1,0,0,0,1,0,1,0,12,18,33,102,-225.4,3,0,1,0,0,1,1,0,0,0,0,0,0,0,0,0,0,0,15,25,13,76,0.0,3,0,1,0,0,2,0,1,0,0,0,0,0,0,0,0,0,0,18,42,39,198,0.7,7,1,1,1,0,1,1,1,0,0,1,0,0,0,1,0,1,0,23,45,73,54,0.3,6,1,1,1,0,1,1,1,0,0,1,0,0,0,1,0,1,0,24,0,33,37,0.0,1,0,1,0,0,1,1,1,0,0,0,0,0,0,0,0,0,0,25,34,36,144,-28.9,5,0,1,0,0,1,1,1,0,0,0,0,0,0,0,0,0,0,28,37,28,228,2.6,7,1,1,1,0,1,1,0,0,0,1,0,0,0,1,0,1,0,32,36,31,302,-3.9,5,1,1,1,0,1,1,0,0,0,1,0,0,0,1,0,1,1,127,0,21,258,0.0,0,0,0,0,0,2,0,1,0,0,0,0,0,0,0,0,0,1,128,45,46,238,0.0,7,0,0,0,0,2,1,1,0,0,0,0,0,0,0,0,0,1,129,44,53,229,0.0,7,0,1,0,0,2,1,1,0,0,0,0,0,0,0,0,0,1,137,40,60,149,0.0,7,0,0,0,0,2,1,1,0,0,0,0,0,0,0,0,0,2,4,0,1,265,0.0,0,0,1,0,0,2,0,1,0,0,0,0,0,0,0,0,0,2,7,21,12,61,0.0,3,0,1,0,0,2,0,1,0,0,0,0,0,0,0,0,0,2,10,0,5,324,0.0,0,0,1,0,0,2,0,1,0,0,0,0,0,0,0,0,0,2,12,30,25,313,-1.1,7,1,1,0,0,1,1,1,0,0,0,0,0,0,0,0,0,2,19,32,41,304,-0.1,7,1,1,0,0,1,1,1,0,0,0,0,0,0,0,0,0,2,21,32,26,150,-38.2,7,0,1,0,0,1,1,1,0,0,0,0,0,0,0,0,0,2,23,0,1,193,0.0,0,0,1,0,0,2,0,1,0,0,0,0,0,0,0,0,0,2,26,41,33,178,0.4,7,1,1,0,0,1,1,1,0,0,0,0,0,0,0,0,0,2,27,15,27,90,18.0,4,1,1,0,0,1,1,1,0,0,0,0,0,0,0,0,0,2,29,14,47,15,-16.7,4,1,1,0,0,1,1,0,0,0,0,0,0,0,0,0,0,2,30,0,4,47,0.0,0,0,1,0,0,2,0,1,0,0,0,0,0,0,0,0,0,2,33,44,59,248,-0.5,7,1,1,0,0,1,1,1,0,0,0,0,0,0,0,0,0,3,6,42,69,223,-1.4,7,1,1,0,0,1,1,0,0,0,0,0,0,0,0,0,0,3,9,41,53,218,-1.1,7,1,1,0,0,1,1,1,0,0,0,0,0,0,0,0,0,3,13,30,61,358,-1.1,7,1,1,0,0,1,1,0,0,0,0,0,0,0,0,0,0,3,16,43,77,227,-0.4,7,1,1,0,0,1,1,0,0,0,0,0,0,0,0,0,0,3,23,41,67,114,0.3,7,1,1,0,0,1,1,0,0,0,0,0,0,0,0,0,0,3,27,0,19,215,0.0,0,0,1,0,0,1,1,0,0,0,0,0,0,0,0,0,0,3,32,44,42,339,0.0,7,1,1,0,0,1,1,0,0,0,0,0,0,0,0,0,0,3,38,44,71,66,0.1,7,1,1,0,0,1,1,0,0,0,0,0,0,0,0,0,0,3,39,42,83,270,1.4,7,1,1,0,0,1,1,0,0,0,0,0,0,0,0,0,0,5,2,22,26,135,0.0,3,0,1,0,0,1,1,1,0,0,0,0,0,0,0,0,0,5,3,41,37,165,1.9,7,1,1,0,0,1,1,1,0,0,0,0,0,0,0,0,0,5,4,0,63,60,0.0,1,0,2,0,0,2,0,1,0,0,0,0,0,0,0,0,0,5,7,38,60,149,0.2,7,1,1,0,0,1,1,1,0,0,0,0,0,0,0,0,0,5,8,0,53,229,0.0,0,0,1,0,0,2,0,1,0,0,0,0,0,0,0,0,0,6,6,0,35,42,0.0,1,0,1,0,0,2,0,1,0,0,0,0,0,0,0,0,0,6,7,44,32,344,-0.5,7,1,1,0,0,1,1,1,0,0,0,0,0,0,0,0,0,6,8,0,4,302,0.0,0,0,1,0,0,2,0,1,0,0,0,0,0,0,0,0,0,6,9,47,61,118,1.1,7,1,1,0,0,1,1,1,0,0,0,0,0,0,0,0,0,6,10,41,29,177,5.2,7,1,1,0,0,1,1,1,0,0,0,0,0,0,0,0,0,6,16,20,29,42,-50.9,4,0,1,0,0,1,1,1,0,0,0,0,0,0,0,0,0
94614000,1,48,0,0,10,42,43,334,0.5,7,1,1,1,0,1,1,0,0,0,1,0,0,0,1,0,1,0,12,20,33,102,-152.9,3,0,1,0,0,1,1,0,0,0,0,0,0,0,0,0,0,0,15,22,13,76,0.0,3,0,1,0,0,2,0,1,0,0,0,0,0,0,0,0,0,0,18,41,39,198,0.7,7,1,1,1,0,1,1,1,0,0,1,0,0,0,1,0,1,0,23,43,73,54,0.2,6,1,1,1,0,1,1,1,0,0,1,0,0,0,1,0,1,0,24,0,33,37,0.0,1,0,1,0,0,1,1,1,0,0,0,0,0,0,0,0,0,0,25,28,36,144,-29.0,4,1,1,1,0,1,1,1,0,0,1,0,0,0,1,0,1,0,28,40,28,228,2.4,7,1,1,1,0,1,1,0,0,0,1,0,0,0,1,0,1,0,32,30,31,302,-0.4,6,1,1,1,0,1,1,0,0,0,1,0,0,0,1,0,1,1,127,0,21,258,0.0,0,0,0,0,0,2,0,1,0,0,0,0,0,0,0,0,0,1,128,41,46,238,0.0,7,0,0,0,0,2,1,1,0,0,0,0,0,0,0,0,0,1,129,42,53,229,0.0,7,0,1,0,0,2,1,1,0,0,0,0,0,0,0,0,0,1,137,39,60,149,0.0,7,0,0,0,0,2,1,1,0,0,0,0,0,0,0,0,0,2,4,0,1,265,0.0,0,0,1,0,0,2,0,1,0,0,0,0,0,0,0,0,0,2,7,21,12,61,0.0,3,0,1,0,0,2,0,1,0,0,0,0,0,0,0,0,0,2,10,0,5,324,0.0,0,0,1,0,0,2,0,1,0,0,0,0,0,0,0,0,0,2,12,23,25,313,-10.0,4,1,1,0,0,1,1,1,0,0,0,0,0,0,0,0,0,2,19,32,41,304,-0.1,7,1,1,0,0,1,1,1,0,0,0,0,0,0,0,0,0,2,21,27,26,150,-26.7,7,1,1,0,0,1,1,1,0,0,0,0,0,0,0,0,0,2,23,0,1,193,0.0,0,0,1,0,0,2,0,1,0,0,0,0,0,0,0,0,0,2,26,43,33,178,-0.3,7,1,1,0,0,1,1,1,0,0,0,0,0,0,0,0,0,2,27,8,27,90,17.5,4,1,1,0,0,1,1,1,0,0,0,0,0,0,0,0,0,2,29,14,47,15,-20.9,4,1,1,0,0,1,1,0,0,0,0,0,0,0,0,0,0,2,30,0,4,47,0.0,0,0,1,0,0,2,0,1,0,0,0,0,0,0,0,0,0,2,33,42,59,248,-0.4,7,1,1,0,0,1,1,1,0,0,0,0,0,0,0,0,0,3,6,39,69,223,-1.3,7,1,1,0,0,1,1,0,0,0,0,0,0,0,0,0,0,3,9,41,53,218,-1.0,7,1,1,0,0,1,1,1,0,0,0,0,0,0,0,0,0,3,13,30,61,358,-1.2,7,1,1,0,0,1,1,0,0,0,0,0,0,0,0,0,0,3,16,41,77,227,-0.3,7,1,1,0,0,1,1,0,0,0,0,0,0,0,0,0,0,3,23,45,67,114,0.2,7,1,1,0,0,1,1,0,0,0,0,0,0,0,0,0,0,3,27,0,19,215,0.0,0,0,1,0,0,1,1,0,0,0,0,0,0,0,0,0,0,3,32,42,42,339,0.0,7,1,1,0,0,1,1,0,0,0,0,0,0,0,0,0,0,3,38,43,71,66,0.1,7,1,1,0,0,1,1,0,0,0,0,0,0,0,0,0,0,3,39,43,83,270,1.4,7,1,1,0,0,1,1,0,0,0,0,0,0,0,0,0,0,5,2,25,26,135,-40.2,4,0,1,0,0,1,1,1,0,0,0,0,0,0,0,0,0,5,3,42,37,165,1.8,7,1,1,0,0,1,1,1,0,0,0,0,0,0,0,0,0,5,4,0,63,60,0.0,1,0,2,0,0,2,0,1,0,0,0,0,0,0,0,0,0,5,7,36,60,149,-0.2,7,1,1,0,0,1,1,1,0,0,0,0,0,0,0,0,0,5,8,0,53,229,0.0,0,0,1,0,0,2,0,1,0,0,0,0,0,0,0,0,0,6,6,0,35,42,0.0,1,0,1,0,0,2,0,1,0,0,0,0,0,0,0,0,0,6,7,38,32,344,-0.2,7,1,1,0,0,1,1,1,0,0,0,0,0,0,0,0,0,6,8,0,4,302,0.0,0,0,1,0,0,2,0,1,0,0,0,0,0,0,0,0,0,6,9,47,61,118,1.1,7,1,1,0,0,1,1,1,0,0,0,0,0,0,0,0,0,6,10,39,29,177,5.2,7,1,1,0,0,1,1,1,0,0,0,0,0,0,0,0,0,6,16,21,29,42,-53.5,4,0,1,0,0,1,1,1,0,0,0,0,0,0,0,0,0
94615000,1,48,0,0,10,39,43,334,0.5,7,1,1,1,0,1,1,0,0,0,1,0,0,0,1,0,1,0,12,19,33,102,-122.1,3,0,1,0,0,1,1,0,0,0,0,0,0,0,0,0,0,0,15,0,13,76,0.0,1,0,1,0,0,2,0,1,0,0,0,0,0,0,0,0,0,0,18,43,39,198,0.5,7,1,1,1,0,1,1,1,0,0,1,0,0,0,1,0,1,0,23,44,73,54,0.1,7,1,1,1,0,1,1,1,0,0,1,0,0,0,1,0,1,0,24,0,33,37,0.0,1,0,1,0,0,1,1,1,0,0,0,0,0,0,0,0,0,0,25,29,36,144,-21.3,4,1,1,1,0,1,1,1,0,0,1,0,0,0,1,0,1,0,28,45,28,228,2.2,7,1,1,1,0,1,1,0,0,0,1,0,0,0,1,0,1,0,32,36,31,302,-6.0,5,1,1,1,0,1,1,0,0,0,1,0,0,0,1,0,1,1,127,0,21,258,0.0,0,0,0,0,0,2,0,1,0,0,0,0,0,0,0,0,0,1,128,44,46,238,0.0,7,0,0,0,0,2,1,1,0,0,0,0,0,0,0,0,0,1,129,44,53,229,0.0,7,0,1,0,0,2,1,1,0,0,0,0,0,0,0,0,0,1,137,39,60,149,0.0,7,0,0,0,0,2,1,1,0,0,0,0,0,0,0,0,0,2,4,0,1,265,0.0,0,0,1,0,0,2,0,1,0,0,0,0,0,0,0,0,0,2,7,24,12,61,0.0,4,0,1,0,0,2,0,1,0,0,0,0,0,0,0,0,0,2,10,0,5,324,0.0,0,0,1,0,0,2,0,1,0,0,0,0,0,0,0,0,0,2,12,22,25,313,-5.0,4,1,1,0,0,1,1,1,0,0,0,0,0,0,0,0,0,2,19,28,41,304,-0.8,5,1,1,0,0,1,1,1,0,0,0,0,0,0,0,0,0,2,21,27,26,150,-38.3,4,1,1,0,0,1,1,1,0,0,0,0,0,0,0,0,0,2,23,0,1,193,0.0,0,0,1,0,0,2,0,1,0,0,0,0,0,0,0,0,0,2,26,43,33,178,-0.3,7,1,1,0,0,1,1,1,0,0,0,0,0,0,0,0,0,2,27,11,27,90,-56.3,4,1,1,0,0,1,1,1,0,0,0,0,0,0,0,0,0,2,29,14,47,15,-21.0,4,0,1,0,0,1,1,0,0,0,0,0,0,0,0,0,0,2,30,0,4,47,0.0,0,0,1,0,0,2,0,1,0,0,0,0,0,0,0,0,0,2,33,44,59,248,-0.3,7,1,1,0,0,1,1,1,0,0,0,0,0,0,0,0,0,3,6,39,69,223,-1.2,7,1,1,0,0,1,1,0,0,0,0,0,0,0,0,0,0,3,9,42,53,218,-1.0,7,1,1,0,0,1,1,1,0,0,0,0,0,0,0,0,0,3,13,28,61,358,-1.2,7,1,1,0,0,1,1,0,0,0,0,0,0,0,0,0,0,3,16,41,77,227,-0.4,7,1,1,0,0,1,1,0,0,0,0,0,0,0,0,0,0,3,23,45,67,114,0.2,7,1,1,0,0,1,1,0,0,0,0,0,0,0,0,0,0,3,27,0,19,215,0.0,0,0,1,0,0,1,1,0,0,0,0,0,0,0,0,0,0,3,32,32,42,339,0.0,7,1,1,0,0,1,1,0,0,0,0,0,0,0,0,0,0,3,38,44,71,66,0.4,7,1,1,0,0,1,1,0,0,0,0,0,0,0,0,0,0,3,39,43,83,270,1.4,7,1,1,0,0,1,1,0,0,0,0,0,0,0,0,0,0,5,2,24,26,135,-42.0,4,1,1,0,0,1,1,1,0,0,0,0,0,0,0,0,0,5,3,39,37,165,1.6,7,1,1,0,0,1,1,1,0,0,0,0,0,0,0,0,0,5,4,14,63,60,0.0,3,0,2,0,0,2,0,1,0,0,0,0,0,0,0,0,0,5,7,35,60,149,-0.1,7,1,1,0,0,1,1,1,0,0,0,0,0,0,0,0,0,5,8,0,53,229,0.0,0,0,1,0,0,2,0,1,0,0,0,0,0,0,0,0,0,6,6,0,35,42,0.0,1,0,1,0,0,2,0,1,0,0,0,0,0,0,0,0,0,6,7,38,32,344,-0.5,7,1,1,0,0,1,1,1,0,0,0,0,0,0,0,0,0,6,8,0,4,302,0.0,0,0,1,0,0,2,0,1,0,0,0,0,0,0,0,0,0,6,9,46,61,118,1.1,7,1,1,0,0,1,1,1,0,0,0,0,0,0,0,0,0,6,10,40,29,177,5.2,7,1,1,0,0,1,1,1,0,0,0,0,0,0,0,0,0,6,16,21,29,42,-56.3,4,0,1,0,0,1,1,1,0,0,0,0,0,0,0,0,0
94616000,1,48,0,0,10,38,43,334,0.4,7,1,1,1,0,1,1,0,0,0,1,0,0,0,1,0,1,0,12,21,33,102,-105.3,4,1,1,1,0,1,1,0,0,0,1,0,0,0,1,0,1,0,15,0,13,76,0.0,1,0,1,0,0,2,0,1,0,0,0,0,0,0,0,0,0,0,18,44,39,198,0.3,7,1,1,1,0,1,1,1,0,0,1,0,0,0,1,0,1,0,23,42,73,54,0.1,7,1,1,1,0,1,1,1,0,0,1,0,0,0,1,0,1,0,24,0,33,37,0.0,1,0,1,0,0,1,1,1,0,0,0,0,0,0,0,0,0,0,25,28,36,144,-14.8,4,1,1,1,0,1,1,1,0,0,1,0,0,0,1,0,1,0,28,43,28,228,2.1,7,1,1,1,0,1,1,0,0,0,1,0,0,0,1,0,1,0,32,41,31,302,-5.8,6,1,1,1,0,1,1,0,0,0,1,0,0,0,1,0,1,1,127,0,21,258,0.0,0,0,0,0,0,2,0,1,0,0,0,0,0,0,0,0,0,1,128,42,46,238,0.0,7,0,0,0,0,2,1,1,0,0,0,0,0,0,0,0,0,1,129,45,53,229,0.0,7,0,1,0,0,2,1,1,0,0,0,0,0,0,0,0,0,1,137,41,60,149,0.0,7,0,0,0,0,2,1,1,0,0,0,0,0,0,0,0,0,2,4,0,1,265,0.0,0,0,1,0,0,2,0,1,0,0,0,0,0,0,0,0,0,2,7,23,12,61,0.0,3,0,1,0,0,2,0,1,0,0,0,0,0,0,0,0,0,2,10,0,5,324,0.0,0,0,1,0,0,2,0,1,0,0,0,0,0,0,0,0,0,2,12,29,25,313,-3.0,4,1,1,0,0,1,1,1,0,0,0,0,0,0,0,0,0,2,19,33,41,304,-2.6,7,1,1,0,0,1,1,1,0,0,0,0,0,0,0,0,0,2,21,27,26,150,-41.2,4,0,1,0,0,1,1,1,0,0,0,0,0,0,0,0,0,2,23,0,1,193,0.0,0,0,1,0,0,2,0,1,0,0,0,0,0,0,0,0,0,2,26,41,33,178,-0.4,7,1,1,0,0,1,1,1,0,0,0,0,0,0,0,0,0,2,27,11,27,90,18.4,4,1,1,0,0,1,1,1,0,0,0,0,0,0,0,0,0,2,29,14,47,15,-21.9,4,1,1,0,0,1,1,0,0,0,0,0,0,0,0,0,0,2,30,0,4,47,0.0,0,0,1,0,0,2,0,1,0,0,0,0,0,0,0,0,0,2,33,43,59,248,-0.3,7,1,1,0,0,1,1,1,0,0,0,0,0,0,0,0,0,3,6,40,69,223,-1.2,7,1,1,0,0,1,1,0,0,0,0,0,0,0,0,0,0,3,9,42,53,218,-1.0,7,1,1,0,0,1,1,1,0,0,0,0,0,0,0,0,0,3,13,26,61,358,-0.7,4,1,1,0,0,1,1,0,0,0,0,0,0,0,0,0,0,3,16,44,77,227,-0.2,7,1,1,0,0,1,1,0,0,0,0,0,0,0,0,0,0,3,23,44,67,114,0.3,7,1,1,0,0,1,1,0,0,0,0,0,0,0,0,0,0,3,27,0,19,215,0.0,0,0,1,0,0,1,1,0,0,0,0,0,0,0,0,0,0,3,32,37,42,339,0.1,7,1,1,0,0,1,1,0,0,0,0,0,0,0,0,0,0,3,38,43,71,66,0.2,7,1,1,0,0,1,1,0,0,0,0,0,0,0,0,0,0,3,39,45,83,270,1.4,7,1,1,0,0,1,1,0,0,0,0,0,0,0,0,0,0,5,2,23,26,135,-44.1,4,0,1,0,0,1,1,1,0,0,0,0,0,0,0,0,0,5,3,40,37,165,1.6,7,1,1,0,0,1,1,1,0,0,0,0,0,0,0,0,0,5,4,13,63,60,0.0,3,0,2,0,0,2,0,1,0,0,0,0,0,0,0,0,0,5,7,35,60,149,0.0,7,1,1,0,0,1,1,1,0,0,0,0,0,0,0,0,0,5,8,0,53,229,0.0,0,0,1,0,0,2,0,1,0,0,0,0,0,0,0,0,0,6,6,0,35,42,0.0,0,0,1,0,0,2,0,1,0,0,0,0,0,0,0,0,0,6,7,38,32,344,-0.7,7,1,1,0,0,1,1,1,0,0,0,0,0,0,0,0,0,6,8,0,4,302,0.0,0,0,1,0,0,2,0,1,0,0,0,0,0,0,0,0,0,6,9,47,61,118,1.0,7,1,1,0,0,1,1,1,0,0,0,0,0,0,0,0,0,6,10,33,29,177,5.2,7,1,1,0,0,1,1,1,0,0,0,0,0,0,0,0,0,6,16,21,29,42,-59.2,4,1,1,0,0,1,1,1,0,0,0,0,0,0,0,0,0
94617000,1,48,0,0,10,36,44,335,0.4,7,1,1,1,0,1,1,0,0,0,1,0,0,0,1,0,1,0,12,21,33,102,-112.0,4,0,1,0,0,1,1,0,0,0,0,0,0,0,0,0,0,0,15,0,13,76,0.0,1,0,1,0,0,2,0,1,0,0,0,0,0,0,0,0,0,0,18,43,39,198,0.3,7,1,1,1,0,1,1,1,0,0,1,0,0,0,1,0,1,0,23,39,73,54,0.0,7,1,1,1,0,1,1,1,0,0,1,0,0,0,1,0,1,0,24,0,33,37,0.0,1,0,1,0,0,1,1,1,0,0,0,0,0,0,0,0,0,0,25,28,36,144,-11.2,5,1,1,1,0,1,1,1,0,0,1,0,0,0,1,0,1,0,28,38,28,228,2.1,7,1,1,1,0,1,1,0,0,0,1,0,0,0,1,0,1,0,32,46,31,302,-2.3,6,1,1,1,0,1,1,0,0,0,1,0,0,0,1,0,1,1,127,0,21,258,0.0,0,0,0,0,0,2,0,1,0,0,0,0,0,0,0,0,0,1,128,45,46,238,0.0,7,0,0,0,0,2,1,1,0,0,0,0,0,0,0,0,0,1,129,44,53,229,0.0,7,0,1,0,0,2,1,1,0,0,0,0,0,0,0,0,0,1,137,37,60,149,0.0,7,0,0,0,0,2,1,1,0,0,0,0,0,0,0,0,0,2,4,0,1,265,0.0,0,0,1,0,0,2,0,1,0,0,0,0,0,0,0,0,0,2,7,22,12,61,0.0,3,0,1,0,0,2,0,1,0,0,0,0,0,0,0,0,0,2,10,0,5,324,0.0,0,0,1,0,0,2,0,1,0,0,0,0,0,0,0,0,0,2,12,37,25,313,0.0,5,1,1,0,0,1,1,1,0,0,0,0,0,0,0,0,0,2,19,38,41,304,-0.7,7,1,1,0,0,1,1,1,0,0,0,0,0,0,0,0,0,2,21,26,26,150,-39.9,4,1,1,0,0,1,1,1,0,0,0,0,0,0,0,0,0,2,23,0,1,193,0.0,0,0,1,0,0,2,0,1,0,0,0,0,0,0,0,0,0,2,26,41,33,178,0.3,7,1,1,0,0,1,1,1,0,0,0,0,0,0,0,0,0,2,27,10,27,90,18.8,4,1,1,0,0,1,1,1,0,0,0,0,0,0,0,0,0,2,29,13,47,15,-25.3,4,0,1,0,0,1,1,0,0,0,0,0,0,0,0,0,0,2,30,0,4,47,0.0,0,0,1,0,0,2,0,1,0,0,0,0,0,0,0,0,0,2,33,42,59,248,0.0,7,1,1,0,0,1,1,1,0,0,0,0,0,0,0,0,0,3,6,40,69,223,-1.1,7,1,1,0,0,1,1,0,0,0,0,0,0,0,0,0,0,3,9,39,53,218,-0.9,7,1,1,0,0,1,1,1,0,0,0,0,0,0,0,0,0,3,13,26,61,358,-4.0,4,1,1,0,0,1,1,0,0,0,0,0,0,0,0,0,0,3,16,43,77,227,-0.4,7,1,1,0,0,1,1,0,0,0,0,0,0,0,0,0,0,3,23,46,67,114,0.2,7,1,1,0,0,1,1,0,0,0,0,0,0,0,0,0,0,3,27,0,19,215,0.0,0,0,1,0,0,1,1,0,0,0,0,0,0,0,0,0,0,3,32,39,42,339,0.3,7,1,1,0,0,1,1,0,0,0,0,0,0,0,0,0,0,3,38,43,71,66,0.5,7,1,1,0,0,1,1,0,0,0,0,0,0,0,0,0,0,3,39,45,83,270,1.4,7,1,1,0,0,1,1,0,0,0,0,0,0,0,0,0,0,5,2,21,26,135,-44.9,4,0,1,0,0,1,1,1,0,0,0,0,0,0,0,0,0,5,3,39,37,165,1.7,7,1,1,0,0,1,1,1,0,0,0,0,0,0,0,0,0,5,4,11,63,60,0.0,3,0,2,0,0,2,0,1,0,0,0,0,0,0,0,0,0,5,7,35,60,149,0.2,7,1,1,0,0,1,1,1,0,0,0,0,0,0,0,0,0,5,8,0,53,229,0.0,0,0,1,0,0,2,0,1,0,0,0,0,0,0,0,0,0,6,6,0,35,42,0.0,1,0,1,0,0,2,0,1,0,0,0,0,0,0,0,0,0,6,7,34,32,344,-0.8,7,1,1,0,0,1,1,1,0,0,0,0,0,0,0,0,0,6,8,0,4,302,0.0,0,0,1,0,0,2,0,1,0,0,0,0,0,0,0,0,0,6,9,42,61,118,1.2,7,1,1,0,0,1,1,1,0,0,0,0,0,0,0,0,0,6,10,31,29,177,5.5,7,1,1,0,0,1,1,1,0,0,0,0,0,0,0,0,0,6,16,22,29,42,-61.7,4,0,1,0,0,1,1,1,0,0,0,0,0,0,0,0,0
94618000,1,48,0,0,10,27,44,335,0.5,4,1,1,1,0,1,1,0,0,0,1,0,0,0,1,0,1,0,12,21,33,102,-92.6,4,1,1,1,0,1,1,0,0,0,1,0,0,0,1,0,1,0,15,0,13,76,0.0,1,0,1,0,0,2,0,1,0,0,0,0,0,0,0,0,0,0,18,40,39,198,0.4,7,1,1,1,0,1,1,1,0,0,1,0,0,0,1,0,1,0,23,44,73,54,0.1,7,1,1,1,0,1,1,1,0,0,1,0,0,0,1,0,1,0,24,0,33,37,0.0,1,0,1,0,0,1,1,1,0,0,0,0,0,0,0,0,0,0,25,33,36,144,-11.9,5,1,1,1,0,1,1,1,0,0,1,0,0,0,1,0,1,0,28,38,28,228,2.0,7,1,1,1,0,1,1,0,0,0,1,0,0,0,1,0,1,0,32,42,31,302,3.0,6,1,1,1,0,1,1,0,0,0,1,0,0,0,1,0,1,1,127,0,21,258,0.0,0,0,0,0,0,2,0,1,0,0,0,0,0,0,0,0,0,1,128,40,46,238,0.0,7,0,0,0,0,2,1,1,0,0,0,0,0,0,0,0,0,1,129,42,53,229,0.0,7,0,1,0,0,2,1,1,0,0,0,0,0,0,0,0,0,1,137,39,60,149,0.0,7,0,0,0,0,2,1,1,0,0,0,0,0,0,0,0,0,2,4,0,1,265,0.0,0,0,1,0,0,2,0,1,0,0,0,0,0,0,0,0,0,2,7,23,12,61,0.0,4,0,1,0,0,2,0,1,0,0,0,0,0,0,0,0,0,2,10,0,5,324,0.0,0,0,1,0,0,2,0,1,0,0,0,0,0,0,0,0,0,2,12,30,25,313,-1.1,7,1,1,0,0,1,1,1,0,0,0,0,0,0,0,0,0,2,19,37,41,304,-1.7,7,1,1,0,0,1,1,1,0,0,0,0,0,0,0,0,0,2,21,32,26,150,-52.5,4,0,1,0,0,1,1,1,0,0,0,0,0,0,0,0,0,2,23,0,1,193,0.0,0,0,1,0,0,2,0,1,0,0,0,0,0,0,0,0,0,2,26,40,33,178,0.6,7,1,1,0,0,1,1,1,0,0,0,0,0,0,0,0,0,2,27,9,27,90,-17.7,4,1,1,0,0,1,1,1,0,0,0,0,0,0,0,0,0,2,29,14,47,15,-28.2,4,1,1,0,0,1,1,0,0,0,0,0,0,0,0,0,0,2,30,0,4,47,0.0,0,0,1,0,0,2,0,1,0,0,0,0,0,0,0,0,0,2,33,43,59,248,0.3,7,1,1,0,0,1,1,1,0,0,0,0,0,0,0,0,0,3,6,41,69,223,-1.0,7,1,1,0,0,1,1,0,0,0,0,0,0,0,0,0,0,3,9,42,53,218,-0.8,7,1,1,0,0,1,1,1,0,0,0,0,0,0,0,0,0,3,13,32,61,358,-0.5,5,1,1,0,0,1,1,0,0,0,0,0,0,0,0,0,0,3,16,44,77,227,-0.2,7,1,1,0,0,1,1,0,0,0,0,0,0,0,0,0,0,3,23,45,67,114,0.2,7,1,1,0,0,1,1,0,0,0,0,0,0,0,0,0,0,3,27,0,19,215,0.0,0,0,1,0,0,1,1,0,0,0,0,0,0,0,0,0,0,3,32,31,42,339,0.4,7,1,1,0,0,1,1,0,0,0,0,0,0,0,0,0,0,3,38,45,71,66,0.6,7,1,1,0,0,1,1,0,0,0,0,0,0,0,0,0,0,3,39,44,83,270,1.5,7,1,1,0,0,1,1,0,0,0,0,0,0,0,0,0,0,5,2,23,26,135,-101.4,3,0,1,0,0,1,1,1,0,0,0,0,0,0,0,0,0,5,3,41,37,165,1.8,7,1,1,0,0,1,1,1,0,0,0,0,0,0,0,0,0,5,4,9,63,60,0.0,3,0,2,0,0,2,0,1,0,0,0,0,0,0,0,0,0,5,7,35,60,149,0.4,7,1,1,0,0,1,1,1,0,0,0,0,0,0,0,0,0,5,8,0,53,229,0.0,0,0,1,0,0,2,0,1,0,0,0,0,0,0,0,0,0,6,6,0,35,42,0.0,1,0,1,0,0,2,0,1,0,0,0,0,0,0,0,0,0,6,7,30,32,344,-1.2,7,1,1,0,0,1,1,1,0,0,0,0,0,0,0,0,0,6,8,0,4,302,0.0,0,0,1,0,0,2,0,1,0,0,0,0,0,0,0,0,0,6,9,47,61,118,1.4,7,1,1,0,0,1,1,1,0,0,0,0,0,0,0,0,0,6,10,34,29,177,5.6,7,1,1,0,0,1,1,1,0,0,0,0,0,0,0,0,0,6,16,20,29,42,-64.0,4,0,1,0,0,1,1,1,0,0,0,0,0,0,0,0,0
94619000,1,48,0,0,10,26,44,335,-0.5,4,1,1,1,0,1,1,0,0,0,1,0,0,0,1,0,1,0,12,20,33,102,-87.1,4,1,1,1,0,1,1,0,0,0,1,0,0,0,1,0,1,0,15,0,13,76,0.0,1,0,1,0,0,2,0,1,0,0,0,0,0,0,0,0,0,0,18,45,39,198,0.1,7,1,1,1,0,1,1,1,0,0,1,0,0,0,1,0,1,0,23,43,73,54,-0.1,7,1,1,1,0,1,1,1,0,0,1,0,0,0,1,0,1,0,24,0,33,37,0.0,1,0,1,0,0,1,1,1,0,0,0,0,0,0,0,0,0,0,25,29,36,144,2.4,6,1,1,1,0,1,1,1,0,0,1,0,0,0,1,0,1,0,28,39,28,228,1.7,7,1,1,1,0,1,1,0,0,0,1,0,0,0,1,0,1,0,32,41,31,302,0.0,6,1,1,1,0,1,1,0,0,0,1,0,0,0,1,0,1,1,127,0,21,258,0.0,0,0,0,0,0,2,0,1,0,0,0,0,0,0,0,0,0,1,128,40,46,238,0.0,7,0,0,0,0,2,1,1,0,0,0,0,0,0,0,0,0,1,129,42,53,229,0.0,7,0,1,0,0,2,1,1,0,0,0,0,0,0,0,0,0,1,137,40,60,149,0.0,7,0,0,0,0,2,1,1,0,0,0,0,0,0,0,0,0,2,4,0,1,265,0.0,0,0,1,0,0,2,0,1,0,0,0,0,0,0,0,0,0,2,7,20,12,61,0.0,3,0,1,0,0,2,0,1,0,0,0,0,0,0,0,0,0,2,10,0,5,324,0.0,0,0,1,0,0,2,0,1,0,0,0,0,0,0,0,0,0,2,12,35,25,313,-1.6,7,1,1,0,0,1,1,1,0,0,0,0,0,0,0,0,0,2,19,39,41,304,-0.5,7,1,1,0,0,1,1,1,0,0,0,0,0,0,0,0,0,2,21,28,26,150,-49.8,5,1,1,0,0,1,1,1,0,0,0,0,0,0,0,0,0,2,23,0,1,193,0.0,0,0,1,0,0,2,0,1,0,0,0,0,0,0,0,0,0,2,26,43,33,178,0.2,7,1,1,0,0,1,1,1,0,0,0,0,0,0,0,0,0,2,27,8,27,90,17.9,4,1,1,0,0,1,1,1,0,0,0,0,0,0,0,0,0,2,29,12,47,15,-30.2,4,1,1,0,0,1,1,0,0,0,0,0,0,0,0,0,0,2,30,0,4,47,0.0,0,0,1,0,0,2,0,1,0,0,0,0,0,0,0,0,0,2,33,43,59,248,0.1,7,1,1,0,0,1,1,1,0,0,0,0,0,0,0,0,0,3,6,40,69,223,-1.2,7,1,1,0,0,1,1,0,0,0,0,0,0,0,0,0,0,3,9,37,53,218,-0.9,7,1,1,0,0,1,1,1,0,0,0,0,0,0,0,0,0,3,13,32,61,358,-0.5,6,1,1,0,0,1,1,0,0,0,0,0,0,0,0,0,0,3,16,44,77,227,-0.4,7,1,1,0,0,1,1,0,0,0,0,0,0,0,0,0,0,3,23,46,67,114,0.1,7,1,1,0,0,1,1,0,0,0,0,0,0,0,0,0,0,3,27,0,19,215,0.0,0,0,1,0,0,1,1,0,0,0,0,0,0,0,0,0,0,3,32,25,42,339,-2.6,5,1,1,0,0,1,1,0,0,0,0,0,0,0,0,0,0,3,38,44,71,66,0.6,7,1,1,0,0,1,1,0,0,0,0,0,0,0,0,0,0,3,39,45,83,270,1.4,7,1,1,0,0,1,1,0,0,0,0,0,0,0,0,0,0,5,2,23,26,135,-77.6,3,0,1,0,0,1,1,1,0,0,0,0,0,0,0,0,0,5,3,40,37,165,1.8,7,1,1,0,0,1,1,1,0,0,0,0,0,0,0,0,0,5,4,8,63,60,0.0,3,0,2,0,0,2,0,1,0,0,0,0,0,0,0,0,0,5,7,36,60,149,0.3,7,1,1,0,0,1,1,1,0,0,0,0,0,0,0,0,0,5,8,0,53,229,0.0,0,0,1,0,0,2,0,1,0,0,0,0,0,0,0,0,0,6,6,0,35,42,0.0,1,0,1,0,0,2,0,1,0,0,0,0,0,0,0,0,0,6,7,23,32,344,-1.7,4,1,1,0,0,1,1,1,0,0,0,0,0,0,0,0,0,6,8,0,4,302,0.0,0,0,1,0,0,2,0,1,0,0,0,0,0,0,0,0,0,6,9,49,61,118,1.3,7,1,1,0,0,1,1,1,0,0,0,0,0,0,0,0,0,6,10,42,29,177,3.6,5,1,1,0,0,1,1,1,0,0,0,0,0,0,0,0,0,6,16,20,29,42,-67.4,4,1,1,0,0,1,1,1,0,0,0,0,0,0,0,0,0
94620000,1,48,0,0,10,26,44,335,-3.6,4,1,1,1,0,1,1,0,0,0,1,0,0,0,1,0,1,0,12,0,33,102,0.0,1,0,1,0,0,1,1,0,0,0,0,0,0,0,0,0,0,0,15,0,13,76,0.0,1,0,1,0,0,2,0,1,0,0,0,0,0,0,0,0,0,0,18,46,39,198,0.0,7,1,1,1,0,1,1,1,0,0,1,0,0,0,1,0,1,0,23,41,73,54,-0.3,7,1,1,1,0,1,1,1,0,0,1,0,0,0,1,0,1,0,24,0,33,37,0.0,1,0,1,0,0,1,1,1,0,0,0,0,0,0,0,0,0,0,25,31,36,144,-0.7,6,1,1,1,0,1,1,1,0,0,1,0,0,0,1,0,1,0,28,38,28,228,1.5,7,1,1,1,0,1,1,0,0,0,1,0,0,0,1,0,1,0,32,35,31,302,-1.2,6,1,1,1,0,1,1,0,0,0,1,0,0,0,1,0,1,1,127,0,21,258,0.0,0,0,0,0,0,2,0,1,0,0,0,0,0,0,0,0,0,1,128,40,46,238,0.0,7,0,0,0,0,2,1,1,0,0,0,0,0,0,0,0,0,1,129,42,53,229,0.0,7,0,1,0,0,2,1,1,0,0,0,0,0,0,0,0,0,1,137,41,60,149,0.0,7,0,0,0,0,2,1,1,0,0,0,0,0,0,0,0,0,2,4,0,1,265,0.0,0,0,1,0,0,2,0,1,0,0,0,0,0,0,0,0,0,2,7,19,12,61,0.0,3,0,1,0,0,2,0,1,0,0,0,0,0,0,0,0,0,2,10,0,5,324,0.0,0,0,1,0,0,2,0,1,0,0,0,0,0,0,0,0,0,2,12,27,25,313,-2.4,4,1,1,0,0,1,1,1,0,0,0,0,0,0,0,0,0,2,19,35,41,304,4.1,7,1,1,0,0,1,1,1,0,0,0,0,0,0,0,0,0,2,21,14,26,150,-48.1,4,1,1,0,0,1,1,1,0,0,0,0,0,0,0,0,0,2,23,0,1,193,0.0,0,0,1,0,0,2,0,1,0,0,0,0,0,0,0,0,0,2,26,40,33,178,0.4,7,1,1,0,0,1,1,1,0,0,0,0,0,0,0,0,0,2,27,10,27,90,17.7,4,1,1,0,0,1,1,1,0,0,0,0,0,0,0,0,0,2,29,10,47,15,-29.9,4,1,1,0,0,1,1,0,0,0,0,0,0,0,0,0,0,2,30,0,4,47,0.0,0,0,1,0,0,2,0,1,0,0,0,0,0,0,0,0,0,2,33,42,59,248,0.1,7,1,1,0,0,1,1,1,0,0,0,0,0,0,0,0,0,3,6,44,69,223,-1.2,7,1,1,0,0,1,1,0,0,0,0,0,0,0,0,0,0,3,9,41,53,218,-1.0,7,1,1,0,0,1,1,1,0,0,0,0,0,0,0,0,0,3,13,30,61,358,-1.6,6,1,1,0,0,1,1,0,0,0,0,0,0,0,0,0,0,3,16,45,77,227,-0.5,7,1,1,0,0,1,1,0,0,0,0,0,0,0,0,0,0,3,23,43,67,114,0.1,7,1,1,0,0,1,1,0,0,0,0,0,0,0,0,0,0,3,27,0,19,215,0.0,0,0,1,0,0,1,1,0,0,0,0,0,0,0,0,0,0,3,32,26,42,339,-3.0,5,1,1,0,0,1,1,0,0,0,0,0,0,0,0,0,0,3,38,41,71,66,0.5,7,1,1,0,0,1,1,0,0,0,0,0,0,0,0,0,0,3,39,43,83,270,1.3,7,1,1,0,0,1,1,0,0,0,0,0,0,0,0,0,0,5,2,21,26,135,-70.3,3,0,1,0,0,1,1,1,0,0,0,0,0,0,0,0,0,5,3,39,37,165,1.7,7,1,1,0,0,1,1,1,0,0,0,0,0,0,0,0,0,5,4,7,63,60,0.0,3,0,2,0,0,2,0,1,0,0,0,0,0,0,0,0,0,5,7,37,60,149,0.3,7,1,1,0,0,1,1,1,0,0,0,0,0,0,0,0,0,5,8,0,53,229,0.0,0,0,1,0,0,2,0,1,0,0,0,0,0,0,0,0,0,6,6,0,35,42,0.0,1,0,1,0,0,2,0,1,0,0,0,0,0,0,0,0,0,6,7,34,32,344,-7.5,5,1,1,0,0,1,1,1,0,0,0,0,0,0,0,0,0,6,8,0,4,302,0.0,0,0,1,0,0,2,0,1,0,0,0,0,0,0,0,0,0,6,9,44,61,118,1.0,7,1,1,0,0,1,1,1,0,0,0,0,0,0,0,0,0,6,10,39,29,177,2.5,6,1,1,0,0,1,1,1,0,0,0,0,0,0,0,0,0,6,16,22,29,42,-71.4,4,1,1,0,0,1,1,1,0,0,0,0,0,0,0,0,0
94621000,1,48,0,0,10,26,44,335,-3.6,5,1,1,1,0,1,1,0,0,0,1,0,0,0,1,0,1,0,12,22,33,102,-64.0,3,0,1,0,0,1,1,0,0,0,0,0,0,0,0,0,0,0,15,0,13,76,0.0,1,0,1,0,0,2,0,1,0,0,0,0,0,0,0,0,0,0,18,41,39,198,0.1,7,1,1,1,0,1,1,1,0,0,1,0,0,0,1,0,1,0,23,41,73,54,-0.1,7,1,1,1,0,1,1,1,0,0,1,0,0,0,1,0,1,0,24,20,33,37,0.0,3,0,1,0,0,1,1,1,0,0,0,0,0,0,0,0,0,0,25,37,36,144,-1.0,7,1,1,1,0,1,1,1,0,0,1,0,0,0,1,0,1,0,28,37,28,228,1.4,7,1,1,1,0,1,1,0,0,0,1,0,0,0,1,0,1,0,32,34,31,302,-1.7,7,1,1,1,0,1,1,0,0,0,1,0,0,0,1,0,1,1,127,0,21,258,0.0,0,0,0,0,0,2,0,1,0,0,0,0,0,0,0,0,0,1,128,42,46,238,0.0,7,0,0,0,0,2,1,1,0,0,0,0,0,0,0,0,0,1,129,38,53,229,0.0,7,0,1,0,0,2,1,1,0,0,0,0,0,0,0,0,0,1,137,39,60,149,0.0,7,0,0,0,0,2,1,1,0,0,0,0,0,0,0,0,0,2,4,0,1,265,0.0,0,0,1,0,0,2,0,1,0,0,0,0,0,0,0,0,0,2,7,19,12,61,0.0,3,0,1,0,0,2,0,1,0,0,0,0,0,0,0,0,0,2,10,0,5,324,0.0,0,0,1,0,0,2,0,1,0,0,0,0,0,0,0,0,0,2,12,25,25,313,-9.7,4,1,1,0,0,1,1,1,0,0,0,0,0,0,0,0,0,2,19,33,41,304,1.9,7,1,1,0,0,1,1,1,0,0,0,0,0,0,0,0,0,2,21,27,26,150,-38.4,4,1,1,0,0,1,1,1,0,0,0,0,0,0,0,0,0,2,23,0,1,193,0.0,0,0,1,0,0,2,0,1,0,0,0,0,0,0,0,0,0,2,26,34,33,178,0.3,7,1,1,0,0,1,1,1,0,0,0,0,0,0,0,0,0,2,27,12,27,90,-56.2,4,1,1,0,0,1,1,1,0,0,0,0,0,0,0,0,0,2,29,10,47,15,-66.3,4,1,1,0,0,1,1,0,0,0,0,0,0,0,0,0,0,2,30,0,4,47,0.0,0,0,1,0,0,2,0,1,0,0,0,0,0,0,0,0,0,2,33,44,59,248,-0.3,7,1,1,0,0,1,1,1,0,0,0,0,0,0,0,0,0,3,6,41,69,223,-1.2,7,1,1,0,0,1,1,0,0,0,0,0,0,0,0,0,0,3,9,42,53,218,-0.9,7,1,1,0,0,1,1,1,0,0,0,0,0,0,0,0,0,3,13,31,61,358,-0.9,6,1,1,0,0,1,1,0,0,0,0,0,0,0,0,0,0,3,16,43,77,227,-0.3,7,1,1,0,0,1,1,0,0,0,0,0,0,0,0,0,0,3,23,44,67,114,0.2,7,1,1,0,0,1,1,0,0,0,0,0,0,0,0,0,0,3,27,0,19,215,0.0,0,0,1,0,0,1,1,0,0,0,0,0,0,0,0,0,0,3,32,27,42,339,-2.4,6,1,1,0,0,1,1,0,0,0,0,0,0,0,0,0,0,3,38,43,71,66,0.7,7,1,1,0,0,1,1,0,0,0,0,0,0,0,0,0,0,3,39,39,83,270,1.5,7,1,1,0,0,1,1,0,0,0,0,0,0,0,0,0,0,5,2,0,26,135,0.0,1,0,1,0,0,1,1,1,0,0,0,0,0,0,0,0,0,5,3,39,37,165,1.7,7,1,1,0,0,1,1,1,0,0,0,0,0,0,0,0,0,5,4,7,63,60,0.0,3,0,2,0,0,2,0,1,0,0,0,0,0,0,0,0,0,5,7,34,60,149,0.4,7,1,1,0,0,1,1,1,0,0,0,0,0,0,0,0,0,5,8,0,53,229,0.0,0,0,1,0,0,2,0,1,0,0,0,0,0,0,0,0,0,6,6,0,35,42,0.0,1,0,1,0,0,2,0,1,0,0,0,0,0,0,0,0,0,6,7,29,32,344,-5.7,5,1,1,0,0,1,1,1,0,0,0,0,0,0,0,0,0,6,8,0,4,302,0.0,0,0,1,0,0,2,0,1,0,0,0,0,0,0,0,0,0,6,9,41,61,118,1.1,7,1,1,0,0,1,1,1,0,0,0,0,0,0,0,0,0,6,10,37,29,177,4.2,7,1,1,0,0,1,1,1,0,0,0,0,0,0,0,0,0,6,16,23,29,42,-72.8,4,1,1,0,0,1,1,1,0,0,0,0,0,0,0,0,0
94622000,1,48,0,0,10,35,44,335,-4.5,6,1,1,1,0,1,1,0,0,0,1,0,0,0,1,0,1,0,12,21,33,102,-58.4,3,0,1,0,0,1,1,0,0,0,0,0,0,0,0,0,0,0,15,0,13,76,0.0,1,0,1,0,0,2,0,1,0,0,0,0,0,0,0,0,0,0,18,43,39,198,-0.1,7,1,1,1,0,1,1,1,0,0,1,0,0,0,1,0,1,0,23,41,73,54,-0.3,7,1,1,1,0,1,1,1,0,0,1,0,0,0,1,0,1,0,24,0,33,37,0.0,1,0,1,0,0,1,1,1,0,0,0,0,0,0,0,0,0,0,25,36,36,144,-0.7,7,1,1,1,0,1,1,1,0,0,1,0,0,0,1,0,1,0,28,33,28,228,-1.2,5,1,1,1,0,1,1,0,0,0,1,0,0,0,1,0,1,0,32,27,31,302,-3.0,7,1,1,1,0,1,1,0,0,0,1,0,0,0,1,0,1,1,127,0,21,258,0.0,0,0,0,0,0,2,0,1,0,0,0,0,0,0,0,0,0,1,128,43,46,238,0.0,7,0,0,0,0,2,1,1,0,0,0,0,0,0,0,0,0,1,129,40,53,229,0.0,7,0,1,0,0,2,1,1,0,0,0,0,0,0,0,0,0,1,137,39,60,149,0.0,7,0,0,0,0,2,1,1,0,0,0,0,0,0,0,0,0,2,4,0,1,265,0.0,0,0,1,0,0,2,0,1,0,0,0,0,0,0,0,0,0,2,7,17,12,61,0.0,3,0,1,0,0,2,0,1,0,0,0,0,0,0,0,0,0,2,10,0,5,324,0.0,0,0,1,0,0,2,0,1,0,0,0,0,0,0,0,0,0,2,12,22,25,313,-9.8,4,1,1,0,0,1,1,1,0,0,0,0,0,0,0,0,0,2,19,30,41,304,0.5,7,1,1,0,0,1,1,1,0,0,0,0,0,0,0,0,0,2,21,25,26,150,-38.6,4,1,1,0,0,1,1,1,0,0,0,0,0,0,0,0,0,2,23,0,1,193,0.0,0,0,1,0,0,2,0,1,0,0,0,0,0,0,0,0,0,2,26,41,33,178,0.3,7,1,1,0,0,1,1,1,0,0,0,0,0,0,0,0,0,2,27,13,27,90,18.0,4,1,1,0,0,1,1,1,0,0,0,0,0,0,0,0,0,2,29,10,47,15,8.7,4,1,1,0,0,1,1,0,0,0,0,0,0,0,0,0,0,2,30,0,4,47,0.0,0,0,1,0,0,2,0,1,0,0,0,0,0,0,0,0,0,2,33,41,59,248,-0.5,7,1,1,0,0,1,1,1,0,0,0,0,0,0,0,0,0,3,6,41,69,223,-1.4,7,1,1,0,0,1,1,0,0,0,0,0,0,0,0,0,0,3,9,37,53,218,-1.0,7,1,1,0,0,1,1,1,0,0,0,0,0,0,0,0,0,3,13,35,61,358,-1.5,6,1,1,0,0,1,1,0,0,0,0,0,0,0,0,0,0,3,16,38,77,227,-0.4,7,1,1,0,0,1,1,0,0,0,0,0,0,0,0,0,0,3,23,42,67,114,0.1,7,1,1,0,0,1,1,0,0,0,0,0,0,0,0,0,0,3,27,0,19,215,0.0,0,0,1,0,0,1,1,0,0,0,0,0,0,0,0,0,0,3,32,28,42,339,-5.2,4,1,1,0,0,1,1,0,0,0,0,0,0,0,0,0,0,3,38,41,71,66,0.6,7,1,1,0,0,1,1,0,0,0,0,0,0,0,0,0,0,3,39,42,83,270,1.4,7,1,1,0,0,1,1,0,0,0,0,0,0,0,0,0,0,5,2,0,26,135,0.0,1,0,1,0,0,1,1,1,0,0,0,0,0,0,0,0,0,5,3,40,37,165,1.5,7,1,1,0,0,1,1,1,0,0,0,0,0,0,0,0,0,5,4,7,63,60,0.0,3,0,2,0,0,2,0,1,0,0,0,0,0,0,0,0,0,5,7,36,60,149,0.2,7,1,1,0,0,1,1,1,0,0,0,0,0,0,0,0,0,5,8,0,53,229,0.0,0,0,1,0,0,2,0,1,0,0,0,0,0,0,0,0,0,6,6,0,35,42,0.0,1,0,1,0,0,2,0,1,0,0,0,0,0,0,0,0,0,6,7,30,32,344,-4.5,6,1,1,0,0,1,1,1,0,0,0,0,0,0,0,0,0,6,8,0,4,302,0.0,0,0,1,0,0,2,0,1,0,0,0,0,0,0,0,0,0,6,9,46,61,118,0.9,7,1,1,0,0,1,1,1,0,0,0,0,0,0,0,0,0,6,10,41,29,177,6.2,7,1,1,0,0,1,1,1,0,0,0,0,0,0,0,0,0,6,16,23,29,42,-74.7,4,0,1,0,0,1,1,1,0,0,0,0,0,0,0,0,0
94623000,1,48,0,0,10,31,44,335,-1.4,4,1,1,1,0,1,1,0,0,0,1,0,0,0,1,0,1,0,12,23,33,102,-83.1,4,0,1,0,0,1,1,0,0,0,0,0,0,0,0,0,0,0,15,0,13,76,0.0,1,0,1,0,0,2,0,1,0,0,0,0,0,0,0,0,0,0,18,41,39,198,-0.1,7,1,1,1,0,1,1,1,0,0,1,0,0,0,1,0,1,0,23,41,73,54,-0.4,7,1,1,1,0,1,1,1,0,0,1,0,0,0,1,0,1,0,24,0,33,37,0.0,1,0,1,0,0,1,1,1,0,0,0,0,0,0,0,0,0,0,25,39,36,144,1.1,7,1,1,1,0,1,1,1,0,0,1,0,0,0,1,0,1,0,28,39,28,228,-1.6,6,1,1,1,0,1,1,0,0,0,1,0,0,0,1,0,1,0,32,36,31,302,-3.1,5,1,1,1,0,1,1,0,0,0,1,0,0,0,1,0,1,1,127,0,21,258,0.0,0,0,0,0,0,2,0,1,0,0,0,0,0,0,0,0,0,1,128,40,46,238,0.0,7,0,0,0,0,2,1,1,0,0,0,0,0,0,0,0,0,1,129,38,53,229,0.0,7,0,1,0,0,2,1,1,0,0,0,0,0,0,0,0,0,1,137,41,60,149,0.0,7,0,0,0,0,2,1,1,0,0,0,0,0,0,0,0,0,2,4,0,1,265,0.0,0,0,1,0,0,2,0,1,0,0,0,0,0,0,0,0,0,2,7,20,12,61,0.0,3,0,1,0,0,2,0,1,0,0,0,0,0,0,0,0,0,2,10,0,5,324,0.0,0,0,1,0,0,2,0,1,0,0,0,0,0,0,0,0,0,2,12,22,25,313,-13.6,4,1,1,0,0,1,1,1,0,0,0,0,0,0,0,0,0,2,19,30,41,304,-1.2,4,1,1,0,0,1,1,1,0,0,0,0,0,0,0,0,0,2,21,25,26,150,-31.1,4,0,1,0,0,1,1,1,0,0,0,0,0,0,0,0,0,2,23,0,1,193,0.0,0,0,1,0,0,2,0,1,0,0,0,0,0,0,0,0,0,2,26,40,33,178,-0.2,7,1,1,0,0,1,1,1,0,0,0,0,0,0,0,0,0,2,27,10,27,90,17.9,4,1,1,0,0,1,1,1,0,0,0,0,0,0,0,0,0,2,29,19,47,15,8.3,4,1,1,0,0,1,1,0,0,0,0,0,0,0,0,0,0,2,30,0,4,47,0.0,0,0,1,0,0,2,0,1,0,0,0,0,0,0,0,0,0,2,33,44,59,248,-0.3,7,1,1,0,0,1,1,1,0,0,0,0,0,0,0,0,0,3,6,39,69,223,-1.5,7,1,1,0,0,1,1,0,0,0,0,0,0,0,0,0,0,3,9,35,53,218,-1.2,7,1,1,0,0,1,1,1,0,0,0,0,0,0,0,0,0,3,13,37,61,358,0.2,7,1,1,0,0,1,1,0,0,0,0,0,0,0,0,0,0,3,16,44,77,227,-0.5,7,1,1,0,0,1,1,0,0,0,0,0,0,0,0,0,0,3,23,44,67,114,0.0,7,1,1,0,0,1,1,0,0,0,0,0,0,0,0,0,0,3,27,0,19,215,0.0,0,0,1,0,0,1,1,0,0,0,0,0,0,0,0,0,0,3,32,28,42,339,-1.1,4,1,1,0,0,1,1,0,0,0,0,0,0,0,0,0,0,3,38,43,71,66,0.4,7,1,1,0,0,1,1,0,0,0,0,0,0,0,0,0,0,3,39,41,83,270,1.1,7,1,1,0,0,1,1,0,0,0,0,0,0,0,0,0,0,5,2,0,26,135,0.0,1,0,1,0,0,1,1,1,0,0,0,0,0,0,0,0,0,5,3,43,37,165,1.3,7,1,1,0,0,1,1,1,0,0,0,0,0,0,0,0,0,5,4,7,63,60,0.0,3,0,2,0,0,2,0,1,0,0,0,0,0,0,0,0,0,5,7,37,60,149,0.2,7,1,1,0,0,1,1,1,0,0,0,0,0,0,0,0,0,5,8,0,53,229,0.0,0,0,1,0,0,2,0,1,0,0,0,0,0,0,0,0,0,6,6,0,35,42,0.0,1,0,1,0,0,2,0,1,0,0,0,0,0,0,0,0,0,6,7,36,32,344,-4.1,5,1,1,0,0,1,1,1,0,0,0,0,0,0,0,0,0,6,8,0,4,302,0.0,0,0,1,0,0,2,0,1,0,0,0,0,0,0,0,0,0,6,9,47,61,118,0.5,7,1,1,0,0,1,1,1,0,0,0,0,0,0,0,0,0,6,10,39,29,177,4.9,7,1,1,0,0,1,1,1,0,0,0,0,0,0,0,0,0,6,16,22,29,42,-77.1,4,1,1,0,0,1,1,1,0,0,0,0,0,0,0,0,0
94624000,1,48,0,0,10,32,44,335,0.7,4,1,1,1,0,1,1,0,0,0,1,0,0,0,1,0,1,0,12,23,33,102,-81.2,4,0,1,0,0,1,1,0,0,0,0,0,0,0,0,0,0,0,15,0,13,76,0.0,1,0,1,0,0,2,0,1,0,0,0,0,0,0,0,0,0,0,18,39,38,198,-0.1,7,1,1,1,0,1,1,1,0,0,1,0,0,0,1,0,1,0,23,38,73,54,-0.5,7,1,1,1,0,1,1,1,0,0,1,0,0,0,1,0,1,0,24,18,33,37,0.0,3,0,1,0,0,1,1,1,0,0,0,0,0,0,0,0,0,0,25,38,36,144,0.9,7,1,1,1,0,1,1,1,0,0,1,0,0,0,1,0,1,0,28,37,28,228,3.8,6,1,1,1,0,1,1,0,0,0,1,0,0,0,1,0,1,0,32,31,31,302,-2.8,6,1,1,1,0,1,1,0,0,0,1,0,0,0,1,0,1,1,127,0,21,258,0.0,0,0,0,0,0,2,0,1,0,0,0,0,0,0,0,0,0,1,128,36,46,238,0.0,7,0,0,0,0,2,1,1,0,0,0,0,0,0,0,0,0,1,129,36,53,229,0.0,7,0,1,0,0,2,1,1,0,0,0,0,0,0,0,0,0,1,137,37,60,149,0.0,7,0,0,0,0,2,1,1,0,0,0,0,0,0,0,0,0,2,4,0,1,265,0.0,0,0,1,0,0,2,0,1,0,0,0,0,0,0,0,0,0,2,7,21,12,61,0.0,3,0,1,0,0,2,0,1,0,0,0,0,0,0,0,0,0,2,10,0,5,324,0.0,0,0,1,0,0,2,0,1,0,0,0,0,0,0,0,0,0,2,12,22,25,313,-13.0,4,1,1,0,0,1,1,1,0,0,0,0,0,0,0,0,0,2,19,24,41,304,-2.7,4,1,1,0,0,1,1,1,0,0,0,0,0,0,0,0,0,2,21,26,26,150,-32.4,4,1,1,0,0,1,1,1,0,0,0,0,0,0,0,0,0,2,23,0,1,193,0.0,0,0,1,0,0,2,0,1,0,0,0,0,0,0,0,0,0,2,26,39,33,178,0.6,7,1,1,0,0,1,1,1,0,0,0,0,0,0,0,0,0,2,27,9,27,90,-55.3,4,1,1,0,0,1,1,1,0,0,0,0,0,0,0,0,0,2,29,8,47,15,7.9,4,1,1,0,0,1,1,0,0,0,0,0,0,0,0,0,0,2,30,0,4,47,0.0,0,0,1,0,0,2,0,1,0,0,0,0,0,0,0,0,0,2,33,39,59,248,0.9,7,1,1,0,0,1,1,1,0,0,0,0,0,0,0,0,0,3,6,42,69,223,-1.5,7,1,1,0,0,1,1,0,0,0,0,0,0,0,0,0,0,3,9,36,53,218,-1.3,7,1,1,0,0,1,1,1,0,0,0,0,0,0,0,0,0,3,13,38,61,358,-0.8,7,1,1,0,0,1,1,0,0,0,0,0,0,0,0,0,0,3,16,42,77,227,-0.4,7,1,1,0,0,1,1,0,0,0,0,0,0,0,0,0,0,3,23,45,67,114,0.1,7,1,1,0,0,1,1,0,0,0,0,0,0,0,0,0,0,3,27,0,19,215,0.0,0,0,1,0,0,1,1,0,0,0,0,0,0,0,0,0,0,3,32,32,42,339,-0.8,5,1,1,0,0,1,1,0,0,0,0,0,0,0,0,0,0,3,38,41,71,66,0.5,7,1,1,0,0,1,1,0,0,0,0,0,0,0,0,0,0,3,39,41,83,270,1.1,7,1,1,0,0,1,1,0,0,0,0,0,0,0,0,0,0,5,2,20,26,135,-6.0,3,0,1,0,0,1,1,1,0,0,0,0,0,0,0,0,0,5,3,39,37,165,1.3,7,1,1,0,0,1,1,1,0,0,0,0,0,0,0,0,0,5,4,7,63,60,0.0,3,0,2,0,0,2,0,1,0,0,0,0,0,0,0,0,0,5,7,33,60,149,0.3,7,1,1,0,0,1,1,1,0,0,0,0,0,0,0,0,0,5,8,0,53,229,0.0,0,0,1,0,0,2,0,1,0,0,0,0,0,0,0,0,0,6,6,0,35,42,0.0,1,0,1,0,0,2,0,1,0,0,0,0,0,0,0,0,0,6,7,29,32,344,-7.0,5,1,1,0,0,1,1,1,0,0,0,0,0,0,0,0,0,6,8,0,4,302,0.0,0,0,1,0,0,2,0,1,0,0,0,0,0,0,0,0,0,6,9,49,61,118,0.4,7,1,1,0,0,1,1,1,0,0,0,0,0,0,0,0,0,6,10,39,29,177,4.6,7,1,1,0,0,1,1,1,0,0,0,0,0,0,0,0,0,6,16,30,29,42,-81.2,4,0,1,0,0,1,1,1,0,0,0,0,0,0,0,0,0
94625000,1,48,0,0,10,31,44,335,-0.4,5,1,1,1,0,1,1,0,0,0,1,0,0,0,1,0,1,0,12,25,33,102,-85.6,4,0,1,0,0,1,1,0,0,0,0,0,0,0,0,0,0,0,15,0,13,76,0.0,1,0,1,0,0,2,0,1,0,0,0,0,0,0,0,0,0,0,18,44,38,198,-0.1,7,1,1,1,0,1,1,1,0,0,1,0,0,0,1,0,1,0,23,43,73,54,-0.6,7,1,1,1,0,1,1,1,0,0,1,0,0,0,1,0,1,0,24,0,33,37,0.0,1,0,1,0,0,1,1,1,0,0,0,0,0,0,0,0,0,0,25,43,36,144,0.4,7,1,1,1,0,1,1,1,0,0,1,0,0,0,1,0,1,0,28,39,28,228,0.0,6,1,1,1,0,1,1,0,0,0,1,0,0,0,1,0,1,0,32,36,31,302,-2.6,6,1,1,1,0,1,1,0,0,0,1,0,0,0,1,0,1,1,127,0,21,258,0.0,0,0,0,0,0,2,0,1,0,0,0,0,0,0,0,0,0,1,128,42,46,238,0.0,7,0,0,0,0,2,1,1,0,0,0,0,0,0,0,0,0,1,129,41,53,229,0.0,7,0,1,0,0,2,1,1,0,0,0,0,0,0,0,0,0,1,137,40,60,149,0.0,7,0,0,0,0,2,1,1,0,0,0,0,0,0,0,0,0,2,4,0,1,265,0.0,0,0,1,0,0,2,0,1,0,0,0,0,0,0,0,0,0,2,7,23,12,61,0.0,4,0,1,0,0,2,0,1,0,0,0,0,0,0,0,0,0,2,10,0,5,324,0.0,0,0,1,0,0,2,0,1,0,0,0,0,0,0,0,0,0,2,12,20,25,313,-14.9,4,1,1,0,0,1,1,1,0,0,0,0,0,0,0,0,0,2,19,25,41,304,-4.2,5,1,1,0,0,1,1,1,0,0,0,0,0,0,0,0,0,2,21,35,26,150,-33.7,5,1,1,0,0,1,1,1,0,0,0,0,0,0,0,0,0,2,23,0,1,193,0.0,0,0,1,0,0,2,0,1,0,0,0,0,0,0,0,0,0,2,26,41,33,178,0.6,7,1,1,0,0,1,1,1,0,0,0,0,0,0,0,0,0,2,27,10,27,90,18.4,4,1,1,0,0,1,1,1,0,0,0,0,0,0,0,0,0,2,29,9,47,15,9.3,4,1,1,0,0,1,1,0,0,0,0,0,0,0,0,0,0,2,30,0,4,47,0.0,0,0,1,0,0,2,0,1,0,0,0,0,0,0,0,0,0,2,33,42,59,248,0.5,7,1,1,0,0,1,1,1,0,0,0,0,0,0,0,0,0,3,6,41,69,223,-1.6,7,1,1,0,0,1,1,0,0,0,0,0,0,0,0,0,0,3,9,37,53,218,-1.3,7,1,1,0,0,1,1,1,0,0,0,0,0,0,0,0,0,3,13,38,61,358,-0.7,7,1,1,0,0,1,1,0,0,0,0,0,0,0,0,0,0,3,16,39,77,227,-0.6,7,1,1,0,0,1,1,0,0,0,0,0,0,0,0,0,0,3,23,41,67,114,0.3,7,1,1,0,0,1,1,0,0,0,0,0,0,0,0,0,0,3,27,0,19,215,0.0,0,0,1,0,0,1,1,0,0,0,0,0,0,0,0,0,0,3,32,34,42,339,-1.9,6,1,1,0,0,1,1,0,0,0,0,0,0,0,0,0,0,3,38,44,71,66,0.5,7,1,1,0,0,1,1,0,0,0,0,0,0,0,0,0,0,3,39,42,83,270,1.1,7,1,1,0,0,1,1,0,0,0,0,0,0,0,0,0,0,5,2,21,26,135,-20.2,3,0,1,0,0,1,1,1,0,0,0,0,0,0,0,0,0,5,3,42,37,165,1.3,7,1,1,0,0,1,1,1,0,0,0,0,0,0,0,0,0,5,4,7,63,60,0.0,3,0,2,0,0,2,0,1,0,0,0,0,0,0,0,0,0,5,7,37,60,149,0.3,7,1,1,0,0,1,1,1,0,0,0,0,0,0,0,0,0,5,8,0,53,229,0.0,0,0,1,0,0,2,0,1,0,0,0,0,0,0,0,0,0,6,6,0,35,42,0.0,1,0,1,0,0,2,0,1,0,0,0,0,0,0,0,0,0,6,7,29,32,344,-5.8,4,1,1,0,0,1,1,1,0,0,0,0,0,0,0,0,0,6,8,0,4,302,0.0,0,0,1,0,0,2,0,1,0,0,0,0,0,0,0,0,0,6,9,45,61,118,0.4,7,1,1,0,0,1,1,1,0,0,0,0,0,0,0,0,0,6,10,37,29,177,5.7,7,1,1,0,0,1,1,1,0,0,0,0,0,0,0,0,0,6,16,23,29,42,-80.6,4,0,1,0,0,1,1,1,0,0,0,0,0,0,0,0,0
94626000,1,48,0,0,10,30,44,335,0.1,5,1,1,1,0,1,1,0,0,0,1,0,0,0,1,0,1,0,12,25,33,102,-81.2,4,1,1,1,0,1,1,0,0,0,1,0,0,0,1,0,1,0,15,19,13,76,0.0,3,0,1,0,0,2,0,1,0,0,0,0,0,0,0,0,0,0,18,40,38,198,0.1,7,1,1,1,0,1,1,1,0,0,1,0,0,0,1,0,1,0,23,41,73,54,-0.4,7,1,1,1,0,1,1,1,0,0,1,0,0,0,1,0,1,0,24,24,33,37,0.0,3,0,1,0,0,1,1,1,0,0,0,0,0,0,0,0,0,0,25,41,36,144,0.2,7,1,1,1,0,1,1,1,0,0,1,0,0,0,1,0,1,0,28,37,28,228,-1.5,6,1,1,1,0,1,1,0,0,0,1,0,0,0,1,0,1,0,32,30,31,302,-8.5,4,1,1,1,0,1,1,0,0,0,1,0,0,0,1,0,1,1,127,0,21,258,0.0,0,0,0,0,0,2,0,1,0,0,0,0,0,0,0,0,0,1,128,38,46,238,0.0,7,0,0,0,0,2,1,1,0,0,0,0,0,0,0,0,0,1,129,39,53,229,0.0,7,0,1,0,0,2,1,1,0,0,0,0,0,0,0,0,0,1,137,40,60,149,0.0,7,0,0,0,0,2,1,1,0,0,0,0,0,0,0,0,0,2,4,0,1,265,0.0,0,0,1,0,0,2,0,1,0,0,0,0,0,0,0,0,0,2,7,22,12,61,0.0,4,0,1,0,0,2,0,1,0,0,0,0,0,0,0,0,0,2,10,0,5,324,0.0,0,0,1,0,0,2,0,1,0,0,0,0,0,0,0,0,0,2,12,18,25,313,-13.0,4,1,1,0,0,1,1,1,0,0,0,0,0,0,0,0,0,2,19,24,41,304,-7.3,4,1,1,0,0,1,1,1,0,0,0,0,0,0,0,0,0,2,21,25,26,150,-9.0,4,1,1,0,0,1,1,1,0,0,0,0,0,0,0,0,0,2,23,0,1,193,0.0,0,0,1,0,0,2,0,1,0,0,0,0,0,0,0,0,0,2,26,40,33,178,0.3,7,1,1,0,0,1,1,1,0,0,0,0,0,0,0,0,0,2,27,9,27,90,18.6,4,1,1,0,0,1,1,1,0,0,0,0,0,0,0,0,0,2,29,12,47,15,9.7,4,1,1,0,0,1,1,0,0,0,0,0,0,0,0,0,0,2,30,0,4,47,0.0,0,0,1,0,0,2,0,1,0,0,0,0,0,0,0,0,0,2,33,40,59,248,0.7,7,1,1,0,0,1,1,1,0,0,0,0,0,0,0,0,0,3,6,41,69,223,-1.4,7,1,1,0,0,1,1,0,0,0,0,0,0,0,0,0,0,3,9,41,53,218,-1.1,7,1,1,0,0,1,1,1,0,0,0,0,0,0,0,0,0,3,13,36,61,358,-0.7,7,1,1,0,0,1,1,0,0,0,0,0,0,0,0,0,0,3,16,42,77,227,-0.2,7,1,1,0,0,1,1,0,0,0,0,0,0,0,0,0,0,3,23,43,67,114,0.4,7,1,1,0,0,1,1,0,0,0,0,0,0,0,0,0,0,3,27,0,19,215,0.0,0,0,1,0,0,1,1,0,0,0,0,0,0,0,0,0,0,3,32,28,42,339,-0.6,6,1,1,0,0,1,1,0,0,0,0,0,0,0,0,0,0,3,38,44,71,66,0.7,7,1,1,0,0,1,1,0,0,0,0,0,0,0,0,0,0,3,39,39,83,270,1.3,7,1,1,0,0,1,1,0,0,0,0,0,0,0,0,0,0,5,2,22,26,135,-23.2,4,0,1,0,0,1,1,1,0,0,0,0,0,0,0,0,0,5,3,41,37,165,1.2,7,1,1,0,0,1,1,1,0,0,0,0,0,0,0,0,0,5,4,23,63,60,0.0,3,0,2,0,0,2,0,1,0,0,0,0,0,0,0,0,0,5,7,36,60,149,0.5,7,1,1,0,0,1,1,1,0,0,0,0,0,0,0,0,0,5,8,0,53,229,0.0,0,0,1,0,0,2,0,1,0,0,0,0,0,0,0,0,0,6,6,0,35,42,0.0,1,0,1,0,0,2,0,1,0,0,0,0,0,0,0,0,0,6,7,30,32,344,-4.1,5,1,1,0,0,1,1,1,0,0,0,0,0,0,0,0,0,6,8,0,4,302,0.0,0,0,1,0,0,2,0,1,0,0,0,0,0,0,0,0,0,6,9,45,61,118,0.6,7,1,1,0,0,1,1,1,0,0,0,0,0,0,0,0,0,6,10,37,29,177,5.3,7,1,1,0,0,1,1,1,0,0,0,0,0,0,0,0,0,6,16,24,29,42,-82.5,4,0,1,0,0,1,1,1,0,0,0,0,0,0,0,0,0
94627000,1,48,0,0,10,34,44,335,-1.4,5,1,1,1,0,1,1,0,0,0,1,0,0,0,1,0,1,0,12,23,33,102,-86.0,4,0,1,0,0,1,1,0,0,0,0,0,0,0,0,0,0,0,15,16,13,76,0.0,3,0,1,0,0,2,0,1,0,0,0,0,0,0,0,0,0,0,18,39,38,198,0.1,7,1,1,1,0,1,1,1,0,0,1,0,0,0,1,0,1,0,23,40,73,54,-0.3,7,1,1,1,0,1,1,1,0,0,1,0,0,0,1,0,1,0,24,20,33,37,0.0,3,0,1,0,0,1,1,1,0,0,0,0,0,0,0,0,0,0,25,42,36,144,0.3,7,1,1,1,0,1,1,1,0,0,1,0,0,0,1,0,1,0,28,38,28,228,-1.0,7,1,1,1,0,1,1,0,0,0,1,0,0,0,1,0,1,0,32,33,31,302,-12.0,5,1,1,1,0,1,1,0,0,0,1,0,0,0,1,0,1,1,127,0,21,258,0.0,0,0,0,0,0,2,0,1,0,0,0,0,0,0,0,0,0,1,128,40,46,238,0.0,7,0,0,0,0,2,1,1,0,0,0,0,0,0,0,0,0,1,129,36,53,229,0.0,7,0,1,0,0,2,1,1,0,0,0,0,0,0,0,0,0,1,137,41,60,149,0.0,7,0,0,0,0,2,1,1,0,0,0,0,0,0,0,0,0,2,4,0,1,265,0.0,0,0,1,0,0,2,0,1,0,0,0,0,0,0,0,0,0,2,7,20,12,61,0.0,4,0,1,0,0,2,0,1,0,0,0,0,0,0,0,0,0,2,10,0,5,324,0.0,0,0,1,0,0,2,0,1,0,0,0,0,0,0,0,0,0,2,12,19,25,313,-11.7,4,1,1,0,0,1,1,1,0,0,0,0,0,0,0,0,0,2,19,24,41,304,-5.5,4,1,1,0,0,1,1,1,0,0,0,0,0,0,0,0,0,2,21,26,26,150,-19.2,5,1,1,0,0,1,1,1,0,0,0,0,0,0,0,0,0,2,23,0,1,193,0.0,0,0,1,0,0,2,0,1,0,0,0,0,0,0,0,0,0,2,26,40,33,178,0.0,7,1,1,0,0,1,1,1,0,0,0,0,0,0,0,0,0,2,27,12,27,90,-54.4,4,1,1,0,0,1,1,1,0,0,0,0,0,0,0,0,0,2,29,12,47,15,-8.4,4,1,1,0,0,1,1,0,0,0,0,0,0,0,0,0,0,2,30,0,4,47,0.0,0,0,1,0,0,2,0,1,0,0,0,0,0,0,0,0,0,2,33,38,59,248,0.5,7,1,1,0,0,1,1,1,0,0,0,0,0,0,0,0,0,3,6,41,69,223,-1.4,7,1,1,0,0,1,1,0,0,0,0,0,0,0,0,0,0,3,9,38,53,218,-1.1,7,1,1,0,0,1,1,1,0,0,0,0,0,0,0,0,0,3,13,35,61,358,-0.5,7,1,1,0,0,1,1,0,0,0,0,0,0,0,0,0,0,3,16,41,77,227,-0.3,7,1,1,0,0,1,1,0,0,0,0,0,0,0,0,0,0,3,23,43,67,114,0.3,7,1,1,0,0,1,1,0,0,0,0,0,0,0,0,0,0,3,27,0,19,215,0.0,0,0,1,0,0,1,1,0,0,0,0,0,0,0,0,0,0,3,32,33,42,339,-0.3,6,1,1,0,0,1,1,0,0,0,0,0,0,0,0,0,0,3,38,44,71,66,0.8,7,1,1,0,0,1,1,0,0,0,0,0,0,0,0,0,0,3,39,41,83,270,1.4,7,1,1,0,0,1,1,0,0,0,0,0,0,0,0,0,0,5,2,21,26,135,-35.7,4,0,1,0,0,1,1,1,0,0,0,0,0,0,0,0,0,5,3,43,37,165,1.2,7,1,1,0,0,1,1,1,0,0,0,0,0,0,0,0,0,5,4,21,63,60,0.0,3,0,2,0,0,2,0,1,0,0,0,0,0,0,0,0,0,5,7,37,60,149,0.6,7,1,1,0,0,1,1,1,0,0,0,0,0,0,0,0,0,5,8,0,53,229,0.0,0,0,1,0,0,2,0,1,0,0,0,0,0,0,0,0,0,6,6,0,35,42,0.0,1,0,1,0,0,2,0,1,0,0,0,0,0,0,0,0,0,6,7,29,32,344,-5.5,5,1,1,0,0,1,1,1,0,0,0,0,0,0,0,0,0,6,8,0,4,302,0.0,0,0,1,0,0,2,0,1,0,0,0,0,0,0,0,0,0,6,9,43,61,118,0.6,7,1,1,0,0,1,1,1,0,0,0,0,0,0,0,0,0,6,10,39,29,177,5.4,7,1,1,0,0,1,1,1,0,0,0,0,0,0,0,0,0,6,16,23,29,42,-81.2,4,0,1,0,0,1,1,1,0,0,0,0,0,0,0,0,0
94628000,1,48,0,0,10,33,44,335,1.2,6,1,1,1,0,1,1,0,0,0,1,0,0,0,1,0,1,0,12,23,33,102,-85.0,4,1,1,1,0,1,1,0,0,0,1,0,0,0,1,0,1,0,15,0,13,76,0.0,3,0,1,0,0,2,0,1,0,0,0,0,0,0,0,0,0,0,18,40,38,198,0.1,7,1,1,1,0,1,1,1,0,0,1,0,0,0,1,0,1,0,23,40,73,54,-0.3,7,1,1,1,0,1,1,1,0,0,1,0,0,0,1,0,1,0,24,18,33,37,0.0,3,0,1,0,0,1,1,1,0,0,0,0,0,0,0,0,0,0,25,42,36,144,0.2,7,1,1,1,0,1,1,1,0,0,1,0,0,0,1,0,1,0,28,37,28,228,-0.1,7,1,1,1,0,1,1,0,0,0,1,0,0,0,1,0,1,0,32,37,31,302,-10.8,4,0,1,0,0,1,1,0,0,0,0,0,0,0,0,0,0,1,127,0,21,258,0.0,0,0,0,0,0,2,0,1,0,0,0,0,0,0,0,0,0,1,128,41,46,238,0.0,7,0,0,0,0,2,1,1,0,0,0,0,0,0,0,0,0,1,129,41,53,229,0.0,7,0,1,0,0,2,1,1,0,0,0,0,0,0,0,0,0,1,137,38,60,149,0.0,7,0,0,0,0,2,1,1,0,0,0,0,0,0,0,0,0,2,4,0,1,265,0.0,0,0,1,0,0,2,0,1,0,0,0,0,0,0,0,0,0,2,7,19,12,61,0.0,4,0,1,0,0,2,0,1,0,0,0,0,0,0,0,0,0,2,10,0,5,324,0.0,0,0,1,0,0,2,0,1,0,0,0,0,0,0,0,0,0,2,12,22,25,313,-8.1,4,1,1,0,0,1,1,1,0,0,0,0,0,0,0,0,0,2,19,24,41,304,-6.8,4,1,1,0,0,1,1,1,0,0,0,0,0,0,0,0,0,2,21,32,26,150,-13.3,7,1,1,0,0,1,1,1,0,0,0,0,0,0,0,0,0,2,23,0,1,193,0.0,0,0,1,0,0,2,0,1,0,0,0,0,0,0,0,0,0,2,26,42,33,178,-0.4,7,1,1,0,0,1,1,1,0,0,0,0,0,0,0,0,0,2,27,11,27,90,18.3,4,1,1,0,0,1,1,1,0,0,0,0,0,0,0,0,0,2,29,12,47,15,9.1,4,1,1,0,0,1,1,0,0,0,0,0,0,0,0,0,0,2,30,0,4,47,0.0,0,0,1,0,0,2,0,1,0,0,0,0,0,0,0,0,0,2,33,42,59,248,0.2,7,1,1,0,0,1,1,1,0,0,0,0,0,0,0,0,0,3,6,43,69,223,-1.5,7,1,1,0,0,1,1,0,0,0,0,0,0,0,0,0,0,3,9,40,53,218,-1.0,7,1,1,0,0,1,1,1,0,0,0,0,0,0,0,0,0,3,13,36,61,358,-0.7,7,1,1,0,0,1,1,0,0,0,0,0,0,0,0,0,0,3,16,43,77,227,-0.3,7,1,1,0,0,1,1,0,0,0,0,0,0,0,0,0,0,3,23,44,67,114,0.1,7,1,1,0,0,1,1,0,0,0,0,0,0,0,0,0,0,3,27,0,19,215,0.0,0,0,1,0,0,1,1,0,0,0,0,0,0,0,0,0,0,3,32,33,42,339,-0.3,6,1,1,0,0,1,1,0,0,0,0,0,0,0,0,0,0,3,38,42,71,66,0.8,7,1,1,0,0,1,1,0,0,0,0,0,0,0,0,0,0,3,39,39,83,270,1.4,7,1,1,0,0,1,1,0,0,0,0,0,0,0,0,0,0,5,2,20,26,135,-43.0,4,0,1,0,0,1,1,1,0,0,0,0,0,0,0,0,0,5,3,43,37,165,1.2,7,1,1,0,0,1,1,1,0,0,0,0,0,0,0,0,0,5,4,20,63,60,0.0,3,0,2,0,0,2,0,1,0,0,0,0,0,0,0,0,0,5,7,36,60,149,0.5,7,1,1,0,0,1,1,1,0,0,0,0,0,0,0,0,0,5,8,0,53,229,0.0,0,0,1,0,0,2,0,1,0,0,0,0,0,0,0,0,0,6,6,0,35,42,0.0,1,0,1,0,0,2,0,1,0,0,0,0,0,0,0,0,0,6,7,31,32,344,-8.8,6,1,1,0,0,1,1,1,0,0,0,0,0,0,0,0,0,6,8,0,4,302,0.0,0,0,1,0,0,2,0,1,0,0,0,0,0,0,0,0,0,6,9,48,61,118,0.6,7,1,1,0,0,1,1,1,0,0,0,0,0,0,0,0,0,6,10,39,29,177,5.5,7,1,1,0,0,1,1,1,0,0,0,0,0,0,0,0,0,6,16,22,29,42,-79.3,4,0,1,0,0,1,1,1,0,0,0,0,0,0,0,0,0
94629000,1,50,0,0,10,33,44,335,-1.3,6,1,1,1,0,1,1,0,0,0,1,0,0,0,1,0,1,0,12,22,33,102,-79.9,4,1,1,1,0,1,1,0,0,0,1,0,0,0,1,0,1,0,15,20,13,76,0.0,3,0,1,0,0,2,0,1,0,0,0,0,0,0,0,0,0,0,18,37,38,198,0.1,7,1,1,1,0,1,1,1,0,0,1,0,0,0,1,0,1,0,23,35,73,57,-0.3,7,1,1,1,0,1,1,1,0,0,1,0,0,0,1,0,1,0,24,17,33,37,0.0,3,0,1,0,0,1,1,1,0,0,0,0,0,0,0,0,0,0,25,38,36,144,0.1,7,1,1,1,0,1,1,1,0,0,1,0,0,0,1,0,1,0,28,34,28,228,0.1,7,1,1,1,0,1,1,0,0,0,1,0,0,0,1,0,1,0,29,0,-91,0,0.0,1,0,1,0,0,0,0,0,0,0,0,0,0,0,0,0,0,0,31,0,-91,0,0.0,1,0,1,0,0,0,0,0,0,0,0,0,0,0,0,0,0,0,32,25,31,302,-7.0,4,1,1,1,0,1,1,0,0,0,1,0,0,0,1,0,1,1,127,0,21,258,0.0,0,0,0,0,0,2,0,1,0,0,0,0,0,0,0,0,0,1,128,35,46,238,0.0,7,0,0,0,0,2,1,1,0,0,0,0,0,0,0,0,0,1,129,37,53,229,0.0,7,0,1,0,0,2,1,1,0,0,0,0,0,0,0,0,0,1,137,33,60,149,0.0,7,0,0,0,0,2,1,1,0,0,0,0,0,0,0,0,0,2,4,0,1,265,0.0,0,0,1,0,0,2,0,1,0,0,0,0,0,0,0,0,0,2,7,19,12,61,0.0,3,0,1,0,0,2,0,1,0,0,0,0,0,0,0,0,0,2,10,0,5,324,0.0,0,0,1,0,0,2,0,1,0,0,0,0,0,0,0,0,0,2,12,24,25,313,-7.4,4,1,1,0,0,1,1,1,0,0,0,0,0,0,0,0,0,2,19,24,41,304,-6.2,4,1,1,0,0,1,1,1,0,0,0,0,0,0,0,0,0,2,21,30,26,150,-2.9,5,1,1,0,0,1,1,1,0,0,0,0,0,0,0,0,0,2,23,0,1,193,0.0,0,0,1,0,0,2,0,1,0,0,0,0,0,0,0,0,0,2,26,38,33,178,-0.3,7,1,1,0,0,1,1,1,0,0,0,0,0,0,0,0,0,2,27,15,27,90,18.2,4,1,1,0,0,1,1,1,0,0,0,0,0,0,0,0,0,2,29,13,47,15,9.2,4,1,1,0,0,1,1,0,0,0,0,0,0,0,0,0,0,2,30,0,4,47,0.0,0,0,1,0,0,2,0,1,0,0,0,0,0,0,0,0,0,2,33,37,59,248,0.1,7,1,1,0,0,1,1,1,0,0,0,0,0,0,0,0,0,3,6,39,69,223,-1.5,7,1,1,0,0,1,1,0,0,0,0,0,0,0,0,0,0,3,9,39,53,218,-0.9,7,1,1,0,0,1,1,1,0,0,0,0,0,0,0,0,0,3,13,34,61,358,-0.6,7,1,1,0,0,1,1,0,0,0,0,0,0,0,0,0,0,3,16,37,77,227,-0.1,7,1,1,0,0,1,1,0,0,0,0,0,0,0,0,0,0,3,23,43,67,114,0.1,7,1,1,0,0,1,1,0,0,0,0,0,0,0,0,0,0,3,27,0,19,215,0.0,0,0,1,0,0,1,1,0,0,0,0,0,0,0,0,0,0,3,32,30,42,339,1.1,7,1,1,0,0,1,1,0,0,0,0,0,0,0,0,0,0,3,38,38,71,66,1.0,7,1,1,0,0,1,1,0,0,0,0,0,0,0,0,0,0,3,39,38,83,270,1.3,7,1,1,0,0,1,1,0,0,0,0,0,0,0,0,0,0,5,2,20,26,135,-40.9,4,0,1,0,0,1,1,1,0,0,0,0,0,0,0,0,0,5,3,36,37,165,1.1,7,1,1,0,0,1,1,1,0,0,0,0,0,0,0,0,0,5,4,17,63,60,0.0,3,0,2,0,0,2,0,1,0,0,0,0,0,0,0,0,0,5,7,28,60,149,0.5,7,1,1,0,0,1,1,1,0,0,0,0,0,0,0,0,0,5,8,0,53,229,0.0,0,0,1,0,0,2,0,1,0,0,0,0,0,0,0,0,0,6,6,0,35,42,0.0,1,0,1,0,0,2,0,1,0,0,0,0,0,0,0,0,0,6,7,31,32,344,-5.6,5,1,1,0,0,1,1,1,0,0,0,0,0,0,0,0,0,6,8,0,4,302,0.0,0,0,1,0,0,2,0,1,0,0,0,0,0,0,0,0,0,6,9,47,61,118,0.7,7,1,1,0,0,1,1,1,0,0,0,0,0,0,0,0,0
94630000,1,51,0,0,10,30,44,335,-1.9,6,1,1,1,0,1,1,0,0,0,1,0,0,0,1,0,1,0,12,23,33,102,-66.1,4,1,1,1,0,1,1,0,0,0,1,0,0,0,1,0,1,0,15,17,13,76,0.0,3,0,1,0,0,2,0,1,0,0,0,0,0,0,0,0,0,0,18,36,38,198,-0.1,7,1,1,1,0,1,1,1,0,0,1,0,0,0,1,0,1,0,23,41,73,57,-0.4,7,1,1,1,0,1,1,1,0,0,1,0,0,0,1,0,1,0,24,16,32,37,-545.0,3,0,1,0,0,1,1,1,0,0,0,0,0,0,0,0,0,0,25,36,36,144,0.0,7,1,1,1,0,1,1,1,0,0,1,0,0,0,1,0,1,0,28,38,28,228,0.1,7,1,1,1,0,1,1,0,0,0,1,0,0,0,1,0,1,0,29,0,-91,0,0.0,1,0,1,0,0,0,0,0,0,0,0,0,0,0,0,0,0,0,31,0,-91,0,0.0,1,0,1,0,0,0,0,0,0,0,0,0,0,0,0,0,0,0,32,25,31,302,-4.3,5,1,1,1,0,1,1,0,0,0,1,0,0,0,1,0,1,1,127,0,21,258,0.0,0,0,0,0,0,2,0,1,0,0,0,0,0,0,0,0,0,1,128,38,46,238,0.0,7,0,0,0,0,2,1,1,0,0,0,0,0,0,0,0,0,1,129,38,53,229,0.0,7,0,1,0,0,2,1,1,0,0,0,0,0,0,0,0,0,1,137,39,60,149,0.0,7,0,0,0,0,2,1,1,0,0,0,0,0,0,0,0,0,2,4,0,1,265,0.0,0,0,1,0,0,2,0,1,0,0,0,0,0,0,0,0,0,2,7,19,12,61,0.0,4,0,1,0,0,2,0,1,0,0,0,0,0,0,0,0,0,2,10,0,5,324,0.0,0,0,1,0,0,2,0,1,0,0,0,0,0,0,0,0,0,2,12,23,25,313,-7.4,4,1,1,0,0,1,1,1,0,0,0,0,0,0,0,0,0,2,19,24,41,304,-8.8,4,1,1,0,0,1,1,1,0,0,0,0,0,0,0,0,0,2,21,35,26,150,0.4,7,1,1,0,0,1,1,1,0,0,0,0,0,0,0,0,0,2,23,0,1,193,0.0,0,0,1,0,0,2,0,1,0,0,0,0,0,0,0,0,0,2,26,38,33,178,-0.3,7,1,1,0,0,1,1,1,0,0,0,0,0,0,0,0,0,2,27,12,27,90,0.0,3,0,1,0,0,1,1,1,0,0,0,0,0,0,0,0,0,2,29,9,47,15,-9.0,4,1,1,0,0,1,1,0,0,0,0,0,0,0,0,0,0,2,30,0,4,47,0.0,0,0,1,0,0,2,0,1,0,0,0,0,0,0,0,0,0,2,33,40,59,248,-0.1,7,1,1,0,0,1,1,1,0,0,0,0,0,0,0,0,0,3,6,39,69,223,-1.6,7,1,1,0,0,1,1,0,0,0,0,0,0,0,0,0,0,3,9,36,53,218,-1.1,7,1,1,0,0,1,1,1,0,0,0,0,0,0,0,0,0,3,10,0,10,201,0.0,0,0,1,0,0,2,0,1,0,0,0,0,0,0,0,0,0,3,13,38,61,358,-0.7,7,1,1,0,0,1,1,0,0,0,0,0,0,0,0,0,0,3,16,41,77,227,-0.3,7,1,1,0,0,1,1,0,0,0,0,0,0,0,0,0,0,3,23,43,67,114,0.2,7,1,1,0,0,1,1,0,0,0,0,0,0,0,0,0,0,3,27,0,19,215,0.0,0,0,1,0,0,1,1,0,0,0,0,0,0,0,0,0,0,3,32,34,42,339,-0.9,7,1,1,0,0,1,1,0,0,0,0,0,0,0,0,0,0,3,38,41,71,66,0.9,7,1,1,0,0,1,1,0,0,0,0,0,0,0,0,0,0,3,39,41,83,270,1.4,7,1,1,0,0,1,1,0,0,0,0,0,0,0,0,0,0,5,2,19,26,135,-40.6,4,0,1,0,0,1,1,1,0,0,0,0,0,0,0,0,0,5,3,37,37,165,1.1,7,1,1,0,0,1,1,1,0,0,0,0,0,0,0,0,0,5,4,0,63,60,0.0,1,0,2,0,0,2,0,1,0,0,0,0,0,0,0,0,0,5,7,34,60,149,0.4,7,1,1,0,0,1,1,1,0,0,0,0,0,0,0,0,0,5,8,0,53,229,0.0,0,0,1,0,0,2,0,1,0,0,0,0,0,0,0,0,0,6,6,0,35,42,0.0,1,0,1,0,0,2,0,1,0,0,0,0,0,0,0,0,0,6,7,24,32,344,-7.4,4,1,1,0,0,1,1,1,0,0,0,0,0,0,0,0,0,6,8,0,4,302,0.0,0,0,1,0,0,2,0,1,0,0,0,0,0,0,0,0,0
94631000,1,51,0,0,10,40,44,335,-2.1,6,1,1,1,0,1,1,0,0,0,1,0,0,0,1,0,1,0,12,23,33,102,-67.2,4,1,1,1,0,1,1,0,0,0,1,0,0,0,1,0,1,0,15,15,13,76,0.0,3,0,1,0,0,2,0,1,0,0,0,0,0,0,0,0,0,0,18,39,38,198,0.0,7,1,1,1,0,1,1,1,0,0,1,0,0,0,1,0,1,0,23,41,73,57,-0.5,7,1,1,1,0,1,1,1,0,0,1,0,0,0,1,0,1,0,24,15,32,37,-512.4,3,0,1,0,0,1,1,1,0,0,0,0,0,0,0,0,0,0,25,36,36,143,0.0,7,1,1,1,0,1,1,1,0,0,1,0,0,0,1,0,1,0,28,38,28,228,0.1,7,1,1,1,0,1,1,0,0,0,1,0,0,0,1,0,1,0,29,0,-91,0,0.0,1,0,1,0,0,0,0,0,0,0,0,0,0,0,0,0,0,0,31,0,-91,0,0.0,1,0,1,0,0,0,0,0,0,0,0,0,0,0,0,0,0,0,32,32,31,302,-16.8,4,1,1,1,0,1,1,0,0,0,1,0,0,0,1,0,1,1,127,0,21,258,0.0,0,0,0,0,0,2,0,1,0,0,0,0,0,0,0,0,0,1,128,39,46,238,0.0,7,0,0,0,0,2,1,1,0,0,0,0,0,0,0,0,0,1,129,39,53,229,0.0,7,0,1,0,0,2,1,1,0,0,0,0,0,0,0,0,0,1,137,38,60,149,0.0,7,0,0,0,0,2,1,1,0,0,0,0,0,0,0,0,0,2,4,0,1,265,0.0,0,0,1,0,0,2,0,1,0,0,0,0,0,0,0,0,0,2,7,20,12,61,0.0,4,0,1,0,0,2,0,1,0,0,0,0,0,0,0,0,0,2,10,0,5,324,0.0,0,0,1,0,0,2,0,1,0,0,0,0,0,0,0,0,0,2,12,22,25,313,-7.9,4,1,1,0,0,1,1,1,0,0,0,0,0,0,0,0,0,2,19,24,41,304,-11.2,4,1,1,0,0,1,1,1,0,0,0,0,0,0,0,0,0,2,21,35,26,150,0.8,7,1,1,0,0,1,1,1,0,0,0,0,0,0,0,0,0,2,23,0,1,193,0.0,0,0,1,0,0,2,0,1,0,0,0,0,0,0,0,0,0,2,26,39,33,178,-0.2,7,1,1,0,0,1,1,1,0,0,0,0,0,0,0,0,0,2,27,8,27,90,0.0,3,0,1,0,0,1,1,1,0,0,0,0,0,0,0,0,0,2,29,14,47,15,9.1,4,1,1,0,0,1,1,0,0,0,0,0,0,0,0,0,0,2,30,0,4,47,0.0,0,0,1,0,0,2,0,1,0,0,0,0,0,0,0,0,0,2,33,37,59,248,-0.1,7,1,1,0,0,1,1,1,0,0,0,0,0,0,0,0,0,3,6,41,69,223,-1.6,7,1,1,0,0,1,1,0,0,0,0,0,0,0,0,0,0,3,9,40,53,218,-1.0,7,1,1,0,0,1,1,1,0,0,0,0,0,0,0,0,0,3,10,0,10,201,0.0,0,0,1,0,0,2,0,1,0,0,0,0,0,0,0,0,0,3,13,39,61,358,-0.6,7,1,1,0,0,1,1,0,0,0,0,0,0,0,0,0,0,3,16,40,77,227,-0.1,7,1,1,0,0,1,1,0,0,0,0,0,0,0,0,0,0,3,23,44,67,114,0.3,7,1,1,0,0,1,1,0,0,0,0,0,0,0,0,0,0,3,27,0,19,215,0.0,0,0,1,0,0,1,1,0,0,0,0,0,0,0,0,0,0,3,32,40,42,339,-1.1,7,1,1,0,0,1,1,0,0,0,0,0,0,0,0,0,0,3,38,40,71,66,1.0,7,1,1,0,0,1,1,0,0,0,0,0,0,0,0,0,0,3,39,42,83,270,1.3,7,1,1,0,0,1,1,0,0,0,0,0,0,0,0,0,0,5,2,20,26,135,-44.7,4,0,1,0,0,1,1,1,0,0,0,0,0,0,0,0,0,5,3,37,37,165,1.1,7,1,1,0,0,1,1,1,0,0,0,0,0,0,0,0,0,5,4,0,63,60,0.0,1,0,2,0,0,2,0,1,0,0,0,0,0,0,0,0,0,5,7,34,60,149,0.3,7,1,1,0,0,1,1,1,0,0,0,0,0,0,0,0,0,5,8,0,53,229,0.0,0,0,1,0,0,2,0,1,0,0,0,0,0,0,0,0,0,6,6,0,35,42,0.0,1,0,1,0,0,2,0,1,0,0,0,0,0,0,0,0,0,6,7,35,32,344,-11.6,5,1,1,0,0,1,1,1,0,0,0,0,0,0,0,0,0,6,8,0,4,302,0.0,0,0,1,0,0,2,0,1,0,0,0,0,0,0,0,0,0
94632000,1,51,0,0,10,34,44,335,-1.8,6,1,1,1,0,1,1,0,0,0,1,0,0,0,1,0,1,0,12,22,33,102,-69.1,4,0,1,0,0,1,1,0,0,0,0,0,0,0,0,0,0,0,15,14,13,76,0.0,3,0,1,0,0,2,0,1,0,0,0,0,0,0,0,0,0,0,18,42,38,198,-0.1,7,1,1,1,0,1,1,1,0,0,1,0,0,0,1,0,1,0,23,40,73,57,-0.4,7,1,1,1,0,1,1,1,0,0,1,0,0,0,1,0,1,0,24,14,32,37,-482.7,3,0,1,0,0,1,1,1,0,0,0,0,0,0,0,0,0,0,25,40,36,143,0.0,7,1,1,1,0,1,1,1,0,0,1,0,0,0,1,0,1,0,28,41,28,228,0.1,7,1,1,1,0,1,1,0,0,0,1,0,0,0,1,0,1,0,29,0,-91,0,0.0,1,0,1,0,0,0,0,0,0,0,0,0,0,0,0,0,0,0,31,0,-91,0,0.0,1,0,1,0,0,0,0,0,0,0,0,0,0,0,0,0,0,0,32,37,31,302,-8.9,5,1,1,1,0,1,1,0,0,0,1,0,0,0,1,0,1,1,127,0,21,258,0.0,0,0,0,0,0,2,0,1,0,0,0,0,0,0,0,0,0,1,128,41,46,238,0.0,7,0,0,0,0,2,1,1,0,0,0,0,0,0,0,0,0,1,129,40,53,229,0.0,7,0,1,0,0,2,1,1,0,0,0,0,0,0,0,0,0,1,137,40,60,149,0.0,7,0,0,0,0,2,1,1,0,0,0,0,0,0,0,0,0,2,4,0,1,265,0.0,0,0,1,0,0,2,0,1,0,0,0,0,0,0,0,0,0,2,7,21,12,61,0.0,4,0,1,0,0,2,0,1,0,0,0,0,0,0,0,0,0,2,10,0,5,324,0.0,0,0,1,0,0,2,0,1,0,0,0,0,0,0,0,0,0,2,12,20,25,313,-7.6,4,1,1,0,0,1,1,1,0,0,0,0,0,0,0,0,0,2,19,26,41,304,-8.2,5,1,1,0,0,1,1,1,0,0,0,0,0,0,0,0,0,2,21,37,26,150,0.3,7,1,1,0,0,1,1,1,0,0,0,0,0,0,0,0,0,2,23,0,1,193,0.0,0,0,1,0,0,2,0,1,0,0,0,0,0,0,0,0,0,2,26,38,33,178,-0.4,7,1,1,0,0,1,1,1,0,0,0,0,0,0,0,0,0,2,27,11,27,90,0.0,3,0,1,0,0,1,1,1,0,0,0,0,0,0,0,0,0,2,29,15,47,15,9.1,4,1,1,0,0,1,1,0,0,0,0,0,0,0,0,0,0,2,30,0,4,47,0.0,0,0,1,0,0,2,0,1,0,0,0,0,0,0,0,0,0,2,33,39,59,248,-0.1,7,1,1,0,0,1,1,1,0,0,0,0,0,0,0,0,0,3,6,40,69,223,-1.5,7,1,1,0,0,1,1,0,0,0,0,0,0,0,0,0,0,3,9,37,53,218,-0.9,7,1,1,0,0,1,1,1,0,0,0,0,0,0,0,0,0,3,10,0,10,201,0.0,0,0,1,0,0,2,0,1,0,0,0,0,0,0,0,0,0,3,13,38,61,358,-0.6,7,1,1,0,0,1,1,0,0,0,0,0,0,0,0,0,0,3,16,41,77,227,-0.1,7,1,1,0,0,1,1,0,0,0,0,0,0,0,0,0,0,3,23,43,67,114,0.4,7,1,1,0,0,1,1,0,0,0,0,0,0,0,0,0,0,3,27,0,19,215,0.0,0,0,1,0,0,1,1,0,0,0,0,0,0,0,0,0,0,3,32,34,42,339,-1.0,7,1,1,0,0,1,1,0,0,0,0,0,0,0,0,0,0,3,38,41,71,66,1.0,7,1,1,0,0,1,1,0,0,0,0,0,0,0,0,0,0,3,39,41,83,270,1.3,7,1,1,0,0,1,1,0,0,0,0,0,0,0,0,0,0,5,2,21,26,135,-40.0,4,0,1,0,0,1,1,1,0,0,0,0,0,0,0,0,0,5,3,36,37,165,1.2,7,1,1,0,0,1,1,1,0,0,0,0,0,0,0,0,0,5,4,0,63,60,0.0,1,0,2,0,0,2,0,1,0,0,0,0,0,0,0,0,0,5,7,37,60,149,0.4,7,1,1,0,0,1,1,1,0,0,0,0,0,0,0,0,0,5,8,0,53,229,0.0,0,0,1,0,0,2,0,1,0,0,0,0,0,0,0,0,0,6,6,0,35,42,0.0,1,0,1,0,0,2,0,1,0,0,0,0,0,0,0,0,0,6,7,27,32,344,-12.3,4,1,1,0,0,1,1,1,0,0,0,0,0,0,0,0,0,6,8,0,4,302,0.0,0,0,1,0,0,2,0,1,0,0,0,0,0,0,0,0,0
94633000,1,51,0,0,10,37,44,335,-1.6,7,1,1,1,0,1,1,0,0,0,1,0,0,0,1,0,1,0,12,26,33,102,-57.1,4,0,1,0,0,1,1,0,0,0,0,0,0,0,0,0,0,0,15,0,13,76,0.0,1,0,1,0,0,2,0,1,0,0,0,0,0,0,0,0,0,0,18,40,38,198,0.0,7,1,1,1,0,1,1,1,0,0,1,0,0,0,1,0,1,0,23,41,73,57,-0.3,7,1,1,1,0,1,1,1,0,0,1,0,0,0,1,0,1,0,24,0,32,37,0.0,1,0,1,0,0,1,1,1,0,0,0,0,0,0,0,0,0,0,25,40,36,143,0.0,7,1,1,1,0,1,1,1,0,0,1,0,0,0,1,0,1,0,28,31,28,228,0.3,7,1,1,1,0,1,1,0,0,0,1,0,0,0,1,0,1,0,29,20,-91,0,0.0,3,0,1,0,0,0,0,0,0,0,0,0,0,0,0,0,0,0,31,0,-91,0,0.0,1,0,1,0,0,0,0,0,0,0,0,0,0,0,0,0,0,0,32,37,31,302,-0.3,6,1,1,1,0,1,1,0,0,0,1,0,0,0,1,0,1,1,127,0,21,258,0.0,0,0,0,0,0,2,0,1,0,0,0,0,0,0,0,0,0,1,128,36,46,238,0.0,7,0,0,0,0,2,1,1,0,0,0,0,0,0,0,0,0,1,129,39,53,229,0.0,7,0,1,0,0,2,1,1,0,0,0,0,0,0,0,0,0,1,137,39,60,149,0.0,7,0,0,0,0,2,1,1,0,0,0,0,0,0,0,0,0,2,4,0,1,265,0.0,0,0,1,0,0,2,0,1,0,0,0,0,0,0,0,0,0,2,7,21,12,61,0.0,4,0,1,0,0,2,0,1,0,0,0,0,0,0,0,0,0,2,10,0,5,324,0.0,0,0,1,0,0,2,0,1,0,0,0,0,0,0,0,0,0,2,12,25,25,313,-5.3,5,1,1,0,0,1,1,1,0,0,0,0,0,0,0,0,0,2,19,32,41,304,-3.5,7,1,1,0,0,1,1,1,0,0,0,0,0,0,0,0,0,2,21,37,26,150,-1.0,7,1,1,0,0,1,1,1,0,0,0,0,0,0,0,0,0,2,23,0,1,193,0.0,0,0,1,0,0,2,0,1,0,0,0,0,0,0,0,0,0,2,26,38,33,178,-0.2,7,1,1,0,0,1,1,1,0,0,0,0,0,0,0,0,0,2,27,8,27,90,-55.6,4,1,1,0,0,1,1,1,0,0,0,0,0,0,0,0,0,2,29,16,47,15,8.8,4,1,1,0,0,1,1,0,0,0,0,0,0,0,0,0,0,2,30,0,4,47,0.0,0,0,1,0,0,2,0,1,0,0,0,0,0,0,0,0,0,2,33,37,59,248,0.1,7,1,1,0,0,1,1,1,0,0,0,0,0,0,0,0,0,3,6,40,69,223,-1.3,7,1,1,0,0,1,1,0,0,0,0,0,0,0,0,0,0,3,9,36,53,218,-0.7,7,1,1,0,0,1,1,1,0,0,0,0,0,0,0,0,0,3,10,0,10,201,0.0,0,0,1,0,0,2,0,1,0,0,0,0,0,0,0,0,0,3,13,39,61,358,-0.4,7,1,1,0,0,1,1,0,0,0,0,0,0,0,0,0,0,3,16,43,77,227,0.0,7,1,1,0,0,1,1,0,0,0,0,0,0,0,0,0,0,3,23,45,67,114,0.4,7,1,1,0,0,1,1,0,0,0,0,0,0,0,0,0,0,3,27,0,19,215,0.0,0,0,1,0,0,1,1,0,0,0,0,0,0,0,0,0,0,3,32,38,42,339,-0.8,7,1,1,0,0,1,1,0,0,0,0,0,0,0,0,0,0,3,38,43,71,66,1.1,7,1,1,0,0,1,1,0,0,0,0,0,0,0,0,0,0,3,39,44,83,270,1.5,7,1,1,0,0,1,1,0,0,0,0,0,0,0,0,0,0,5,2,23,26,135,-37.0,4,1,1,0,0,1,1,1,0,0,0,0,0,0,0,0,0,5,3,40,37,165,1.2,7,1,1,0,0,1,1,1,0,0,0,0,0,0,0,0,0,5,4,0,63,60,0.0,1,0,2,0,0,2,0,1,0,0,0,0,0,0,0,0,0,5,7,36,60,149,0.4,7,1,1,0,0,1,1,1,0,0,0,0,0,0,0,0,0,5,8,0,53,229,0.0,0,0,1,0,0,2,0,1,0,0,0,0,0,0,0,0,0,6,6,0,35,42,0.0,1,0,1,0,0,2,0,1,0,0,0,0,0,0,0,0,0,6,7,34,32,344,-5.8,5,1,1,0,0,1,1,1,0,0,0,0,0,0,0,0,0,6,8,0,4,302,0.0,0,0,1,0,0,2,0,1,0,0,0,0,0,0,0,0,0
94634000,1,53,0,0,7,0,-91,0,0.0,1,0,1,0,0,0,0,0,0,0,0,0,0,0,0,0,0,0,8,0,-91,0,0.0,1,0,1,0,0,0,0,0,0,0,0,0,0,0,0,0,0,0,10,38,44,335,-1.3,7,1,1,1,0,1,1,0,0,0,1,0,0,0,1,0,1,0,12,32,33,102,-33.2,6,1,1,1,0,1,1,0,0,0,1,0,0,0,1,0,1,0,15,0,13,76,0.0,1,0,1,0,0,2,0,1,0,0,0,0,0,0,0,0,0,0,18,37,38,198,0.1,7,1,1,1,0,1,1,1,0,0,1,0,0,0,1,0,1,0,23,42,73,57,-0.3,7,1,1,1,0,1,1,1,0,0,1,0,0,0,1,0,1,0,24,0,32,37,0.0,1,0,1,0,0,1,1,1,0,0,0,0,0,0,0,0,0,0,25,38,36,143,0.0,7,1,1,1,0,1,1,1,0,0,1,0,0,0,1,0,1,0,28,36,28,228,0.4,7,1,1,1,0,1,1,0,0,0,1,0,0,0,1,0,1,0,29,17,-91,0,0.0,3,0,1,0,0,0,0,0,0,0,0,0,0,0,0,0,0,0,31,0,-91,0,0.0,1,0,1,0,0,0,0,0,0,0,0,0,0,0,0,0,0,0,32,44,31,302,-1.8,7,1,1,1,0,1,1,0,0,0,1,0,0,0,1,0,1,1,127,0,21,258,0.0,0,0,0,0,0,2,0,1,0,0,0,0,0,0,0,0,0,1,128,36,46,238,0.0,7,0,0,0,0,2,1,1,0,0,0,0,0,0,0,0,0,1,129,37,53,229,0.0,7,0,1,0,0,2,1,1,0,0,0,0,0,0,0,0,0,1,137,37,60,149,0.0,7,0,0,0,0,2,1,1,0,0,0,0,0,0,0,0,0,2,4,0,1,265,0.0,0,0,1,0,0,2,0,1,0,0,0,0,0,0,0,0,0,2,7,30,12,61,0.0,5,0,1,0,0,2,0,1,0,0,0,0,0,0,0,0,0,2,10,0,5,324,0.0,0,0,1,0,0,2,0,1,0,0,0,0,0,0,0,0,0,2,12,31,25,313,-4.3,7,1,1,0,0,1,1,1,0,0,0,0,0,0,0,0,0,2,19,31,41,304,1.2,7,1,1,0,0,1,1,1,0,0,0,0,0,0,0,0,0,2,21,41,26,150,0.9,7,1,1,0,0,1,1,1,0,0,0,0,0,0,0,0,0,2,23,0,1,193,0.0,0,0,1,0,0,2,0,1,0,0,0,0,0,0,0,0,0,2,26,39,33,178,0.2,7,1,1,0,0,1,1,1,0,0,0,0,0,0,0,0,0,2,27,14,27,90,18.0,4,1,1,0,0,1,1,1,0,0,0,0,0,0,0,0,0,2,29,17,47,15,9.0,4,1,1,0,0,1,1,0,0,0,0,0,0,0,0,0,0,2,30,0,4,47,0.0,0,0,1,0,0,2,0,1,0,0,0,0,0,0,0,0,0,2,33,40,59,248,0.4,7,1,1,0,0,1,1,1,0,0,0,0,0,0,0,0,0,3,6,42,69,223,-1.3,7,1,1,0,0,1,1,0,0,0,0,0,0,0,0,0,0,3,9,40,53,218,-0.6,7,1,1,0,0,1,1,1,0,0,0,0,0,0,0,0,0,3,10,0,10,201,0.0,0,0,1,0,0,2,0,1,0,0,0,0,0,0,0,0,0,3,13,43,61,358,-0.3,7,1,1,0,0,1,1,0,0,0,0,0,0,0,0,0,0,3,16,43,77,227,0.1,7,1,1,0,0,1,1,0,0,0,0,0,0,0,0,0,0,3,23,44,67,114,0.3,7,1,1,0,0,1,1,0,0,0,0,0,0,0,0,0,0,3,27,0,19,215,0.0,0,0,1,0,0,1,1,0,0,0,0,0,0,0,0,0,0,3,32,41,42,339,-0.8,7,1,1,0,0,1,1,0,0,0,0,0,0,0,0,0,0,3,38,43,71,66,1.0,7,1,1,0,0,1,1,0,0,0,0,0,0,0,0,0,0,3,39,44,83,270,1.5,7,1,1,0,0,1,1,0,0,0,0,0,0,0,0,0,0,5,2,22,26,135,-33.6,4,1,1,0,0,1,1,1,0,0,0,0,0,0,0,0,0,5,3,40,37,165,1.2,7,1,1,0,0,1,1,1,0,0,0,0,0,0,0,0,0,5,4,0,63,60,0.0,1,0,2,0,0,2,0,1,0,0,0,0,0,0,0,0,0,5,7,34,60,149,0.5,7,1,1,0,0,1,1,1,0,0,0,0,0,0,0,0,0,5,8,0,53,229,0.0,0,0,1,0,0,2,0,1,0,0,0,0,0,0,0,0,0,6,6,0,35,42,0.0,1,0,1,0,0,2,0,1,0,0,0,0,0,0,0,0,0
94635000,1,51,0,0,7,0,-91,0,0.0,1,0,1,0,0,0,0,0,0,0,0,0,0,0,0,0,0,0,8,0,-91,0,0.0,1,0,1,0,0,0,0,0,0,0,0,0,0,0,0,0,0,0,10,34,44,335,-1.2,7,1,1,1,0,1,1,0,0,0,1,0,0,0,1,0,1,0,12,32,33,102,-16.4,6,1,1,1,0,1,1,0,0,0,1,0,0,0,1,0,1,0,15,25,13,76,0.0,3,0,1,0,0,2,0,1,0,0,0,0,0,0,0,0,0,0,18,40,38,198,0.1,7,1,1,1,0,1,1,1,0,0,1,0,0,0,1,0,1,0,23,43,73,57,-0.4,7,1,1,1,0,1,1,1,0,0,1,0,0,0,1,0,1,0,24,0,32,37,0.0,1,0,1,0,0,1,1,1,0,0,0,0,0,0,0,0,0,0,25,42,36,143,-0.2,7,1,1,1,0,1,1,1,0,0,1,0,0,0,1,0,1,0,28,36,28,228,0.3,7,1,1,1,0,1,1,0,0,0,1,0,0,0,1,0,1,0,32,43,31,303,0.1,7,1,1,1,0,1,1,0,0,0,1,0,0,0,1,0,1,1,127,0,21,258,0.0,0,0,0,0,0,2,0,1,0,0,0,0,0,0,0,0,0,1,128,42,46,238,0.0,7,0,0,0,0,2,1,1,0,0,0,0,0,0,0,0,0,1,129,42,53,229,0.0,7,0,1,0,0,2,1,1,0,0,0,0,0,0,0,0,0,1,137,40,60,149,0.0,7,0,0,0,0,2,1,1,0,0,0,0,0,0,0,0,0,2,4,0,1,265,0.0,0,0,1,0,0,2,0,1,0,0,0,0,0,0,0,0,0,2,7,29,12,61,0.0,7,0,1,0,0,2,0,1,0,0,0,0,0,0,0,0,0,2,10,0,5,324,0.0,0,0,1,0,0,2,0,1,0,0,0,0,0,0,0,0,0,2,12,26,25,313,0.1,7,1,1,0,0,1,1,1,0,0,0,0,0,0,0,0,0,2,19,31,41,304,-0.9,7,1,1,0,0,1,1,1,0,0,0,0,0,0,0,0,0,2,21,40,26,150,-0.7,7,1,1,0,0,1,1,1,0,0,0,0,0,0,0,0,0,2,23,0,1,193,0.0,0,0,1,0,0,2,0,1,0,0,0,0,0,0,0,0,0,2,26,37,33,178,0.3,7,1,1,0,0,1,1,1,0,0,0,0,0,0,0,0,0,2,27,15,27,90,17.3,4,1,1,0,0,1,1,1,0,0,0,0,0,0,0,0,0,2,29,18,47,15,7.4,4,1,1,0,0,1,1,0,0,0,0,0,0,0,0,0,0,2,30,0,4,47,0.0,0,0,1,0,0,2,0,1,0,0,0,0,0,0,0,0,0,2,33,37,59,248,0.5,7,1,1,0,0,1,1,1,0,0,0,0,0,0,0,0,0,3,6,41,69,223,-1.4,7,1,1,0,0,1,1,0,0,0,0,0,0,0,0,0,0,3,9,41,53,218,-0.6,7,1,1,0,0,1,1,1,0,0,0,0,0,0,0,0,0,3,10,0,10,201,0.0,0,0,1,0,0,2,0,1,0,0,0,0,0,0,0,0,0,3,13,43,61,358,-0.4,7,1,1,0,0,1,1,0,0,0,0,0,0,0,0,0,0,3,16,43,77,227,-0.2,7,1,1,0,0,1,1,0,0,0,0,0,0,0,0,0,0,3,23,46,67,114,0.3,7,1,1,0,0,1,1,0,0,0,0,0,0,0,0,0,0,3,27,0,19,215,0.0,0,0,1,0,0,1,1,0,0,0,0,0,0,0,0,0,0,3,32,34,42,339,-0.9,7,1,1,0,0,1,1,0,0,0,0,0,0,0,0,0,0,3,38,44,71,66,1.0,7,1,1,0,0,1,1,0,0,0,0,0,0,0,0,0,0,3,39,43,83,270,1.5,7,1,1,0,0,1,1,0,0,0,0,0,0,0,0,0,0,5,2,22,26,135,-33.2,4,1,1,0,0,1,1,1,0,0,0,0,0,0,0,0,0,5,3,39,37,165,1.3,7,1,1,0,0,1,1,1,0,0,0,0,0,0,0,0,0,5,4,0,63,60,0.0,1,0,2,0,0,2,0,1,0,0,0,0,0,0,0,0,0,5,7,37,60,149,0.4,7,1,1,0,0,1,1,1,0,0,0,0,0,0,0,0,0,5,8,0,53,229,0.0,0,0,1,0,0,2,0,1,0,0,0,0,0,0,0,0,0,6,6,0,35,42,0.0,1,0,1,0,0,2,0,1,0,0,0,0,0,0,0,0,0,6,7,35,32,344,-5.2,7,1,1,0,0,1,1,1,0,0,0,0,0,0,0,0,0,6,8,0,4,302,0.0,0,0,1,0,0,2,0,1,0,0,0,0,0,0,0,0,0
94636000,1,51,0,0,7,0,-91,0,0.0,1,0,1,0,0,0,0,0,0,0,0,0,0,0,0,0,0,0,8,0,-91,0,0.0,1,0,1,0,0,0,0,0,0,0,0,0,0,0,0,0,0,0,10,39,44,335,-1.0,7,1,1,1,0,1,1,0,0,0,1,0,0,0,1,0,1,0,12,32,33,102,-9.6,6,1,1,1,0,1,1,0,0,0,1,0,0,0,1,0,1,0,15,21,13,76,0.0,3,0,1,0,0,2,0,1,0,0,0,0,0,0,0,0,0,0,18,45,38,198,0.0,7,1,1,1,0,1,1,1,0,0,1,0,0,0,1,0,1,0,23,44,73,57,-0.5,7,1,1,1,0,1,1,1,0,0,1,0,0,0,1,0,1,0,24,26,32,37,0.0,3,0,1,0,0,1,1,1,0,0,0,0,0,0,0,0,0,0,25,44,36,143,-0.3,7,1,1,1,0,1,1,1,0,0,1,0,0,0,1,0,1,0,28,37,28,228,0.3,7,1,1,1,0,1,1,0,0,0,1,0,0,0,1,0,1,0,32,42,31,303,0.4,7,1,1,1,0,1,1,0,0,0,1,0,0,0,1,0,1,1,127,0,21,258,0.0,0,0,0,0,0,2,0,1,0,0,0,0,0,0,0,0,0,1,128,43,46,238,0.0,7,0,0,0,0,2,1,1,0,0,0,0,0,0,0,0,0,1,129,42,53,229,0.0,7,0,1,0,0,2,1,1,0,0,0,0,0,0,0,0,0,1,137,43,60,149,0.0,7,0,0,0,0,2,1,1,0,0,0,0,0,0,0,0,0,2,4,0,1,265,0.0,0,0,1,0,0,2,0,1,0,0,0,0,0,0,0,0,0,2,7,29,12,61,0.0,5,0,1,0,0,2,0,1,0,0,0,0,0,0,0,0,0,2,10,0,5,324,0.0,0,0,1,0,0,2,0,1,0,0,0,0,0,0,0,0,0,2,12,30,25,313,-0.2,7,1,1,0,0,1,1,1,0,0,0,0,0,0,0,0,0,2,19,35,41,304,-0.5,7,1,1,0,0,1,1,1,0,0,0,0,0,0,0,0,0,2,21,40,26,150,0.1,7,1,1,0,0,1,1,1,0,0,0,0,0,0,0,0,0,2,23,0,1,193,0.0,0,0,1,0,0,2,0,1,0,0,0,0,0,0,0,0,0,2,26,37,33,178,0.0,7,1,1,0,0,1,1,1,0,0,0,0,0,0,0,0,0,2,27,16,27,90,14.1,4,1,1,0,0,1,1,1,0,0,0,0,0,0,0,0,0,2,29,23,47,15,5.4,4,1,1,0,0,1,1,0,0,0,0,0,0,0,0,0,0,2,30,0,4,47,0.0,0,0,1,0,0,2,0,1,0,0,0,0,0,0,0,0,0,2,33,37,59,248,0.6,7,1,1,0,0,1,1,1,0,0,0,0,0,0,0,0,0,3,6,41,69,223,-1.3,7,1,1,0,0,1,1,0,0,0,0,0,0,0,0,0,0,3,9,39,53,218,-0.6,7,1,1,0,0,1,1,1,0,0,0,0,0,0,0,0,0,3,10,0,10,201,0.0,0,0,1,0,0,2,0,1,0,0,0,0,0,0,0,0,0,3,13,40,61,358,-0.3,7,1,1,0,0,1,1,0,0,0,0,0,0,0,0,0,0,3,16,44,77,227,-0.1,7,1,1,0,0,1,1,0,0,0,0,0,0,0,0,0,0,3,23,46,67,114,0.3,7,1,1,0,0,1,1,0,0,0,0,0,0,0,0,0,0,3,27,0,19,215,0.0,0,0,1,0,0,1,1,0,0,0,0,0,0,0,0,0,0,3,32,38,42,339,-0.6,7,1,1,0,0,1,1,0,0,0,0,0,0,0,0,0,0,3,38,44,71,66,1.0,7,1,1,0,0,1,1,0,0,0,0,0,0,0,0,0,0,3,39,45,83,270,1.7,7,1,1,0,0,1,1,0,0,0,0,0,0,0,0,0,0,5,2,21,26,135,-33.7,4,1,1,0,0,1,1,1,0,0,0,0,0,0,0,0,0,5,3,43,37,165,1.3,7,1,1,0,0,1,1,1,0,0,0,0,0,0,0,0,0,5,4,0,63,60,0.0,1,0,2,0,0,2,0,1,0,0,0,0,0,0,0,0,0,5,7,39,60,149,0.3,7,1,1,0,0,1,1,1,0,0,0,0,0,0,0,0,0,5,8,0,53,229,0.0,0,0,1,0,0,2,0,1,0,0,0,0,0,0,0,0,0,6,6,0,35,42,0.0,1,0,1,0,0,2,0,1,0,0,0,0,0,0,0,0,0,6,7,42,32,344,-2.9,7,1,1,0,0,1,1,1,0,0,0,0,0,0,0,0,0,6,8,0,4,302,0.0,0,0,1,0,0,2,0,1,0,0,0,0,0,0,0,0,0
94637000,1,51,0,0,7,0,-91,0,0.0,1,0,1,0,0,0,0,0,0,0,0,0,0,0,0,0,0,0,8,0,-91,0,0.0,1,0,1,0,0,0,0,0,0,0,0,0,0,0,0,0,0,0,10,40,44,335,-0.6,7,1,1,1,0,1,1,0,0,0,1,0,0,0,1,0,1,0,12,39,33,102,-3.9,6,1,1,1,0,1,1,0,0,0,1,0,0,0,1,0,1,0,15,0,13,76,0.0,1,0,1,0,0,2,0,1,0,0,0,0,0,0,0,0,0,0,18,45,38,198,0.1,7,1,1,1,0,1,1,1,0,0,1,0,0,0,1,0,1,0,23,43,73,57,-0.3,7,1,1,1,0,1,1,1,0,0,1,0,0,0,1,0,1,0,24,22,32,37,0.0,3,0,1,0,0,1,1,1,0,0,0,0,0,0,0,0,0,0,25,45,36,143,-0.3,7,1,1,1,0,1,1,1,0,0,1,0,0,0,1,0,1,0,28,38,28,228,0.5,7,1,1,1,0,1,1,0,0,0,1,0,0,0,1,0,1,0,32,42,31,303,0.2,7,1,1,1,0,1,1,0,0,0,1,0,0,0,1,0,1,1,127,0,21,258,0.0,0,0,0,0,0,2,0,1,0,0,0,0,0,0,0,0,0,1,128,44,46,238,0.0,7,0,0,0,0,2,1,1,0,0,0,0,0,0,0,0,0,1,129,44,53,229,0.0,7,0,1,0,0,2,1,1,0,0,0,0,0,0,0,0,0,1,137,39,60,149,0.0,7,0,0,0,0,2,1,1,0,0,0,0,0,0,0,0,0,2,4,0,1,265,0.0,0,0,1,0,0,2,0,1,0,0,0,0,0,0,0,0,0,2,7,27,12,61,0.0,5,0,1,0,0,2,0,1,0,0,0,0,0,0,0,0,0,2,10,0,5,324,0.0,0,0,1,0,0,2,0,1,0,0,0,0,0,0,0,0,0,2,12,27,25,313,0.3,7,1,1,0,0,1,1,1,0,0,0,0,0,0,0,0,0,2,19,32,41,304,1.6,5,1,1,0,0,1,1,1,0,0,0,0,0,0,0,0,0,2,21,41,26,150,-0.1,7,1,1,0,0,1,1,1,0,0,0,0,0,0,0,0,0,2,23,0,1,193,0.0,0,0,1,0,0,2,0,1,0,0,0,0,0,0,0,0,0,2,26,38,33,178,0.1,7,1,1,0,0,1,1,1,0,0,0,0,0,0,0,0,0,2,27,14,27,90,11.9,4,1,1,0,0,1,1,1,0,0,0,0,0,0,0,0,0,2,29,29,47,15,4.1,5,1,1,0,0,1,1,0,0,0,0,0,0,0,0,0,0,2,30,0,4,47,0.0,0,0,1,0,0,2,0,1,0,0,0,0,0,0,0,0,0,2,33,43,59,248,0.7,7,1,1,0,0,1,1,1,0,0,0,0,0,0,0,0,0,3,6,40,69,223,-1.1,7,1,1,0,0,1,1,0,0,0,0,0,0,0,0,0,0,3,9,41,53,218,-0.4,7,1,1,0,0,1,1,1,0,0,0,0,0,0,0,0,0,3,10,0,10,201,0.0,0,0,1,0,0,2,0,1,0,0,0,0,0,0,0,0,0,3,13,41,61,358,0.0,7,1,1,0,0,1,1,0,0,0,0,0,0,0,0,0,0,3,16,43,77,227,-0.1,7,1,1,0,0,1,1,0,0,0,0,0,0,0,0,0,0,3,23,48,67,114,0.4,7,1,1,0,0,1,1,0,0,0,0,0,0,0,0,0,0,3,27,0,19,215,0.0,0,0,1,0,0,1,1,0,0,0,0,0,0,0,0,0,0,3,32,39,42,339,-0.4,7,1,1,0,0,1,1,0,0,0,0,0,0,0,0,0,0,3,38,42,71,66,1.2,7,1,1,0,0,1,1,0,0,0,0,0,0,0,0,0,0,3,39,41,83,270,1.9,7,1,1,0,0,1,1,0,0,0,0,0,0,0,0,0,0,5,2,30,26,135,-22.1,4,0,1,0,0,1,1,1,0,0,0,0,0,0,0,0,0,5,3,41,37,165,1.4,7,1,1,0,0,1,1,1,0,0,0,0,0,0,0,0,0,5,4,0,63,60,0.0,1,0,2,0,0,2,0,1,0,0,0,0,0,0,0,0,0,5,7,38,60,149,0.4,7,1,1,0,0,1,1,1,0,0,0,0,0,0,0,0,0,5,8,0,53,229,0.0,0,0,1,0,0,2,0,1,0,0,0,0,0,0,0,0,0,6,6,0,35,42,0.0,0,0,1,0,0,2,0,1,0,0,0,0,0,0,0,0,0,6,7,41,32,344,-0.3,7,1,1,0,0,1,1,1,0,0,0,0,0,0,0,0,0,6,8,0,4,302,0.0,0,0,1,0,0,2,0,1,0,0,0,0,0,0,0,0,0
94638000,1,51,0,0,7,0,-91,0,0.0,1,0,1,0,0,0,0,0,0,0,0,0,0,0,0,0,0,0,8,0,-91,0,0.0,1,0,1,0,0,0,0,0,0,0,0,0,0,0,0,0,0,0,10,31,44,335,-0.7,7,1,1,1,0,1,1,0,0,0,1,0,0,0,1,0,1,0,12,36,33,102,-2.2,6,1,1,1,0,1,1,0,0,0,1,0,0,0,1,0,1,0,15,0,13,76,0.0,1,0,1,0,0,2,0,1,0,0,0,0,0,0,0,0,0,0,18,43,38,198,0.2,7,1,1,1,0,1,1,1,0,0,1,0,0,0,1,0,1,0,23,43,73,57,-0.4,7,1,1,1,0,1,1,1,0,0,1,0,0,0,1,0,1,0,24,20,32,37,0.0,3,0,1,0,0,1,1,1,0,0,0,0,0,0,0,0,0,0,25,41,36,143,-0.4,7,1,1,1,0,1,1,1,0,0,1,0,0,0,1,0,1,0,28,37,28,228,0.6,7,1,1,1,0,1,1,0,0,0,1,0,0,0,1,0,1,0,32,43,31,303,0.1,7,1,1,1,0,1,1,0,0,0,1,0,0,0,1,0,1,1,127,0,21,258,0.0,0,0,0,0,0,2,0,1,0,0,0,0,0,0,0,0,0,1,128,42,46,238,0.0,7,0,0,0,0,2,1,1,0,0,0,0,0,0,0,0,0,1,129,43,53,229,0.0,7,0,1,0,0,2,1,1,0,0,0,0,0,0,0,0,0,1,137,39,60,149,0.0,7,0,0,0,0,2,1,1,0,0,0,0,0,0,0,0,0,2,4,0,1,265,0.0,0,0,1,0,0,2,0,1,0,0,0,0,0,0,0,0,0,2,7,30,12,61,0.0,7,0,1,0,0,2,0,1,0,0,0,0,0,0,0,0,0,2,10,0,5,324,0.0,0,0,1,0,0,2,0,1,0,0,0,0,0,0,0,0,0,2,12,32,25,313,-0.5,7,1,1,0,0,1,1,1,0,0,0,0,0,0,0,0,0,2,19,35,41,304,2.0,7,1,1,0,0,1,1,1,0,0,0,0,0,0,0,0,0,2,21,39,26,150,0.0,7,1,1,0,0,1,1,1,0,0,0,0,0,0,0,0,0,2,23,0,1,193,0.0,0,0,1,0,0,2,0,1,0,0,0,0,0,0,0,0,0,2,26,41,33,178,-0.2,7,1,1,0,0,1,1,1,0,0,0,0,0,0,0,0,0,2,27,14,27,90,7.3,4,1,1,0,0,1,1,1,0,0,0,0,0,0,0,0,0,2,29,28,47,15,2.0,7,1,1,0,0,1,1,0,0,0,0,0,0,0,0,0,0,2,30,0,4,47,0.0,0,0,1,0,0,2,0,1,0,0,0,0,0,0,0,0,0,2,33,40,59,248,0.6,7,1,1,0,0,1,1,1,0,0,0,0,0,0,0,0,0,3,6,41,69,223,-1.0,7,1,1,0,0,1,1,0,0,0,0,0,0,0,0,0,0,3,9,39,53,218,-0.4,7,1,1,0,0,1,1,1,0,0,0,0,0,0,0,0,0,3,10,0,10,201,0.0,0,0,1,0,0,2,0,1,0,0,0,0,0,0,0,0,0,3,13,38,61,358,0.0,7,1,1,0,0,1,1,0,0,0,0,0,0,0,0,0,0,3,16,42,77,227,-0.1,7,1,1,0,0,1,1,0,0,0,0,0,0,0,0,0,0,3,23,44,67,114,0.5,7,1,1,0,0,1,1,0,0,0,0,0,0,0,0,0,0,3,27,0,19,215,0.0,0,0,1,0,0,1,1,0,0,0,0,0,0,0,0,0,0,3,32,40,42,339,-0.3,7,1,1,0,0,1,1,0,0,0,0,0,0,0,0,0,0,3,38,43,71,66,1.3,7,1,1,0,0,1,1,0,0,0,0,0,0,0,0,0,0,3,39,42,83,270,1.8,7,1,1,0,0,1,1,0,0,0,0,0,0,0,0,0,0,5,2,0,26,135,0.0,1,0,1,0,0,1,1,1,0,0,0,0,0,0,0,0,0,5,3,40,37,165,1.5,7,1,1,0,0,1,1,1,0,0,0,0,0,0,0,0,0,5,4,0,63,60,0.0,1,0,2,0,0,2,0,1,0,0,0,0,0,0,0,0,0,5,7,35,60,149,0.4,7,1,1,0,0,1,1,1,0,0,0,0,0,0,0,0,0,5,8,0,53,229,0.0,0,0,1,0,0,2,0,1,0,0,0,0,0,0,0,0,0,6,6,0,35,42,0.0,1,0,1,0,0,2,0,1,0,0,0,0,0,0,0,0,0,6,7,32,32,344,-1.8,7,1,1,0,0,1,1,1,0,0,0,0,0,0,0,0,0,6,8,0,4,302,0.0,0,0,1,0,0,2,0,1,0,0,0,0,0,0,0,0,0
94639000,1,50,0,0,8,0,-91,0,0.0,1,0,1,0,0,0,0,0,0,0,0,0,0,0,0,0,0,0,10,38,44,335,-0.7,7,1,1,1,0,1,1,0,0,0,1,0,0,0,1,0,1,0,12,36,33,102,-1.0,6,1,1,1,0,1,1,0,0,0,1,0,0,0,1,0,1,0,15,0,13,76,0.0,1,0,1,0,0,2,0,1,0,0,0,0,0,0,0,0,0,0,18,43,38,198,0.1,7,1,1,1,0,1,1,1,0,0,1,0,0,0,1,0,1,0,23,42,73,57,-0.6,7,1,1,1,0,1,1,1,0,0,1,0,0,0,1,0,1,0,24,0,32,37,0.0,1,0,1,0,0,1,1,1,0,0,0,0,0,0,0,0,0,0,25,42,36,143,-0.4,7,1,1,1,0,1,1,1,0,0,1,0,0,0,1,0,1,0,28,40,28,228,0.6,7,1,1,1,0,1,1,0,0,0,1,0,0,0,1,0,1,0,32,38,31,303,0.1,7,1,1,1,0,1,1,0,0,0,1,0,0,0,1,0,1,1,127,0,21,258,0.0,0,0,0,0,0,2,0,1,0,0,0,0,0,0,0,0,0,1,128,42,46,238,0.0,7,0,0,0,0,2,1,1,0,0,0,0,0,0,0,0,0,1,129,41,53,229,0.0,7,0,1,0,0,2,1,1,0,0,0,0,0,0,0,0,0,1,137,40,60,149,0.0,7,0,0,0,0,2,1,1,0,0,0,0,0,0,0,0,0,2,4,0,1,265,0.0,0,0,1,0,0,2,0,1,0,0,0,0,0,0,0,0,0,2,7,21,12,61,0.0,4,0,1,0,0,2,0,1,0,0,0,0,0,0,0,0,0,2,10,0,5,324,0.0,0,0,1,0,0,2,0,1,0,0,0,0,0,0,0,0,0,2,12,30,25,313,1.9,7,1,1,0,0,1,1,1,0,0,0,0,0,0,0,0,0,2,19,30,41,304,2.8,7,1,1,0,0,1,1,1,0,0,0,0,0,0,0,0,0,2,21,42,26,150,-0.2,7,1,1,0,0,1,1,1,0,0,0,0,0,0,0,0,0,2,23,0,1,193,0.0,0,0,1,0,0,2,0,1,0,0,0,0,0,0,0,0,0,2,26,41,33,178,-0.3,7,1,1,0,0,1,1,1,0,0,0,0,0,0,0,0,0,2,27,13,27,90,6.6,4,1,1,0,0,1,1,1,0,0,0,0,0,0,0,0,0,2,29,33,47,15,1.9,7,1,1,0,0,1,1,0,0,0,0,0,0,0,0,0,0,2,30,0,4,47,0.0,0,0,1,0,0,2,0,1,0,0,0,0,0,0,0,0,0,2,33,39,59,248,0.4,7,1,1,0,0,1,1,1,0,0,0,0,0,0,0,0,0,3,6,43,69,223,-1.2,7,1,1,0,0,1,1,0,0,0,0,0,0,0,0,0,0,3,9,37,53,218,-0.4,7,1,1,0,0,1,1,1,0,0,0,0,0,0,0,0,0,3,10,0,10,201,0.0,0,0,1,0,0,2,0,1,0,0,0,0,0,0,0,0,0,3,13,41,61,358,0.0,7,1,1,0,0,1,1,0,0,0,0,0,0,0,0,0,0,3,16,42,77,227,0.1,7,1,1,0,0,1,1,0,0,0,0,0,0,0,0,0,0,3,23,47,67,114,0.6,7,1,1,0,0,1,1,0,0,0,0,0,0,0,0,0,0,3,27,0,19,215,0.0,0,0,1,0,0,1,1,0,0,0,0,0,0,0,0,0,0,3,32,37,42,339,-0.2,7,1,1,0,0,1,1,0,0,0,0,0,0,0,0,0,0,3,38,43,71,66,1.3,7,1,1,0,0,1,1,0,0,0,0,0,0,0,0,0,0,3,39,41,83,270,1.7,7,1,1,0,0,1,1,0,0,0,0,0,0,0,0,0,0,5,2,30,26,135,-12.9,4,1,1,0,0,1,1,1,0,0,0,0,0,0,0,0,0,5,3,41,37,165,1.3,7,1,1,0,0,1,1,1,0,0,0,0,0,0,0,0,0,5,4,0,63,60,0.0,1,0,2,0,0,2,0,1,0,0,0,0,0,0,0,0,0,5,7,37,60,149,0.4,7,1,1,0,0,1,1,1,0,0,0,0,0,0,0,0,0,5,8,0,53,229,0.0,0,0,1,0,0,2,0,1,0,0,0,0,0,0,0,0,0,6,6,0,35,42,0.0,1,0,1,0,0,2,0,1,0,0,0,0,0,0,0,0,0,6,7,31,32,344,-1.6,4,1,1,0,0,1,1,1,0,0,0,0,0,0,0,0,0,6,8,0,4,302,0.0,0,0,1,0,0,2,0,1,0,0,0,0,0,0,0,0,0,6,9,48,61,118,0.9,7,1,1,0,0,1,1,1,0,0,0,0,0,0,0,0,0
94640000,1,49,0,0,10,37,44,335,-0.7,7,1,1,1,0,1,1,0,0,0,1,0,0,0,1,0,1,0,12,37,33,102,-1.3,7,1,1,1,0,1,1,0,0,0,1,0,0,0,1,0,1,0,15,0,13,76,0.0,3,0,1,0,0,2,0,1,0,0,0,0,0,0,0,0,0,0,18,40,38,198,0.2,7,1,1,1,0,1,1,1,0,0,1,0,0,0,1,0,1,0,23,42,73,57,-0.6,7,1,1,1,0,1,1,1,0,0,1,0,0,0,1,0,1,0,24,0,32,37,0.0,1,0,1,0,0,1,1,1,0,0,0,0,0,0,0,0,0,0,25,44,36,143,-0.5,7,1,1,1,0,1,1,1,0,0,1,0,0,0,1,0,1,0,28,38,28,228,0.7,7,1,1,1,0,1,1,0,0,0,1,0,0,0,1,0,1,0,32,41,31,303,0.2,7,1,1,1,0,1,1,0,0,0,1,0,0,0,1,0,1,1,127,0,21,258,0.0,0,0,0,0,0,2,0,1,0,0,0,0,0,0,0,0,0,1,128,41,46,238,0.0,7,0,0,0,0,2,1,1,0,0,0,0,0,0,0,0,0,1,129,42,53,229,0.0,7,0,1,0,0,2,1,1,0,0,0,0,0,0,0,0,0,1,137,42,60,149,0.0,7,0,0,0,0,2,1,1,0,0,0,0,0,0,0,0,0,2,4,0,1,265,0.0,0,0,1,0,0,2,0,1,0,0,0,0,0,0,0,0,0,2,7,22,12,61,0.0,4,0,1,0,0,2,0,1,0,0,0,0,0,0,0,0,0,2,10,0,5,324,0.0,0,0,1,0,0,2,0,1,0,0,0,0,0,0,0,0,0,2,12,25,25,313,1.0,7,1,1,0,0,1,1,1,0,0,0,0,0,0,0,0,0,2,19,34,41,304,1.6,7,1,1,0,0,1,1,1,0,0,0,0,0,0,0,0,0,2,21,41,26,150,-0.3,7,1,1,0,0,1,1,1,0,0,0,0,0,0,0,0,0,2,23,0,1,193,0.0,0,0,1,0,0,2,0,1,0,0,0,0,0,0,0,0,0,2,26,39,33,178,-0.4,7,1,1,0,0,1,1,1,0,0,0,0,0,0,0,0,0,2,27,13,27,90,0.0,3,0,1,0,0,1,1,1,0,0,0,0,0,0,0,0,0,2,29,35,47,15,1.2,7,1,1,0,0,1,1,0,0,0,0,0,0,0,0,0,0,2,30,0,4,47,0.0,0,0,1,0,0,2,0,1,0,0,0,0,0,0,0,0,0,2,33,40,59,248,0.4,7,1,1,0,0,1,1,1,0,0,0,0,0,0,0,0,0,3,6,42,69,223,-1.1,7,1,1,0,0,1,1,0,0,0,0,0,0,0,0,0,0,3,9,40,53,218,-0.5,7,1,1,0,0,1,1,1,0,0,0,0,0,0,0,0,0,3,10,0,10,201,0.0,0,0,1,0,0,2,0,1,0,0,0,0,0,0,0,0,0,3,13,39,61,358,0.1,7,1,1,0,0,1,1,0,0,0,0,0,0,0,0,0,0,3,16,41,77,227,-0.1,7,1,1,0,0,1,1,0,0,0,0,0,0,0,0,0,0,3,23,44,67,114,0.5,7,1,1,0,0,1,1,0,0,0,0,0,0,0,0,0,0,3,27,0,19,215,0.0,0,0,1,0,0,1,1,0,0,0,0,0,0,0,0,0,0,3,32,34,42,339,-0.1,7,1,1,0,0,1,1,0,0,0,0,0,0,0,0,0,0,3,38,44,71,66,1.3,7,1,1,0,0,1,1,0,0,0,0,0,0,0,0,0,0,3,39,42,83,270,1.7,7,1,1,0,0,1,1,0,0,0,0,0,0,0,0,0,0,5,2,29,26,135,-17.3,4,1,1,0,0,1,1,1,0,0,0,0,0,0,0,0,0,5,3,43,37,165,1.3,7,1,1,0,0,1,1,1,0,0,0,0,0,0,0,0,0,5,4,0,63,60,0.0,1,0,2,0,0,2,0,1,0,0,0,0,0,0,0,0,0,5,7,38,60,149,0.4,7,1,1,0,0,1,1,1,0,0,0,0,0,0,0,0,0,5,8,0,53,229,0.0,0,0,1,0,0,2,0,1,0,0,0,0,0,0,0,0,0,6,6,0,35,42,0.0,1,0,1,0,0,2,0,1,0,0,0,0,0,0,0,0,0,6,7,38,32,344,-3.5,5,1,1,0,0,1,1,1,0,0,0,0,0,0,0,0,0,6,8,0,4,302,0.0,0,0,1,0,0,2,0,1,0,0,0,0,0,0,0,0,0,6,9,47,61,118,1.0,7,1,1,0,0,1,1,1,0,0,0,0,0,0,0,0,0,6,10,41,29,177,6.7,7,1,1,0,0,1,1,1,0,0,0,0,0,0,0,0,0
94641000,1,49,0,0,10,40,44,335,-0.7,7,1,1,1,0,1,1,0,0,0,1,0,0,0,1,0,1,0,12,36,33,102,-1.5,7,1,1,1,0,1,1,0,0,0,1,0,0,0,1,0,1,0,15,20,13,76,0.0,3,0,1,0,0,2,0,1,0,0,0,0,0,0,0,0,0,0,18,44,38,198,0.0,7,1,1,1,0,1,1,1,0,0,1,0,0,0,1,0,1,0,23,41,73,57,-0.7,7,1,1,1,0,1,1,1,0,0,1,0,0,0,1,0,1,0,24,0,32,37,0.0,1,0,1,0,0,1,1,1,0,0,0,0,0,0,0,0,0,0,25,42,36,143,-0.7,7,1,1,1,0,1,1,1,0,0,1,0,0,0,1,0,1,0,28,36,28,228,0.6,7,1,1,1,0,1,1,0,0,0,1,0,0,0,1,0,1,0,32,43,31,303,0.2,7,1,1,1,0,1,1,0,0,0,1,0,0,0,1,0,1,1,127,0,21,258,0.0,0,0,0,0,0,2,0,1,0,0,0,0,0,0,0,0,0,1,128,39,46,238,0.0,7,0,0,0,0,2,1,1,0,0,0,0,0,0,0,0,0,1,129,41,53,229,0.0,7,0,1,0,0,2,1,1,0,0,0,0,0,0,0,0,0,1,137,34,60,149,0.0,7,0,0,0,0,2,1,1,0,0,0,0,0,0,0,0,0,2,4,0,1,265,0.0,0,0,1,0,0,2,0,1,0,0,0,0,0,0,0,0,0,2,7,23,12,61,0.0,4,0,1,0,0,2,0,1,0,0,0,0,0,0,0,0,0,2,10,0,5,324,0.0,0,0,1,0,0,2,0,1,0,0,0,0,0,0,0,0,0,2,12,33,25,313,0.9,7,1,1,0,0,1,1,1,0,0,0,0,0,0,0,0,0,2,19,35,41,304,1.1,7,1,1,0,0,1,1,1,0,0,0,0,0,0,0,0,0,2,21,41,26,150,-0.4,7,1,1,0,0,1,1,1,0,0,0,0,0,0,0,0,0,2,23,0,1,193,0.0,0,0,1,0,0,2,0,1,0,0,0,0,0,0,0,0,0,2,26,41,33,178,-0.4,7,1,1,0,0,1,1,1,0,0,0,0,0,0,0,0,0,2,27,14,27,90,0.0,3,0,1,0,0,1,1,1,0,0,0,0,0,0,0,0,0,2,29,39,47,15,1.1,7,1,1,0,0,1,1,0,0,0,0,0,0,0,0,0,0,2,30,0,4,47,0.0,0,0,1,0,0,2,0,1,0,0,0,0,0,0,0,0,0,2,33,41,59,248,0.2,7,1,1,0,0,1,1,1,0,0,0,0,0,0,0,0,0,3,6,40,69,223,-1.2,7,1,1,0,0,1,1,0,0,0,0,0,0,0,0,0,0,3,9,41,53,218,-0.5,7,1,1,0,0,1,1,1,0,0,0,0,0,0,0,0,0,3,10,0,10,201,0.0,0,0,1,0,0,2,0,1,0,0,0,0,0,0,0,0,0,3,13,41,61,358,0.1,7,1,1,0,0,1,1,0,0,0,0,0,0,0,0,0,0,3,16,43,77,227,0.1,7,1,1,0,0,1,1,0,0,0,0,0,0,0,0,0,0,3,23,41,67,114,0.4,7,1,1,0,0,1,1,0,0,0,0,0,0,0,0,0,0,3,27,0,19,215,0.0,0,0,1,0,0,1,1,0,0,0,0,0,0,0,0,0,0,3,32,39,42,339,0.0,7,1,1,0,0,1,1,0,0,0,0,0,0,0,0,0,0,3,38,40,71,66,1.2,7,1,1,0,0,1,1,0,0,0,0,0,0,0,0,0,0,3,39,44,83,270,1.8,7,1,1,0,0,1,1,0,0,0,0,0,0,0,0,0,0,5,2,29,26,135,-9.8,5,1,1,0,0,1,1,1,0,0,0,0,0,0,0,0,0,5,3,40,37,165,1.1,7,1,1,0,0,1,1,1,0,0,0,0,0,0,0,0,0,5,4,0,63,60,0.0,1,0,2,0,0,2,0,1,0,0,0,0,0,0,0,0,0,5,7,31,60,149,0.3,7,1,1,0,0,1,1,1,0,0,0,0,0,0,0,0,0,5,8,0,53,229,0.0,0,0,1,0,0,2,0,1,0,0,0,0,0,0,0,0,0,6,6,0,35,42,0.0,1,0,1,0,0,2,0,1,0,0,0,0,0,0,0,0,0,6,7,38,32,344,-1.6,5,1,1,0,0,1,1,1,0,0,0,0,0,0,0,0,0,6,8,0,4,302,0.0,0,0,1,0,0,2,0,1,0,0,0,0,0,0,0,0,0,6,9,45,61,118,1.0,7,1,1,0,0,1,1,1,0,0,0,0,0,0,0,0,0,6,10,42,29,177,6.7,7,1,1,0,0,1,1,1,0,0,0,0,0,0,0,0,0
94642000,1,49,0,0,10,33,44,335,-0.7,7,1,1,1,0,1,1,0,0,0,1,0,0,0,1,0,1,0,12,35,33,102,-1.7,7,1,1,1,0,1,1,0,0,0,1,0,0,0,1,0,1,0,15,17,13,76,0.0,3,0,1,0,0,2,0,1,0,0,0,0,0,0,0,0,0,0,18,41,38,198,0.0,7,1,1,1,0,1,1,1,0,0,1,0,0,0,1,0,1,0,23,41,73,57,-0.9,7,1,1,1,0,1,1,1,0,0,1,0,0,0,1,0,1,0,24,0,32,37,0.0,1,0,1,0,0,1,1,1,0,0,0,0,0,0,0,0,0,0,25,42,36,143,-0.7,7,1,1,1,0,1,1,1,0,0,1,0,0,0,1,0,1,0,28,38,28,228,1.0,5,1,1,1,0,1,1,0,0,0,1,0,0,0,1,0,1,0,32,41,31,303,0.1,7,1,1,1,0,1,1,0,0,0,1,0,0,0,1,0,1,1,127,0,21,258,0.0,0,0,0,0,0,2,0,1,0,0,0,0,0,0,0,0,0,1,128,42,46,238,0.0,7,0,0,0,0,2,1,1,0,0,0,0,0,0,0,0,0,1,129,41,53,229,0.0,7,0,1,0,0,2,1,1,0,0,0,0,0,0,0,0,0,1,137,38,60,149,0.0,7,0,0,0,0,2,1,1,0,0,0,0,0,0,0,0,0,2,4,0,1,265,0.0,0,0,1,0,0,2,0,1,0,0,0,0,0,0,0,0,0,2,7,23,12,61,0.0,4,0,1,0,0,2,0,1,0,0,0,0,0,0,0,0,0,2,10,0,5,324,0.0,0,0,1,0,0,2,0,1,0,0,0,0,0,0,0,0,0,2,12,33,25,313,1.1,7,1,1,0,0,1,1,1,0,0,0,0,0,0,0,0,0,2,19,35,41,304,1.2,7,1,1,0,0,1,1,1,0,0,0,0,0,0,0,0,0,2,21,41,26,150,-0.4,7,1,1,0,0,1,1,1,0,0,0,0,0,0,0,0,0,2,23,0,1,193,0.0,0,0,1,0,0,2,0,1,0,0,0,0,0,0,0,0,0,2,26,41,33,178,-0.4,7,1,1,0,0,1,1,1,0,0,0,0,0,0,0,0,0,2,27,14,27,90,0.0,3,0,1,0,0,1,1,1,0,0,0,0,0,0,0,0,0,2,29,37,47,15,1.5,7,1,1,0,0,1,1,0,0,0,0,0,0,0,0,0,0,2,30,0,4,47,0.0,0,0,1,0,0,2,0,1,0,0,0,0,0,0,0,0,0,2,33,39,59,248,0.0,7,1,1,0,0,1,1,1,0,0,0,0,0,0,0,0,0,3,6,39,69,223,-1.1,7,1,1,0,0,1,1,0,0,0,0,0,0,0,0,0,0,3,9,40,53,218,-0.4,7,1,1,0,0,1,1,1,0,0,0,0,0,0,0,0,0,3,10,0,10,201,0.0,0,0,1,0,0,2,0,1,0,0,0,0,0,0,0,0,0,3,13,41,61,358,-0.1,7,1,1,0,0,1,1,0,0,0,0,0,0,0,0,0,0,3,16,43,77,227,0.1,7,1,1,0,0,1,1,0,0,0,0,0,0,0,0,0,0,3,23,44,67,114,0.3,7,1,1,0,0,1,1,0,0,0,0,0,0,0,0,0,0,3,27,0,19,215,0.0,0,0,1,0,0,1,1,0,0,0,0,0,0,0,0,0,0,3,32,37,42,339,-0.1,7,1,1,0,0,1,1,0,0,0,0,0,0,0,0,0,0,3,38,41,71,66,1.0,7,1,1,0,0,1,1,0,0,0,0,0,0,0,0,0,0,3,39,43,83,270,1.8,7,1,1,0,0,1,1,0,0,0,0,0,0,0,0,0,0,5,2,33,26,135,0.6,5,1,1,0,0,1,1,1,0,0,0,0,0,0,0,0,0,5,3,43,37,165,1.1,7,1,1,0,0,1,1,1,0,0,0,0,0,0,0,0,0,5,4,20,63,60,0.0,3,0,2,0,0,2,0,1,0,0,0,0,0,0,0,0,0,5,7,34,60,149,0.2,7,1,1,0,0,1,1,1,0,0,0,0,0,0,0,0,0,5,8,0,53,229,0.0,0,0,1,0,0,2,0,1,0,0,0,0,0,0,0,0,0,6,6,0,35,42,0.0,1,0,1,0,0,2,0,1,0,0,0,0,0,0,0,0,0,6,7,36,32,344,-2.0,6,1,1,0,0,1,1,1,0,0,0,0,0,0,0,0,0,6,8,0,4,302,0.0,0,0,1,0,0,2,0,1,0,0,0,0,0,0,0,0,0,6,9,48,61,118,0.9,7,1,1,0,0,1,1,1,0,0,0,0,0,0,0,0,0,6,10,39,29,177,6.8,7,1,1,0,0,1,1,1,0,0,0,0,0,0,0,0,0
94643000,1,49,0,0,10,36,44,335,-0.6,7,1,1,1,0,1,1,0,0,0,1,0,0,0,1,0,1,0,12,35,33,102,-1.8,7,1,1,1,0,1,1,0,0,0,1,0,0,0,1,0,1,0,15,0,13,76,0.0,1,0,1,0,0,2,0,1,0,0,0,0,0,0,0,0,0,0,18,37,38,198,-0.2,7,1,1,1,0,1,1,1,0,0,1,0,0,0,1,0,1,0,23,40,73,57,-0.7,7,1,1,1,0,1,1,1,0,0,1,0,0,0,1,0,1,0,24,0,32,37,0.0,1,0,1,0,0,1,1,1,0,0,0,0,0,0,0,0,0,0,25,41,36,143,-0.7,7,1,1,1,0,1,1,1,0,0,1,0,0,0,1,0,1,0,28,37,28,228,0.7,6,1,1,1,0,1,1,0,0,0,1,0,0,0,1,0,1,0,32,43,31,303,0.0,7,1,1,1,0,1,1,0,0,0,1,0,0,0,1,0,1,1,127,0,21,258,0.0,0,0,0,0,0,2,0,1,0,0,0,0,0,0,0,0,0,1,128,40,46,238,0.0,7,0,0,0,0,2,1,1,0,0,0,0,0,0,0,0,0,1,129,37,53,229,0.0,7,0,1,0,0,2,1,1,0,0,0,0,0,0,0,0,0,1,137,36,60,149,0.0,7,0,0,0,0,2,1,1,0,0,0,0,0,0,0,0,0,2,4,0,1,265,0.0,0,0,1,0,0,2,0,1,0,0,0,0,0,0,0,0,0,2,7,31,12,61,0.0,5,0,1,0,0,2,0,1,0,0,0,0,0,0,0,0,0,2,10,0,5,324,0.0,0,0,1,0,0,2,0,1,0,0,0,0,0,0,0,0,0,2,12,32,25,313,0.9,7,1,1,0,0,1,1,1,0,0,0,0,0,0,0,0,0,2,19,34,41,304,0.6,7,1,1,0,0,1,1,1,0,0,0,0,0,0,0,0,0,2,21,40,26,150,-0.2,7,1,1,0,0,1,1,1,0,0,0,0,0,0,0,0,0,2,23,0,1,193,0.0,0,0,1,0,0,2,0,1,0,0,0,0,0,0,0,0,0,2,26,40,33,178,-0.4,7,1,1,0,0,1,1,1,0,0,0,0,0,0,0,0,0,2,27,17,27,90,0.0,3,0,1,0,0,1,1,1,0,0,0,0,0,0,0,0,0,2,29,36,47,15,-0.2,7,1,1,0,0,1,1,0,0,0,0,0,0,0,0,0,0,2,30,0,4,47,0.0,0,0,1,0,0,2,0,1,0,0,0,0,0,0,0,0,0,2,33,36,59,248,-0.3,7,1,1,0,0,1,1,1,0,0,0,0,0,0,0,0,0,3,6,41,69,223,-0.8,7,1,1,0,0,1,1,0,0,0,0,0,0,0,0,0,0,3,9,40,53,218,-0.4,7,1,1,0,0,1,1,1,0,0,0,0,0,0,0,0,0,3,10,0,10,201,0.0,0,0,1,0,0,2,0,1,0,0,0,0,0,0,0,0,0,3,13,39,61,358,0.0,7,1,1,0,0,1,1,0,0,0,0,0,0,0,0,0,0,3,16,44,77,227,0.1,7,1,1,0,0,1,1,0,0,0,0,0,0,0,0,0,0,3,23,44,67,114,0.1,7,1,1,0,0,1,1,0,0,0,0,0,0,0,0,0,0,3,27,0,19,215,0.0,0,0,1,0,0,1,1,0,0,0,0,0,0,0,0,0,0,3,32,37,42,339,0.0,7,1,1,0,0,1,1,0,0,0,0,0,0,0,0,0,0,3,38,41,71,66,1.2,7,1,1,0,0,1,1,0,0,0,0,0,0,0,0,0,0,3,39,47,83,270,1.8,7,1,1,0,0,1,1,0,0,0,0,0,0,0,0,0,0,5,2,32,26,135,0.0,6,1,1,0,0,1,1,1,0,0,0,0,0,0,0,0,0,5,3,41,37,165,1.2,7,1,1,0,0,1,1,1,0,0,0,0,0,0,0,0,0,5,4,19,63,60,0.0,3,0,2,0,0,2,0,1,0,0,0,0,0,0,0,0,0,5,7,31,60,149,0.7,5,1,1,0,0,1,1,1,0,0,0,0,0,0,0,0,0,5,8,0,53,229,0.0,0,0,1,0,0,2,0,1,0,0,0,0,0,0,0,0,0,6,6,0,35,42,0.0,1,0,1,0,0,2,0,1,0,0,0,0,0,0,0,0,0,6,7,33,32,344,-1.5,7,1,1,0,0,1,1,1,0,0,0,0,0,0,0,0,0,6,8,0,4,302,0.0,0,0,1,0,0,2,0,1,0,0,0,0,0,0,0,0,0,6,9,46,61,118,1.0,7,1,1,0,0,1,1,1,0,0,0,0,0,0,0,0,0,6,10,40,29,177,6.9,7,1,1,0,0,1,1,1,0,0,0,0,0,0,0,0,0
94644000,1,49,0,0,10,40,44,335,-0.5,7,1,1,1,0,1,1,0,0,0,1,0,0,0,1,0,1,0,12,27,33,102,-0.7,5,1,1,1,0,1,1,0,0,0,1,0,0,0,1,0,1,0,15,0,13,76,0.0,1,0,1,0,0,2,0,1,0,0,0,0,0,0,0,0,0,0,18,45,38,198,-0.3,7,1,1,1,0,1,1,1,0,0,1,0,0,0,1,0,1,0,23,39,73,57,-0.7,7,1,1,1,0,1,1,1,0,0,1,0,0,0,1,0,1,0,24,18,32,37,-96.0,3,0,1,0,0,1,1,1,0,0,0,0,0,0,0,0,0,0,25,40,36,143,-0.8,7,1,1,1,0,1,1,1,0,0,1,0,0,0,1,0,1,0,28,41,28,228,-0.7,6,1,1,1,0,1,1,0,0,0,1,0,0,0,1,0,1,0,32,42,31,303,-0.1,7,1,1,1,0,1,1,0,0,0,1,0,0,0,1,0,1,1,127,0,21,258,0.0,0,0,0,0,0,2,0,1,0,0,0,0,0,0,0,0,0,1,128,40,46,238,0.0,7,0,0,0,0,2,1,1,0,0,0,0,0,0,0,0,0,1,129,40,53,229,0.0,7,0,1,0,0,2,1,1,0,0,0,0,0,0,0,0,0,1,137,38,60,149,0.0,7,0,0,0,0,2,1,1,0,0,0,0,0,0,0,0,0,2,4,0,1,265,0.0,0,0,1,0,0,2,0,1,0,0,0,0,0,0,0,0,0,2,7,24,12,61,0.0,4,0,1,0,0,2,0,1,0,0,0,0,0,0,0,0,0,2,10,0,5,324,0.0,0,0,1,0,0,2,0,1,0,0,0,0,0,0,0,0,0,2,12,33,25,313,0.9,7,1,1,0,0,1,1,1,0,0,0,0,0,0,0,0,0,2,19,37,41,304,1.0,7,1,1,0,0,1,1,1,0,0,0,0,0,0,0,0,0,2,21,41,26,150,-0.3,7,1,1,0,0,1,1,1,0,0,0,0,0,0,0,0,0,2,23,0,1,193,0.0,0,0,1,0,0,2,0,1,0,0,0,0,0,0,0,0,0,2,26,40,33,178,-0.5,7,1,1,0,0,1,1,1,0,0,0,0,0,0,0,0,0,2,27,22,27,90,0.0,3,0,1,0,0,1,1,1,0,0,0,0,0,0,0,0,0,2,29,41,47,15,-0.1,7,1,1,0,0,1,1,0,0,0,0,0,0,0,0,0,0,2,30,0,4,47,0.0,0,0,1,0,0,2,0,1,0,0,0,0,0,0,0,0,0,2,33,40,59,248,-0.2,7,1,1,0,0,1,1,1,0,0,0,0,0,0,0,0,0,3,6,41,69,223,-0.7,7,1,1,0,0,1,1,0,0,0,0,0,0,0,0,0,0,3,9,43,53,218,-0.5,7,1,1,0,0,1,1,1,0,0,0,0,0,0,0,0,0,3,10,0,10,201,0.0,0,0,1,0,0,2,0,1,0,0,0,0,0,0,0,0,0,3,13,42,61,358,-0.1,7,1,1,0,0,1,1,0,0,0,0,0,0,0,0,0,0,3,16,44,77,227,0.2,7,1,1,0,0,1,1,0,0,0,0,0,0,0,0,0,0,3,23,43,67,114,0.0,7,1,1,0,0,1,1,0,0,0,0,0,0,0,0,0,0,3,27,0,19,215,0.0,0,0,1,0,0,1,1,0,0,0,0,0,0,0,0,0,0,3,32,39,42,339,0.1,7,1,1,0,0,1,1,0,0,0,0,0,0,0,0,0,0,3,38,40,71,66,1.3,7,1,1,0,0,1,1,0,0,0,0,0,0,0,0,0,0,3,39,45,83,270,1.7,7,1,1,0,0,1,1,0,0,0,0,0,0,0,0,0,0,5,2,36,26,135,1.8,6,1,1,0,0,1,1,1,0,0,0,0,0,0,0,0,0,5,3,42,37,165,1.2,7,1,1,0,0,1,1,1,0,0,0,0,0,0,0,0,0,5,4,0,63,60,0.0,1,0,2,0,0,2,0,1,0,0,0,0,0,0,0,0,0,5,7,34,60,149,1.8,6,1,1,0,0,1,1,1,0,0,0,0,0,0,0,0,0,5,8,0,53,229,0.0,0,0,1,0,0,2,0,1,0,0,0,0,0,0,0,0,0,6,6,0,35,42,0.0,1,0,1,0,0,2,0,1,0,0,0,0,0,0,0,0,0,6,7,38,32,344,-0.3,7,1,1,0,0,1,1,1,0,0,0,0,0,0,0,0,0,6,8,0,4,302,0.0,0,0,1,0,0,2,0,1,0,0,0,0,0,0,0,0,0,6,9,43,61,118,1.0,7,1,1,0,0,1,1,1,0,0,0,0,0,0,0,0,0,6,10,38,29,177,6.9,7,1,1,0,0,1,1,1,0,0,0,0,0,0,0,0,0
94645000,1,49,0,0,10,37,44,335,-0.3,7,1,1,1,0,1,1,0,0,0,1,0,0,0,1,0,1,0,12,40,33,102,-0.2,6,1,1,1,0,1,1,0,0,0,1,0,0,0,1,0,1,0,15,0,13,76,0.0,1,0,1,0,0,2,0,1,0,0,0,0,0,0,0,0,0,0,18,42,38,198,-0.1,7,1,1,1,0,1,1,1,0,0,1,0,0,0,1,0,1,0,23,42,73,57,-0.7,7,1,1,1,0,1,1,1,0,0,1,0,0,0,1,0,1,0,24,17,32,37,0.0,3,0,1,0,0,1,1,1,0,0,0,0,0,0,0,0,0,0,25,42,36,143,-0.7,7,1,1,1,0,1,1,1,0,0,1,0,0,0,1,0,1,0,28,38,28,228,2.2,7,1,1,1,0,1,1,1,0,0,1,0,0,0,1,0,1,0,32,41,31,303,-0.1,7,1,1,1,0,1,1,0,0,0,1,0,0,0,1,0,1,1,127,0,21,258,0.0,0,0,0,0,0,2,0,1,0,0,0,0,0,0,0,0,0,1,128,39,46,238,0.0,7,0,0,0,0,2,1,1,0,0,0,0,0,0,0,0,0,1,129,41,53,229,0.0,7,0,1,0,0,2,1,1,0,0,0,0,0,0,0,0,0,1,137,39,60,149,0.0,7,0,0,0,0,2,1,1,0,0,0,0,0,0,0,0,0,2,4,0,1,265,0.0,0,0,1,0,0,2,0,1,0,0,0,0,0,0,0,0,0,2,7,23,12,61,0.0,4,0,1,0,0,2,0,1,0,0,0,0,0,0,0,0,0,2,10,0,5,324,0.0,0,0,1,0,0,2,0,1,0,0,0,0,0,0,0,0,0,2,12,32,25,313,0.7,7,1,1,0,0,1,1,1,0,0,0,0,0,0,0,0,0,2,19,34,41,304,1.2,7,1,1,0,0,1,1,1,0,0,0,0,0,0,0,0,0,2,21,39,26,150,0.2,7,1,1,0,0,1,1,1,0,0,0,0,0,0,0,0,0,2,23,0,1,193,0.0,0,0,1,0,0,2,0,1,0,0,0,0,0,0,0,0,0,2,26,40,33,178,0.0,7,1,1,0,0,1,1,1,0,0,0,0,0,0,0,0,0,2,27,23,27,90,-180.0,4,0,1,0,0,1,1,1,0,0,0,0,0,0,0,0,0,2,29,39,47,15,0.1,7,1,1,0,0,1,1,0,0,0,0,0,0,0,0,0,0,2,30,0,4,47,0.0,0,0,1,0,0,2,0,1,0,0,0,0,0,0,0,0,0,2,33,39,59,248,0.2,7,1,1,0,0,1,1,1,0,0,0,0,0,0,0,0,0,3,6,39,69,223,-0.6,7,1,1,0,0,1,1,0,0,0,0,0,0,0,0,0,0,3,9,40,53,218,-0.4,7,1,1,0,0,1,1,1,0,0,0,0,0,0,0,0,0,3,10,0,10,201,0.0,0,0,1,0,0,2,0,1,0,0,0,0,0,0,0,0,0,3,13,40,61,358,0.0,7,1,1,0,0,1,1,0,0,0,0,0,0,0,0,0,0,3,16,44,77,227,0.1,7,1,1,0,0,1,1,0,0,0,0,0,0,0,0,0,0,3,23,46,67,114,0.1,7,1,1,0,0,1,1,0,0,0,0,0,0,0,0,0,0,3,27,0,19,215,0.0,0,0,1,0,0,1,1,0,0,0,0,0,0,0,0,0,0,3,32,41,42,339,0.2,7,1,1,0,0,1,1,0,0,0,0,0,0,0,0,0,0,3,38,44,71,66,1.3,7,1,1,0,0,1,1,0,0,0,0,0,0,0,0,0,0,3,39,45,83,270,1.7,7,1,1,0,0,1,1,0,0,0,0,0,0,0,0,0,0,5,2,41,26,135,2.9,6,1,1,0,0,1,1,1,0,0,0,0,0,0,0,0,0,5,3,40,37,165,1.3,7,1,1,0,0,1,1,1,0,0,0,0,0,0,0,0,0,5,4,0,63,60,0.0,1,0,2,0,0,2,0,1,0,0,0,0,0,0,0,0,0,5,7,36,60,149,2.2,7,1,1,0,0,1,1,1,0,0,0,0,0,0,0,0,0,5,8,0,53,229,0.0,0,0,1,0,0,2,0,1,0,0,0,0,0,0,0,0,0,6,6,0,35,42,0.0,1,0,1,0,0,2,0,1,0,0,0,0,0,0,0,0,0,6,7,40,32,344,-1.7,7,1,1,0,0,1,1,1,0,0,0,0,0,0,0,0,0,6,8,0,4,302,0.0,0,0,1,0,0,2,0,1,0,0,0,0,0,0,0,0,0,6,9,48,61,118,1.1,7,1,1,0,0,1,1,1,0,0,0,0,0,0,0,0,0,6,10,42,29,177,6.8,7,1,1,0,0,1,1,1,0,0,0,0,0,0,0,0,0
94646000,1,49,0,0,10,34,44,335,-0.1,7,1,1,1,0,1,1,0,0,0,1,0,0,0,1,0,1,0,12,38,33,102,-0.9,7,1,1,1,0,1,1,0,0,0,1,0,0,0,1,0,1,0,15,23,13,76,0.0,3,0,1,0,0,2,0,1,0,0,0,0,0,0,0,0,0,0,18,38,38,198,0.0,7,1,1,1,0,1,1,1,0,0,1,0,0,0,1,0,1,0,23,41,73,57,-0.7,7,1,1,1,0,1,1,1,0,0,1,0,0,0,1,0,1,0,24,0,32,37,0.0,1,0,1,0,0,1,1,1,0,0,0,0,0,0,0,0,0,0,25,41,36,143,-0.6,7,1,1,1,0,1,1,1,0,0,1,0,0,0,1,0,1,0,28,38,28,228,2.1,7,1,1,1,0,1,1,1,0,0,1,0,0,0,1,0,1,0,32,43,31,303,-0.2,7,1,1,1,0,1,1,0,0,0,1,0,0,0,1,0,1,1,127,0,21,258,0.0,0,0,0,0,0,2,0,1,0,0,0,0,0,0,0,0,0,1,128,42,46,238,0.0,7,0,0,0,0,2,1,1,0,0,0,0,0,0,0,0,0,1,129,41,53,229,0.0,7,0,1,0,0,2,1,1,0,0,0,0,0,0,0,0,0,1,137,40,60,149,0.0,7,0,0,0,0,2,1,1,0,0,0,0,0,0,0,0,0,2,4,0,1,265,0.0,0,0,1,0,0,2,0,1,0,0,0,0,0,0,0,0,0,2,7,24,12,61,0.0,4,0,1,0,0,2,0,1,0,0,0,0,0,0,0,0,0,2,10,0,5,324,0.0,0,0,1,0,0,2,0,1,0,0,0,0,0,0,0,0,0,2,12,32,25,313,0.9,7,1,1,0,0,1,1,1,0,0,0,0,0,0,0,0,0,2,19,34,41,304,1.0,7,1,1,0,0,1,1,1,0,0,0,0,0,0,0,0,0,2,21,40,26,150,0.2,7,1,1,0,0,1,1,1,0,0,0,0,0,0,0,0,0,2,23,0,1,193,0.0,0,0,1,0,0,2,0,1,0,0,0,0,0,0,0,0,0,2,26,39,33,178,0.1,7,1,1,0,0,1,1,1,0,0,0,0,0,0,0,0,0,2,27,22,27,90,-175.7,4,0,1,0,0,1,1,1,0,0,0,0,0,0,0,0,0,2,29,39,47,15,0.3,7,1,1,0,0,1,1,0,0,0,0,0,0,0,0,0,0,2,30,0,4,47,0.0,0,0,1,0,0,2,0,1,0,0,0,0,0,0,0,0,0,2,33,38,59,248,0.5,7,1,1,0,0,1,1,1,0,0,0,0,0,0,0,0,0,3,6,39,69,223,-0.6,7,1,1,0,0,1,1,0,0,0,0,0,0,0,0,0,0,3,9,38,53,218,-0.5,7,1,1,0,0,1,1,1,0,0,0,0,0,0,0,0,0,3,10,0,10,201,0.0,0,0,1,0,0,2,0,1,0,0,0,0,0,0,0,0,0,3,13,40,61,358,0.1,7,1,1,0,0,1,1,0,0,0,0,0,0,0,0,0,0,3,16,43,77,227,0.2,7,1,1,0,0,1,1,0,0,0,0,0,0,0,0,0,0,3,23,45,67,114,0.1,7,1,1,0,0,1,1,0,0,0,0,0,0,0,0,0,0,3,27,0,19,215,0.0,0,0,1,0,0,1,1,0,0,0,0,0,0,0,0,0,0,3,32,38,42,339,0.1,7,1,1,0,0,1,1,0,0,0,0,0,0,0,0,0,0,3,38,43,71,66,1.1,7,1,1,0,0,1,1,0,0,0,0,0,0,0,0,0,0,3,39,44,83,270,1.7,7,1,1,0,0,1,1,0,0,0,0,0,0,0,0,0,0,5,2,40,26,135,3.2,7,1,1,0,0,1,1,1,0,0,0,0,0,0,0,0,0,5,3,41,37,165,1.2,7,1,1,0,0,1,1,1,0,0,0,0,0,0,0,0,0,5,4,0,63,60,0.0,1,0,2,0,0,2,0,1,0,0,0,0,0,0,0,0,0,5,7,36,60,149,1.4,7,1,1,0,0,1,1,1,0,0,0,0,0,0,0,0,0,5,8,0,53,229,0.0,0,0,1,0,0,2,0,1,0,0,0,0,0,0,0,0,0,6,6,0,35,42,0.0,1,0,1,0,0,2,0,1,0,0,0,0,0,0,0,0,0,6,7,39,32,344,-1.7,7,1,1,0,0,1,1,1,0,0,0,0,0,0,0,0,0,6,8,0,4,302,0.0,0,0,1,0,0,2,0,1,0,0,0,0,0,0,0,0,0,6,9,48,61,118,1.1,7,1,1,0,0,1,1,1,0,0,0,0,0,0,0,0,0,6,10,41,29,177,6.9,7,1,1,0,0,1,1,1,0,0,0,0,0,0,0,0,0
94647000,1,49,0,0,10,36,44,335,-0.2,7,1,1,1,0,1,1,0,0,0,1,0,0,0,1,0,1,0,12,32,33,102,-0.9,4,1,1,1,0,1,1,0,0,0,1,0,0,0,1,0,1,0,15,20,13,76,0.0,3,0,1,0,0,2,0,1,0,0,0,0,0,0,0,0,0,0,18,32,38,198,0.1,7,1,1,1,0,1,1,1,0,0,1,0,0,0,1,0,1,0,23,42,73,57,-0.6,7,1,1,1,0,1,1,1,0,0,1,0,0,0,1,0,1,0,24,20,32,37,0.0,3,0,1,0,0,1,1,1,0,0,0,0,0,0,0,0,0,0,25,42,36,143,-0.5,7,1,1,1,0,1,1,1,0,0,1,0,0,0,1,0,1,0,28,38,28,228,2.1,7,1,1,1,0,1,1,1,0,0,1,0,0,0,1,0,1,0,32,44,31,303,-0.2,7,1,1,1,0,1,1,0,0,0,1,0,0,0,1,0,1,1,127,0,21,258,0.0,0,0,0,0,0,2,0,1,0,0,0,0,0,0,0,0,0,1,128,41,46,238,0.0,7,0,0,0,0,2,1,1,0,0,0,0,0,0,0,0,0,1,129,42,53,229,0.0,7,0,1,0,0,2,1,1,0,0,0,0,0,0,0,0,0,1,137,40,60,149,0.0,7,0,0,0,0,2,1,1,0,0,0,0,0,0,0,0,0,2,4,0,1,265,0.0,0,0,1,0,0,2,0,1,0,0,0,0,0,0,0,0,0,2,7,30,12,61,0.0,5,0,1,0,0,2,0,1,0,0,0,0,0,0,0,0,0,2,10,0,5,324,0.0,0,0,1,0,0,2,0,1,0,0,0,0,0,0,0,0,0,2,12,32,25,313,1.2,7,1,1,0,0,1,1,1,0,0,0,0,0,0,0,0,0,2,19,35,41,304,1.1,7,1,1,0,0,1,1,1,0,0,0,0,0,0,0,0,0,2,21,41,26,150,0.5,7,1,1,0,0,1,1,1,0,0,0,0,0,0,0,0,0,2,23,0,1,193,0.0,0,0,1,0,0,2,0,1,0,0,0,0,0,0,0,0,0,2,26,39,33,178,0.5,7,1,1,0,0,1,1,1,0,0,0,0,0,0,0,0,0,2,27,22,27,90,10.5,4,1,1,0,0,1,1,1,0,0,0,0,0,0,0,0,0,2,29,39,47,15,0.4,7,1,1,0,0,1,1,0,0,0,0,0,0,0,0,0,0,2,30,0,4,47,0.0,0,0,1,0,0,2,0,1,0,0,0,0,0,0,0,0,0,2,33,39,59,248,0.7,7,1,1,0,0,1,1,1,0,0,0,0,0,0,0,0,0,3,6,37,69,223,-0.4,7,1,1,0,0,1,1,0,0,0,0,0,0,0,0,0,0,3,9,39,53,218,-0.5,7,1,1,0,0,1,1,1,0,0,0,0,0,0,0,0,0,3,10,0,10,201,0.0,0,0,1,0,0,2,0,1,0,0,0,0,0,0,0,0,0,3,13,38,61,358,0.2,7,1,1,0,0,1,1,0,0,0,0,0,0,0,0,0,0,3,16,42,77,227,0.1,7,1,1,0,0,1,1,0,0,0,0,0,0,0,0,0,0,3,23,46,67,114,0.3,7,1,1,0,0,1,1,0,0,0,0,0,0,0,0,0,0,3,27,0,19,215,0.0,0,0,1,0,0,1,1,0,0,0,0,0,0,0,0,0,0,3,32,37,42,339,0.2,7,1,1,0,0,1,1,0,0,0,0,0,0,0,0,0,0,3,38,43,71,66,1.2,7,1,1,0,0,1,1,0,0,0,0,0,0,0,0,0,0,3,39,43,83,270,1.7,7,1,1,0,0,1,1,0,0,0,0,0,0,0,0,0,0,5,2,39,26,135,1.8,7,1,1,0,0,1,1,1,0,0,0,0,0,0,0,0,0,5,3,42,37,165,1.3,7,1,1,0,0,1,1,1,0,0,0,0,0,0,0,0,0,5,4,0,63,60,0.0,1,0,2,0,0,2,0,1,0,0,0,0,0,0,0,0,0,5,7,36,60,149,2.9,7,1,1,0,0,1,1,1,0,0,0,0,0,0,0,0,0,5,8,0,53,229,0.0,0,0,1,0,0,2,0,1,0,0,0,0,0,0,0,0,0,6,6,0,35,42,0.0,1,0,1,0,0,2,0,1,0,0,0,0,0,0,0,0,0,6,7,37,32,344,-1.6,6,1,1,0,0,1,1,1,0,0,0,0,0,0,0,0,0,6,8,0,4,302,0.0,0,0,1,0,0,2,0,1,0,0,0,0,0,0,0,0,0,6,9,48,61,118,1.1,7,1,1,0,0,1,1,1,0,0,0,0,0,0,0,0,0,6,10,40,29,177,7.1,7,1,1,0,0,1,1,1,0,0,0,0,0,0,0,0,0
94648000,1,49,0,0,10,30,44,335,-0.1,7,1,1,1,0,1,1,0,0,0,1,0,0,0,1,0,1,0,12,37,33,102,0.9,5,1,1,1,0,1,1,0,0,0,1,0,0,0,1,0,1,0,15,18,13,76,0.0,3,0,1,0,0,2,0,1,0,0,0,0,0,0,0,0,0,0,18,39,38,198,0.1,7,1,1,1,0,1,1,1,0,0,1,0,0,0,1,0,1,0,23,42,73,57,-0.6,7,1,1,1,0,1,1,1,0,0,1,0,0,0,1,0,1,0,24,18,32,37,0.0,3,0,1,0,0,1,1,1,0,0,0,0,0,0,0,0,0,0,25,41,36,143,-0.5,7,1,1,1,0,1,1,1,0,0,1,0,0,0,1,0,1,0,28,38,28,228,2.8,7,1,1,1,0,1,1,1,0,0,1,0,0,0,1,0,1,0,32,41,31,303,-0.2,7,1,1,1,0,1,1,0,0,0,1,0,0,0,1,0,1,1,127,0,21,258,0.0,0,0,0,0,0,2,0,1,0,0,0,0,0,0,0,0,0,1,128,41,46,238,0.0,7,0,0,0,0,2,1,1,0,0,0,0,0,0,0,0,0,1,129,41,53,229,0.0,7,0,1,0,0,2,1,1,0,0,0,0,0,0,0,0,0,1,137,40,60,149,0.0,7,0,0,0,0,2,1,1,0,0,0,0,0,0,0,0,0,2,4,0,1,265,0.0,0,0,1,0,0,2,0,1,0,0,0,0,0,0,0,0,0,2,7,22,12,61,0.0,4,0,1,0,0,2,0,1,0,0,0,0,0,0,0,0,0,2,10,0,5,324,0.0,0,0,1,0,0,2,0,1,0,0,0,0,0,0,0,0,0,2,12,32,25,313,1.4,7,1,1,0,0,1,1,1,0,0,0,0,0,0,0,0,0,2,19,33,41,304,1.0,7,1,1,0,0,1,1,1,0,0,0,0,0,0,0,0,0,2,21,40,26,150,0.6,7,1,1,0,0,1,1,1,0,0,0,0,0,0,0,0,0,2,23,0,1,193,0.0,0,0,1,0,0,2,0,1,0,0,0,0,0,0,0,0,0,2,26,37,33,178,0.7,7,1,1,0,0,1,1,1,0,0,0,0,0,0,0,0,0,2,27,31,27,90,3.7,5,1,1,0,0,1,1,1,0,0,0,0,0,0,0,0,0,2,29,38,47,15,0.6,7,1,1,0,0,1,1,0,0,0,0,0,0,0,0,0,0,2,30,0,4,47,0.0,0,0,1,0,0,2,0,1,0,0,0,0,0,0,0,0,0,2,33,36,59,248,0.6,7,1,1,0,0,1,1,1,0,0,0,0,0,0,0,0,0,3,6,40,69,223,-0.5,7,1,1,0,0,1,1,0,0,0,0,0,0,0,0,0,0,3,9,40,53,218,-0.6,7,1,1,0,0,1,1,1,0,0,0,0,0,0,0,0,0,3,10,0,10,201,0.0,0,0,1,0,0,2,0,1,0,0,0,0,0,0,0,0,0,3,13,41,61,358,0.2,7,1,1,0,0,1,1,0,0,0,0,0,0,0,0,0,0,3,16,43,77,227,0.3,7,1,1,0,0,1,1,0,0,0,0,0,0,0,0,0,0,3,23,45,67,114,0.3,7,1,1,0,0,1,1,0,0,0,0,0,0,0,0,0,0,3,27,0,19,215,0.0,0,0,1,0,0,1,1,0,0,0,0,0,0,0,0,0,0,3,32,36,42,339,0.1,7,1,1,0,0,1,1,0,0,0,0,0,0,0,0,0,0,3,38,44,71,66,1.2,7,1,1,0,0,1,1,0,0,0,0,0,0,0,0,0,0,3,39,43,83,270,1.5,7,1,1,0,0,1,1,0,0,0,0,0,0,0,0,0,0,5,2,36,26,135,2.6,7,1,1,0,0,1,1,1,0,0,0,0,0,0,0,0,0,5,3,41,37,165,1.3,7,1,1,0,0,1,1,1,0,0,0,0,0,0,0,0,0,5,4,0,63,60,0.0,1,0,2,0,0,2,0,1,0,0,0,0,0,0,0,0,0,5,7,36,60,149,1.8,7,1,1,0,0,1,1,1,0,0,0,0,0,0,0,0,0,5,8,0,53,229,0.0,0,0,1,0,0,2,0,1,0,0,0,0,0,0,0,0,0,6,6,0,35,42,0.0,0,0,1,0,0,2,0,1,0,0,0,0,0,0,0,0,0,6,7,37,32,344,-1.8,6,1,1,0,0,1,1,1,0,0,0,0,0,0,0,0,0,6,8,0,4,302,0.0,0,0,1,0,0,2,0,1,0,0,0,0,0,0,0,0,0,6,9,48,61,118,1.1,7,1,1,0,0,1,1,1,0,0,0,0,0,0,0,0,0,6,10,37,29,177,7.1,7,1,1,0,0,1,1,1,0,0,0,0,0,0,0,0,0
94649000,1,49,0,0,10,31,44,335,0.0,7,1,1,1,0,1,1,0,0,0,1,0,0,0,1,0,1,0,12,38,33,102,0.3,5,1,1,1,0,1,1,0,0,0,1,0,0,0,1,0,1,0,15,0,13,76,0.0,1,0,1,0,0,2,0,1,0,0,0,0,0,0,0,0,0,0,18,40,38,198,0.1,7,1,1,1,0,1,1,1,0,0,1,0,0,0,1,0,1,0,23,41,73,57,-0.6,7,1,1,1,0,1,1,1,0,0,1,0,0,0,1,0,1,0,24,0,32,37,0.0,1,0,1,0,0,1,1,1,0,0,0,0,0,0,0,0,0,0,25,39,36,143,-0.5,7,1,1,1,0,1,1,1,0,0,1,0,0,0,1,0,1,0,28,35,28,228,2.1,7,1,1,1,0,1,1,1,0,0,1,0,0,0,1,0,1,0,32,40,31,303,-0.3,7,1,1,1,0,1,1,0,0,0,1,0,0,0,1,0,1,1,127,0,21,258,0.0,0,0,0,0,0,2,0,1,0,0,0,0,0,0,0,0,0,1,128,41,46,238,0.0,7,0,0,0,0,2,1,1,0,0,0,0,0,0,0,0,0,1,129,43,53,229,0.0,7,0,1,0,0,2,1,1,0,0,0,0,0,0,0,0,0,1,137,40,60,149,0.0,7,0,0,0,0,2,1,1,0,0,0,0,0,0,0,0,0,2,4,0,1,266,0.0,0,0,1,0,0,2,0,1,0,0,0,0,0,0,0,0,0,2,7,22,12,61,0.0,4,0,1,0,0,2,0,1,0,0,0,0,0,0,0,0,0,2,10,0,5,324,0.0,0,0,1,0,0,2,0,1,0,0,0,0,0,0,0,0,0,2,12,32,25,313,1.3,7,1,1,0,0,1,1,1,0,0,0,0,0,0,0,0,0,2,19,34,41,304,1.1,7,1,1,0,0,1,1,1,0,0,0,0,0,0,0,0,0,2,21,40,26,150,0.4,7,1,1,0,0,1,1,1,0,0,0,0,0,0,0,0,0,2,23,0,1,193,0.0,0,0,1,0,0,2,0,1,0,0,0,0,0,0,0,0,0,2,26,39,33,178,0.3,7,1,1,0,0,1,1,1,0,0,0,0,0,0,0,0,0,2,27,32,27,90,0.3,7,1,1,0,0,1,1,1,0,0,0,0,0,0,0,0,0,2,29,36,47,15,0.5,7,1,1,0,0,1,1,0,0,0,0,0,0,0,0,0,0,2,30,0,4,47,0.0,0,0,1,0,0,2,0,1,0,0,0,0,0,0,0,0,0,2,33,37,59,248,0.5,7,1,1,0,0,1,1,1,0,0,0,0,0,0,0,0,0,3,6,40,69,223,-0.5,7,1,1,0,0,1,1,0,0,0,0,0,0,0,0,0,0,3,9,40,53,218,-0.7,7,1,1,0,0,1,1,1,0,0,0,0,0,0,0,0,0,3,10,0,10,201,0.0,0,0,1,0,0,2,0,1,0,0,0,0,0,0,0,0,0,3,13,40,61,358,0.3,7,1,1,0,0,1,1,0,0,0,0,0,0,0,0,0,0,3,16,44,77,227,0.0,7,1,1,0,0,1,1,0,0,0,0,0,0,0,0,0,0,3,23,46,67,114,0.3,7,1,1,0,0,1,1,0,0,0,0,0,0,0,0,0,0,3,27,0,19,215,0.0,0,0,1,0,0,1,1,0,0,0,0,0,0,0,0,0,0,3,32,38,42,339,0.2,7,1,1,0,0,1,1,0,0,0,0,0,0,0,0,0,0,3,38,44,71,66,1.1,7,1,1,0,0,1,1,0,0,0,0,0,0,0,0,0,0,3,39,43,83,270,1.5,7,1,1,0,0,1,1,0,0,0,0,0,0,0,0,0,0,5,2,36,26,135,1.9,7,1,1,0,0,1,1,1,0,0,0,0,0,0,0,0,0,5,3,41,37,165,1.2,7,1,1,0,0,1,1,1,0,0,0,0,0,0,0,0,0,5,4,0,63,60,0.0,1,0,2,0,0,2,0,1,0,0,0,0,0,0,0,0,0,5,7,36,60,149,2.3,7,1,1,0,0,1,1,1,0,0,0,0,0,0,0,0,0,5,8,0,53,229,0.0,0,0,1,0,0,2,0,1,0,0,0,0,0,0,0,0,0,6,6,0,35,42,0.0,1,0,1,0,0,2,0,1,0,0,0,0,0,0,0,0,0,6,7,35,32,344,-2.0,7,1,1,0,0,1,1,1,0,0,0,0,0,0,0,0,0,6,8,0,4,302,0.0,0,0,1,0,0,2,0,1,0,0,0,0,0,0,0,0,0,6,9,47,61,118,1.0,7,1,1,0,0,1,1,1,0,0,0,0,0,0,0,0,0,6,10,38,29,177,7.0,7,1,1,0,0,1,1,1,0,0,0,0,0,0,0,0,0
94650000,1,49,0,0,10,32,44,335,0.2,7,1,1,1,0,1,1,0,0,0,1,0,0,0,1,0,1,0,12,33,33,102,1.0,5,1,1,1,0,1,1,0,0,0,1,0,0,0,1,0,1,0,15,20,13,76,0.0,3,0,1,0,0,2,0,1,0,0,0,0,0,0,0,0,0,0,18,34,38,198,0.0,7,1,1,1,0,1,1,1,0,0,1,0,0,0,1,0,1,0,23,37,73,57,-0.6,7,1,1,1,0,1,1,1,0,0,1,0,0,0,1,0,1,0,24,17,32,37,0.0,3,0,1,0,0,1,1,1,0,0,0,0,0,0,0,0,0,0,25,35,36,143,-0.7,7,1,1,1,0,1,1,1,0,0,1,0,0,0,1,0,1,0,28,35,28,228,1.9,7,1,1,1,0,1,1,1,0,0,1,0,0,0,1,0,1,0,32,39,31,303,-0.4,7,1,1,1,0,1,1,0,0,0,1,0,0,0,1,0,1,1,127,0,21,258,0.0,0,0,0,0,0,2,0,1,0,0,0,0,0,0,0,0,0,1,128,36,46,238,0.0,7,0,0,0,0,2,1,1,0,0,0,0,0,0,0,0,0,1,129,37,53,229,0.0,7,0,1,0,0,2,1,1,0,0,0,0,0,0,0,0,0,1,137,38,60,149,0.0,7,0,0,0,0,2,1,1,0,0,0,0,0,0,0,0,0,2,4,0,1,266,0.0,0,0,1,0,0,2,0,1,0,0,0,0,0,0,0,0,0,2,7,23,12,61,0.0,4,0,1,0,0,2,0,1,0,0,0,0,0,0,0,0,0,2,10,0,5,324,0.0,0,0,1,0,0,2,0,1,0,0,0,0,0,0,0,0,0,2,12,28,25,313,1.1,7,1,1,0,0,1,1,1,0,0,0,0,0,0,0,0,0,2,19,31,41,304,0.9,7,1,1,0,0,1,1,1,0,0,0,0,0,0,0,0,0,2,21,35,26,150,0.1,7,1,1,0,0,1,1,1,0,0,0,0,0,0,0,0,0,2,23,0,1,193,0.0,0,0,1,0,0,2,0,1,0,0,0,0,0,0,0,0,0,2,26,35,33,178,0.2,7,1,1,0,0,1,1,1,0,0,0,0,0,0,0,0,0,2,27,32,27,90,2.7,7,1,1,0,0,1,1,1,0,0,0,0,0,0,0,0,0,2,29,38,47,15,0.6,7,1,1,0,0,1,1,0,0,0,0,0,0,0,0,0,0,2,30,0,4,47,0.0,0,0,1,0,0,2,0,1,0,0,0,0,0,0,0,0,0,2,33,36,59,248,0.4,7,1,1,0,0,1,1,1,0,0,0,0,0,0,0,0,0,3,6,40,69,223,-0.4,7,1,1,0,0,1,1,0,0,0,0,0,0,0,0,0,0,3,9,40,53,218,-0.8,7,1,1,0,0,1,1,1,0,0,0,0,0,0,0,0,0,3,10,0,10,201,0.0,0,0,1,0,0,2,0,1,0,0,0,0,0,0,0,0,0,3,13,37,61,358,0.1,7,1,1,0,0,1,1,0,0,0,0,0,0,0,0,0,0,3,16,41,77,227,-0.1,7,1,1,0,0,1,1,0,0,0,0,0,0,0,0,0,0,3,23,44,67,114,0.1,7,1,1,0,0,1,1,0,0,0,0,0,0,0,0,0,0,3,27,0,19,215,0.0,0,0,1,0,0,1,1,0,0,0,0,0,0,0,0,0,0,3,32,37,42,339,0.2,7,1,1,0,0,1,1,0,0,0,0,0,0,0,0,0,0,3,38,43,71,66,1.0,7,1,1,0,0,1,1,0,0,0,0,0,0,0,0,0,0,3,39,41,83,270,1.6,7,1,1,0,0,1,1,0,0,0,0,0,0,0,0,0,0,5,2,31,26,135,1.8,7,1,1,0,0,1,1,1,0,0,0,0,0,0,0,0,0,5,3,37,37,165,1.1,7,1,1,0,0,1,1,1,0,0,0,0,0,0,0,0,0,5,4,0,63,60,0.0,1,0,2,0,0,2,0,1,0,0,0,0,0,0,0,0,0,5,7,34,60,149,1.4,7,1,1,0,0,1,1,1,0,0,0,0,0,0,0,0,0,5,8,0,53,229,0.0,0,0,1,0,0,2,0,1,0,0,0,0,0,0,0,0,0,6,6,0,35,42,0.0,1,0,1,0,0,2,0,1,0,0,0,0,0,0,0,0,0,6,7,35,32,344,-2.1,7,1,1,0,0,1,1,1,0,0,0,0,0,0,0,0,0,6,8,0,4,302,0.0,0,0,1,0,0,2,0,1,0,0,0,0,0,0,0,0,0,6,9,44,61,118,0.9,7,1,1,0,0,1,1,1,0,0,0,0,0,0,0,0,0,6,10,38,29,177,6.9,7,1,1,0,0,1,1,1,0,0,0,0,0,0,0,0,0
94651000,1,49,0,0,10,31,44,335,0.3,7,1,1,1,0,1,1,0,0,0,1,0,0,0,1,0,1,0,12,33,33,102,0.2,5,1,1,1,0,1,1,0,0,0,1,0,0,0,1,0,1,0,15,21,13,76,0.0,3,0,1,0,0,2,0,1,0,0,0,0,0,0,0,0,0,0,18,37,38,198,-0.1,7,1,1,1,0,1,1,1,0,0,1,0,0,0,1,0,1,0,23,37,73,57,-0.7,7,1,1,1,0,1,1,1,0,0,1,0,0,0,1,0,1,0,24,17,32,37,0.0,3,0,1,0,0,1,1,1,0,0,0,0,0,0,0,0,0,0,25,34,36,143,-0.8,7,1,1,1,0,1,1,1,0,0,1,0,0,0,1,0,1,0,28,32,28,228,1.7,7,1,1,1,0,1,1,1,0,0,1,0,0,0,1,0,1,0,32,36,31,303,-0.5,7,1,1,1,0,1,1,0,0,0,1,0,0,0,1,0,1,1,127,0,21,258,0.0,0,0,0,0,0,2,0,1,0,0,0,0,0,0,0,0,0,1,128,37,46,238,0.0,7,0,0,0,0,2,1,1,0,0,0,0,0,0,0,0,0,1,129,38,53,229,0.0,7,0,1,0,0,2,1,1,0,0,0,0,0,0,0,0,0,1,137,37,60,149,0.0,7,0,0,0,0,2,1,1,0,0,0,0,0,0,0,0,0,2,4,0,1,266,0.0,0,0,1,0,0,2,0,1,0,0,0,0,0,0,0,0,0,2,7,21,12,61,0.0,4,0,1,0,0,2,0,1,0,0,0,0,0,0,0,0,0,2,10,0,5,324,0.0,0,0,1,0,0,2,0,1,0,0,0,0,0,0,0,0,0,2,12,28,25,313,1.1,5,1,1,0,0,1,1,1,0,0,0,0,0,0,0,0,0,2,19,33,41,304,0.7,7,1,1,0,0,1,1,1,0,0,0,0,0,0,0,0,0,2,21,36,26,150,0.1,7,1,1,0,0,1,1,1,0,0,0,0,0,0,0,0,0,2,23,0,1,193,0.0,0,0,1,0,0,2,0,1,0,0,0,0,0,0,0,0,0,2,26,36,33,178,0.0,7,1,1,0,0,1,1,1,0,0,0,0,0,0,0,0,0,2,27,32,27,90,2.5,7,1,1,0,0,1,1,1,0,0,0,0,0,0,0,0,0,2,29,36,47,15,0.4,7,1,1,0,0,1,1,0,0,0,0,0,0,0,0,0,0,2,30,0,4,47,0.0,0,0,1,0,0,2,0,1,0,0,0,0,0,0,0,0,0,2,33,39,59,248,0.6,7,1,1,0,0,1,1,1,0,0,0,0,0,0,0,0,0,3,6,37,69,223,-0.5,7,1,1,0,0,1,1,0,0,0,0,0,0,0,0,0,0,3,9,40,53,218,-0.8,7,1,1,0,0,1,1,1,0,0,0,0,0,0,0,0,0,3,10,0,10,201,0.0,0,0,1,0,0,2,0,1,0,0,0,0,0,0,0,0,0,3,13,38,61,358,-0.1,7,1,1,0,0,1,1,0,0,0,0,0,0,0,0,0,0,3,16,40,77,227,-0.1,7,1,1,0,0,1,1,0,0,0,0,0,0,0,0,0,0,3,23,45,67,114,0.1,7,1,1,0,0,1,1,0,0,0,0,0,0,0,0,0,0,3,27,0,19,215,0.0,0,0,1,0,0,1,1,0,0,0,0,0,0,0,0,0,0,3,32,37,42,339,0.0,7,1,1,0,0,1,1,0,0,0,0,0,0,0,0,0,0,3,38,42,71,66,1.0,7,1,1,0,0,1,1,0,0,0,0,0,0,0,0,0,0,3,39,41,83,270,1.5,7,1,1,0,0,1,1,0,0,0,0,0,0,0,0,0,0,5,2,34,26,135,1.6,7,1,1,0,0,1,1,1,0,0,0,0,0,0,0,0,0,5,3,32,37,165,1.2,7,1,1,0,0,1,1,1,0,0,0,0,0,0,0,0,0,5,4,0,63,60,0.0,1,0,2,0,0,2,0,1,0,0,0,0,0,0,0,0,0,5,7,35,60,149,1.3,7,1,1,0,0,1,1,1,0,0,0,0,0,0,0,0,0,5,8,0,53,229,0.0,0,0,1,0,0,2,0,1,0,0,0,0,0,0,0,0,0,6,6,0,35,42,0.0,1,0,1,0,0,2,0,1,0,0,0,0,0,0,0,0,0,6,7,35,32,344,-2.2,7,1,1,0,0,1,1,1,0,0,0,0,0,0,0,0,0,6,8,0,4,302,0.0,0,0,1,0,0,2,0,1,0,0,0,0,0,0,0,0,0,6,9,48,61,118,0.8,7,1,1,0,0,1,1,1,0,0,0,0,0,0,0,0,0,6,10,38,29,177,6.9,7,1,1,0,0,1,1,1,0,0,0,0,0,0,0,0,0
94652000,1,49,0,0,10,34,44,335,-0.8,5,1,1,1,0,1,1,0,0,0,1,0,0,0,1,0,1,0,12,34,33,102,-1.4,6,1,1,1,0,1,1,0,0,0,1,0,0,0,1,0,1,0,15,20,13,76,0.0,3,0,1,0,0,2,0,1,0,0,0,0,0,0,0,0,0,0,18,32,38,198,-0.1,7,1,1,1,0,1,1,1,0,0,1,0,0,0,1,0,1,0,23,37,73,57,-0.7,7,1,1,1,0,1,1,1,0,0,1,0,0,0,1,0,1,0,24,14,32,37,0.0,3,0,1,0,0,1,1,1,0,0,0,0,0,0,0,0,0,0,25,31,36,143,-0.9,7,1,1,1,0,1,1,1,0,0,1,0,0,0,1,0,1,0,28,36,28,228,1.4,7,1,1,1,0,1,1,1,0,0,1,0,0,0,1,0,1,0,32,36,31,303,-0.6,7,1,1,1,0,1,1,0,0,0,1,0,0,0,1,0,1,1,127,0,21,258,0.0,0,0,0,0,0,2,0,1,0,0,0,0,0,0,0,0,0,1,128,35,46,238,0.0,7,0,0,0,0,2,1,1,0,0,0,0,0,0,0,0,0,1,129,36,53,229,0.0,7,0,1,0,0,2,1,1,0,0,0,0,0,0,0,0,0,1,137,35,60,149,0.0,7,0,0,0,0,2,1,1,0,0,0,0,0,0,0,0,0,2,4,0,1,266,0.0,0,0,1,0,0,2,0,1,0,0,0,0,0,0,0,0,0,2,7,19,12,61,0.0,4,0,1,0,0,2,0,1,0,0,0,0,0,0,0,0,0,2,10,0,5,324,0.0,0,0,1,0,0,2,0,1,0,0,0,0,0,0,0,0,0,2,12,27,25,313,0.6,7,1,1,0,0,1,1,1,0,0,0,0,0,0,0,0,0,2,19,29,41,304,0.9,7,1,1,0,0,1,1,1,0,0,0,0,0,0,0,0,0,2,21,33,26,150,0.1,7,1,1,0,0,1,1,1,0,0,0,0,0,0,0,0,0,2,23,0,1,193,0.0,0,0,1,0,0,2,0,1,0,0,0,0,0,0,0,0,0,2,26,34,33,178,0.1,7,1,1,0,0,1,1,1,0,0,0,0,0,0,0,0,0,2,27,27,27,90,-1.7,7,1,1,0,0,1,1,1,0,0,0,0,0,0,0,0,0,2,29,35,47,15,0.1,7,1,1,0,0,1,1,0,0,0,0,0,0,0,0,0,0,2,30,0,4,47,0.0,0,0,1,0,0,2,0,1,0,0,0,0,0,0,0,0,0,2,33,36,59,248,0.5,7,1,1,0,0,1,1,1,0,0,0,0,0,0,0,0,0,3,6,40,69,223,-0.6,7,1,1,0,0,1,1,0,0,0,0,0,0,0,0,0,0,3,9,35,53,218,-0.9,7,1,1,0,0,1,1,1,0,0,0,0,0,0,0,0,0,3,10,0,10,201,0.0,0,0,1,0,0,2,0,1,0,0,0,0,0,0,0,0,0,3,13,38,61,358,-0.3,7,1,1,0,0,1,1,0,0,0,0,0,0,0,0,0,0,3,16,38,77,227,-0.2,7,1,1,0,0,1,1,0,0,0,0,0,0,0,0,0,0,3,23,45,67,114,-0.2,7,1,1,0,0,1,1,0,0,0,0,0,0,0,0,0,0,3,27,0,19,215,0.0,0,0,1,0,0,1,1,0,0,0,0,0,0,0,0,0,0,3,32,33,42,339,-0.2,7,1,1,0,0,1,1,0,0,0,0,0,0,0,0,0,0,3,38,40,71,66,0.8,7,1,1,0,0,1,1,0,0,0,0,0,0,0,0,0,0,3,39,40,83,270,1.3,7,1,1,0,0,1,1,0,0,0,0,0,0,0,0,0,0,5,2,25,26,135,0.7,5,1,1,0,0,1,1,1,0,0,0,0,0,0,0,0,0,5,3,36,37,165,1.2,7,1,1,0,0,1,1,1,0,0,0,0,0,0,0,0,0,5,4,15,63,60,0.0,3,0,2,0,0,2,0,1,0,0,0,0,0,0,0,0,0,5,7,29,60,149,1.2,7,1,1,0,0,1,1,1,0,0,0,0,0,0,0,0,0,5,8,0,53,229,0.0,0,0,1,0,0,2,0,1,0,0,0,0,0,0,0,0,0,6,6,0,35,42,0.0,1,0,1,0,0,2,0,1,0,0,0,0,0,0,0,0,0,6,7,39,32,344,-2.4,7,1,1,0,0,1,1,1,0,0,0,0,0,0,0,0,0,6,8,0,4,302,0.0,0,0,1,0,0,2,0,1,0,0,0,0,0,0,0,0,0,6,9,47,61,118,0.7,7,1,1,0,0,1,1,1,0,0,0,0,0,0,0,0,0,6,10,38,29,177,6.8,7,1,1,0,0,1,1,1,0,0,0,0,0,0,0,0,0
94653000,1,49,0,0,10,35,44,335,-0.8,5,1,1,1,0,1,1,0,0,0,1,0,0,0,1,0,1,0,12,36,33,102,-1.2,5,1,1,1,0,1,1,0,0,0,1,0,0,0,1,0,1,0,15,20,13,76,0.0,4,0,1,0,0,2,0,1,0,0,0,0,0,0,0,0,0,0,18,37,38,198,-0.7,5,1,1,1,0,1,1,1,0,0,1,0,0,0,1,0,1,0,23,36,73,57,-1.2,5,1,1,1,0,1,1,1,0,0,1,0,0,0,1,0,1,0,24,12,32,37,0.0,3,0,1,0,0,1,1,1,0,0,0,0,0,0,0,0,0,0,25,31,36,143,-0.8,5,1,1,1,0,1,1,1,0,0,1,0,0,0,1,0,1,0,28,37,28,228,0.7,5,1,1,1,0,1,1,1,0,0,1,0,0,0,1,0,1,0,32,38,31,303,-1.2,5,1,1,1,0,1,1,0,0,0,1,0,0,0,1,0,1,1,127,0,21,258,0.0,0,0,0,0,0,2,0,1,0,0,0,0,0,0,0,0,0,1,128,37,46,238,0.0,5,0,0,0,0,2,1,1,0,0,0,0,0,0,0,0,0,1,129,38,53,229,0.0,5,0,1,0,0,2,1,1,0,0,0,0,0,0,0,0,0,1,137,38,60,149,0.0,5,0,0,0,0,2,1,1,0,0,0,0,0,0,0,0,0,2,4,0,1,266,0.0,0,0,1,0,0,2,0,1,0,0,0,0,0,0,0,0,0,2,7,18,12,61,0.0,4,0,1,0,0,2,0,1,0,0,0,0,0,0,0,0,0,2,10,0,5,324,0.0,0,0,1,0,0,2,0,1,0,0,0,0,0,0,0,0,0,2,12,27,25,313,0.0,4,1,1,0,0,1,1,1,0,0,0,0,0,0,0,0,0,2,19,33,41,304,0.3,5,1,1,0,0,1,1,1,0,0,0,0,0,0,0,0,0,2,21,29,26,150,5.5,5,1,1,0,0,1,1,1,0,0,0,0,0,0,0,0,0,2,23,0,1,193,0.0,0,0,1,0,0,2,0,1,0,0,0,0,0,0,0,0,0,2,26,36,33,178,-0.3,5,1,1,0,0,1,1,1,0,0,0,0,0,0,0,0,0,2,27,25,27,90,-6.4,4,1,1,0,0,1,1,1,0,0,0,0,0,0,0,0,0,2,29,34,47,15,-0.6,5,1,1,0,0,1,1,0,0,0,0,0,0,0,0,0,0,2,30,0,4,47,0.0,0,0,1,0,0,2,0,1,0,0,0,0,0,0,0,0,0,2,33,39,59,248,-0.1,5,1,1,0,0,1,1,1,0,0,0,0,0,0,0,0,0,3,6,39,69,223,-1.1,5,1,1,0,0,1,1,0,0,0,0,0,0,0,0,0,0,3,9,35,53,218,-1.5,5,1,1,0,0,1,1,1,0,0,0,0,0,0,0,0,0,3,10,0,10,201,0.0,0,0,1,0,0,2,0,1,0,0,0,0,0,0,0,0,0,3,13,38,61,358,-0.7,5,1,1,0,0,1,1,0,0,0,0,0,0,0,0,0,0,3,16,42,77,227,-0.7,5,1,1,0,0,1,1,0,0,0,0,0,0,0,0,0,0,3,23,45,67,114,-0.8,5,1,1,0,0,1,1,0,0,0,0,0,0,0,0,0,0,3,27,0,19,215,0.0,0,0,1,0,0,1,1,0,0,0,0,0,0,0,0,0,0,3,32,36,42,339,-0.2,5,1,1,0,0,1,1,0,0,0,0,0,0,0,0,0,0,3,38,42,71,66,0.1,5,1,1,0,0,1,1,0,0,0,0,0,0,0,0,0,0,3,39,44,83,270,0.8,5,1,1,0,0,1,1,0,0,0,0,0,0,0,0,0,0,5,2,30,26,135,-0.9,5,1,1,0,0,1,1,1,0,0,0,0,0,0,0,0,0,5,3,40,37,165,0.9,5,1,1,0,0,1,1,1,0,0,0,0,0,0,0,0,0,5,4,0,63,60,0.0,1,0,2,0,0,2,0,1,0,0,0,0,0,0,0,0,0,5,7,34,60,149,0.4,5,1,1,0,0,1,1,1,0,0,0,0,0,0,0,0,0,5,8,0,53,229,0.0,0,0,1,0,0,2,0,1,0,0,0,0,0,0,0,0,0,6,6,0,35,42,0.0,1,0,1,0,0,2,0,1,0,0,0,0,0,0,0,0,0,6,7,39,32,344,-3.0,5,1,1,0,0,1,1,1,0,0,0,0,0,0,0,0,0,6,8,0,4,302,0.0,0,0,1,0,0,2,0,1,0,0,0,0,0,0,0,0,0,6,9,47,61,118,0.0,5,1,1,0,0,1,1,1,0,0,0,0,0,0,0,0,0,6,10,40,29,177,6.2,5,1,1,0,0,1,1,1,0,0,0,0,0,0,0,0,0
94654000,1,49,0,0,10,40,44,335,1.2,6,1,1,1,0,1,1,0,0,0,1,0,0,0,1,0,1,0,12,42,33,102,-1.3,6,1,1,1,0,1,1,0,0,0,1,0,0,0,1,0,1,0,15,19,13,76,0.0,3,0,1,0,0,2,0,1,0,0,0,0,0,0,0,0,0,0,18,41,38,198,-0.6,6,1,1,1,0,1,1,1,0,0,1,0,0,0,1,0,1,0,23,43,73,57,-1.1,6,1,1,1,0,1,1,1,0,0,1,0,0,0,1,0,1,0,24,0,32,37,0.0,1,0,1,0,0,1,1,1,0,0,0,0,0,0,0,0,0,0,25,41,36,143,-0.3,6,1,1,1,0,1,1,1,0,0,1,0,0,0,1,0,1,0,28,40,28,228,0.9,5,1,1,1,0,1,1,1,0,0,1,0,0,0,1,0,1,0,32,39,31,303,-1.2,6,1,1,1,0,1,1,0,0,0,1,0,0,0,1,0,1,1,127,0,21,258,0.0,0,0,0,0,0,2,0,1,0,0,0,0,0,0,0,0,0,1,128,42,46,238,0.0,6,0,0,0,0,2,1,1,0,0,0,0,0,0,0,0,0,1,129,40,53,229,0.0,6,0,1,0,0,2,1,1,0,0,0,0,0,0,0,0,0,1,137,41,60,149,0.0,6,0,0,0,0,2,1,1,0,0,0,0,0,0,0,0,0,2,4,0,1,266,0.0,0,0,1,0,0,2,0,1,0,0,0,0,0,0,0,0,0,2,7,17,12,61,0.0,3,0,1,0,0,2,0,1,0,0,0,0,0,0,0,0,0,2,10,0,5,324,0.0,0,0,1,0,0,2,0,1,0,0,0,0,0,0,0,0,0,2,12,32,25,313,2.9,7,1,1,0,0,1,1,1,0,0,0,0,0,0,0,0,0,2,19,36,41,304,0.5,7,1,1,0,0,1,1,1,0,0,0,0,0,0,0,0,0,2,21,33,26,150,2.7,7,1,1,0,0,1,1,1,0,0,0,0,0,0,0,0,0,2,23,0,1,193,0.0,0,0,1,0,0,2,0,1,0,0,0,0,0,0,0,0,0,2,26,36,33,178,0.0,7,1,1,0,0,1,1,1,0,0,0,0,0,0,0,0,0,2,27,31,27,90,-1.3,5,1,1,0,0,1,1,1,0,0,0,0,0,0,0,0,0,2,29,38,47,15,-0.4,7,1,1,0,0,1,1,0,0,0,0,0,0,0,0,0,0,2,30,0,4,47,0.0,0,0,1,0,0,2,0,1,0,0,0,0,0,0,0,0,0,2,33,40,59,248,0.1,7,1,1,0,0,1,1,1,0,0,0,0,0,0,0,0,0,3,6,45,69,223,-1.2,6,1,1,0,0,1,1,0,0,0,0,0,0,0,0,0,0,3,9,40,53,218,-1.4,6,1,1,0,0,1,1,1,0,0,0,0,0,0,0,0,0,3,10,0,10,201,0.0,0,0,1,0,0,2,0,1,0,0,0,0,0,0,0,0,0,3,13,42,61,358,-0.6,6,1,1,0,0,1,1,0,0,0,0,0,0,0,0,0,0,3,16,45,77,227,-0.8,6,1,1,0,0,1,1,0,0,0,0,0,0,0,0,0,0,3,23,47,67,114,-0.7,6,1,1,0,0,1,1,0,0,0,0,0,0,0,0,0,0,3,27,0,19,215,0.0,0,0,1,0,0,1,1,0,0,0,0,0,0,0,0,0,0,3,32,40,42,339,-0.1,6,1,1,0,0,1,1,0,0,0,0,0,0,0,0,0,0,3,38,44,71,66,0.2,6,1,1,0,0,1,1,0,0,0,0,0,0,0,0,0,0,3,39,46,83,270,0.8,6,1,1,0,0,1,1,0,0,0,0,0,0,0,0,0,0,5,2,30,26,135,-0.8,6,1,1,0,0,1,1,1,0,0,0,0,0,0,0,0,0,5,3,41,37,165,0.9,6,1,1,0,0,1,1,1,0,0,0,0,0,0,0,0,0,5,4,0,63,60,0.0,1,0,2,0,0,2,0,1,0,0,0,0,0,0,0,0,0,5,7,37,60,149,0.4,6,1,1,0,0,1,1,1,0,0,0,0,0,0,0,0,0,5,8,0,53,229,0.0,0,0,1,0,0,2,0,1,0,0,0,0,0,0,0,0,0,6,6,0,35,42,0.0,1,0,1,0,0,2,0,1,0,0,0,0,0,0,0,0,0,6,7,33,32,344,-3.1,6,1,1,0,0,1,1,1,0,0,0,0,0,0,0,0,0,6,8,0,4,302,0.0,0,0,1,0,0,2,0,1,0,0,0,0,0,0,0,0,0,6,9,49,61,118,0.0,6,1,1,0,0,1,1,1,0,0,0,0,0,0,0,0,0,6,10,38,29,177,6.3,6,1,1,0,0,1,1,1,0,0,0,0,0,0,0,0,0
94655000,1,49,0,0,10,39,44,335,-0.6,4,1,1,1,0,1,1,0,0,0,1,0,0,0,1,0,1,0,12,40,33,102,-2.4,4,0,1,0,0,1,1,0,0,0,0,0,0,0,0,0,0,0,15,18,13,76,0.0,3,0,1,0,0,2,0,1,0,0,0,0,0,0,0,0,0,0,18,40,38,198,-1.3,5,1,1,1,0,1,1,1,0,0,1,0,0,0,1,0,1,0,23,39,73,57,-1.7,5,1,1,1,0,1,1,1,0,0,1,0,0,0,1,0,1,0,24,17,32,37,0.0,3,0,1,0,0,1,1,1,0,0,0,0,0,0,0,0,0,0,25,35,36,143,-2.1,5,1,1,1,0,1,1,1,0,0,1,0,0,0,1,0,1,0,28,41,28,228,0.6,5,1,1,1,0,1,1,1,0,0,1,0,0,0,1,0,1,0,32,41,31,303,-1.4,5,1,1,1,0,1,1,0,0,0,1,0,0,0,1,0,1,1,127,0,21,258,0.0,0,0,0,0,0,2,0,1,0,0,0,0,0,0,0,0,0,1,128,39,46,238,0.0,5,0,0,0,0,2,1,1,0,0,0,0,0,0,0,0,0,1,129,39,53,229,0.0,5,0,1,0,0,2,1,1,0,0,0,0,0,0,0,0,0,1,137,40,60,149,0.0,4,0,0,0,0,2,1,1,0,0,0,0,0,0,0,0,0,2,4,0,1,266,0.0,0,0,1,0,0,2,0,1,0,0,0,0,0,0,0,0,0,2,7,15,12,61,0.0,3,0,1,0,0,2,0,1,0,0,0,0,0,0,0,0,0,2,10,0,6,324,0.0,0,0,1,0,0,2,0,1,0,0,0,0,0,0,0,0,0,2,12,30,25,313,1.8,4,1,1,0,0,1,1,1,0,0,0,0,0,0,0,0,0,2,19,36,41,304,-0.3,4,1,1,0,0,1,1,1,0,0,0,0,0,0,0,0,0,2,21,33,26,150,1.0,4,1,1,0,0,1,1,1,0,0,0,0,0,0,0,0,0,2,23,0,1,193,0.0,0,0,1,0,0,2,0,1,0,0,0,0,0,0,0,0,0,2,26,39,33,178,-0.7,5,1,1,0,0,1,1,1,0,0,0,0,0,0,0,0,0,2,27,29,27,90,-4.1,4,1,1,0,0,1,1,1,0,0,0,0,0,0,0,0,0,2,29,35,47,15,-0.6,5,1,1,0,0,1,1,0,0,0,0,0,0,0,0,0,0,2,30,0,4,47,0.0,0,0,1,0,0,2,0,1,0,0,0,0,0,0,0,0,0,2,33,40,59,248,-0.6,5,1,1,0,0,1,1,1,0,0,0,0,0,0,0,0,0,3,6,42,69,223,-1.7,5,1,1,0,0,1,1,0,0,0,0,0,0,0,0,0,0,3,9,39,53,218,-2.0,5,1,1,0,0,1,1,1,0,0,0,0,0,0,0,0,0,3,10,0,10,201,0.0,0,0,1,0,0,2,0,1,0,0,0,0,0,0,0,0,0,3,13,39,61,358,-1.2,5,1,1,0,0,1,1,0,0,0,0,0,0,0,0,0,0,3,16,41,77,227,-1.6,5,1,1,0,0,1,1,0,0,0,0,0,0,0,0,0,0,3,23,46,67,114,-1.2,5,1,1,0,0,1,1,0,0,0,0,0,0,0,0,0,0,3,27,0,19,215,0.0,0,0,1,0,0,1,1,0,0,0,0,0,0,0,0,0,0,3,32,33,42,339,-1.1,4,1,1,0,0,1,1,0,0,0,0,0,0,0,0,0,0,3,38,44,71,66,-0.5,5,1,1,0,0,1,1,0,0,0,0,0,0,0,0,0,0,3,39,42,83,270,0.4,5,1,1,0,0,1,1,0,0,0,0,0,0,0,0,0,0,5,2,29,26,135,-3.3,4,1,1,0,0,1,1,1,0,0,0,0,0,0,0,0,0,5,3,40,37,165,0.4,5,1,1,0,0,1,1,1,0,0,0,0,0,0,0,0,0,5,4,19,63,60,0.0,3,0,2,0,0,2,0,1,0,0,0,0,0,0,0,0,0,5,7,36,60,149,0.2,5,1,1,0,0,1,1,1,0,0,0,0,0,0,0,0,0,5,8,0,53,229,0.0,0,0,1,0,0,2,0,1,0,0,0,0,0,0,0,0,0,6,6,17,35,42,0.0,3,0,1,0,0,2,0,1,0,0,0,0,0,0,0,0,0,6,7,28,32,344,-4.9,4,1,1,0,0,1,1,1,0,0,0,0,0,0,0,0,0,6,8,0,4,302,0.0,0,0,1,0,0,2,0,1,0,0,0,0,0,0,0,0,0,6,9,47,61,118,-0.5,5,1,1,0,0,1,1,1,0,0,0,0,0,0,0,0,0,6,10,41,29,177,5.6,5,1,1,0,0,1,1,1,0,0,0,0,0,0,0,0,0
94656000,1,49,0,0,10,38,44,335,0.7,5,1,1,1,0,1,1,0,0,0,1,0,0,0,1,0,1,0,12,37,33,102,-1.4,5,1,1,1,0,1,1,0,0,0,1,0,0,0,1,0,1,0,15,19,13,76,0.0,3,0,1,0,0,2,0,1,0,0,0,0,0,0,0,0,0,0,18,41,38,198,0.0,6,1,1,1,0,1,1,1,0,0,1,0,0,0,1,0,1,0,23,40,73,57,-0.6,6,1,1,1,0,1,1,1,0,0,1,0,0,0,1,0,1,0,24,18,32,37,0.0,3,0,1,0,0,1,1,1,0,0,0,0,0,0,0,0,0,0,25,33,36,143,-1.7,4,1,1,1,0,1,1,1,0,0,1,0,0,0,1,0,1,0,28,43,28,228,1.8,6,1,1,1,0,1,1,1,0,0,1,0,0,0,1,0,1,0,32,42,31,303,-0.3,6,1,1,1,0,1,1,0,0,0,1,0,0,0,1,0,1,1,127,0,21,258,0.0,0,0,0,0,0,2,0,1,0,0,0,0,0,0,0,0,0,1,128,41,46,238,0.0,6,0,0,0,0,2,1,1,0,0,0,0,0,0,0,0,0,1,129,40,53,229,0.0,6,0,1,0,0,2,1,1,0,0,0,0,0,0,0,0,0,1,137,40,60,149,0.0,5,0,0,0,0,2,1,1,0,0,0,0,0,0,0,0,0,2,4,0,1,266,0.0,0,0,1,0,0,2,0,1,0,0,0,0,0,0,0,0,0,2,7,16,12,61,0.0,3,0,1,0,0,2,0,1,0,0,0,0,0,0,0,0,0,2,10,0,6,324,0.0,0,0,1,0,0,2,0,1,0,0,0,0,0,0,0,0,0,2,12,35,25,313,-0.9,5,1,1,0,0,1,1,1,0,0,0,0,0,0,0,0,0,2,19,37,41,304,0.9,5,1,1,0,0,1,1,1,0,0,0,0,0,0,0,0,0,2,21,36,26,150,3.1,5,1,1,0,0,1,1,1,0,0,0,0,0,0,0,0,0,2,23,0,1,193,0.0,0,0,1,0,0,2,0,1,0,0,0,0,0,0,0,0,0,2,26,41,33,178,0.7,4,1,1,0,0,1,1,1,0,0,0,0,0,0,0,0,0,2,27,30,27,90,2.1,4,1,1,0,0,1,1,1,0,0,0,0,0,0,0,0,0,2,29,38,47,15,0.2,5,1,1,0,0,1,1,0,0,0,0,0,0,0,0,0,0,2,30,0,4,47,0.0,0,0,1,0,0,2,0,1,0,0,0,0,0,0,0,0,0,2,33,42,59,248,0.4,5,1,1,0,0,1,1,1,0,0,0,0,0,0,0,0,0,3,6,42,69,223,-0.4,6,1,1,0,0,1,1,0,0,0,0,0,0,0,0,0,0,3,9,39,53,218,-0.8,6,1,1,0,0,1,1,1,0,0,0,0,0,0,0,0,0,3,10,0,10,201,0.0,0,0,1,0,0,2,0,1,0,0,0,0,0,0,0,0,0,3,13,37,61,358,0.1,6,1,1,0,0,1,1,0,0,0,0,0,0,0,0,0,0,3,16,41,77,227,-0.5,5,1,1,0,0,1,1,0,0,0,0,0,0,0,0,0,0,3,23,47,67,114,0.1,5,1,1,0,0,1,1,0,0,0,0,0,0,0,0,0,0,3,27,0,19,215,0.0,0,0,1,0,0,1,1,0,0,0,0,0,0,0,0,0,0,3,32,39,42,339,0.0,5,1,1,0,0,1,1,0,0,0,0,0,0,0,0,0,0,3,38,44,71,66,0.8,5,1,1,0,0,1,1,0,0,0,0,0,0,0,0,0,0,3,39,42,83,270,1.5,5,1,1,0,0,1,1,0,0,0,0,0,0,0,0,0,0,5,2,30,26,135,-2.1,4,1,1,0,0,1,1,1,0,0,0,0,0,0,0,0,0,5,3,40,37,165,1.5,6,1,1,0,0,1,1,1,0,0,0,0,0,0,0,0,0,5,4,16,63,60,0.0,3,0,2,0,0,2,0,1,0,0,0,0,0,0,0,0,0,5,7,37,60,149,1.2,5,1,1,0,0,1,1,1,0,0,0,0,0,0,0,0,0,5,8,0,53,229,0.0,0,0,1,0,0,2,0,1,0,0,0,0,0,0,0,0,0,6,6,14,35,42,0.0,3,0,1,0,0,2,0,1,0,0,0,0,0,0,0,0,0,6,7,35,32,344,-4.5,5,1,1,0,0,1,1,1,0,0,0,0,0,0,0,0,0,6,8,0,4,302,0.0,0,0,1,0,0,2,0,1,0,0,0,0,0,0,0,0,0,6,9,47,61,118,0.7,6,1,1,0,0,1,1,1,0,0,0,0,0,0,0,0,0,6,10,41,29,177,6.8,6,1,1,0,0,1,1,1,0,0,0,0,0,0,0,0,0
94657000,1,49,0,0,10,42,44,335,1.2,7,1,1,1,0,1,1,0,0,0,1,0,0,0,1,0,1,0,12,37,33,102,-0.9,7,1,1,1,0,1,1,0,0,0,1,0,0,0,1,0,1,0,15,21,13,76,0.0,3,0,1,0,0,2,0,1,0,0,0,0,0,0,0,0,0,0,18,42,38,198,0.6,7,1,1,1,0,1,1,1,0,0,1,0,0,0,1,0,1,0,23,41,73,57,-0.1,7,1,1,1,0,1,1,1,0,0,1,0,0,0,1,0,1,0,24,0,32,37,0.0,1,0,1,0,0,1,1,1,0,0,0,0,0,0,0,0,0,0,25,35,36,143,0.8,5,1,1,1,0,1,1,1,0,0,1,0,0,0,1,0,1,0,28,40,28,228,2.3,7,1,1,1,0,1,1,1,0,0,1,0,0,0,1,0,1,0,32,33,31,303,0.3,7,1,1,1,0,1,1,0,0,0,1,0,0,0,1,0,1,1,127,0,21,258,0.0,0,0,0,0,0,2,0,1,0,0,0,0,0,0,0,0,0,1,128,40,46,238,0.0,6,0,0,0,0,2,1,1,0,0,0,0,0,0,0,0,0,1,129,42,53,229,0.0,6,0,1,0,0,2,1,1,0,0,0,0,0,0,0,0,0,1,137,39,60,149,0.0,6,0,0,0,0,2,1,1,0,0,0,0,0,0,0,0,0,2,4,0,1,266,0.0,0,0,1,0,0,2,0,1,0,0,0,0,0,0,0,0,0,2,7,17,12,61,0.0,3,0,1,0,0,2,0,1,0,0,0,0,0,0,0,0,0,2,10,0,6,324,0.0,0,0,1,0,0,2,0,1,0,0,0,0,0,0,0,0,0,2,12,36,25,313,-1.4,7,1,1,0,0,1,1,1,0,0,0,0,0,0,0,0,0,2,19,35,41,304,1.1,7,1,1,0,0,1,1,1,0,0,0,0,0,0,0,0,0,2,21,36,26,150,3.5,7,1,1,0,0,1,1,1,0,0,0,0,0,0,0,0,0,2,23,0,1,193,0.0,0,0,1,0,0,2,0,1,0,0,0,0,0,0,0,0,0,2,26,35,33,178,1.1,5,1,1,0,0,1,1,1,0,0,0,0,0,0,0,0,0,2,27,30,27,90,0.4,5,1,1,0,0,1,1,1,0,0,0,0,0,0,0,0,0,2,29,38,47,15,0.6,7,1,1,0,0,1,1,0,0,0,0,0,0,0,0,0,0,2,30,0,4,47,0.0,0,0,1,0,0,2,0,1,0,0,0,0,0,0,0,0,0,2,33,42,59,248,1.0,7,1,1,0,0,1,1,1,0,0,0,0,0,0,0,0,0,3,6,41,69,223,0.2,6,1,1,0,0,1,1,0,0,0,0,0,0,0,0,0,0,3,9,39,53,218,-0.2,6,1,1,0,0,1,1,1,0,0,0,0,0,0,0,0,0,3,10,0,10,201,0.0,0,0,1,0,0,2,0,1,0,0,0,0,0,0,0,0,0,3,13,37,61,358,0.6,6,1,1,0,0,1,1,0,0,0,0,0,0,0,0,0,0,3,16,41,77,227,0.0,6,1,1,0,0,1,1,0,0,0,0,0,0,0,0,0,0,3,23,46,67,114,0.7,6,1,1,0,0,1,1,0,0,0,0,0,0,0,0,0,0,3,27,0,19,215,0.0,0,0,1,0,0,1,1,0,0,0,0,0,0,0,0,0,0,3,32,40,42,339,0.6,6,1,1,0,0,1,1,0,0,0,0,0,0,0,0,0,0,3,38,40,71,66,1.4,6,1,1,0,0,1,1,0,0,0,0,0,0,0,0,0,0,3,39,43,83,270,2.1,6,1,1,0,0,1,1,0,0,0,0,0,0,0,0,0,0,5,2,36,26,135,2.1,5,1,1,0,0,1,1,1,0,0,0,0,0,0,0,0,0,5,3,44,37,165,2.0,7,1,1,0,0,1,1,1,0,0,0,0,0,0,0,0,0,5,4,0,63,60,0.0,1,0,2,0,0,2,0,1,0,0,0,0,0,0,0,0,0,5,7,36,60,149,1.6,7,1,1,0,0,1,1,1,0,0,0,0,0,0,0,0,0,5,8,0,53,229,0.0,0,0,1,0,0,2,0,1,0,0,0,0,0,0,0,0,0,6,6,11,35,42,0.0,3,0,1,0,0,2,0,1,0,0,0,0,0,0,0,0,0,6,7,38,32,344,-4.0,5,1,1,0,0,1,1,1,0,0,0,0,0,0,0,0,0,6,8,0,4,302,0.0,0,0,1,0,0,2,0,1,0,0,0,0,0,0,0,0,0,6,9,48,61,118,1.2,5,1,1,0,0,1,1,1,0,0,0,0,0,0,0,0,0,6,10,37,29,177,7.4,5,1,1,0,0,1,1,1,0,0,0,0,0,0,0,0,0
94658000,1,49,0,0,10,41,44,335,1.5,7,1,1,1,0,1,1,0,0,0,1,0,0,0,1,0,1,0,12,23,33,102,-1.4,4,1,1,1,0,1,1,0,0,0,1,0,0,0,1,0,1,0,15,20,13,76,0.0,4,0,1,0,0,2,0,1,0,0,0,0,0,0,0,0,0,0,18,40,38,198,0.4,7,1,1,1,0,1,1,1,0,0,1,0,0,0,1,0,1,0,23,41,73,57,-0.4,7,1,1,1,0,1,1,1,0,0,1,0,0,0,1,0,1,0,24,0,32,37,0.0,1,0,1,0,0,1,1,1,0,0,0,0,0,0,0,0,0,0,25,39,36,143,0.1,6,1,1,1,0,1,1,1,0,0,1,0,0,0,1,0,1,0,28,40,28,228,2.0,7,1,1,1,0,1,1,1,0,0,1,0,0,0,1,0,1,0,32,40,31,303,0.0,7,1,1,1,0,1,1,0,0,0,1,0,0,0,1,0,1,1,127,0,21,258,0.0,0,0,0,0,0,2,0,1,0,0,0,0,0,0,0,0,0,1,128,39,46,238,0.0,6,0,0,0,0,2,1,1,0,0,0,0,0,0,0,0,0,1,129,41,53,229,0.0,6,0,1,0,0,2,1,1,0,0,0,0,0,0,0,0,0,1,137,39,60,149,0.0,6,0,0,0,0,2,1,1,0,0,0,0,0,0,0,0,0,2,4,0,1,266,0.0,0,0,1,0,0,2,0,1,0,0,0,0,0,0,0,0,0,2,7,17,12,61,0.0,3,0,1,0,0,2,0,1,0,0,0,0,0,0,0,0,0,2,10,0,6,324,0.0,0,0,1,0,0,2,0,1,0,0,0,0,0,0,0,0,0,2,12,32,25,313,0.8,7,1,1,0,0,1,1,1,0,0,0,0,0,0,0,0,0,2,19,34,41,304,0.8,7,1,1,0,0,1,1,1,0,0,0,0,0,0,0,0,0,2,21,36,26,150,5.2,7,1,1,0,0,1,1,1,0,0,0,0,0,0,0,0,0,2,23,0,1,193,0.0,0,0,1,0,0,2,0,1,0,0,0,0,0,0,0,0,0,2,26,39,33,178,0.5,7,1,1,0,0,1,1,1,0,0,0,0,0,0,0,0,0,2,27,29,27,90,1.1,7,1,1,0,0,1,1,1,0,0,0,0,0,0,0,0,0,2,29,33,47,15,0.3,7,1,1,0,0,1,1,0,0,0,0,0,0,0,0,0,0,2,30,0,4,47,0.0,0,0,1,0,0,2,0,1,0,0,0,0,0,0,0,0,0,2,33,43,59,248,0.6,7,1,1,0,0,1,1,1,0,0,0,0,0,0,0,0,0,3,6,41,69,223,-0.1,6,1,1,0,0,1,1,0,0,0,0,0,0,0,0,0,0,3,9,39,53,218,-0.5,6,1,1,0,0,1,1,1,0,0,0,0,0,0,0,0,0,3,10,0,10,201,0.0,0,0,1,0,0,2,0,1,0,0,0,0,0,0,0,0,0,3,13,40,61,358,0.1,6,1,1,0,0,1,1,0,0,0,0,0,0,0,0,0,0,3,16,41,77,227,-0.1,6,1,1,0,0,1,1,0,0,0,0,0,0,0,0,0,0,3,23,46,67,114,0.4,6,1,1,0,0,1,1,0,0,0,0,0,0,0,0,0,0,3,27,0,19,215,0.0,0,0,1,0,0,1,1,0,0,0,0,0,0,0,0,0,0,3,32,41,42,339,0.3,6,1,1,0,0,1,1,0,0,0,0,0,0,0,0,0,0,3,38,44,71,66,1.1,6,1,1,0,0,1,1,0,0,0,0,0,0,0,0,0,0,3,39,43,83,270,1.9,6,1,1,0,0,1,1,0,0,0,0,0,0,0,0,0,0,5,2,36,26,135,0.6,6,1,1,0,0,1,1,1,0,0,0,0,0,0,0,0,0,5,3,42,37,165,1.7,7,1,1,0,0,1,1,1,0,0,0,0,0,0,0,0,0,5,4,0,63,60,0.0,1,0,2,0,0,2,0,1,0,0,0,0,0,0,0,0,0,5,7,35,60,149,1.3,7,1,1,0,0,1,1,1,0,0,0,0,0,0,0,0,0,5,8,0,53,229,0.0,0,0,1,0,0,2,0,1,0,0,0,0,0,0,0,0,0,6,6,9,35,42,0.0,3,0,1,0,0,2,0,1,0,0,0,0,0,0,0,0,0,6,7,40,32,344,-1.8,6,1,1,0,0,1,1,1,0,0,0,0,0,0,0,0,0,6,8,0,4,302,0.0,0,0,1,0,0,2,0,1,0,0,0,0,0,0,0,0,0,6,9,47,61,118,0.9,6,1,1,0,0,1,1,1,0,0,0,0,0,0,0,0,0,6,10,40,29,177,7.2,6,1,1,0,0,1,1,1,0,0,0,0,0,0,0,0,0
94659000,1,49,0,0,10,47,44,335,1.1,7,1,1,1,0,1,1,0,0,0,1,0,0,0,1,0,1,0,12,40,33,102,-1.5,5,1,1,1,0,1,1,0,0,0,1,0,0,0,1,0,1,0,15,0,13,76,0.0,1,0,1,0,0,2,0,1,0,0,0,0,0,0,0,0,0,0,18,43,38,198,0.1,7,1,1,1,0,1,1,1,0,0,1,0,0,0,1,0,1,0,23,42,73,57,-0.6,7,1,1,1,0,1,1,1,0,0,1,0,0,0,1,0,1,0,24,0,32,37,0.0,1,0,1,0,0,1,1,1,0,0,0,0,0,0,0,0,0,0,25,41,36,143,1.5,6,1,1,1,0,1,1,1,0,0,1,0,0,0,1,0,1,0,28,43,28,228,1.6,7,1,1,1,0,1,1,1,0,0,1,0,0,0,1,0,1,0,32,46,31,303,-0.1,7,1,1,1,0,1,1,0,0,0,1,0,0,0,1,0,1,1,127,0,21,258,0.0,0,0,0,0,0,2,0,1,0,0,0,0,0,0,0,0,0,1,128,43,46,238,0.0,6,0,0,0,0,2,1,1,0,0,0,0,0,0,0,0,0,1,129,44,53,229,0.0,6,0,1,0,0,2,1,1,0,0,0,0,0,0,0,0,0,1,137,43,60,149,0.0,6,0,0,0,0,2,1,1,0,0,0,0,0,0,0,0,0,2,4,0,1,266,0.0,0,0,1,0,0,2,0,1,0,0,0,0,0,0,0,0,0,2,7,16,12,61,0.0,3,0,1,0,0,2,0,1,0,0,0,0,0,0,0,0,0,2,10,0,6,324,0.0,0,0,1,0,0,2,0,1,0,0,0,0,0,0,0,0,0,2,12,34,25,313,-1.0,7,1,1,0,0,1,1,1,0,0,0,0,0,0,0,0,0,2,19,34,41,304,0.4,7,1,1,0,0,1,1,1,0,0,0,0,0,0,0,0,0,2,21,37,26,150,-3.6,7,1,1,0,0,1,1,1,0,0,0,0,0,0,0,0,0,2,23,0,1,193,0.0,0,0,1,0,0,2,0,1,0,0,0,0,0,0,0,0,0,2,26,42,33,178,0.4,7,1,1,0,0,1,1,1,0,0,0,0,0,0,0,0,0,2,27,25,27,90,-5.1,4,1,1,0,0,1,1,1,0,0,0,0,0,0,0,0,0,2,29,36,47,15,0.1,7,1,1,0,0,1,1,0,0,0,0,0,0,0,0,0,0,2,30,0,4,47,0.0,0,0,1,0,0,2,0,1,0,0,0,0,0,0,0,0,0,2,33,45,59,248,0.3,7,1,1,0,0,1,1,1,0,0,0,0,0,0,0,0,0,3,6,45,69,223,-0.4,7,1,1,0,0,1,1,0,0,0,0,0,0,0,0,0,0,3,9,42,53,218,-0.8,7,1,1,0,0,1,1,1,0,0,0,0,0,0,0,0,0,3,10,0,10,201,0.0,0,0,1,0,0,2,0,1,0,0,0,0,0,0,0,0,0,3,13,43,61,358,-0.1,7,1,1,0,0,1,1,0,0,0,0,0,0,0,0,0,0,3,16,44,77,227,-0.5,7,1,1,0,0,1,1,0,0,0,0,0,0,0,0,0,0,3,23,45,67,114,0.2,7,1,1,0,0,1,1,0,0,0,0,0,0,0,0,0,0,3,27,0,19,215,0.0,0,0,1,0,0,1,1,0,0,0,0,0,0,0,0,0,0,3,32,46,42,339,0.1,7,1,1,0,0,1,1,0,0,0,0,0,0,0,0,0,0,3,38,45,71,66,1.0,7,1,1,0,0,1,1,0,0,0,0,0,0,0,0,0,0,3,39,45,83,270,1.6,7,1,1,0,0,1,1,0,0,0,0,0,0,0,0,0,0,5,2,35,26,135,-1.9,6,1,1,0,0,1,1,1,0,0,0,0,0,0,0,0,0,5,3,42,37,165,1.5,7,1,1,0,0,1,1,1,0,0,0,0,0,0,0,0,0,5,4,0,63,60,0.0,1,0,2,0,0,2,0,1,0,0,0,0,0,0,0,0,0,5,7,40,60,149,1.1,7,1,1,0,0,1,1,1,0,0,0,0,0,0,0,0,0,5,8,0,53,229,0.0,0,0,1,0,0,2,0,1,0,0,0,0,0,0,0,0,0,6,6,8,35,42,0.0,3,0,1,0,0,2,0,1,0,0,0,0,0,0,0,0,0,6,7,46,32,344,-1.9,7,1,1,0,0,1,1,1,0,0,0,0,0,0,0,0,0,6,8,0,4,302,0.0,0,0,1,0,0,2,0,1,0,0,0,0,0,0,0,0,0,6,9,47,61,118,0.7,7,1,1,0,0,1,1,1,0,0,0,0,0,0,0,0,0,6,10,42,29,177,7.0,7,1,1,0,0,1,1,1,0,0,0,0,0,0,0,0,0
94660000,1,49,0,0,10,43,44,335,1.1,7,1,1,1,0,1,1,0,0,0,1,0,0,0,1,0,1,0,12,37,33,102,-1.5,6,1,1,1,0,1,1,0,0,0,1,0,0,0,1,0,1,0,15,0,13,76,0.0,1,0,1,0,0,2,0,1,0,0,0,0,0,0,0,0,0,0,18,45,38,198,0.1,7,1,1,1,0,1,1,1,0,0,1,0,0,0,1,0,1,0,23,40,73,57,-0.5,7,1,1,1,0,1,1,1,0,0,1,0,0,0,1,0,1,0,24,22,32,37,0.0,3,0,1,0,0,1,1,1,0,0,0,0,0,0,0,0,0,0,25,32,36,143,0.5,6,1,1,1,0,1,1,1,0,0,1,0,0,0,1,0,1,0,28,39,28,228,1.6,7,1,1,1,0,1,1,1,0,0,1,0,0,0,1,0,1,0,32,43,31,303,-0.2,7,1,1,1,0,1,1,0,0,0,1,0,0,0,1,0,1,1,127,0,21,258,0.0,0,0,0,0,0,2,0,1,0,0,0,0,0,0,0,0,0,1,128,39,46,238,0.0,6,0,0,0,0,2,1,1,0,0,0,0,0,0,0,0,0,1,129,41,53,229,0.0,6,0,1,0,0,2,1,1,0,0,0,0,0,0,0,0,0,1,137,39,60,149,0.0,6,0,0,0,0,2,1,1,0,0,0,0,0,0,0,0,0,2,4,0,1,266,0.0,0,0,1,0,0,2,0,1,0,0,0,0,0,0,0,0,0,2,7,15,12,61,0.0,3,0,1,0,0,2,0,1,0,0,0,0,0,0,0,0,0,2,10,0,6,324,0.0,0,0,1,0,0,2,0,1,0,0,0,0,0,0,0,0,0,2,12,33,25,313,2.0,7,1,1,0,0,1,1,1,0,0,0,0,0,0,0,0,0,2,19,37,41,304,0.6,7,1,1,0,0,1,1,1,0,0,0,0,0,0,0,0,0,2,21,27,26,150,1.4,7,1,1,0,0,1,1,1,0,0,0,0,0,0,0,0,0,2,23,0,1,193,0.0,0,0,1,0,0,2,0,1,0,0,0,0,0,0,0,0,0,2,26,40,33,178,0.5,7,1,1,0,0,1,1,1,0,0,0,0,0,0,0,0,0,2,27,37,27,90,-1.8,5,1,1,0,0,1,1,1,0,0,0,0,0,0,0,0,0,2,29,34,47,15,0.2,7,1,1,0,0,1,1,0,0,0,0,0,0,0,0,0,0,2,30,0,4,47,0.0,0,0,1,0,0,2,0,1,0,0,0,0,0,0,0,0,0,2,33,43,59,248,0.6,7,1,1,0,0,1,1,1,0,0,0,0,0,0,0,0,0,3,6,41,69,223,-0.5,7,1,1,0,0,1,1,0,0,0,0,0,0,0,0,0,0,3,9,40,53,218,-0.9,7,1,1,0,0,1,1,1,0,0,0,0,0,0,0,0,0,3,10,0,10,201,0.0,0,0,1,0,0,2,0,1,0,0,0,0,0,0,0,0,0,3,13,41,61,358,-0.1,7,1,1,0,0,1,1,0,0,0,0,0,0,0,0,0,0,3,16,40,77,227,-0.5,7,1,1,0,0,1,1,0,0,0,0,0,0,0,0,0,0,3,23,46,67,114,0.1,7,1,1,0,0,1,1,0,0,0,0,0,0,0,0,0,0,3,27,0,19,215,0.0,0,0,1,0,0,1,1,0,0,0,0,0,0,0,0,0,0,3,32,43,42,339,0.0,7,1,1,0,0,1,1,0,0,0,0,0,0,0,0,0,0,3,38,42,71,66,0.9,7,1,1,0,0,1,1,0,0,0,0,0,0,0,0,0,0,3,39,43,83,270,1.6,7,1,1,0,0,1,1,0,0,0,0,0,0,0,0,0,0,5,2,32,26,135,-6.3,5,1,1,0,0,1,1,1,0,0,0,0,0,0,0,0,0,5,3,42,37,165,1.5,7,1,1,0,0,1,1,1,0,0,0,0,0,0,0,0,0,5,4,0,63,60,0.0,1,0,2,0,0,2,0,1,0,0,0,0,0,0,0,0,0,5,7,36,60,149,1.0,7,1,1,0,0,1,1,1,0,0,0,0,0,0,0,0,0,5,8,0,53,229,0.0,0,0,1,0,0,2,0,1,0,0,0,0,0,0,0,0,0,6,6,8,35,42,0.0,3,0,1,0,0,2,0,1,0,0,0,0,0,0,0,0,0,6,7,43,32,344,-2.0,7,1,1,0,0,1,1,1,0,0,0,0,0,0,0,0,0,6,8,0,4,302,0.0,0,0,1,0,0,2,0,1,0,0,0,0,0,0,0,0,0,6,9,46,61,118,0.5,7,1,1,0,0,1,1,1,0,0,0,0,0,0,0,0,0,6,10,37,29,177,6.8,7,1,1,0,0,1,1,1,0,0,0,0,0,0,0,0,0
94661000,1,49,0,0,10,41,44,335,0.9,7,1,1,1,0,1,1,0,0,0,1,0,0,0,1,0,1,0,12,38,33,102,-0.5,6,1,1,1,0,1,1,0,0,0,1,0,0,0,1,0,1,0,15,0,13,76,0.0,1,0,1,0,0,2,0,1,0,0,0,0,0,0,0,0,0,0,18,46,38,198,0.2,7,1,1,1,0,1,1,1,0,0,1,0,0,0,1,0,1,0,23,43,73,57,-0.3,7,1,1,1,0,1,1,1,0,0,1,0,0,0,1,0,1,0,24,23,32,37,0.0,3,0,1,0,0,1,1,1,0,0,0,0,0,0,0,0,0,0,25,32,36,143,0.6,5,1,1,1,0,1,1,1,0,0,1,0,0,0,1,0,1,0,28,44,28,228,1.5,7,1,1,1,0,1,1,1,0,0,1,0,0,0,1,0,1,0,32,45,31,303,-0.3,7,1,1,1,0,1,1,0,0,0,1,0,0,0,1,0,1,1,127,0,21,258,0.0,0,0,0,0,0,2,0,1,0,0,0,0,0,0,0,0,0,1,128,43,46,238,0.0,7,0,0,0,0,2,1,1,0,0,0,0,0,0,0,0,0,1,129,43,53,229,0.0,7,0,1,0,0,2,1,1,0,0,0,0,0,0,0,0,0,1,137,37,60,149,0.0,6,0,0,0,0,2,1,1,0,0,0,0,0,0,0,0,0,2,4,0,1,266,0.0,0,0,1,0,0,2,0,1,0,0,0,0,0,0,0,0,0,2,7,14,12,61,0.0,3,0,1,0,0,2,0,1,0,0,0,0,0,0,0,0,0,2,10,0,6,324,0.0,0,0,1,0,0,2,0,1,0,0,0,0,0,0,0,0,0,2,12,29,25,313,-0.6,7,1,1,0,0,1,1,1,0,0,0,0,0,0,0,0,0,2,19,37,41,305,0.9,7,1,1,0,0,1,1,1,0,0,0,0,0,0,0,0,0,2,21,26,26,150,-5.0,4,1,1,0,0,1,1,1,0,0,0,0,0,0,0,0,0,2,23,0,1,193,0.0,0,0,1,0,0,2,0,1,0,0,0,0,0,0,0,0,0,2,26,30,33,178,1.2,7,1,1,0,0,1,1,1,0,0,0,0,0,0,0,0,0,2,27,39,27,90,0.7,7,1,1,0,0,1,1,1,0,0,0,0,0,0,0,0,0,2,29,41,47,15,0.4,7,1,1,0,0,1,1,0,0,0,0,0,0,0,0,0,0,2,30,0,4,47,0.0,0,0,1,0,0,2,0,1,0,0,0,0,0,0,0,0,0,2,33,43,59,248,0.8,7,1,1,0,0,1,1,1,0,0,0,0,0,0,0,0,0,3,6,43,69,223,-0.6,7,1,1,0,0,1,1,0,0,0,0,0,0,0,0,0,0,3,9,41,53,218,-0.9,7,1,1,0,0,1,1,1,0,0,0,0,0,0,0,0,0,3,10,0,10,201,0.0,0,0,1,0,0,2,0,1,0,0,0,0,0,0,0,0,0,3,13,44,61,358,-0.1,7,1,1,0,0,1,1,0,0,0,0,0,0,0,0,0,0,3,16,43,77,227,-0.4,7,1,1,0,0,1,1,0,0,0,0,0,0,0,0,0,0,3,23,45,67,114,-0.1,7,1,1,0,0,1,1,0,0,0,0,0,0,0,0,0,0,3,27,0,19,215,0.0,0,0,1,0,0,1,1,0,0,0,0,0,0,0,0,0,0,3,32,42,42,339,0.0,7,1,1,0,0,1,1,0,0,0,0,0,0,0,0,0,0,3,38,42,71,66,1.1,7,1,1,0,0,1,1,0,0,0,0,0,0,0,0,0,0,3,39,44,83,270,1.6,7,1,1,0,0,1,1,0,0,0,0,0,0,0,0,0,0,5,2,27,26,135,0.9,5,1,1,0,0,1,1,1,0,0,0,0,0,0,0,0,0,5,3,30,37,165,1.4,7,1,1,0,0,1,1,1,0,0,0,0,0,0,0,0,0,5,4,0,63,60,0.0,1,0,2,0,0,2,0,1,0,0,0,0,0,0,0,0,0,5,7,33,60,149,1.0,7,1,1,0,0,1,1,1,0,0,0,0,0,0,0,0,0,5,8,0,53,229,0.0,0,0,1,0,0,2,0,1,0,0,0,0,0,0,0,0,0,6,6,8,35,42,0.0,3,0,1,0,0,2,0,1,0,0,0,0,0,0,0,0,0,6,7,46,32,344,-0.1,7,1,1,0,0,1,1,1,0,0,0,0,0,0,0,0,0,6,8,0,4,302,0.0,0,0,1,0,0,2,0,1,0,0,0,0,0,0,0,0,0,6,9,44,61,118,0.5,7,1,1,0,0,1,1,1,0,0,0,0,0,0,0,0,0,6,10,30,29,177,7.3,4,1,1,0,0,1,1,1,0,0,0,0,0,0,0,0,0
