iTOW,geo,mode,sys,Ranging,Corrections,Integrity,Testmode,Bad,cnt,integrityUsed,reserved1,svid_01,flags_01,udre_01,svSys_01,svService_01,reserved2_01,prc_01,reserved3_01,ic_01,svid_02,flags_02,udre_02,svSys_02,svService_02,reserved2_02,prc_02,reserved3_02,ic_02,svid_03,flags_03,udre_03,svSys_03,svService_03,reserved2_03,prc_03,reserved3_03,ic_03,svid_04,flags_04,udre_04,svSys_04,svService_04,reserved2_04,prc_04,reserved3_04,ic_04,svid_05,flags_05,udre_05,svSys_05,svService_05,reserved2_05,prc_05,reserved3_05,ic_05,svid_06,flags_06,udre_06,svSys_06,svService_06,reserved2_06,prc_06,reserved3_06,ic_06,svid_07,flags_07,udre_07,svSys_07,svService_07,reserved2_07,prc_07,reserved3_07,ic_07,svid_08,flags_08,udre_08,svSys_08,svService_08,reserved2_08,prc_08,reserved3_08,ic_08,svid_09,flags_09,udre_09,svSys_09,svService_09,reserved2_09,prc_09,reserved3_09,ic_09,svid_10,flags_10,udre_10,svSys_10,svService_10,reserved2_10,prc_10,reserved3_10,ic_10,svid_11,flags_11,udre_11,svSys_11,svService_11,reserved2_11,prc_11,reserved3_11,ic_11,svid_12,flags_12,udre_12,svSys_12,svService_12,reserved2_12,prc_12,reserved3_12,ic_12,svid_13,flags_13,udre_13,svSys_13,svService_13,reserved2_13,prc_13,reserved3_13,ic_13,svid_14,flags_14,udre_14,svSys_14,svService_14,reserved2_14,prc_14,reserved3_14,ic_14,svid_15,flags_15,udre_15,svSys_15,svService_15,reserved2_15,prc_15,reserved3_15,ic_15,svid_16,flags_16,udre_16,svSys_16,svService_16,reserved2_16,prc_16,reserved3_16,ic_16,svid_17,flags_17,udre_17,svSys_17,svService_17,reserved2_17,prc_17,reserved3_17,ic_17,svid_18,flags_18,udre_18,svSys_18,svService_18,reserved2_18,prc_18,reserved3_18,ic_18,svid_19,flags_19,udre_19,svSys_19,svService_19,reserved2_19,prc_19,reserved3_19,ic_19,svid_20,flags_20,udre_20,svSys_20,svService_20,reserved2_20,prc_20,reserved3_20,ic_20,svid_21,flags_21,udre_21,svSys_21,svService_21,reserved2_21,prc_21,reserved3_21,ic_21,svid_22,flags_22,udre_22,svSys_22,svService_22,reserved2_22,prc_22,reserved3_22,ic_22,svid_23,flags_23,udre_23,svSys_23,svService_23,reserved2_23,prc_23,reserved3_23,ic_23,svid_24,flags_24,udre_24,svSys_24,svService_24,reserved2_24,prc_24,reserved3_24,ic_24,svid_25,flags_25,udre_25,svSys_25,svService_25,reserved2_25,prc_25,reserved3_25,ic_25,svid_26,flags_26,udre_26,svSys_26,svService_26,reserved2_26,prc_26,reserved3_26,ic_26,svid_27,flags_27,udre_27,svSys_27,svService_27,reserved2_27,prc_27,reserved3_27,ic_27,svid_28,flags_28,udre_28,svSys_28,svService_28,reserved2_28,prc_28,reserved3_28,ic_28,svid_29,flags_29,udre_29,svSys_29,svService_29,reserved2_29,prc_29,reserved3_29,ic_29,svid_30,flags_30,udre_30,svSys_30,svService_30,reserved2_30,prc_30,reserved3_30,ic_30,svid_31,flags_31,udre_31,svSys_31,svService_31,reserved2_31,prc_31,reserved3_31,ic_31,svid_32,flags_32,udre_32,svSys_32,svService_32,reserved2_32,prc_32,reserved3_32,ic_32
94417000,129,1,2,0,1,1,0,0,32,1,0,85,8,14,255,0,0,0,0,1108,239,8,14,255,0,0,0,0,602,86,8,14,255,0,0,0,0,639,40,8,14,255,0,0,0,0,533,80,8,14,255,0,0,0,0,904,43,8,14,255,0,0,0,0,523,50,8,14,255,0,0,0,0,594,71,8,14,255,0,0,0,0,650,10,139,8,16,1,0,0,0,572,231,8,14,255,0,0,0,0,1246,12,139,8,16,1,0,-13,0,1060,237,8,14,255,0,0,0,0,1218,33,8,14,255,0,0,0,0,545,28,8,14,16,1,0,0,0,923,236,8,14,255,0,0,0,0,936,36,8,14,255,0,0,0,0,638,128,0,14,3,7,0,0,0,0,32,139,9,16,1,0,-13,0,606,194,8,14,255,0,0,0,0,1273,18,139,7,16,1,0,-13,0,786,59,8,14,255,0,0,0,0,596,74,8,14,255,0,0,0,0,1058,243,8,14,255,0,0,0,0,546,23,139,6,16,1,0,0,0,526,24,139,6,16,1,0,0,0,831,25,139,9,16,1,0,0,0,974,73,8,14,255,0,0,0,0,612,229,8,14,255,0,0,0,0,570,195,8,14,255,0,0,0,0,883,199,8,14,255,0,0,0,0,623,129,0,14,2,6,227,0,0,0,137,0,14,2,6,150,0,0,0
94418000,129,1,2,0,1,1,0,0,32,1,0,85,8,14,255,0,0,0,0,1108,239,8,14,255,0,0,0,0,602,86,8,14,255,0,0,0,0,639,40,8,14,255,0,0,0,0,533,80,8,14,255,0,0,0,0,904,43,8,14,255,0,0,0,0,523,50,8,14,255,0,0,0,0,594,71,8,14,255,0,0,0,0,650,10,139,8,16,1,0,0,0,572,231,8,14,255,0,0,0,0,1246,12,139,8,16,1,0,-13,0,1060,237,8,14,255,0,0,0,0,1218,33,8,14,255,0,0,0,0,545,28,8,14,16,1,0,0,0,923,236,8,14,255,0,0,0,0,936,36,8,14,255,0,0,0,0,638,128,0,14,3,7,0,0,0,0,32,139,9,16,1,0,-13,0,606,194,8,14,255,0,0,0,0,1273,18,139,7,16,1,0,-13,0,786,59,8,14,255,0,0,0,0,596,74,8,14,255,0,0,0,0,1058,243,8,14,255,0,0,0,0,546,23,139,6,16,1,0,0,0,526,24,139,6,16,1,0,0,0,832,25,139,9,16,1,0,0,0,974,73,8,14,255,0,0,0,0,612,229,8,14,255,0,0,0,0,570,195,8,14,255,0,0,0,0,883,199,8,14,255,0,0,0,0,623,129,0,14,2,6,227,0,0,0,137,0,14,2,6,152,0,0,0
94419000,129,1,2,0,1,1,0,0,32,1,0,85,8,14,255,0,0,0,0,1108,239,8,14,255,0,0,0,0,602,86,8,14,255,0,0,0,0,639,40,8,14,255,0,0,0,0,533,80,8,14,255,0,0,0,0,904,43,8,14,255,0,0,0,0,523,50,8,14,255,0,0,0,0,594,71,8,14,255,0,0,0,0,650,10,139,8,16,1,0,0,0,572,231,8,14,255,0,0,0,0,1245,12,139,8,16,1,0,-13,0,1060,237,8,14,255,0,0,0,0,1218,33,8,14,255,0,0,0,0,545,28,8,14,16,1,0,0,0,923,236,8,14,255,0,0,0,0,936,36,8,14,255,0,0,0,0,638,128,0,14,3,7,0,0,0,0,32,139,9,16,1,0,-13,0,605,194,8,14,255,0,0,0,0,1273,18,139,7,16,1,0,-13,0,786,59,8,14,255,0,0,0,0,596,74,8,14,255,0,0,0,0,1058,243,8,14,255,0,0,0,0,546,23,139,6,16,1,0,0,0,526,24,139,6,16,1,0,0,0,832,25,139,9,16,1,0,0,0,973,73,8,14,255,0,0,0,0,612,229,8,14,255,0,0,0,0,570,195,8,14,255,0,0,0,0,883,199,8,14,255,0,0,0,0,623,129,0,14,2,6,227,0,0,0,137,0,14,2,6,154,0,0,0
94420000,129,1,2,0,1,1,0,0,32,1,0,85,8,14,255,0,0,0,0,1108,239,8,14,255,0,0,0,0,602,86,8,14,255,0,0,0,0,639,40,8,14,255,0,0,0,0,533,80,8,14,255,0,0,0,0,904,43,8,14,255,0,0,0,0,523,50,8,14,255,0,0,0,0,594,71,8,14,255,0,0,0,0,650,10,139,8,16,1,0,0,0,572,231,8,14,255,0,0,0,0,1245,12,139,8,16,1,0,-13,0,1059,237,8,14,255,0,0,0,0,1218,33,8,14,255,0,0,0,0,545,28,8,14,16,1,0,0,0,923,236,8,14,255,0,0,0,0,936,36,8,14,255,0,0,0,0,638,128,0,14,3,7,0,0,0,0,32,139,9,16,1,0,-13,0,605,194,8,14,255,0,0,0,0,1272,18,139,7,16,1,0,-13,0,786,59,8,14,255,0,0,0,0,596,74,8,14,255,0,0,0,0,1058,243,8,14,255,0,0,0,0,546,23,139,6,16,1,0,0,0,526,24,139,6,16,1,0,0,0,832,25,139,9,16,1,0,0,0,973,73,8,14,255,0,0,0,0,612,229,8,14,255,0,0,0,0,570,195,8,14,255,0,0,0,0,883,199,8,14,255,0,0,0,0,623,129,0,14,2,6,227,0,0,0,137,0,14,2,6,156,0,0,0
94421000,129,1,2,0,1,1,0,0,32,1,0,85,8,14,255,0,0,0,0,1108,239,8,14,255,0,0,0,0,602,86,8,14,255,0,0,0,0,639,40,8,14,255,0,0,0,0,533,80,8,14,255,0,0,0,0,904,43,8,14,255,0,0,0,0,523,50,8,14,255,0,0,0,0,594,71,8,14,255,0,0,0,0,650,10,139,8,16,1,0,0,0,572,231,8,14,255,0,0,0,0,1245,12,139,8,16,1,0,-13,0,1059,237,8,14,255,0,0,0,0,1217,33,8,14,255,0,0,0,0,545,28,8,14,16,1,0,0,0,923,236,8,14,255,0,0,0,0,936,36,8,14,255,0,0,0,0,638,128,0,14,3,7,0,0,0,0,32,139,9,16,1,0,-13,0,605,194,8,14,255,0,0,0,0,1272,18,139,7,16,1,0,-13,0,787,59,8,14,255,0,0,0,0,596,74,8,14,255,0,0,0,0,1058,243,8,14,255,0,0,0,0,546,23,139,6,16,1,0,0,0,526,24,139,6,16,1,0,0,0,832,25,139,9,16,1,0,0,0,973,73,8,14,255,0,0,0,0,611,229,8,14,255,0,0,0,0,570,195,8,14,255,0,0,0,0,883,199,8,14,255,0,0,0,0,623,129,0,14,2,6,227,0,0,0,137,0,14,2,6,158,0,0,0
94422000,129,1,2,0,1,1,0,0,32,1,0,85,8,14,255,0,0,0,0,1108,239,8,14,255,0,0,0,0,602,86,8,14,255,0,0,0,0,639,40,8,14,255,0,0,0,0,533,80,8,14,255,0,0,0,0,904,43,8,14,255,0,0,0,0,523,50,8,14,255,0,0,0,0,594,71,8,14,255,0,0,0,0,650,10,139,8,16,1,0,0,0,572,231,8,14,255,0,0,0,0,1245,12,139,8,16,1,0,-13,0,1059,237,8,14,255,0,0,0,0,1217,33,8,14,255,0,0,0,0,545,28,8,14,16,1,0,0,0,923,236,8,14,255,0,0,0,0,936,36,8,14,255,0,0,0,0,638,128,0,14,3,7,0,0,0,0,32,139,9,16,1,0,-13,0,605,194,8,14,255,0,0,0,0,1272,18,139,7,16,1,0,-13,0,787,59,8,14,255,0,0,0,0,596,74,8,14,255,0,0,0,0,1058,243,8,14,255,0,0,0,0,546,23,139,6,16,1,0,0,0,526,24,139,6,16,1,0,0,0,832,25,139,9,16,1,0,0,0,973,73,8,14,255,0,0,0,0,611,229,8,14,255,0,0,0,0,570,195,8,14,255,0,0,0,0,883,199,8,14,255,0,0,0,0,623,129,0,14,2,6,227,0,0,0,137,0,14,2,6,154,0,0,0
94423000,129,1,2,0,1,1,0,0,32,1,0,85,8,14,255,0,0,0,0,1108,239,8,14,255,0,0,0,0,602,86,8,14,255,0,0,0,0,639,40,8,14,255,0,0,0,0,533,80,8,14,255,0,0,0,0,904,43,8,14,255,0,0,0,0,523,50,8,14,255,0,0,0,0,594,71,8,14,255,0,0,0,0,650,10,139,8,16,1,0,0,0,572,231,8,14,255,0,0,0,0,1245,12,139,8,16,1,0,-13,0,1059,237,8,14,255,0,0,0,0,1217,33,8,14,255,0,0,0,0,545,28,8,14,16,1,0,0,0,922,236,8,14,255,0,0,0,0,936,36,8,14,255,0,0,0,0,638,128,0,14,3,7,0,0,0,0,32,139,9,16,1,0,-13,0,605,194,8,14,255,0,0,0,0,1272,18,139,7,16,1,0,-13,0,787,59,8,14,255,0,0,0,0,596,74,8,14,255,0,0,0,0,1056,243,8,14,255,0,0,0,0,546,23,139,6,16,1,0,0,0,526,24,139,6,16,1,0,0,0,832,25,139,10,16,1,0,0,0,973,73,8,14,255,0,0,0,0,611,229,8,14,255,0,0,0,0,570,195,8,14,255,0,0,0,0,883,199,8,14,255,0,0,0,0,623,129,0,14,2,6,227,0,0,0,137,0,14,2,6,157,0,0,0
94424000,129,1,2,0,1,1,0,0,32,1,0,85,8,14,255,0,0,0,0,1108,239,8,14,255,0,0,0,0,602,86,8,14,255,0,0,0,0,639,40,8,14,255,0,0,0,0,533,80,8,14,255,0,0,0,0,904,43,8,14,255,0,0,0,0,523,50,8,14,255,0,0,0,0,594,71,8,14,255,0,0,0,0,650,10,139,8,16,1,0,0,0,572,231,8,14,255,0,0,0,0,1245,12,139,8,16,1,0,-13,0,1059,237,8,14,255,0,0,0,0,1217,33,8,14,255,0,0,0,0,545,28,8,14,16,1,0,0,0,922,236,8,14,255,0,0,0,0,937,36,8,14,255,0,0,0,0,638,128,0,14,3,7,0,0,0,0,32,139,9,16,1,0,-13,0,605,194,8,14,255,0,0,0,0,1272,18,139,7,16,1,0,-13,0,787,59,8,14,255,0,0,0,0,596,74,8,14,255,0,0,0,0,1056,243,8,14,255,0,0,0,0,547,23,139,6,16,1,0,0,0,526,24,139,6,16,1,0,0,0,832,25,139,10,16,1,0,0,0,973,73,8,14,255,0,0,0,0,611,229,8,14,255,0,0,0,0,570,195,8,14,255,0,0,0,0,883,199,8,14,255,0,0,0,0,623,129,0,14,2,6,227,0,0,0,137,0,14,2,6,160,0,0,0
94425000,129,1,2,0,1,1,0,0,32,1,0,85,8,14,255,0,0,0,0,1110,239,8,14,255,0,0,0,0,602,86,8,14,255,0,0,0,0,639,40,8,14,255,0,0,0,0,533,80,8,14,255,0,0,0,0,904,43,8,14,255,0,0,0,0,523,50,8,14,255,0,0,0,0,594,71,8,14,255,0,0,0,0,650,10,139,8,16,1,0,0,0,572,231,8,14,255,0,0,0,0,1245,12,139,8,16,1,0,-13,0,1059,237,8,14,255,0,0,0,0,1217,33,8,14,255,0,0,0,0,545,28,8,14,16,1,0,0,0,922,236,8,14,255,0,0,0,0,937,36,8,14,255,0,0,0,0,637,128,0,14,3,7,0,0,0,0,32,139,9,16,1,0,-13,0,605,194,8,14,255,0,0,0,0,1272,18,139,7,16,1,0,-13,0,787,59,8,14,255,0,0,0,0,596,74,8,14,255,0,0,0,0,1056,243,8,14,255,0,0,0,0,547,23,139,6,16,1,0,0,0,526,24,139,6,16,1,0,0,0,832,25,139,10,16,1,0,0,0,973,73,8,14,255,0,0,0,0,611,229,8,14,255,0,0,0,0,570,195,8,14,255,0,0,0,0,883,199,8,14,255,0,0,0,0,623,129,0,14,2,6,227,0,0,0,137,0,14,2,6,163,0,0,0
94426000,129,1,2,0,1,1,0,0,32,1,0,85,8,14,255,0,0,0,0,1110,239,8,14,255,0,0,0,0,602,86,8,14,255,0,0,0,0,639,40,8,14,255,0,0,0,0,533,80,8,14,255,0,0,0,0,904,43,8,14,255,0,0,0,0,523,50,8,14,255,0,0,0,0,594,71,8,14,255,0,0,0,0,650,10,139,8,16,1,0,0,0,571,231,8,14,255,0,0,0,0,1245,12,139,8,16,1,0,-13,0,1059,237,8,14,255,0,0,0,0,1217,33,8,14,255,0,0,0,0,545,28,8,14,16,1,0,0,0,922,236,8,14,255,0,0,0,0,937,36,8,14,255,0,0,0,0,637,128,0,14,3,7,0,0,0,0,32,139,9,16,1,0,-13,0,605,194,8,14,255,0,0,0,0,1272,18,139,7,16,1,0,-13,0,787,59,8,14,255,0,0,0,0,596,74,8,14,255,0,0,0,0,1056,243,8,14,255,0,0,0,0,547,23,139,6,16,1,0,0,0,526,24,139,6,16,1,0,0,0,833,25,139,10,16,1,0,0,0,973,73,8,14,255,0,0,0,0,611,229,8,14,255,0,0,0,0,570,195,8,14,255,0,0,0,0,883,199,8,14,255,0,0,0,0,623,129,0,14,2,6,227,0,0,0,137,0,14,2,6,166,0,0,0
94427000,129,1,2,0,1,1,0,0,32,1,0,85,8,14,255,0,0,0,0,1110,239,8,14,255,0,0,0,0,602,86,8,14,255,0,0,0,0,639,40,8,14,255,0,0,0,0,533,80,8,14,255,0,0,0,0,904,43,8,14,255,0,0,0,0,523,50,8,14,255,0,0,0,0,594,71,8,14,255,0,0,0,0,650,10,139,8,16,1,0,0,0,571,231,8,14,255,0,0,0,0,1271,12,139,8,16,1,0,-13,0,1059,237,8,14,255,0,0,0,0,1217,33,8,14,255,0,0,0,0,545,28,8,14,16,1,0,0,0,922,236,8,14,255,0,0,0,0,937,36,8,14,255,0,0,0,0,637,128,0,14,3,7,0,0,0,0,32,139,9,16,1,0,-13,0,605,194,8,14,255,0,0,0,0,1272,18,139,7,16,1,0,-13,0,787,59,8,14,255,0,0,0,0,596,74,8,14,255,0,0,0,0,1056,243,8,14,255,0,0,0,0,547,23,139,6,16,1,0,0,0,526,24,139,6,16,1,0,0,0,833,25,139,10,16,1,0,0,0,998,73,8,14,255,0,0,0,0,611,229,8,14,255,0,0,0,0,570,195,8,14,255,0,0,0,0,883,199,8,14,255,0,0,0,0,623,129,0,14,2,6,227,0,0,0,137,0,14,2,6,169,0,0,0
94428000,129,1,2,0,1,1,0,0,32,1,0,85,8,14,255,0,0,0,0,1110,239,8,14,255,0,0,0,0,602,86,8,14,255,0,0,0,0,639,40,8,14,255,0,0,0,0,556,80,8,14,255,0,0,0,0,904,43,8,14,255,0,0,0,0,523,50,8,14,255,0,0,0,0,594,71,8,14,255,0,0,0,0,650,10,139,8,16,1,0,0,0,571,231,8,14,255,0,0,0,0,1271,12,139,8,16,1,0,-13,0,1069,237,8,14,255,0,0,0,0,1217,33,8,14,255,0,0,0,0,545,28,8,14,16,1,0,0,0,922,236,8,14,255,0,0,0,0,937,36,8,14,255,0,0,0,0,637,128,0,14,3,7,0,0,0,0,32,139,9,16,1,0,-13,0,605,194,8,14,255,0,0,0,0,1287,18,139,7,16,1,0,-13,0,787,59,8,14,255,0,0,0,0,596,74,8,14,255,0,0,0,0,1056,243,8,14,255,0,0,0,0,547,23,139,6,16,1,0,0,0,526,24,139,6,16,1,0,0,0,833,25,139,10,16,1,0,0,0,998,73,8,14,255,0,0,0,0,611,229,8,14,255,0,0,0,0,570,195,8,14,255,0,0,0,0,883,199,8,14,255,0,0,0,0,623,129,0,14,2,6,227,0,0,0,137,0,14,2,6,172,0,0,0
94429000,129,1,2,0,1,1,0,0,33,1,0,85,8,14,255,0,0,0,0,1110,239,8,14,255,0,0,0,0,602,86,8,14,255,0,0,0,0,639,40,8,14,255,0,0,0,0,556,80,8,14,255,0,0,0,0,904,43,8,14,255,0,0,0,0,523,50,8,14,255,0,0,0,0,594,71,8,14,255,0,0,0,0,650,10,139,8,16,1,0,0,0,571,231,8,14,255,0,0,0,0,1271,12,139,8,16,1,0,-13,0,1069,237,8,14,255,0,0,0,0,1217,33,8,14,255,0,0,0,0,545,28,8,14,16,1,0,0,0,922,236,8,14,255,0,0,0,0,937,36,8,14,255,0,0,0,0,637,70,0,14,255,0,0,0,0,0,32,139,9,16,1,0,-13,0,605,194,8,14,255,0,0,0,0,1287,18,139,7,16,1,0,-13,0,810,59,8,14,255,0,0,0,0,596,74,8,14,255,0,0,0,0,1056,243,8,14,255,0,0,0,0,547,23,139,6,16,1,0,0,0,526,24,139,6,16,1,0,0,0,833,25,139,10,16,1,0,0,0,998,73,8,14,255,0,0,0,0,634,229,8,14,255,0,0,0,0,570,195,8,14,255,0,0,0,0,883,199,8,14,255,0,0,0,0,623,129,0,14,2,6,227,0,0,0,128,0,14,3,7,0,0,0,0
94430000,129,1,2,0,1,1,0,0,32,1,0,85,8,14,255,0,0,0,0,1110,239,8,14,255,0,0,0,0,602,86,8,14,255,0,0,0,0,639,40,8,14,255,0,0,0,0,556,80,8,14,255,0,0,0,0,921,43,8,14,255,0,0,0,0,523,50,8,14,255,0,0,0,0,594,71,8,14,255,0,0,0,0,650,10,139,8,16,1,0,0,0,571,231,8,14,255,0,0,0,0,1271,12,139,8,16,1,0,-13,0,1069,237,8,14,255,0,0,0,0,1217,33,8,14,255,0,0,0,0,563,28,8,14,16,1,0,0,0,922,236,8,14,255,0,0,0,0,937,36,8,14,255,0,0,0,0,637,128,0,14,3,7,0,0,0,0,32,139,9,16,1,0,-13,0,605,194,8,14,255,0,0,0,0,1287,18,139,7,16,1,0,-13,0,810,59,8,14,255,0,0,0,0,615,74,8,14,255,0,0,0,0,1056,243,8,14,255,0,0,0,0,547,23,139,6,16,1,0,0,0,526,24,139,6,16,1,0,0,0,833,25,139,10,16,1,0,0,0,998,73,8,14,255,0,0,0,0,634,229,8,14,255,0,0,0,0,578,195,8,14,255,0,0,0,0,883,199,8,14,255,0,0,0,0,623,129,0,14,2,6,227,0,0,0,137,0,14,2,6,178,0,0,0
94431000,129,1,2,0,1,1,0,0,32,1,0,85,8,14,255,0,0,0,0,1110,239,8,14,255,0,0,0,0,602,86,8,14,255,0,0,0,0,639,40,8,14,255,0,0,0,0,556,80,8,14,255,0,0,0,0,921,43,8,14,255,0,0,0,0,541,50,8,14,255,0,0,0,0,594,71,8,14,255,0,0,0,0,650,10,139,8,16,1,0,0,0,571,231,8,14,255,0,0,0,0,1271,12,139,8,16,1,0,-13,0,1069,237,8,14,255,0,0,0,0,1217,33,8,14,255,0,0,0,0,563,28,8,14,16,1,0,0,0,921,236,8,14,255,0,0,0,0,937,36,8,14,255,0,0,0,0,637,128,0,14,3,7,0,0,0,0,32,139,9,16,1,0,-13,0,605,194,8,14,255,0,0,0,0,1287,18,139,7,16,1,0,-13,0,810,59,8,14,255,0,0,0,0,615,74,8,14,255,0,0,0,0,1094,243,8,14,255,0,0,0,0,547,23,139,6,16,1,0,0,0,526,24,139,6,16,1,0,0,0,833,25,139,10,16,1,0,0,0,998,73,8,14,255,0,0,0,0,634,229,8,14,255,0,0,0,0,578,195,8,14,255,0,0,0,0,920,199,8,14,255,0,0,0,0,623,129,0,14,2,6,227,0,0,0,137,0,14,2,6,181,0,0,0
94432000,129,1,2,0,1,1,0,0,32,1,0,85,8,14,255,0,0,0,0,1110,239,8,14,255,0,0,0,0,602,86,8,14,255,0,0,0,0,639,40,8,14,255,0,0,0,0,556,80,8,14,255,0,0,0,0,921,43,8,14,255,0,0,0,0,541,50,8,14,255,0,0,0,0,619,71,8,14,255,0,0,0,0,650,10,139,8,16,1,0,0,0,571,231,8,14,255,0,0,0,0,1271,12,139,8,16,1,0,-13,0,1069,237,8,14,255,0,0,0,0,1217,33,8,14,255,0,0,0,0,563,28,8,14,16,1,0,0,0,921,236,8,14,255,0,0,0,0,974,36,8,14,255,0,0,0,0,637,128,0,14,3,7,0,0,0,0,32,139,9,16,1,0,-13,0,605,194,8,14,255,0,0,0,0,1287,18,139,7,16,1,0,-13,0,810,59,8,14,255,0,0,0,0,615,74,8,14,255,0,0,0,0,1094,243,8,14,255,0,0,0,0,561,23,139,6,16,1,0,0,0,526,24,139,6,16,1,0,0,0,833,25,139,10,16,1,0,0,0,998,73,8,14,255,0,0,0,0,634,229,8,14,255,0,0,0,0,578,195,8,14,255,0,0,0,0,920,199,8,14,255,0,0,0,0,650,129,0,14,2,6,227,0,0,0,137,0,14,2,6,184,0,0,0
94433000,129,1,2,0,1,1,0,0,32,1,0,85,8,14,255,0,0,0,0,1117,239,8,14,255,0,0,0,0,602,86,8,14,255,0,0,0,0,639,40,8,14,255,0,0,0,0,556,80,8,14,255,0,0,0,0,921,43,8,14,255,0,0,0,0,541,50,8,14,255,0,0,0,0,619,71,8,14,255,0,0,0,0,664,10,139,8,16,1,0,0,0,571,231,8,14,255,0,0,0,0,1271,12,139,8,16,1,0,-13,0,1069,237,8,14,255,0,0,0,0,1217,33,8,14,255,0,0,0,0,563,28,8,14,16,1,0,0,0,921,236,8,14,255,0,0,0,0,974,36,8,14,255,0,0,0,0,654,128,0,14,3,7,0,0,0,0,32,139,9,16,1,0,-13,0,605,194,8,14,255,0,0,0,0,1287,18,139,7,16,1,0,-13,0,810,59,8,14,255,0,0,0,0,615,74,8,14,255,0,0,0,0,1094,243,8,14,255,0,0,0,0,561,23,139,6,16,1,0,0,0,552,24,139,6,16,1,0,0,0,833,25,139,10,16,1,0,0,0,998,73,8,14,255,0,0,0,0,634,229,8,14,255,0,0,0,0,578,195,8,14,255,0,0,0,0,920,199,8,14,255,0,0,0,0,650,129,0,14,2,6,227,0,0,0,137,0,14,2,6,187,0,0,0
94434000,129,1,2,0,1,1,0,0,32,1,0,85,8,14,255,0,0,0,0,1117,239,8,14,255,0,0,0,0,634,86,8,14,255,0,0,0,0,639,40,8,14,255,0,0,0,0,556,80,8,14,255,0,0,0,0,921,43,8,14,255,0,0,0,0,541,50,8,14,255,0,0,0,0,619,71,8,14,255,0,0,0,0,664,10,139,8,16,1,0,0,0,589,231,8,14,255,0,0,0,0,1271,12,139,8,16,1,0,-13,0,1069,237,8,14,255,0,0,0,0,1217,33,8,14,255,0,0,0,0,563,28,8,14,16,1,0,0,0,921,236,8,14,255,0,0,0,0,974,36,8,14,255,0,0,0,0,654,128,0,14,3,7,0,0,0,0,32,139,9,16,1,0,-13,0,605,194,8,14,255,0,0,0,0,1287,18,139,7,16,1,0,-13,0,810,59,8,14,255,0,0,0,0,615,74,8,14,255,0,0,0,0,1094,243,8,14,255,0,0,0,0,561,23,139,6,16,1,0,0,0,552,24,139,6,16,1,0,0,0,856,25,139,10,16,1,0,0,0,998,73,8,14,255,0,0,0,0,634,229,8,14,255,0,0,0,0,578,195,8,14,255,0,0,0,0,920,199,8,14,255,0,0,0,0,650,129,0,14,2,6,227,0,0,0,137,0,14,2,6,187,0,0,0
94435000,129,1,2,0,1,1,0,0,32,1,0,85,8,14,255,0,0,0,0,1117,239,8,14,255,0,0,0,0,634,86,8,14,255,0,0,0,0,640,40,8,14,255,0,0,0,0,556,80,8,14,255,0,0,0,0,921,43,8,14,255,0,0,0,0,541,50,8,14,255,0,0,0,0,619,71,8,14,255,0,0,0,0,664,10,139,8,16,1,0,0,0,589,231,8,14,255,0,0,0,0,1270,12,139,8,16,1,0,-13,0,1069,237,8,14,255,0,0,0,0,1217,33,8,14,255,0,0,0,0,563,28,8,14,16,1,0,0,0,921,236,8,14,255,0,0,0,0,974,36,8,14,255,0,0,0,0,654,128,0,14,3,7,0,0,0,0,32,139,9,16,1,0,-13,0,605,194,8,14,255,0,0,0,0,1287,18,139,7,16,1,0,-13,0,810,59,8,14,255,0,0,0,0,615,74,8,14,255,0,0,0,0,1094,243,8,14,255,0,0,0,0,561,23,139,6,16,1,0,0,0,552,24,139,6,16,1,0,0,0,856,25,139,10,16,1,0,0,0,997,73,8,14,255,0,0,0,0,634,229,8,14,255,0,0,0,0,578,195,8,14,255,0,0,0,0,920,199,8,14,255,0,0,0,0,650,129,0,14,2,6,227,0,0,0,137,0,14,2,6,187,0,0,0
94436000,129,1,2,0,1,1,0,0,32,1,0,85,8,14,255,0,0,0,0,1117,239,8,14,255,0,0,0,0,634,86,8,14,255,0,0,0,0,640,40,8,14,255,0,0,0,0,556,80,8,14,255,0,0,0,0,921,43,8,14,255,0,0,0,0,541,50,8,14,255,0,0,0,0,619,71,8,14,255,0,0,0,0,664,10,139,8,16,1,0,0,0,589,231,8,14,255,0,0,0,0,1270,12,139,8,16,1,0,-13,0,1068,237,8,14,255,0,0,0,0,1217,33,8,14,255,0,0,0,0,563,28,8,14,16,1,0,0,0,921,236,8,14,255,0,0,0,0,974,36,8,14,255,0,0,0,0,654,128,0,14,3,7,0,0,0,0,32,139,9,16,1,0,-13,0,605,194,8,14,255,0,0,0,0,1287,18,139,7,16,1,0,-13,0,810,59,8,14,255,0,0,0,0,615,74,8,14,255,0,0,0,0,1094,243,8,14,255,0,0,0,0,561,23,139,6,16,1,0,0,0,552,24,139,6,16,1,0,0,0,856,25,139,10,16,1,0,0,0,997,73,8,14,255,0,0,0,0,634,229,8,14,255,0,0,0,0,578,195,8,14,255,0,0,0,0,920,199,8,14,255,0,0,0,0,650,129,0,14,2,6,227,0,0,0,137,0,14,2,6,187,0,0,0
94437000,129,1,2,0,1,1,0,0,32,1,0,85,8,14,255,0,0,0,0,1117,239,8,14,255,0,0,0,0,634,86,8,14,255,0,0,0,0,640,40,8,14,255,0,0,0,0,556,80,8,14,255,0,0,0,0,921,43,8,14,255,0,0,0,0,541,50,8,14,255,0,0,0,0,619,71,8,14,255,0,0,0,0,664,10,139,8,16,1,0,0,0,589,231,8,14,255,0,0,0,0,1270,12,139,8,16,1,0,-13,0,1068,237,8,14,255,0,0,0,0,1217,33,8,14,255,0,0,0,0,563,28,8,14,16,1,0,0,0,921,236,8,14,255,0,0,0,0,974,36,8,14,255,0,0,0,0,654,32,139,9,16,1,0,-13,0,605,194,8,14,255,0,0,0,0,1287,18,139,7,16,1,0,-13,0,810,59,8,14,255,0,0,0,0,615,74,8,14,255,0,0,0,0,1094,243,8,14,255,0,0,0,0,561,23,139,6,16,1,0,0,0,552,24,139,6,16,1,0,0,0,856,25,139,10,16,1,0,0,0,997,73,8,14,255,0,0,0,0,634,229,8,14,255,0,0,0,0,578,195,8,14,255,0,0,0,0,920,199,8,14,255,0,0,0,0,650,129,0,14,2,6,227,0,0,0,128,0,14,3,7,0,0,0,0,137,0,14,2,6,187,0,0,0
94438000,129,1,2,0,1,1,0,0,32,1,0,85,8,14,255,0,0,0,0,1117,239,8,14,255,0,0,0,0,634,86,8,14,255,0,0,0,0,640,40,8,14,255,0,0,0,0,556,80,8,14,255,0,0,0,0,921,43,8,14,255,0,0,0,0,541,50,8,14,255,0,0,0,0,619,71,8,14,255,0,0,0,0,664,10,139,8,16,1,0,0,0,589,231,8,14,255,0,0,0,0,1270,12,139,8,16,1,0,-13,0,1068,237,8,14,255,0,0,0,0,1217,33,8,14,255,0,0,0,0,563,28,0,14,16,1,0,0,0,0,236,8,14,255,0,0,0,0,974,36,8,14,255,0,0,0,0,654,222,8,14,255,0,0,0,0,643,32,139,9,16,1,0,-13,0,605,194,8,14,255,0,0,0,0,1287,18,139,7,16,1,0,-13,0,810,59,8,14,255,0,0,0,0,615,128,0,14,3,7,0,0,0,0,243,8,14,255,0,0,0,0,561,23,139,6,16,1,0,0,0,552,24,139,6,16,1,0,0,0,856,25,139,10,16,1,0,0,0,997,73,8,14,255,0,0,0,0,634,229,8,14,255,0,0,0,0,578,195,8,14,255,0,0,0,0,920,199,8,14,255,0,0,0,0,650,129,0,14,2,6,227,0,0,0,137,0,14,2,6,183,0,0,0
94439000,129,1,2,0,1,1,0,0,32,1,0,85,8,14,255,0,0,0,0,1117,239,8,14,255,0,0,0,0,634,86,8,14,255,0,0,0,0,640,40,8,14,255,0,0,0,0,556,80,8,14,255,0,0,0,0,921,43,8,14,255,0,0,0,0,541,50,8,14,255,0,0,0,0,619,71,8,14,255,0,0,0,0,664,10,139,8,16,1,0,0,0,589,231,8,14,255,0,0,0,0,1270,12,139,8,16,1,0,-13,0,1068,237,8,14,255,0,0,0,0,1217,33,8,14,255,0,0,0,0,563,28,8,14,16,1,0,0,0,920,236,8,14,255,0,0,0,0,974,36,8,14,255,0,0,0,0,654,222,8,14,255,0,0,0,0,643,32,139,9,16,1,0,-13,0,605,194,8,14,255,0,0,0,0,1287,18,139,7,16,1,0,-13,0,810,59,8,14,255,0,0,0,0,615,128,0,14,3,7,0,0,0,0,243,8,14,255,0,0,0,0,561,23,139,6,16,1,0,0,0,552,24,139,6,16,1,0,0,0,856,25,139,10,16,1,0,0,0,997,73,8,14,255,0,0,0,0,634,229,8,14,255,0,0,0,0,578,195,8,14,255,0,0,0,0,921,199,8,14,255,0,0,0,0,650,129,0,14,2,6,227,0,0,0,137,0,14,2,6,186,0,0,0
94440000,129,1,2,0,1,1,0,0,32,1,0,85,8,14,255,0,0,0,0,1117,239,8,14,255,0,0,0,0,634,74,8,14,255,0,0,0,0,1092,40,8,14,255,0,0,0,0,556,80,8,14,255,0,0,0,0,921,43,8,14,255,0,0,0,0,541,50,8,14,255,0,0,0,0,619,71,8,14,255,0,0,0,0,664,10,139,8,16,1,0,0,0,589,231,8,14,255,0,0,0,0,1270,12,139,8,16,1,0,-13,0,1068,237,8,14,255,0,0,0,0,1217,33,8,14,255,0,0,0,0,563,28,8,14,16,1,0,0,0,920,236,8,14,255,0,0,0,0,975,36,8,14,255,0,0,0,0,654,222,8,14,255,0,0,0,0,643,32,139,9,16,1,0,-13,0,605,194,8,14,255,0,0,0,0,1287,18,139,7,16,1,0,-13,0,810,59,8,14,255,0,0,0,0,615,128,0,14,3,7,0,0,0,0,243,8,14,255,0,0,0,0,561,23,139,6,16,1,0,0,0,552,24,139,6,16,1,0,0,0,856,25,139,10,16,1,0,0,0,997,73,8,14,255,0,0,0,0,634,229,8,14,255,0,0,0,0,578,195,8,14,255,0,0,0,0,921,199,8,14,255,0,0,0,0,650,129,0,14,2,6,223,0,0,0,137,0,14,2,6,182,0,0,0
94441000,129,1,2,0,1,1,0,0,32,1,0,85,8,14,255,0,0,0,0,1119,239,8,14,255,0,0,0,0,634,74,8,14,255,0,0,0,0,1092,40,8,14,255,0,0,0,0,556,80,8,14,255,0,0,0,0,921,43,8,14,255,0,0,0,0,541,50,8,14,255,0,0,0,0,619,71,8,14,255,0,0,0,0,665,10,139,8,16,1,0,0,0,589,231,8,14,255,0,0,0,0,1270,12,139,8,16,1,0,-13,0,1068,237,8,14,255,0,0,0,0,1217,33,8,14,255,0,0,0,0,563,28,8,14,16,1,0,0,0,920,236,8,14,255,0,0,0,0,975,36,8,14,255,0,0,0,0,654,222,8,14,255,0,0,0,0,643,32,139,9,16,1,0,-13,0,605,194,8,14,255,0,0,0,0,1287,18,139,7,16,1,0,-13,0,810,59,8,14,255,0,0,0,0,615,128,0,14,3,7,0,0,0,0,243,8,14,255,0,0,0,0,561,23,139,6,16,1,0,0,0,552,24,139,6,16,1,0,0,0,856,25,139,10,16,1,0,0,0,997,73,8,14,255,0,0,0,0,634,229,8,14,255,0,0,0,0,578,195,8,14,255,0,0,0,0,921,199,8,14,255,0,0,0,0,650,129,0,14,2,6,227,0,0,0,137,0,14,2,6,185,0,0,0
94442000,129,1,2,0,1,1,0,0,32,1,0,85,8,14,255,0,0,0,0,1119,239,8,14,255,0,0,0,0,635,74,8,14,255,0,0,0,0,1092,40,8,14,255,0,0,0,0,556,80,8,14,255,0,0,0,0,921,43,8,14,255,0,0,0,0,541,50,8,14,255,0,0,0,0,619,71,8,14,255,0,0,0,0,665,10,139,8,16,1,0,0,0,589,231,8,14,255,0,0,0,0,1270,12,139,8,16,1,0,-13,0,1068,237,8,14,255,0,0,0,0,1217,33,8,14,255,0,0,0,0,563,28,8,14,16,1,0,0,0,920,236,8,14,255,0,0,0,0,975,36,8,14,255,0,0,0,0,654,86,8,14,255,0,0,0,0,640,32,139,9,16,1,0,-13,0,605,194,8,14,255,0,0,0,0,1287,18,139,7,16,1,0,-13,0,810,59,8,14,255,0,0,0,0,615,128,0,14,3,7,0,0,0,0,243,8,14,255,0,0,0,0,561,23,139,6,16,1,0,0,0,552,24,139,6,16,1,0,0,0,857,25,139,10,16,1,0,0,0,997,73,8,14,255,0,0,0,0,634,229,8,14,255,0,0,0,0,578,195,8,14,255,0,0,0,0,921,199,8,14,255,0,0,0,0,650,129,0,14,2,6,227,0,0,0,137,0,14,2,6,187,0,0,0
94443000,129,1,2,0,1,1,0,0,33,1,0,85,8,14,255,0,0,0,0,1119,239,8,14,255,0,0,0,0,635,74,8,14,255,0,0,0,0,1091,40,8,14,255,0,0,0,0,556,80,8,14,255,0,0,0,0,921,43,8,14,255,0,0,0,0,541,50,8,14,255,0,0,0,0,619,71,8,14,255,0,0,0,0,665,10,139,8,16,1,0,0,0,589,231,8,14,255,0,0,0,0,1269,12,139,8,16,1,0,-13,0,1068,237,8,14,255,0,0,0,0,1217,33,8,14,255,0,0,0,0,563,28,8,14,16,1,0,0,0,920,236,8,14,255,0,0,0,0,975,36,8,14,255,0,0,0,0,654,86,8,14,255,0,0,0,0,640,32,139,9,16,1,0,-13,0,605,194,8,14,255,0,0,0,0,1287,18,139,7,16,1,0,-13,0,810,59,8,14,255,0,0,0,0,615,222,8,14,255,0,0,0,0,642,243,8,14,255,0,0,0,0,561,23,139,6,16,1,0,0,0,552,24,139,6,16,1,0,0,0,857,25,139,10,16,1,0,0,0,996,73,8,14,255,0,0,0,0,634,229,8,14,255,0,0,0,0,578,195,8,14,255,0,0,0,0,921,199,8,14,255,0,0,0,0,650,129,0,14,2,6,227,0,0,0,128,0,14,3,7,0,0,0,0
94444000,129,1,2,0,1,1,0,0,32,1,0,85,8,14,255,0,0,0,0,1119,239,8,14,255,0,0,0,0,635,74,8,14,255,0,0,0,0,1091,40,8,14,255,0,0,0,0,556,80,8,14,255,0,0,0,0,921,43,8,14,255,0,0,0,0,541,50,8,14,255,0,0,0,0,619,71,8,14,255,0,0,0,0,665,10,139,8,16,1,0,0,0,589,231,8,14,255,0,0,0,0,1269,12,139,8,16,1,0,-13,0,1068,237,8,14,255,0,0,0,0,1217,33,8,14,255,0,0,0,0,563,28,8,14,16,1,0,0,0,920,236,8,14,255,0,0,0,0,975,36,8,14,255,0,0,0,0,654,86,8,14,255,0,0,0,0,640,32,139,9,16,1,0,-13,0,605,194,8,14,255,0,0,0,0,1286,18,139,7,16,1,0,-13,0,810,59,8,14,255,0,0,0,0,615,128,0,14,3,7,0,0,0,0,243,8,14,255,0,0,0,0,561,23,139,6,16,1,0,0,0,552,24,139,6,16,1,0,0,0,857,25,139,10,16,1,0,0,0,996,73,8,14,255,0,0,0,0,634,229,8,14,255,0,0,0,0,578,195,8,14,255,0,0,0,0,921,199,8,14,255,0,0,0,0,650,129,0,14,2,6,227,0,0,0,137,0,14,2,6,187,0,0,0
94445000,129,1,2,0,1,1,0,0,32,1,0,85,8,14,255,0,0,0,0,1119,239,8,14,255,0,0,0,0,635,74,8,14,255,0,0,0,0,1091,40,8,14,255,0,0,0,0,556,80,8,14,255,0,0,0,0,921,43,8,14,255,0,0,0,0,541,50,8,14,255,0,0,0,0,619,71,8,14,255,0,0,0,0,665,10,139,8,16,1,0,0,0,589,231,8,14,255,0,0,0,0,1269,12,139,8,16,1,0,-13,0,1068,237,8,14,255,0,0,0,0,1216,33,8,14,255,0,0,0,0,563,28,8,14,16,1,0,0,0,920,236,8,14,255,0,0,0,0,975,36,8,14,255,0,0,0,0,654,86,8,14,255,0,0,0,0,640,32,139,9,16,1,0,-13,0,605,194,8,14,255,0,0,0,0,1286,18,139,7,16,1,0,-13,0,811,59,8,14,255,0,0,0,0,615,128,0,14,3,7,0,0,0,0,243,8,14,255,0,0,0,0,561,23,139,6,16,1,0,0,0,552,24,139,6,16,1,0,0,0,857,25,139,10,16,1,0,0,0,996,73,8,14,255,0,0,0,0,633,229,8,14,255,0,0,0,0,578,195,8,14,255,0,0,0,0,921,199,8,14,255,0,0,0,0,650,129,0,14,2,6,227,0,0,0,137,0,14,2,6,187,0,0,0
94446000,129,1,2,0,1,1,0,0,33,1,0,85,8,14,255,0,0,0,0,1119,239,8,14,255,0,0,0,0,635,74,8,14,255,0,0,0,0,1091,40,8,14,255,0,0,0,0,556,80,8,14,255,0,0,0,0,922,43,8,14,255,0,0,0,0,541,50,8,14,255,0,0,0,0,619,71,8,14,255,0,0,0,0,665,10,139,8,16,1,0,0,0,589,231,8,14,255,0,0,0,0,1269,12,139,8,16,1,0,-13,0,1068,237,8,14,255,0,0,0,0,1216,33,8,14,255,0,0,0,0,562,28,8,14,16,1,0,0,0,920,236,8,14,255,0,0,0,0,975,36,8,14,255,0,0,0,0,654,86,8,14,255,0,0,0,0,640,32,139,9,16,1,0,-13,0,605,194,8,14,255,0,0,0,0,1286,18,139,7,16,1,0,-13,0,811,59,8,14,255,0,0,0,0,614,222,8,14,255,0,0,0,0,642,243,8,14,255,0,0,0,0,561,23,139,6,16,1,0,0,0,552,24,139,6,16,1,0,0,0,857,25,139,10,16,1,0,0,0,996,73,8,14,255,0,0,0,0,633,229,8,14,255,0,0,0,0,578,195,8,14,255,0,0,0,0,921,199,8,14,255,0,0,0,0,650,129,0,14,2,6,223,0,0,0,128,0,14,3,7,0,0,0,0
94447000,129,1,2,0,1,1,0,0,33,1,0,85,8,14,255,0,0,0,0,1119,239,8,14,255,0,0,0,0,635,74,8,14,255,0,0,0,0,1091,40,8,14,255,0,0,0,0,556,80,8,14,255,0,0,0,0,922,43,8,14,255,0,0,0,0,541,50,8,14,255,0,0,0,0,619,71,8,14,255,0,0,0,0,665,10,139,8,16,1,0,0,0,589,231,8,14,255,0,0,0,0,1269,12,139,8,16,1,0,-13,0,1068,237,8,14,255,0,0,0,0,1216,33,8,14,255,0,0,0,0,562,28,8,14,16,1,0,0,0,919,236,8,14,255,0,0,0,0,975,36,8,14,255,0,0,0,0,654,86,8,14,255,0,0,0,0,640,32,139,9,16,1,0,-13,0,605,194,8,14,255,0,0,0,0,1286,18,139,7,16,1,0,-13,0,811,59,8,14,255,0,0,0,0,614,222,8,14,255,0,0,0,0,642,243,8,14,255,0,0,0,0,561,23,139,6,16,1,0,0,0,552,24,139,6,16,1,0,0,0,857,25,139,10,16,1,0,0,0,996,73,8,14,255,0,0,0,0,633,229,8,14,255,0,0,0,0,578,195,8,14,255,0,0,0,0,921,199,8,14,255,0,0,0,0,650,129,0,14,2,6,227,0,0,0,128,0,14,3,7,0,0,0,0
94448000,129,1,2,0,1,1,0,0,32,1,0,85,8,14,255,0,0,0,0,1119,239,8,14,255,0,0,0,0,635,74,8,14,255,0,0,0,0,1091,40,8,14,255,0,0,0,0,556,80,8,14,255,0,0,0,0,922,43,8,14,255,0,0,0,0,541,50,8,14,255,0,0,0,0,618,71,8,14,255,0,0,0,0,665,10,139,8,16,1,0,0,0,589,231,8,14,255,0,0,0,0,1269,12,139,8,16,1,0,-13,0,1068,237,8,14,255,0,0,0,0,1216,33,8,14,255,0,0,0,0,562,28,8,14,16,1,0,0,0,919,236,8,14,255,0,0,0,0,976,36,8,14,255,0,0,0,0,654,86,8,14,255,0,0,0,0,640,32,139,9,16,1,0,-13,0,605,194,8,14,255,0,0,0,0,1286,18,139,7,16,1,0,-13,0,811,59,8,14,255,0,0,0,0,614,128,0,14,3,7,0,0,0,0,243,8,14,255,0,0,0,0,561,23,139,6,16,1,0,0,0,552,24,139,6,16,1,0,0,0,857,25,139,10,16,1,0,0,0,996,73,8,14,255,0,0,0,0,633,229,8,14,255,0,0,0,0,578,195,8,14,255,0,0,0,0,921,199,8,14,255,0,0,0,0,650,129,0,14,2,6,227,0,0,0,137,0,14,2,6,187,0,0,0
94449000,129,1,2,0,1,1,0,0,32,1,0,85,8,14,255,0,0,0,0,1121,239,8,14,255,0,0,0,0,635,74,8,14,255,0,0,0,0,1091,40,8,14,255,0,0,0,0,556,80,8,14,255,0,0,0,0,922,43,8,14,255,0,0,0,0,541,50,8,14,255,0,0,0,0,618,71,8,14,255,0,0,0,0,665,10,139,8,16,1,0,0,0,589,231,8,14,255,0,0,0,0,1269,12,139,8,16,1,0,-13,0,1068,237,8,14,255,0,0,0,0,1216,33,8,14,255,0,0,0,0,562,28,8,14,16,1,0,0,0,919,236,8,14,255,0,0,0,0,976,36,8,14,255,0,0,0,0,654,86,8,14,255,0,0,0,0,640,32,139,9,16,1,0,2,0,605,194,8,14,255,0,0,0,0,1286,18,139,7,16,1,0,-13,0,811,59,8,14,255,0,0,0,0,614,128,0,14,3,7,0,0,0,0,243,8,14,255,0,0,0,0,561,23,139,6,16,1,0,0,0,552,24,139,6,16,1,0,0,0,857,25,139,10,16,1,0,0,0,996,73,8,14,255,0,0,0,0,633,229,8,14,255,0,0,0,0,578,195,8,14,255,0,0,0,0,921,199,8,14,255,0,0,0,0,650,129,0,14,2,6,227,0,0,0,137,0,14,2,6,187,0,0,0
94450000,129,1,2,0,1,1,0,0,32,1,0,85,8,14,255,0,0,0,0,1121,239,8,14,255,0,0,0,0,635,74,8,14,255,0,0,0,0,1091,40,8,14,255,0,0,0,0,556,80,8,14,255,0,0,0,0,922,43,8,14,255,0,0,0,0,541,50,8,14,255,0,0,0,0,618,71,8,14,255,0,0,0,0,665,10,139,8,16,1,0,0,0,589,231,8,14,255,0,0,0,0,1269,12,139,8,16,1,0,-13,0,1068,237,8,14,255,0,0,0,0,1216,33,8,14,255,0,0,0,0,562,28,8,14,16,1,0,0,0,919,236,8,14,255,0,0,0,0,976,36,8,14,255,0,0,0,0,654,86,8,14,255,0,0,0,0,640,32,139,9,16,1,0,4,0,605,194,8,14,255,0,0,0,0,1286,18,139,7,16,1,0,-13,0,811,59,8,14,255,0,0,0,0,614,128,0,14,3,7,0,0,0,0,243,8,14,255,0,0,0,0,561,23,139,6,16,1,0,0,0,552,24,139,6,16,1,0,0,0,858,25,139,10,16,1,0,0,0,996,73,8,14,255,0,0,0,0,633,229,8,14,255,0,0,0,0,578,195,8,14,255,0,0,0,0,921,199,8,14,255,0,0,0,0,650,129,0,14,2,6,227,0,0,0,137,0,14,2,6,187,0,0,0
94451000,129,1,2,0,1,1,0,0,32,1,0,85,8,14,255,0,0,0,0,1121,239,8,14,255,0,0,0,0,635,74,8,14,255,0,0,0,0,1089,40,8,14,255,0,0,0,0,556,80,8,14,255,0,0,0,0,922,43,8,14,255,0,0,0,0,541,50,8,14,255,0,0,0,0,618,71,8,14,255,0,0,0,0,665,10,139,8,16,1,0,0,0,589,231,8,14,255,0,0,0,0,1267,12,139,8,16,1,0,-13,0,1068,237,8,14,255,0,0,0,0,1216,33,8,14,255,0,0,0,0,562,28,8,14,16,1,0,0,0,919,236,8,14,255,0,0,0,0,976,36,8,14,255,0,0,0,0,654,86,8,14,255,0,0,0,0,640,32,139,9,16,1,0,6,0,605,194,8,14,255,0,0,0,0,1286,18,139,7,16,1,0,-13,0,811,59,8,14,255,0,0,0,0,614,128,0,14,3,7,0,0,0,0,243,8,14,255,0,0,0,0,561,23,139,6,16,1,0,0,0,552,24,139,6,16,1,0,0,0,858,25,139,10,16,1,0,0,0,995,73,8,14,255,0,0,0,0,633,229,8,14,255,0,0,0,0,578,195,8,14,255,0,0,0,0,921,199,8,14,255,0,0,0,0,650,129,0,14,2,6,227,0,0,0,137,0,14,2,6,187,0,0,0
94452000,129,1,2,0,1,1,0,0,32,1,0,85,8,14,255,0,0,0,0,1121,239,8,14,255,0,0,0,0,635,74,8,14,255,0,0,0,0,1089,40,8,14,255,0,0,0,0,556,80,8,14,255,0,0,0,0,922,43,8,14,255,0,0,0,0,541,50,8,14,255,0,0,0,0,618,71,8,14,255,0,0,0,0,665,10,139,8,16,1,0,0,0,589,231,8,14,255,0,0,0,0,1267,12,139,8,16,1,0,-13,0,1083,237,8,14,255,0,0,0,0,1216,33,8,14,255,0,0,0,0,562,28,8,14,16,1,0,0,0,919,236,8,14,255,0,0,0,0,976,36,8,14,255,0,0,0,0,654,86,8,14,255,0,0,0,0,640,32,139,9,16,1,0,8,0,605,194,8,14,255,0,0,0,0,1302,18,139,7,16,1,0,-13,0,811,59,8,14,255,0,0,0,0,614,128,0,14,3,7,0,0,0,0,243,8,14,255,0,0,0,0,561,23,139,6,16,1,0,0,0,552,24,139,6,16,1,0,0,0,858,25,139,10,16,1,0,0,0,995,73,8,14,255,0,0,0,0,633,229,8,14,255,0,0,0,0,578,195,8,14,255,0,0,0,0,921,199,8,14,255,0,0,0,0,650,129,0,14,2,6,227,0,0,0,137,0,14,2,6,187,0,0,0
94453000,129,1,2,0,1,1,0,0,32,1,0,85,8,14,255,0,0,0,0,1121,239,8,14,255,0,0,0,0,635,74,8,14,255,0,0,0,0,1089,40,8,14,255,0,0,0,0,556,80,8,14,255,0,0,0,0,922,43,8,14,255,0,0,0,0,541,50,8,14,255,0,0,0,0,618,71,8,14,255,0,0,0,0,665,10,139,8,16,1,0,0,0,589,231,8,14,255,0,0,0,0,1267,12,139,8,16,1,0,-13,0,1083,237,8,14,255,0,0,0,0,1238,33,8,14,255,0,0,0,0,562,28,8,14,16,1,0,0,0,919,236,8,14,255,0,0,0,0,976,36,8,14,255,0,0,0,0,654,86,8,14,255,0,0,0,0,640,32,139,9,16,1,0,10,0,605,194,8,14,255,0,0,0,0,1302,18,139,7,16,1,0,-13,0,812,59,8,14,255,0,0,0,0,614,128,0,14,3,7,0,0,0,0,243,8,14,255,0,0,0,0,561,23,139,6,16,1,0,0,0,552,24,139,6,16,1,0,0,0,858,25,139,10,16,1,0,0,0,995,73,8,14,255,0,0,0,0,635,229,8,14,255,0,0,0,0,578,195,8,14,255,0,0,0,0,921,199,8,14,255,0,0,0,0,650,129,0,14,2,6,227,0,0,0,137,0,14,2,6,187,0,0,0
94454000,129,1,2,0,1,1,0,0,32,1,0,85,8,14,255,0,0,0,0,1121,239,8,14,255,0,0,0,0,635,74,8,14,255,0,0,0,0,1089,40,8,14,255,0,0,0,0,556,80,8,14,255,0,0,0,0,935,43,8,14,255,0,0,0,0,541,50,8,14,255,0,0,0,0,618,71,8,14,255,0,0,0,0,665,10,139,8,16,1,0,0,0,589,231,8,14,255,0,0,0,0,1267,12,139,8,16,1,0,-13,0,1083,237,8,14,255,0,0,0,0,1238,33,8,14,255,0,0,0,0,562,28,8,14,16,1,0,0,0,919,236,8,14,255,0,0,0,0,976,36,8,14,255,0,0,0,0,654,86,8,14,255,0,0,0,0,640,32,139,9,16,1,0,12,0,605,194,8,14,255,0,0,0,0,1302,18,139,7,16,1,0,-13,0,812,59,8,14,255,0,0,0,0,614,243,8,14,255,0,0,0,0,561,23,139,6,16,1,0,0,0,552,24,139,6,16,1,0,0,0,858,25,139,10,16,1,0,0,0,995,73,8,14,255,0,0,0,0,635,229,8,14,255,0,0,0,0,578,195,8,14,255,0,0,0,0,921,199,8,14,255,0,0,0,0,650,129,0,14,2,6,227,0,0,0,128,0,14,3,7,0,0,0,0,137,0,14,2,6,187,0,0,0
94455000,129,1,2,0,1,1,0,0,33,1,0,85,8,14,255,0,0,0,0,1121,239,8,14,255,0,0,0,0,635,74,8,14,255,0,0,0,0,1089,40,8,14,255,0,0,0,0,556,80,8,14,255,0,0,0,0,935,43,8,14,255,0,0,0,0,541,50,8,14,255,0,0,0,0,618,71,8,14,255,0,0,0,0,665,10,139,8,16,1,0,0,0,589,231,8,14,255,0,0,0,0,1267,12,139,8,16,1,0,-13,0,1083,237,8,14,255,0,0,0,0,1238,33,8,14,255,0,0,0,0,562,28,8,14,16,1,0,0,0,918,236,8,14,255,0,0,0,0,976,36,8,14,255,0,0,0,0,654,86,8,14,255,0,0,0,0,640,32,139,9,16,1,0,0,0,605,194,8,14,255,0,0,0,0,1302,18,139,7,16,1,0,-13,0,812,59,8,14,255,0,0,0,0,614,222,8,14,255,0,0,0,0,642,243,8,14,255,0,0,0,0,561,23,139,6,16,1,0,0,0,552,24,139,6,16,1,0,0,0,858,25,139,10,16,1,0,0,0,995,73,8,14,255,0,0,0,0,635,229,8,14,255,0,0,0,0,578,195,8,14,255,0,0,0,0,922,199,8,14,255,0,0,0,0,650,129,0,14,2,6,227,0,0,0,128,0,14,3,7,0,0,0,0
94456000,129,1,2,0,1,1,0,0,33,1,0,85,8,14,255,0,0,0,0,1121,239,8,14,255,0,0,0,0,635,74,8,14,255,0,0,0,0,1089,40,8,14,255,0,0,0,0,556,80,8,14,255,0,0,0,0,935,43,8,14,255,0,0,0,0,541,50,8,14,255,0,0,0,0,619,71,8,14,255,0,0,0,0,665,10,139,8,16,1,0,0,0,589,231,8,14,255,0,0,0,0,1267,12,139,8,16,1,0,-13,0,1083,237,8,14,255,0,0,0,0,1238,33,8,14,255,0,0,0,0,562,28,8,14,16,1,0,0,0,918,236,8,14,255,0,0,0,0,977,36,8,14,255,0,0,0,0,654,86,8,14,255,0,0,0,0,640,32,139,9,16,1,0,0,0,605,194,8,14,255,0,0,0,0,1302,18,139,7,16,1,0,-13,0,812,59,8,14,255,0,0,0,0,614,222,8,14,255,0,0,0,0,642,243,8,14,255,0,0,0,0,561,23,139,6,16,1,0,0,0,552,24,139,6,16,1,0,0,0,858,25,139,10,16,1,0,0,0,995,73,8,14,255,0,0,0,0,635,229,8,14,255,0,0,0,0,578,195,8,14,255,0,0,0,0,922,199,8,14,255,0,0,0,0,651,129,0,14,2,6,227,0,0,0,128,0,14,3,7,0,0,0,0
94457000,129,1,2,0,1,1,0,0,33,1,0,85,8,14,255,0,0,0,0,1123,239,8,14,255,0,0,0,0,635,74,8,14,255,0,0,0,0,1089,40,8,14,255,0,0,0,0,556,80,8,14,255,0,0,0,0,935,43,8,14,255,0,0,0,0,541,50,8,14,255,0,0,0,0,619,71,8,14,255,0,0,0,0,665,10,139,8,16,1,0,0,0,589,231,8,14,255,0,0,0,0,1267,12,139,8,16,1,0,-13,0,1083,237,8,14,255,0,0,0,0,1238,33,8,14,255,0,0,0,0,562,28,8,14,16,1,0,0,0,918,236,8,14,255,0,0,0,0,977,36,8,14,255,0,0,0,0,654,86,8,14,255,0,0,0,0,640,32,139,9,16,1,0,0,0,605,194,8,14,255,0,0,0,0,1302,18,139,7,16,1,0,-13,0,812,59,8,14,255,0,0,0,0,614,222,8,14,255,0,0,0,0,642,243,8,14,255,0,0,0,0,561,23,139,6,16,1,0,0,0,552,24,139,6,16,1,0,0,0,858,25,139,10,16,1,0,0,0,995,73,8,14,255,0,0,0,0,635,229,8,14,255,0,0,0,0,578,195,8,14,255,0,0,0,0,922,199,8,14,255,0,0,0,0,651,129,0,14,2,6,227,0,0,0,128,0,14,3,7,0,0,0,0
94458000,129,1,2,0,1,1,0,0,33,1,0,85,8,14,255,0,0,0,0,1123,239,8,14,255,0,0,0,0,635,74,8,14,255,0,0,0,0,1089,40,8,14,255,0,0,0,0,556,80,8,14,255,0,0,0,0,935,43,8,14,255,0,0,0,0,541,50,8,14,255,0,0,0,0,619,71,8,14,255,0,0,0,0,665,10,139,8,16,1,0,0,0,588,231,8,14,255,0,0,0,0,1267,12,139,8,16,1,0,-13,0,1083,237,8,14,255,0,0,0,0,1238,33,8,14,255,0,0,0,0,562,28,8,14,16,1,0,0,0,918,236,8,14,255,0,0,0,0,977,36,8,14,255,0,0,0,0,654,86,8,14,255,0,0,0,0,641,32,139,9,16,1,0,0,0,605,194,8,14,255,0,0,0,0,1302,18,139,7,16,1,0,-13,0,812,59,8,14,255,0,0,0,0,614,222,8,14,255,0,0,0,0,642,243,8,14,255,0,0,0,0,561,23,139,6,16,1,0,0,0,552,24,139,6,16,1,0,0,0,867,25,139,10,16,1,0,0,0,995,73,8,14,255,0,0,0,0,635,229,8,14,255,0,0,0,0,578,195,8,14,255,0,0,0,0,922,199,8,14,255,0,0,0,0,651,129,0,14,2,6,223,0,0,0,128,0,14,3,7,0,0,0,0
94459000,129,1,2,0,1,1,0,0,32,1,0,85,8,14,255,0,0,0,0,1123,239,8,14,255,0,0,0,0,635,74,8,14,255,0,0,0,0,1087,40,8,14,255,0,0,0,0,556,80,8,14,255,0,0,0,0,935,43,8,14,255,0,0,0,0,541,50,8,14,255,0,0,0,0,619,71,8,14,255,0,0,0,0,665,10,139,8,16,1,0,0,0,588,231,8,14,255,0,0,0,0,1276,12,139,8,16,1,0,-13,0,1083,128,0,14,3,7,0,0,0,0,33,8,14,255,0,0,0,0,562,28,8,14,16,1,0,0,0,918,236,8,14,255,0,0,0,0,977,36,8,14,255,0,0,0,0,654,86,8,14,255,0,0,0,0,641,32,139,9,16,1,0,0,0,605,194,8,14,255,0,0,0,0,1302,18,139,7,16,1,0,-13,0,812,59,8,14,255,0,0,0,0,614,222,8,14,255,0,0,0,0,642,243,8,14,255,0,0,0,0,561,23,139,6,16,1,0,0,0,552,24,139,6,16,1,0,0,0,867,25,139,10,16,1,0,0,0,1001,73,8,14,255,0,0,0,0,635,229,8,14,255,0,0,0,0,578,195,8,14,255,0,0,0,0,922,199,8,14,255,0,0,0,0,651,129,0,14,2,6,227,0,0,0,137,0,14,2,6,182,0,0,0
94460000,129,1,2,0,1,1,0,0,32,1,0,85,8,14,255,0,0,0,0,1123,239,8,14,255,0,0,0,0,635,74,8,14,255,0,0,0,0,1087,40,8,14,255,0,0,0,0,556,80,8,14,255,0,0,0,0,935,43,8,14,255,0,0,0,0,541,50,8,14,255,0,0,0,0,619,71,8,14,255,0,0,0,0,665,10,139,8,16,1,0,0,0,588,231,8,14,255,0,0,0,0,1276,12,139,8,16,1,0,-13,0,1082,128,0,14,3,7,0,0,0,0,33,8,14,255,0,0,0,0,562,28,8,14,16,1,0,0,0,918,236,8,14,255,0,0,0,0,977,36,8,14,255,0,0,0,0,654,86,8,14,255,0,0,0,0,641,32,139,9,16,1,0,0,0,605,194,8,14,255,0,0,0,0,1301,18,139,7,16,1,0,-13,0,812,59,8,14,255,0,0,0,0,614,222,8,14,255,0,0,0,0,642,243,8,14,255,0,0,0,0,561,23,139,6,16,1,0,0,0,552,24,139,6,16,1,0,0,0,867,25,139,10,16,1,0,0,0,1001,73,8,14,255,0,0,0,0,635,229,8,14,255,0,0,0,0,578,195,8,14,255,0,0,0,0,922,199,8,14,255,0,0,0,0,651,129,0,14,2,6,227,0,0,0,137,0,14,2,6,185,0,0,0
94461000,129,1,2,0,1,1,0,0,32,1,0,85,8,14,255,0,0,0,0,1123,239,8,14,255,0,0,0,0,635,74,8,14,255,0,0,0,0,1087,40,8,14,255,0,0,0,0,556,80,8,14,255,0,0,0,0,935,43,8,14,255,0,0,0,0,541,50,8,14,255,0,0,0,0,619,71,8,14,255,0,0,0,0,665,10,139,8,16,1,0,0,0,588,231,8,14,255,0,0,0,0,1276,12,139,8,16,1,0,-13,0,1082,128,0,14,3,7,0,0,0,0,33,8,14,255,0,0,0,0,562,28,8,14,16,1,0,0,0,918,236,8,14,255,0,0,0,0,977,36,8,14,255,0,0,0,0,654,86,8,14,255,0,0,0,0,641,32,139,9,16,1,0,0,0,605,194,8,14,255,0,0,0,0,1301,18,139,7,16,1,0,-13,0,813,59,8,14,255,0,0,0,0,614,222,8,14,255,0,0,0,0,642,243,8,14,255,0,0,0,0,561,23,139,6,16,1,0,0,0,552,24,139,6,16,1,0,0,0,867,25,139,10,16,1,0,0,0,1001,73,8,14,255,0,0,0,0,635,229,8,14,255,0,0,0,0,578,195,8,14,255,0,0,0,0,922,199,8,14,255,0,0,0,0,651,129,0,14,2,6,227,0,0,0,137,0,14,2,6,187,0,0,0
94462000,129,1,2,0,1,1,0,0,32,1,0,85,8,14,255,0,0,0,0,1123,239,8,14,255,0,0,0,0,635,74,8,14,255,0,0,0,0,1087,40,8,14,255,0,0,0,0,556,80,8,14,255,0,0,0,0,935,43,8,14,255,0,0,0,0,541,50,8,14,255,0,0,0,0,619,71,8,14,255,0,0,0,0,665,10,139,8,16,1,0,0,0,588,231,8,14,255,0,0,0,0,1276,12,139,8,16,1,0,-13,0,1082,128,0,14,3,7,0,0,0,0,33,8,14,255,0,0,0,0,562,28,8,14,16,1,0,0,0,918,236,8,14,255,0,0,0,0,977,36,8,14,255,0,0,0,0,654,86,8,14,255,0,0,0,0,641,32,139,9,16,1,0,0,0,605,194,8,14,255,0,0,0,0,1301,18,139,7,16,1,0,-13,0,813,59,8,14,255,0,0,0,0,614,222,8,14,255,0,0,0,0,642,243,8,14,255,0,0,0,0,561,23,139,6,16,1,0,0,0,552,24,139,6,16,1,0,0,0,867,25,139,10,16,1,0,0,0,1001,73,8,14,255,0,0,0,0,635,229,8,14,255,0,0,0,0,578,195,8,14,255,0,0,0,0,922,199,8,14,255,0,0,0,0,651,129,0,14,2,6,227,0,0,0,137,0,14,2,6,187,0,0,0
94463000,129,1,2,0,1,1,0,0,32,1,0,85,8,14,255,0,0,0,0,1123,239,8,14,255,0,0,0,0,635,74,8,14,255,0,0,0,0,1087,40,8,14,255,0,0,0,0,556,80,8,14,255,0,0,0,0,935,43,8,14,255,0,0,0,0,541,50,8,14,255,0,0,0,0,619,71,8,14,255,0,0,0,0,665,10,139,8,16,1,0,0,0,588,231,8,14,255,0,0,0,0,1276,12,139,8,16,1,0,-13,0,1082,128,0,14,3,7,0,0,0,0,33,8,14,255,0,0,0,0,562,28,8,14,16,1,0,0,0,917,236,8,14,255,0,0,0,0,977,36,8,14,255,0,0,0,0,654,86,8,14,255,0,0,0,0,641,32,139,9,16,1,0,0,0,605,194,8,14,255,0,0,0,0,1301,18,139,7,16,1,0,-13,0,813,59,8,14,255,0,0,0,0,614,222,8,14,255,0,0,0,0,642,243,8,14,255,0,0,0,0,561,23,139,6,16,1,0,0,0,552,24,139,6,16,1,0,0,0,867,25,139,10,16,1,0,0,0,1001,73,8,14,255,0,0,0,0,635,229,8,14,255,0,0,0,0,578,195,8,14,255,0,0,0,0,923,199,8,14,255,0,0,0,0,651,129,0,14,2,6,227,0,0,0,137,0,14,2,6,187,0,0,0
94464000,129,1,2,0,1,1,0,0,32,1,0,85,8,14,255,0,0,0,0,1123,239,8,14,255,0,0,0,0,635,74,8,14,255,0,0,0,0,1087,40,8,14,255,0,0,0,0,556,80,8,14,255,0,0,0,0,935,43,8,14,255,0,0,0,0,541,50,8,14,255,0,0,0,0,619,71,8,14,255,0,0,0,0,665,10,139,8,16,1,0,0,0,588,231,8,14,255,0,0,0,0,1276,12,139,8,16,1,0,-13,0,1082,128,0,14,3,7,0,0,0,0,33,8,14,255,0,0,0,0,562,28,8,14,16,1,0,0,0,917,236,8,14,255,0,0,0,0,978,36,8,14,255,0,0,0,0,654,86,8,14,255,0,0,0,0,641,32,139,9,16,1,0,0,0,605,194,8,14,255,0,0,0,0,1301,18,139,7,16,1,0,-13,0,813,59,8,14,255,0,0,0,0,614,222,8,14,255,0,0,0,0,642,243,8,14,255,0,0,0,0,562,23,139,6,16,1,0,0,0,552,24,139,6,16,1,0,0,0,867,25,139,10,16,1,0,0,0,1001,73,8,14,255,0,0,0,0,635,229,8,14,255,0,0,0,0,578,195,8,14,255,0,0,0,0,923,199,8,14,255,0,0,0,0,651,129,0,14,2,6,227,0,0,0,137,0,14,2,6,183,0,0,0
94465000,129,1,2,0,1,1,0,0,32,1,0,85,8,14,255,0,0,0,0,1124,239,8,14,255,0,0,0,0,635,74,8,14,255,0,0,0,0,1087,40,8,14,255,0,0,0,0,556,80,8,14,255,0,0,0,0,935,43,8,14,255,0,0,0,0,541,50,8,14,255,0,0,0,0,619,71,8,14,255,0,0,0,0,665,10,139,8,16,1,0,0,0,588,231,8,14,255,0,0,0,0,1276,12,139,8,16,1,0,-13,0,1082,128,0,14,3,7,0,0,0,0,33,8,14,255,0,0,0,0,562,28,8,14,16,1,0,0,0,917,236,8,14,255,0,0,0,0,978,36,8,14,255,0,0,0,0,653,86,8,14,255,0,0,0,0,641,32,139,9,16,1,0,0,0,605,194,8,14,255,0,0,0,0,1301,18,139,7,16,1,0,-13,0,813,59,8,14,255,0,0,0,0,614,222,8,14,255,0,0,0,0,642,243,8,14,255,0,0,0,0,562,23,139,6,16,1,0,0,0,552,24,139,6,16,1,0,0,0,867,25,139,10,16,1,0,0,0,1001,73,8,14,255,0,0,0,0,635,229,8,14,255,0,0,0,0,578,195,8,14,255,0,0,0,0,923,199,8,14,255,0,0,0,0,651,129,0,14,2,6,227,0,0,0,137,0,14,2,6,186,0,0,0
94466000,129,1,2,0,1,1,0,0,32,1,0,85,8,14,255,0,0,0,0,1124,239,8,14,255,0,0,0,0,635,74,8,14,255,0,0,0,0,1087,40,8,14,255,0,0,0,0,556,80,8,14,255,0,0,0,0,935,43,8,14,255,0,0,0,0,541,50,8,14,255,0,0,0,0,619,71,8,14,255,0,0,0,0,665,10,139,8,16,1,0,0,0,588,231,8,14,255,0,0,0,0,1276,12,139,8,16,1,0,-13,0,1082,128,0,14,3,7,0,0,0,0,33,8,14,255,0,0,0,0,562,28,8,14,16,1,0,0,0,917,236,8,14,255,0,0,0,0,978,36,8,14,255,0,0,0,0,653,86,8,14,255,0,0,0,0,641,32,139,9,16,1,0,0,0,605,194,8,14,255,0,0,0,0,1301,18,139,7,16,1,0,-13,0,813,59,8,14,255,0,0,0,0,614,222,8,14,255,0,0,0,0,642,243,8,14,255,0,0,0,0,562,23,139,6,16,1,0,0,0,552,24,139,6,16,1,0,0,0,868,25,139,10,16,1,0,0,0,1001,73,8,14,255,0,0,0,0,635,229,8,14,255,0,0,0,0,578,195,8,14,255,0,0,0,0,923,199,8,14,255,0,0,0,0,651,129,0,14,2,6,227,0,0,0,137,0,14,2,6,187,0,0,0
94467000,129,1,2,0,1,1,0,0,32,1,0,85,8,14,255,0,0,0,0,1124,239,8,14,255,0,0,0,0,635,74,8,14,255,0,0,0,0,1085,40,8,14,255,0,0,0,0,556,80,8,14,255,0,0,0,0,935,43,8,14,255,0,0,0,0,541,50,8,14,255,0,0,0,0,619,71,8,14,255,0,0,0,0,665,10,139,8,16,1,0,0,0,588,231,8,14,255,0,0,0,0,1275,12,139,8,16,1,0,-13,0,1082,128,0,14,3,7,0,0,0,0,33,8,14,255,0,0,0,0,562,28,8,14,16,1,0,0,0,917,236,8,14,255,0,0,0,0,978,36,8,14,255,0,0,0,0,653,86,8,14,255,0,0,0,0,641,32,139,9,16,1,0,0,0,605,194,8,14,255,0,0,0,0,1301,18,139,7,16,1,0,-13,0,813,59,8,14,255,0,0,0,0,614,222,8,14,255,0,0,0,0,642,243,8,14,255,0,0,0,0,562,23,139,6,16,1,0,0,0,552,24,139,6,16,1,0,0,0,868,25,139,10,16,1,0,0,0,1000,73,8,14,255,0,0,0,0,635,229,8,14,255,0,0,0,0,578,195,8,14,255,0,0,0,0,923,199,8,14,255,0,0,0,0,651,129,0,14,2,6,227,0,0,0,137,0,14,2,6,187,0,0,0
94468000,129,1,2,0,1,1,0,0,32,1,0,85,8,14,255,0,0,0,0,1124,239,8,14,255,0,0,0,0,635,74,8,14,255,0,0,0,0,1085,40,8,14,255,0,0,0,0,556,80,8,14,255,0,0,0,0,935,43,8,14,255,0,0,0,0,541,50,8,14,255,0,0,0,0,619,71,8,14,255,0,0,0,0,665,10,139,8,16,1,0,0,0,588,231,8,14,255,0,0,0,0,1275,12,139,8,16,1,0,-13,0,1081,128,0,14,3,7,0,0,0,0,33,8,14,255,0,0,0,0,562,28,8,14,16,1,0,0,0,917,236,8,14,255,0,0,0,0,978,36,8,14,255,0,0,0,0,653,86,8,14,255,0,0,0,0,641,32,139,9,16,1,0,0,0,605,194,8,14,255,0,0,0,0,1300,18,139,7,16,1,0,-13,0,813,59,8,14,255,0,0,0,0,614,222,8,14,255,0,0,0,0,642,243,8,14,255,0,0,0,0,562,23,139,6,16,1,0,0,0,552,24,139,6,16,1,0,0,0,868,25,139,10,16,1,0,0,0,1000,73,8,14,255,0,0,0,0,635,229,8,14,255,0,0,0,0,578,195,8,14,255,0,0,0,0,923,199,8,14,255,0,0,0,0,651,129,0,14,2,6,223,0,0,0,137,0,14,2,6,187,0,0,0
94469000,129,1,2,0,1,1,0,0,32,1,0,85,8,14,255,0,0,0,0,1124,239,8,14,255,0,0,0,0,635,74,8,14,255,0,0,0,0,1085,40,8,14,255,0,0,0,0,556,80,8,14,255,0,0,0,0,935,43,8,14,255,0,0,0,0,541,50,8,14,255,0,0,0,0,619,71,8,14,255,0,0,0,0,665,10,139,8,16,1,0,0,0,588,231,8,14,255,0,0,0,0,1275,12,139,8,16,1,0,-13,0,1081,128,0,14,3,7,0,0,0,0,33,8,14,255,0,0,0,0,562,28,8,14,16,1,0,0,0,917,236,8,14,255,0,0,0,0,978,36,8,14,255,0,0,0,0,653,86,8,14,255,0,0,0,0,641,32,139,9,16,1,0,0,0,605,194,8,14,255,0,0,0,0,1300,18,139,7,16,1,0,-13,0,814,59,8,14,255,0,0,0,0,614,222,8,14,255,0,0,0,0,642,243,8,14,255,0,0,0,0,562,23,139,6,16,1,0,0,0,552,24,139,6,16,1,0,0,0,868,25,139,10,16,1,0,0,0,1000,73,8,14,255,0,0,0,0,634,229,8,14,255,0,0,0,0,578,195,8,14,255,0,0,0,0,923,199,8,14,255,0,0,0,0,651,129,0,14,2,6,219,0,0,0,137,0,14,2,6,183,0,0,0
94470000,129,1,2,0,1,1,0,0,32,1,0,85,8,14,255,0,0,0,0,1124,239,8,14,255,0,0,0,0,635,74,8,14,255,0,0,0,0,1085,40,8,14,255,0,0,0,0,556,80,8,14,255,0,0,0,0,936,43,8,14,255,0,0,0,0,541,50,8,14,255,0,0,0,0,619,71,8,14,255,0,0,0,0,665,10,139,8,16,1,0,0,0,588,231,8,14,255,0,0,0,0,1275,12,139,8,16,1,0,-13,0,1081,128,0,14,3,7,0,0,0,0,33,8,14,255,0,0,0,0,562,28,8,14,16,1,0,0,0,917,236,8,14,255,0,0,0,0,978,36,8,14,255,0,0,0,0,653,86,8,14,255,0,0,0,0,641,32,139,9,16,1,0,0,0,605,194,8,14,255,0,0,0,0,1300,18,139,7,16,1,0,-13,0,814,59,8,14,255,0,0,0,0,614,222,8,14,255,0,0,0,0,642,243,8,14,255,0,0,0,0,562,23,139,6,16,1,0,0,0,552,24,139,6,16,1,0,0,0,868,25,139,10,16,1,0,0,0,1000,73,8,14,255,0,0,0,0,634,229,8,14,255,0,0,0,0,578,195,8,14,255,0,0,0,0,923,199,8,14,255,0,0,0,0,651,129,0,14,2,6,227,0,0,0,137,0,14,2,6,179,0,0,0
94471000,129,1,2,0,1,1,0,0,32,1,0,85,8,14,255,0,0,0,0,1124,239,8,14,255,0,0,0,0,635,74,8,14,255,0,0,0,0,1085,40,8,14,255,0,0,0,0,556,80,8,14,255,0,0,0,0,936,43,8,14,255,0,0,0,0,541,50,8,14,255,0,0,0,0,619,71,8,14,255,0,0,0,0,665,10,139,8,16,1,0,0,0,588,231,8,14,255,0,0,0,0,1275,12,139,8,16,1,0,-13,0,1081,128,0,14,3,7,0,0,0,0,33,8,14,255,0,0,0,0,562,28,8,14,16,1,0,0,0,916,236,8,14,255,0,0,0,0,978,36,8,14,255,0,0,0,0,653,86,8,14,255,0,0,0,0,641,32,139,9,16,1,0,0,0,605,194,8,14,255,0,0,0,0,1300,18,139,7,16,1,0,-13,0,814,59,8,14,255,0,0,0,0,614,222,8,14,255,0,0,0,0,642,243,8,14,255,0,0,0,0,562,23,139,6,16,1,0,0,0,552,24,139,6,16,1,0,0,0,868,25,139,10,16,1,0,0,0,1000,73,8,14,255,0,0,0,0,634,229,8,14,255,0,0,0,0,578,195,8,14,255,0,0,0,0,923,199,8,14,255,0,0,0,0,651,129,0,14,2,6,227,0,0,0,137,0,14,2,6,182,0,0,0
94472000,129,1,2,0,1,1,0,0,32,1,0,85,8,14,255,0,0,0,0,1124,239,8,14,255,0,0,0,0,635,74,8,14,255,0,0,0,0,1085,40,8,14,255,0,0,0,0,556,80,8,14,255,0,0,0,0,936,43,8,14,255,0,0,0,0,541,50,8,14,255,0,0,0,0,619,71,8,14,255,0,0,0,0,665,10,139,8,16,1,0,0,0,588,231,8,14,255,0,0,0,0,1275,12,139,8,16,1,0,-13,0,1081,128,0,14,3,7,0,0,0,0,33,8,14,255,0,0,0,0,562,28,8,14,16,1,0,0,0,916,236,8,14,255,0,0,0,0,979,36,8,14,255,0,0,0,0,653,86,8,14,255,0,0,0,0,641,32,139,9,16,1,0,0,0,605,194,8,14,255,0,0,0,0,1300,18,139,7,16,1,0,-13,0,814,59,8,14,255,0,0,0,0,614,222,8,14,255,0,0,0,0,642,243,8,14,255,0,0,0,0,562,23,139,6,16,1,0,0,0,552,24,139,6,16,1,0,0,0,868,25,139,10,16,1,0,0,0,1000,73,8,14,255,0,0,0,0,634,229,8,14,255,0,0,0,0,578,195,8,14,255,0,0,0,0,923,199,8,14,255,0,0,0,0,651,129,0,14,2,6,227,0,0,0,137,0,14,2,6,185,0,0,0
94473000,129,1,2,0,1,1,0,0,32,1,0,85,8,14,255,0,0,0,0,1126,239,8,14,255,0,0,0,0,635,74,8,14,255,0,0,0,0,1085,40,8,14,255,0,0,0,0,556,80,8,14,255,0,0,0,0,936,43,8,14,255,0,0,0,0,541,50,8,14,255,0,0,0,0,619,71,8,14,255,0,0,0,0,665,10,139,8,16,1,0,0,0,588,231,8,14,255,0,0,0,0,1275,12,139,8,16,1,0,-13,0,1081,128,0,14,3,7,0,0,0,0,33,8,14,255,0,0,0,0,562,28,8,14,16,1,0,0,0,916,236,8,14,255,0,0,0,0,979,36,8,14,255,0,0,0,0,653,86,8,14,255,0,0,0,0,641,32,139,9,16,1,0,0,0,605,194,8,14,255,0,0,0,0,1300,18,139,7,16,1,0,-13,0,814,59,8,14,255,0,0,0,0,614,222,8,14,255,0,0,0,0,642,243,8,14,255,0,0,0,0,562,23,139,6,16,1,0,0,0,552,24,0,6,16,1,0,0,0,0,25,139,10,16,1,0,0,0,1000,73,8,14,255,0,0,0,0,634,229,8,14,255,0,0,0,0,578,195,8,14,255,0,0,0,0,923,199,8,14,255,0,0,0,0,651,129,0,14,2,6,227,0,0,0,137,0,14,2,6,187,0,0,0
94474000,129,1,2,0,1,1,0,0,32,1,0,85,8,14,255,0,0,0,0,1126,239,8,14,255,0,0,0,0,636,74,8,14,255,0,0,0,0,1085,40,8,14,255,0,0,0,0,556,80,8,14,255,0,0,0,0,936,43,8,14,255,0,0,0,0,541,50,8,14,255,0,0,0,0,619,71,8,14,255,0,0,0,0,665,10,139,8,16,1,0,0,0,588,231,8,14,255,0,0,0,0,1275,12,139,8,16,1,0,-13,0,1081,128,0,14,3,7,0,0,0,0,33,8,14,255,0,0,0,0,562,28,8,14,16,1,0,0,0,916,236,8,14,255,0,0,0,0,979,36,8,14,255,0,0,0,0,653,86,8,14,255,0,0,0,0,641,32,139,9,16,1,0,0,0,605,194,8,14,255,0,0,0,0,1300,18,139,7,16,1,0,-13,0,814,59,8,14,255,0,0,0,0,614,222,8,14,255,0,0,0,0,642,243,8,14,255,0,0,0,0,562,23,139,6,16,1,0,0,0,552,24,0,6,16,1,0,0,0,0,25,139,10,16,1,0,0,0,1000,73,8,14,255,0,0,0,0,634,229,8,14,255,0,0,0,0,578,195,8,14,255,0,0,0,0,923,199,8,14,255,0,0,0,0,651,129,0,14,2,6,223,0,0,0,137,0,14,2,6,183,0,0,0
94475000,129,1,2,0,1,1,0,0,32,1,0,85,8,14,255,0,0,0,0,1126,239,8,14,255,0,0,0,0,636,74,8,14,255,0,0,0,0,1083,40,8,14,255,0,0,0,0,556,80,8,14,255,0,0,0,0,936,43,8,14,255,0,0,0,0,541,50,8,14,255,0,0,0,0,619,71,8,14,255,0,0,0,0,665,10,139,8,16,1,0,0,0,588,231,8,14,255,0,0,0,0,1274,12,139,8,16,1,0,-13,0,1081,128,0,14,3,7,0,0,0,0,33,8,14,255,0,0,0,0,562,28,8,14,16,1,0,0,0,916,236,8,14,255,0,0,0,0,979,36,8,14,255,0,0,0,0,653,86,8,14,255,0,0,0,0,641,32,139,9,16,1,0,0,0,605,194,8,14,255,0,0,0,0,1300,18,139,7,16,1,0,-13,0,814,59,8,14,255,0,0,0,0,614,222,8,14,255,0,0,0,0,642,243,8,14,255,0,0,0,0,562,23,139,6,16,1,0,0,0,552,24,139,6,16,1,0,0,0,869,25,139,10,16,1,0,0,0,999,73,8,14,255,0,0,0,0,634,229,8,14,255,0,0,0,0,578,195,8,14,255,0,0,0,0,923,199,8,14,255,0,0,0,0,651,129,0,14,2,6,219,0,0,0,137,0,14,2,6,179,0,0,0
94476000,129,1,2,0,1,1,0,0,32,1,0,85,8,14,255,0,0,0,0,1126,239,8,14,255,0,0,0,0,636,74,8,14,255,0,0,0,0,1083,40,8,14,255,0,0,0,0,556,80,8,14,255,0,0,0,0,936,43,8,14,255,0,0,0,0,541,50,8,14,255,0,0,0,0,619,71,8,14,255,0,0,0,0,665,10,139,8,16,1,0,0,0,588,231,8,14,255,0,0,0,0,1274,12,139,8,16,1,0,-13,0,1081,128,0,14,3,7,0,0,0,0,33,8,14,255,0,0,0,0,562,28,8,14,16,1,0,0,0,916,236,8,14,255,0,0,0,0,979,36,8,14,255,0,0,0,0,653,86,8,14,255,0,0,0,0,641,32,139,9,16,1,0,0,0,605,194,8,14,255,0,0,0,0,1300,18,139,7,16,1,0,-13,0,814,59,8,14,255,0,0,0,0,614,222,8,14,255,0,0,0,0,642,243,8,14,255,0,0,0,0,562,23,139,6,16,1,0,0,0,552,24,139,6,16,1,0,0,0,869,25,139,10,16,1,0,0,0,999,73,8,14,255,0,0,0,0,634,229,8,14,255,0,0,0,0,578,195,8,14,255,0,0,0,0,923,199,8,14,255,0,0,0,0,651,129,0,14,2,6,227,0,0,0,137,0,14,2,6,182,0,0,0
94477000,129,1,2,0,1,1,0,0,32,1,0,85,8,14,255,0,0,0,0,1126,239,8,14,255,0,0,0,0,636,74,8,14,255,0,0,0,0,1083,40,8,14,255,0,0,0,0,556,80,8,14,255,0,0,0,0,936,43,8,14,255,0,0,0,0,541,50,8,14,255,0,0,0,0,619,71,8,14,255,0,0,0,0,665,10,139,8,16,1,0,0,0,588,231,8,14,255,0,0,0,0,1274,12,139,8,16,1,0,-13,0,1081,128,0,14,3,7,0,0,0,0,33,8,14,255,0,0,0,0,562,28,8,14,16,1,0,0,0,916,236,8,14,255,0,0,0,0,979,36,8,14,255,0,0,0,0,653,86,8,14,255,0,0,0,0,641,32,139,9,16,1,0,0,0,605,194,8,14,255,0,0,0,0,1300,18,139,7,16,1,0,-13,0,815,59,8,14,255,0,0,0,0,614,222,8,14,255,0,0,0,0,642,243,8,14,255,0,0,0,0,562,23,139,6,16,1,0,0,0,552,24,139,6,16,1,0,0,0,869,25,139,10,16,1,0,0,0,999,73,8,14,255,0,0,0,0,634,229,8,14,255,0,0,0,0,578,195,8,14,255,0,0,0,0,923,199,8,14,255,0,0,0,0,651,129,0,14,2,6,227,0,0,0,137,0,14,2,6,185,0,0,0
94478000,129,1,2,0,1,1,0,0,32,1,0,85,8,14,255,0,0,0,0,1126,239,8,14,255,0,0,0,0,636,74,8,14,255,0,0,0,0,1083,40,8,14,255,0,0,0,0,556,80,8,14,255,0,0,0,0,937,43,8,14,255,0,0,0,0,541,50,8,14,255,0,0,0,0,619,71,8,14,255,0,0,0,0,665,10,139,8,16,1,0,0,0,588,231,8,14,255,0,0,0,0,1274,12,139,8,16,1,0,-13,0,1081,128,0,14,3,7,0,0,0,0,33,8,14,255,0,0,0,0,562,28,8,14,16,1,0,0,0,916,236,8,14,255,0,0,0,0,979,36,8,14,255,0,0,0,0,653,86,8,14,255,0,0,0,0,641,32,139,9,16,1,0,0,0,605,194,8,14,255,0,0,0,0,1300,18,139,7,16,1,0,-13,0,815,59,8,14,255,0,0,0,0,614,222,8,14,255,0,0,0,0,642,243,8,14,255,0,0,0,0,562,23,139,6,16,1,0,0,0,552,24,139,6,16,1,0,0,0,869,25,139,10,16,1,0,0,0,999,73,8,14,255,0,0,0,0,634,229,8,14,255,0,0,0,0,578,195,8,14,255,0,0,0,0,923,199,8,14,255,0,0,0,0,651,129,0,14,2,6,227,0,0,0,137,0,14,2,6,187,0,0,0
94479000,129,1,2,0,1,1,0,0,32,1,0,85,8,14,255,0,0,0,0,1126,239,8,14,255,0,0,0,0,636,74,8,14,255,0,0,0,0,1083,40,8,14,255,0,0,0,0,556,80,8,14,255,0,0,0,0,937,43,8,14,255,0,0,0,0,541,50,8,14,255,0,0,0,0,619,71,8,14,255,0,0,0,0,665,10,139,8,16,1,0,0,0,588,231,8,14,255,0,0,0,0,1274,12,139,8,16,1,0,-13,0,1081,128,0,14,3,7,0,0,0,0,33,8,14,255,0,0,0,0,562,28,8,14,16,1,0,0,0,915,236,8,14,255,0,0,0,0,979,36,8,14,255,0,0,0,0,653,86,8,14,255,0,0,0,0,641,32,139,9,16,1,0,0,0,605,194,8,14,255,0,0,0,0,1300,18,139,7,16,1,0,-13,0,815,59,8,14,255,0,0,0,0,614,222,8,14,255,0,0,0,0,641,243,8,14,255,0,0,0,0,562,23,139,6,16,1,0,0,0,552,24,139,6,16,1,0,0,0,869,25,139,10,16,1,0,0,0,999,73,8,14,255,0,0,0,0,634,229,8,14,255,0,0,0,0,578,195,8,14,255,0,0,0,0,924,199,8,14,255,0,0,0,0,651,129,0,14,2,6,227,0,0,0,137,0,14,2,6,187,0,0,0
94480000,129,1,2,0,1,1,0,0,32,1,0,85,8,14,255,0,0,0,0,1126,239,8,14,255,0,0,0,0,636,74,8,14,255,0,0,0,0,1083,40,8,14,255,0,0,0,0,556,80,8,14,255,0,0,0,0,937,43,8,14,255,0,0,0,0,541,50,8,14,255,0,0,0,0,619,71,8,14,255,0,0,0,0,665,10,139,8,16,1,0,0,0,588,231,8,14,255,0,0,0,0,1274,12,139,8,16,1,0,-13,0,1081,128,0,14,3,7,0,0,0,0,33,8,14,255,0,0,0,0,562,28,8,14,16,1,0,0,0,915,236,8,14,255,0,0,0,0,980,36,8,14,255,0,0,0,0,653,86,8,14,255,0,0,0,0,641,32,139,9,16,1,0,0,0,605,194,8,14,255,0,0,0,0,1300,18,139,7,16,1,0,-13,0,815,59,8,14,255,0,0,0,0,614,222,8,14,255,0,0,0,0,641,243,8,14,255,0,0,0,0,562,23,139,6,16,1,0,0,0,552,24,139,6,16,1,0,0,0,869,25,139,10,16,1,0,0,0,999,73,8,14,255,0,0,0,0,634,229,8,14,255,0,0,0,0,578,195,8,14,255,0,0,0,0,924,199,8,14,255,0,0,0,0,651,129,0,14,2,6,227,0,0,0,137,0,14,2,6,187,0,0,0
94481000,129,1,2,0,1,1,0,0,32,1,0,85,8,14,255,0,0,0,0,1128,239,8,14,255,0,0,0,0,636,74,8,14,255,0,0,0,0,1083,40,8,14,255,0,0,0,0,556,80,8,14,255,0,0,0,0,937,43,8,14,255,0,0,0,0,541,50,8,14,255,0,0,0,0,619,71,8,14,255,0,0,0,0,665,10,139,8,16,1,0,0,0,588,231,8,14,255,0,0,0,0,1274,12,139,8,16,1,0,-13,0,1081,128,0,14,3,7,0,0,0,0,33,8,14,255,0,0,0,0,562,28,8,14,16,1,0,0,0,915,236,8,14,255,0,0,0,0,980,36,8,14,255,0,0,0,0,653,86,8,14,255,0,0,0,0,641,32,139,9,16,1,0,0,0,605,194,8,14,255,0,0,0,0,1300,18,139,7,16,1,0,-13,0,815,59,8,14,255,0,0,0,0,614,222,8,14,255,0,0,0,0,641,243,8,14,255,0,0,0,0,562,23,139,6,16,1,0,0,0,552,24,139,6,16,1,0,0,0,869,25,139,10,16,1,0,0,0,999,73,8,14,255,0,0,0,0,634,229,8,14,255,0,0,0,0,578,195,8,14,255,0,0,0,0,924,199,8,14,255,0,0,0,0,651,129,0,14,2,6,223,0,0,0,137,0,14,2,6,187,0,0,0
94482000,129,1,2,0,1,1,0,0,32,1,0,85,8,14,255,0,0,0,0,1128,239,8,14,255,0,0,0,0,636,74,8,14,255,0,0,0,0,1083,40,8,14,255,0,0,0,0,556,80,8,14,255,0,0,0,0,937,43,8,14,255,0,0,0,0,541,50,8,14,255,0,0,0,0,619,71,8,14,255,0,0,0,0,665,10,139,8,16,1,0,0,0,587,231,8,14,255,0,0,0,0,1274,12,139,8,16,1,0,-13,0,1081,128,0,14,3,7,0,0,0,0,33,8,14,255,0,0,0,0,562,28,8,14,16,1,0,0,0,915,236,8,14,255,0,0,0,0,980,36,8,14,255,0,0,0,0,653,86,8,14,255,0,0,0,0,642,32,139,9,16,1,0,0,0,605,194,8,14,255,0,0,0,0,1300,18,139,7,16,1,0,-13,0,815,59,8,14,255,0,0,0,0,614,222,8,14,255,0,0,0,0,641,243,8,14,255,0,0,0,0,562,23,139,6,16,1,0,0,0,552,24,139,6,16,1,0,0,0,870,25,139,10,16,1,0,0,0,999,73,8,14,255,0,0,0,0,634,229,8,14,255,0,0,0,0,578,195,8,14,255,0,0,0,0,924,199,8,14,255,0,0,0,0,651,129,0,14,2,6,227,0,0,0,137,0,14,2,6,187,0,0,0
94483000,129,1,2,0,1,1,0,0,32,1,0,85,8,14,255,0,0,0,0,1128,239,8,14,255,0,0,0,0,636,74,8,14,255,0,0,0,0,1081,40,8,14,255,0,0,0,0,556,80,8,14,255,0,0,0,0,937,43,8,14,255,0,0,0,0,541,50,8,14,255,0,0,0,0,619,71,8,14,255,0,0,0,0,665,10,139,8,16,1,0,0,0,587,231,8,14,255,0,0,0,0,1272,12,139,8,16,1,0,-13,0,1081,128,0,14,3,7,0,0,0,0,33,8,14,255,0,0,0,0,562,28,8,14,16,1,0,0,0,915,236,8,14,255,0,0,0,0,980,36,8,14,255,0,0,0,0,653,86,8,14,255,0,0,0,0,642,32,139,9,16,1,0,0,0,605,194,8,14,255,0,0,0,0,1300,18,139,7,16,1,0,-13,0,815,59,8,14,255,0,0,0,0,614,222,8,14,255,0,0,0,0,641,243,8,14,255,0,0,0,0,562,23,139,6,16,1,0,0,0,552,24,139,6,16,1,0,0,0,870,25,139,10,16,1,0,0,0,998,73,8,14,255,0,0,0,0,634,229,8,14,255,0,0,0,0,578,195,8,14,255,0,0,0,0,924,199,8,14,255,0,0,0,0,651,129,0,14,2,6,227,0,0,0,137,0,14,2,6,187,0,0,0
94484000,129,1,2,0,1,1,0,0,32,1,0,85,8,14,255,0,0,0,0,1128,239,8,14,255,0,0,0,0,636,74,8,14,255,0,0,0,0,1081,40,8,14,255,0,0,0,0,556,80,8,14,255,0,0,0,0,937,43,8,14,255,0,0,0,0,541,50,8,14,255,0,0,0,0,619,71,8,14,255,0,0,0,0,665,10,139,8,16,1,0,0,0,587,231,8,14,255,0,0,0,0,1272,12,139,8,16,1,0,-13,0,1080,128,0,14,3,7,0,0,0,0,33,8,14,255,0,0,0,0,562,28,8,14,16,1,0,0,0,915,236,8,14,255,0,0,0,0,980,36,8,14,255,0,0,0,0,653,86,8,14,255,0,0,0,0,642,32,139,9,16,1,0,0,0,605,194,8,14,255,0,0,0,0,1299,18,139,7,16,1,0,-13,0,815,59,8,14,255,0,0,0,0,614,222,8,14,255,0,0,0,0,641,243,8,14,255,0,0,0,0,562,23,139,6,16,1,0,0,0,552,24,139,6,16,1,0,0,0,870,25,139,10,16,1,0,0,0,998,73,8,14,255,0,0,0,0,634,229,8,14,255,0,0,0,0,578,195,8,14,255,0,0,0,0,924,199,8,14,255,0,0,0,0,651,129,0,14,2,6,227,0,0,0,137,0,14,2,6,187,0,0,0
94485000,129,1,2,0,1,1,0,0,32,1,0,85,8,14,255,0,0,0,0,1128,239,8,14,255,0,0,0,0,636,74,8,14,255,0,0,0,0,1081,40,8,14,255,0,0,0,0,556,80,8,14,255,0,0,0,0,937,43,8,14,255,0,0,0,0,541,50,8,14,255,0,0,0,0,619,71,8,14,255,0,0,0,0,665,10,139,8,16,1,0,0,0,587,231,8,14,255,0,0,0,0,1272,12,139,8,16,1,0,-13,0,1080,128,0,14,3,7,0,0,0,0,33,8,14,255,0,0,0,0,562,28,8,14,16,1,0,0,0,915,236,8,14,255,0,0,0,0,980,36,8,14,255,0,0,0,0,653,86,8,14,255,0,0,0,0,642,32,139,9,16,1,0,0,0,605,194,8,14,255,0,0,0,0,1299,18,139,7,16,1,0,-13,0,816,59,8,14,255,0,0,0,0,614,222,8,14,255,0,0,0,0,641,243,8,14,255,0,0,0,0,562,23,139,6,16,1,0,0,0,552,24,139,6,16,1,0,0,0,870,25,139,10,16,1,0,0,0,998,73,8,14,255,0,0,0,0,634,229,8,14,255,0,0,0,0,578,195,8,14,255,0,0,0,0,924,199,8,14,255,0,0,0,0,651,129,0,14,2,6,227,0,0,0,137,0,14,2,6,187,0,0,0
94486000,129,1,2,0,1,1,0,0,32,1,0,85,8,14,255,0,0,0,0,1128,239,8,14,255,0,0,0,0,636,74,8,14,255,0,0,0,0,1081,40,8,14,255,0,0,0,0,556,80,8,14,255,0,0,0,0,937,43,8,14,255,0,0,0,0,541,50,8,14,255,0,0,0,0,619,71,8,14,255,0,0,0,0,665,10,139,8,16,1,0,0,0,587,231,8,14,255,0,0,0,0,1272,12,139,8,16,1,0,-13,0,1080,128,0,14,3,7,0,0,0,0,33,8,14,255,0,0,0,0,562,28,8,14,16,1,0,0,0,915,236,8,14,255,0,0,0,0,980,36,8,14,255,0,0,0,0,653,86,8,14,255,0,0,0,0,642,32,139,9,16,1,0,0,0,605,194,8,14,255,0,0,0,0,1299,18,139,7,16,1,0,-13,0,816,59,8,14,255,0,0,0,0,614,222,8,14,255,0,0,0,0,641,243,8,14,255,0,0,0,0,562,23,139,6,16,1,0,0,0,552,237,8,14,255,0,0,0,0,1235,25,139,10,16,1,0,0,0,998,73,8,14,255,0,0,0,0,634,229,8,14,255,0,0,0,0,578,195,8,14,255,0,0,0,0,924,199,8,14,255,0,0,0,0,651,129,0,14,2,6,223,0,0,0,137,0,14,2,6,187,0,0,0
94487000,129,1,2,0,1,1,0,0,32,1,0,85,8,14,255,0,0,0,0,1128,239,8,14,255,0,0,0,0,636,74,8,14,255,0,0,0,0,1081,40,8,14,255,0,0,0,0,556,80,8,14,255,0,0,0,0,937,43,8,14,255,0,0,0,0,541,50,8,14,255,0,0,0,0,619,71,8,14,255,0,0,0,0,665,10,139,8,16,1,0,0,0,587,231,8,14,255,0,0,0,0,1272,12,139,8,16,1,0,-13,0,1080,128,0,14,3,7,0,0,0,0,33,8,14,255,0,0,0,0,562,28,8,14,16,1,0,0,0,914,236,8,14,255,0,0,0,0,980,36,8,14,255,0,0,0,0,653,86,8,14,255,0,0,0,0,642,32,139,9,16,1,0,0,0,605,194,8,14,255,0,0,0,0,1299,18,139,7,16,1,0,-13,0,816,59,8,14,255,0,0,0,0,614,222,8,14,255,0,0,0,0,641,243,8,14,255,0,0,0,0,562,23,139,6,16,1,0,0,0,552,237,8,14,255,0,0,0,0,1235,25,139,10,16,1,0,0,0,998,73,8,14,255,0,0,0,0,634,229,8,14,255,0,0,0,0,578,195,8,14,255,0,0,0,0,924,199,8,14,255,0,0,0,0,651,129,0,14,2,6,219,0,0,0,137,0,14,2,6,183,0,0,0
94488000,129,1,2,0,1,1,0,0,32,1,0,85,8,14,255,0,0,0,0,1128,239,8,14,255,0,0,0,0,636,74,8,14,255,0,0,0,0,1081,40,8,14,255,0,0,0,0,556,80,8,14,255,0,0,0,0,937,43,8,14,255,0,0,0,0,541,50,8,14,255,0,0,0,0,619,71,8,14,255,0,0,0,0,665,10,139,8,16,1,0,0,0,587,231,8,14,255,0,0,0,0,1272,12,139,8,16,1,0,-13,0,1080,128,0,14,3,7,0,0,0,0,33,8,14,255,0,0,0,0,562,28,8,14,16,1,0,0,0,914,236,8,14,255,0,0,0,0,982,36,8,14,255,0,0,0,0,653,86,8,14,255,0,0,0,0,642,32,139,9,16,1,0,0,0,605,194,8,14,255,0,0,0,0,1299,18,139,7,16,1,0,-13,0,816,59,8,14,255,0,0,0,0,614,222,8,14,255,0,0,0,0,641,243,8,14,255,0,0,0,0,562,23,139,6,16,1,0,0,0,552,237,8,14,255,0,0,0,0,1235,25,139,10,16,1,0,0,0,998,73,8,14,255,0,0,0,0,634,229,8,14,255,0,0,0,0,578,195,8,14,255,0,0,0,0,924,199,8,14,255,0,0,0,0,651,129,0,14,2,6,227,0,0,0,137,0,14,2,6,179,0,0,0
94489000,129,1,2,0,1,1,0,0,32,1,0,85,8,14,255,0,0,0,0,1130,239,8,14,255,0,0,0,0,636,74,8,14,255,0,0,0,0,1081,40,8,14,255,0,0,0,0,556,80,8,14,255,0,0,0,0,937,43,8,14,255,0,0,0,0,541,50,8,14,255,0,0,0,0,619,71,8,14,255,0,0,0,0,665,10,139,8,16,1,0,0,0,587,231,8,14,255,0,0,0,0,1272,12,139,8,16,1,0,-13,0,1080,128,0,14,3,7,0,0,0,0,33,8,14,255,0,0,0,0,562,28,8,14,16,1,0,0,0,914,236,8,14,255,0,0,0,0,982,36,8,14,255,0,0,0,0,653,86,8,14,255,0,0,0,0,642,32,139,9,16,1,0,0,0,605,194,8,14,255,0,0,0,0,1299,18,139,7,16,1,0,-13,0,816,59,8,14,255,0,0,0,0,614,222,8,14,255,0,0,0,0,641,243,8,14,255,0,0,0,0,562,23,139,6,16,1,0,0,0,553,237,8,14,255,0,0,0,0,1235,25,139,10,16,1,0,0,0,998,73,8,14,255,0,0,0,0,634,229,8,14,255,0,0,0,0,578,195,8,14,255,0,0,0,0,924,199,8,14,255,0,0,0,0,651,129,0,14,2,6,227,0,0,0,137,0,14,2,6,187,0,0,0
94490000,129,1,2,0,1,1,0,0,32,1,0,85,8,14,255,0,0,0,0,1130,239,8,14,255,0,0,0,0,636,74,8,14,255,0,0,0,0,1081,40,8,14,255,0,0,0,0,556,80,8,14,255,0,0,0,0,937,43,8,14,255,0,0,0,0,541,50,8,14,255,0,0,0,0,619,71,8,14,255,0,0,0,0,665,10,139,8,16,1,0,0,0,587,231,8,14,255,0,0,0,0,1272,12,139,8,16,1,0,-13,0,1080,128,0,14,3,7,0,0,0,0,33,8,14,255,0,0,0,0,562,28,8,14,16,1,0,0,0,914,236,8,14,255,0,0,0,0,982,36,8,14,255,0,0,0,0,653,86,8,14,255,0,0,0,0,642,32,139,9,16,1,0,0,0,605,194,8,14,255,0,0,0,0,1299,18,139,7,16,1,0,-13,0,816,59,8,14,255,0,0,0,0,614,222,8,14,255,0,0,0,0,641,243,8,14,255,0,0,0,0,562,23,139,6,16,1,0,0,0,553,237,8,14,255,0,0,0,0,1235,25,139,10,16,1,0,0,0,998,73,8,14,255,0,0,0,0,634,229,8,14,255,0,0,0,0,578,195,8,14,255,0,0,0,0,924,199,8,14,255,0,0,0,0,651,129,0,14,2,6,227,0,0,0,137,0,14,2,6,195,0,0,0
94491000,129,1,2,0,1,1,0,0,32,1,0,85,8,14,255,0,0,0,0,1130,239,8,14,255,0,0,0,0,636,74,8,14,255,0,0,0,0,1079,40,8,14,255,0,0,0,0,556,80,8,14,255,0,0,0,0,937,43,8,14,255,0,0,0,0,541,50,8,14,255,0,0,0,0,619,71,8,14,255,0,0,0,0,665,10,139,8,16,1,0,0,0,587,231,8,14,255,0,0,0,0,1271,12,139,8,16,1,0,-13,0,1080,128,0,14,3,7,0,0,0,0,33,8,14,255,0,0,0,0,562,28,8,14,16,1,0,0,0,914,236,8,14,255,0,0,0,0,982,36,8,14,255,0,0,0,0,653,86,8,14,255,0,0,0,0,642,32,139,9,16,1,0,0,0,605,194,8,14,255,0,0,0,0,1299,18,139,7,16,1,0,-13,0,816,59,8,14,255,0,0,0,0,614,222,8,14,255,0,0,0,0,641,243,8,14,255,0,0,0,0,562,23,139,6,16,1,0,0,0,553,237,8,14,255,0,0,0,0,1235,25,139,10,16,1,0,0,0,997,73,8,14,255,0,0,0,0,634,229,8,14,255,0,0,0,0,578,195,8,14,255,0,0,0,0,924,199,8,14,255,0,0,0,0,651,129,0,14,2,6,227,0,0,0,137,0,14,2,6,203,0,0,0
94492000,129,1,2,0,1,1,0,0,32,1,0,85,8,14,255,0,0,0,0,1130,239,8,14,255,0,0,0,0,636,74,8,14,255,0,0,0,0,1079,40,8,14,255,0,0,0,0,556,80,8,14,255,0,0,0,0,937,43,8,14,255,0,0,0,0,541,50,8,14,255,0,0,0,0,619,71,8,14,255,0,0,0,0,665,10,139,8,16,1,0,0,0,587,231,8,14,255,0,0,0,0,1271,12,139,8,16,1,0,-13,0,1079,128,0,14,3,7,0,0,0,0,33,8,14,255,0,0,0,0,562,28,8,14,16,1,0,0,0,914,236,8,14,255,0,0,0,0,982,36,8,14,255,0,0,0,0,653,86,8,14,255,0,0,0,0,642,32,139,9,16,1,0,0,0,605,194,8,14,255,0,0,0,0,1298,18,139,7,16,1,0,-13,0,816,59,8,14,255,0,0,0,0,614,222,8,14,255,0,0,0,0,641,243,8,14,255,0,0,0,0,562,23,139,6,16,1,0,0,0,553,237,8,14,255,0,0,0,0,1235,25,139,10,16,1,0,0,0,997,73,8,14,255,0,0,0,0,634,229,8,14,255,0,0,0,0,578,195,8,14,255,0,0,0,0,924,199,8,14,255,0,0,0,0,651,129,0,14,2,6,227,0,0,0,137,0,14,2,6,211,0,0,0
94493000,129,1,2,0,1,1,0,0,32,1,0,85,8,14,255,0,0,0,0,1130,239,8,14,255,0,0,0,0,636,74,8,14,255,0,0,0,0,1079,40,8,14,255,0,0,0,0,556,80,8,14,255,0,0,0,0,937,43,8,14,255,0,0,0,0,541,50,8,14,255,0,0,0,0,619,71,8,14,255,0,0,0,0,665,10,139,8,16,1,0,0,0,587,231,8,14,255,0,0,0,0,1271,12,139,8,16,1,0,-13,0,1079,128,0,14,3,7,0,0,0,0,33,8,14,255,0,0,0,0,562,28,8,14,16,1,0,0,0,914,236,8,14,255,0,0,0,0,982,36,8,14,255,0,0,0,0,653,86,8,14,255,0,0,0,0,642,32,139,9,16,1,0,0,0,605,194,8,14,255,0,0,0,0,1298,18,139,7,16,1,0,-13,0,817,59,8,14,255,0,0,0,0,614,222,8,14,255,0,0,0,0,641,243,8,14,255,0,0,0,0,562,23,139,6,16,1,0,0,0,553,237,8,14,255,0,0,0,0,1235,25,139,10,16,1,0,0,0,997,73,8,14,255,0,0,0,0,633,229,8,14,255,0,0,0,0,578,195,8,14,255,0,0,0,0,924,199,8,14,255,0,0,0,0,651,129,0,14,2,6,223,0,0,0,137,0,14,2,6,207,0,0,0
94494000,129,1,2,0,1,1,0,0,32,1,0,85,8,14,255,0,0,0,0,1130,239,8,14,255,0,0,0,0,636,74,8,14,255,0,0,0,0,1079,40,8,14,255,0,0,0,0,556,80,8,14,255,0,0,0,0,938,43,8,14,255,0,0,0,0,541,50,8,14,255,0,0,0,0,619,71,8,14,255,0,0,0,0,665,10,139,8,16,1,0,0,0,587,231,8,14,255,0,0,0,0,1271,12,139,8,16,1,0,-13,0,1079,128,0,14,3,7,0,0,0,0,33,8,14,255,0,0,0,0,562,28,8,14,16,1,0,0,0,914,236,8,14,255,0,0,0,0,982,36,8,14,255,0,0,0,0,653,86,8,14,255,0,0,0,0,642,32,139,9,16,1,0,0,0,605,194,8,14,255,0,0,0,0,1298,18,139,7,16,1,0,-13,0,817,59,8,14,255,0,0,0,0,614,222,8,14,255,0,0,0,0,641,243,8,14,255,0,0,0,0,562,23,139,6,16,1,0,0,0,553,237,8,14,255,0,0,0,0,1235,25,139,10,16,1,0,0,0,997,73,8,14,255,0,0,0,0,633,229,8,14,255,0,0,0,0,578,195,8,14,255,0,0,0,0,924,199,8,14,255,0,0,0,0,651,129,0,14,2,6,227,0,0,0,137,0,14,2,6,215,0,0,0
94495000,129,1,2,0,1,1,0,0,32,1,0,85,8,14,255,0,0,0,0,1130,239,8,14,255,0,0,0,0,636,74,8,14,255,0,0,0,0,1079,40,8,14,255,0,0,0,0,556,80,8,14,255,0,0,0,0,938,43,8,14,255,0,0,0,0,541,50,8,14,255,0,0,0,0,619,71,8,14,255,0,0,0,0,665,10,139,8,16,1,0,0,0,587,231,8,14,255,0,0,0,0,1271,12,139,8,16,1,0,-13,0,1079,128,0,14,3,7,0,0,0,0,33,8,14,255,0,0,0,0,562,28,8,14,16,1,0,0,0,913,236,8,14,255,0,0,0,0,982,36,8,14,255,0,0,0,0,653,86,8,14,255,0,0,0,0,642,32,139,9,16,1,0,0,0,605,194,8,14,255,0,0,0,0,1298,18,139,7,16,1,0,-13,0,817,59,8,14,255,0,0,0,0,614,222,8,14,255,0,0,0,0,641,243,8,14,255,0,0,0,0,562,23,139,6,16,1,0,0,0,553,237,8,14,255,0,0,0,0,1235,25,139,10,16,1,0,0,0,997,73,8,14,255,0,0,0,0,633,229,8,14,255,0,0,0,0,578,195,8,14,255,0,0,0,0,924,199,8,14,255,0,0,0,0,651,129,0,14,2,6,227,0,0,0,137,0,14,2,6,223,0,0,0
94496000,129,1,2,0,1,1,0,0,31,1,0,85,8,14,255,0,0,0,0,1130,74,8,14,255,0,0,0,0,1079,40,8,14,255,0,0,0,0,556,80,8,14,255,0,0,0,0,938,43,8,14,255,0,0,0,0,541,50,8,14,255,0,0,0,0,618,71,8,14,255,0,0,0,0,665,10,139,8,16,1,0,0,0,587,231,8,14,255,0,0,0,0,1271,12,139,8,16,1,0,-13,0,1079,128,0,14,3,7,0,0,0,0,33,8,14,255,0,0,0,0,562,28,8,14,16,1,0,0,0,913,236,8,14,255,0,0,0,0,983,36,8,14,255,0,0,0,0,653,86,8,14,255,0,0,0,0,642,32,139,9,16,1,0,0,0,605,194,8,14,255,0,0,0,0,1298,18,139,7,16,1,0,-13,0,817,59,8,14,255,0,0,0,0,614,222,8,14,255,0,0,0,0,641,243,8,14,255,0,0,0,0,562,23,139,6,16,1,0,0,0,553,237,8,14,255,0,0,0,0,1235,25,139,10,16,1,0,0,0,997,73,8,14,255,0,0,0,0,633,229,8,14,255,0,0,0,0,578,195,8,14,255,0,0,0,0,924,199,8,14,255,0,0,0,0,651,129,0,14,2,6,227,0,0,0,137,0,14,2,6,227,0,0,0,,,,,,,,,
94497000,129,1,2,0,1,1,0,0,32,1,0,85,8,14,255,0,0,0,0,1132,24,139,6,16,1,0,0,0,872,74,8,14,255,0,0,0,0,1079,40,8,14,255,0,0,0,0,556,80,8,14,255,0,0,0,0,938,43,8,14,255,0,0,0,0,541,50,8,14,255,0,0,0,0,618,71,8,14,255,0,0,0,0,665,10,139,8,16,1,0,0,0,587,231,8,14,255,0,0,0,0,1271,12,139,8,16,1,0,-13,0,1079,128,0,14,3,7,0,0,0,0,33,8,14,255,0,0,0,0,562,28,8,14,16,1,0,0,0,913,236,8,14,255,0,0,0,0,983,36,8,14,255,0,0,0,0,653,86,8,14,255,0,0,0,0,642,32,139,9,16,1,0,0,0,605,194,8,14,255,0,0,0,0,1298,18,139,7,16,1,0,-13,0,817,59,8,14,255,0,0,0,0,614,222,8,14,255,0,0,0,0,641,243,8,14,255,0,0,0,0,562,23,139,6,16,1,0,0,0,553,237,8,14,255,0,0,0,0,1235,25,139,10,16,1,0,0,0,997,73,8,14,255,0,0,0,0,633,229,8,14,255,0,0,0,0,578,195,8,14,255,0,0,0,0,924,199,8,14,255,0,0,0,0,651,129,0,14,2,6,227,0,0,0,137,0,14,2,6,227,0,0,0
94498000,129,1,2,0,1,1,0,0,32,1,0,85,8,14,255,0,0,0,0,1132,24,139,6,16,1,0,0,0,872,74,8,14,255,0,0,0,0,1079,40,8,14,255,0,0,0,0,556,80,8,14,255,0,0,0,0,938,43,8,14,255,0,0,0,0,541,50,8,14,255,0,0,0,0,618,71,8,14,255,0,0,0,0,665,10,139,8,16,1,0,0,0,587,231,8,14,255,0,0,0,0,1271,12,139,8,16,1,0,-13,0,1079,128,0,14,3,7,0,0,0,0,33,8,14,255,0,0,0,0,562,28,8,14,16,1,0,0,0,913,236,8,14,255,0,0,0,0,983,36,8,14,255,0,0,0,0,653,86,8,14,255,0,0,0,0,643,32,139,9,16,1,0,0,0,605,194,8,14,255,0,0,0,0,1298,18,139,7,16,1,0,-13,0,817,59,8,14,255,0,0,0,0,614,222,8,14,255,0,0,0,0,641,243,8,14,255,0,0,0,0,562,23,139,6,16,1,0,0,0,553,237,8,14,255,0,0,0,0,1234,25,139,10,16,1,0,0,0,997,73,8,14,255,0,0,0,0,633,229,8,14,255,0,0,0,0,578,195,8,14,255,0,0,0,0,924,199,8,14,255,0,0,0,0,651,129,0,14,2,6,227,0,0,0,137,0,14,2,6,227,0,0,0
94499000,129,1,2,0,1,1,0,0,32,1,0,85,8,14,255,0,0,0,0,1132,24,139,6,16,1,0,0,0,872,74,8,14,255,0,0,0,0,1077,40,8,14,255,0,0,0,0,556,80,8,14,255,0,0,0,0,938,43,8,14,255,0,0,0,0,541,50,8,14,255,0,0,0,0,618,71,8,14,255,0,0,0,0,665,10,139,8,16,1,0,0,0,587,231,8,14,255,0,0,0,0,1270,12,139,8,16,1,0,-13,0,1079,128,0,14,3,7,0,0,0,0,33,8,14,255,0,0,0,0,562,28,8,14,16,1,0,0,0,913,236,8,14,255,0,0,0,0,983,36,8,14,255,0,0,0,0,653,86,8,14,255,0,0,0,0,643,32,139,9,16,1,0,0,0,605,194,8,14,255,0,0,0,0,1298,18,139,7,16,1,0,-13,0,817,59,8,14,255,0,0,0,0,614,222,8,14,255,0,0,0,0,641,243,8,14,255,0,0,0,0,562,23,139,6,16,1,0,0,0,553,237,8,14,255,0,0,0,0,1234,25,139,10,16,1,0,0,0,996,73,8,14,255,0,0,0,0,633,229,8,14,255,0,0,0,0,578,195,8,14,255,0,0,0,0,924,199,8,14,255,0,0,0,0,651,129,0,14,2,6,223,0,0,0,137,0,14,2,6,223,0,0,0
94500000,129,1,2,0,1,1,0,0,32,1,0,85,8,14,255,0,0,0,0,1132,24,139,6,16,1,0,0,0,872,74,8,14,255,0,0,0,0,1077,40,8,14,255,0,0,0,0,556,80,8,14,255,0,0,0,0,938,43,8,14,255,0,0,0,0,541,50,8,14,255,0,0,0,0,618,71,8,14,255,0,0,0,0,665,10,139,8,16,1,0,0,0,587,231,8,14,255,0,0,0,0,1270,12,139,8,16,1,0,-13,0,1079,128,0,14,3,7,0,0,0,0,33,8,14,255,0,0,0,0,562,28,8,14,16,1,0,0,0,913,236,8,14,255,0,0,0,0,983,36,8,14,255,0,0,0,0,653,86,8,14,255,0,0,0,0,643,32,139,9,16,1,0,0,0,605,194,8,14,255,0,0,0,0,1298,18,139,7,16,1,0,-13,0,817,59,8,14,255,0,0,0,0,614,222,8,14,255,0,0,0,0,641,243,8,14,255,0,0,0,0,562,23,139,6,16,1,0,0,0,553,237,8,14,255,0,0,0,0,1234,25,139,10,16,1,0,0,0,996,73,8,14,255,0,0,0,0,633,229,8,14,255,0,0,0,0,578,195,8,14,255,0,0,0,0,924,199,8,14,255,0,0,0,0,651,129,0,14,2,6,219,0,0,0,137,0,14,2,6,219,0,0,0
94501000,129,1,2,0,1,1,0,0,32,1,0,85,8,14,255,0,0,0,0,1132,24,0,6,16,1,0,0,0,0,74,8,14,255,0,0,0,0,1077,40,8,14,255,0,0,0,0,556,80,8,14,255,0,0,0,0,938,43,8,14,255,0,0,0,0,541,50,8,14,255,0,0,0,0,618,71,8,14,255,0,0,0,0,665,10,139,8,16,1,0,0,0,587,231,8,14,255,0,0,0,0,1270,12,139,8,16,1,0,-13,0,1079,128,0,14,3,7,0,0,0,0,33,8,14,255,0,0,0,0,562,28,8,14,16,1,0,0,0,913,236,8,14,255,0,0,0,0,983,36,8,14,255,0,0,0,0,653,86,8,14,255,0,0,0,0,643,32,139,9,16,1,0,0,0,605,194,8,14,255,0,0,0,0,1298,18,139,7,16,1,0,-13,0,818,59,8,14,255,0,0,0,0,614,222,8,14,255,0,0,0,0,641,243,8,14,255,0,0,0,0,562,23,139,6,16,1,0,0,0,553,237,8,14,255,0,0,0,0,1234,25,139,10,16,1,0,0,0,996,73,8,14,255,0,0,0,0,633,229,8,14,255,0,0,0,0,578,195,8,14,255,0,0,0,0,924,199,8,14,255,0,0,0,0,651,129,0,14,2,6,227,0,0,0,137,0,14,2,6,227,0,0,0
94502000,129,1,2,0,1,1,0,0,32,1,0,85,8,14,255,0,0,0,0,1132,24,0,6,16,1,0,0,0,0,74,8,14,255,0,0,0,0,1077,40,8,14,255,0,0,0,0,556,80,8,14,255,0,0,0,0,939,43,8,14,255,0,0,0,0,541,50,8,14,255,0,0,0,0,618,71,8,14,255,0,0,0,0,665,10,139,8,16,1,0,0,0,587,231,8,14,255,0,0,0,0,1270,12,139,8,16,1,0,-13,0,1079,128,0,14,3,7,0,0,0,0,33,8,14,255,0,0,0,0,562,28,8,14,16,1,0,0,0,913,236,8,14,255,0,0,0,0,983,36,8,14,255,0,0,0,0,653,86,8,14,255,0,0,0,0,643,32,139,9,16,1,0,0,0,605,194,0,14,255,0,0,0,0,0,18,139,7,16,1,0,-13,0,818,59,8,14,255,0,0,0,0,614,222,8,14,255,0,0,0,0,641,243,8,14,255,0,0,0,0,562,23,139,6,16,1,0,0,0,553,237,8,14,255,0,0,0,0,1234,25,139,10,16,1,0,0,0,996,73,8,14,255,0,0,0,0,633,229,8,14,255,0,0,0,0,577,195,8,14,255,0,0,0,0,924,199,8,14,255,0,0,0,0,651,129,0,14,2,6,223,0,0,0,137,0,14,2,6,223,0,0,0
94503000,129,1,2,0,1,1,0,0,32,1,0,85,8,14,255,0,0,0,0,1132,24,0,6,16,1,0,0,0,0,74,8,14,255,0,0,0,0,1077,40,8,14,255,0,0,0,0,556,80,8,14,255,0,0,0,0,939,43,8,14,255,0,0,0,0,541,50,8,14,255,0,0,0,0,618,71,8,14,255,0,0,0,0,665,10,139,8,16,1,0,0,0,587,231,8,14,255,0,0,0,0,1270,12,139,8,16,1,0,-13,0,1079,128,0,14,3,7,0,0,0,0,33,8,14,255,0,0,0,0,562,28,8,14,16,1,0,0,0,912,236,8,14,255,0,0,0,0,983,36,8,14,255,0,0,0,0,653,86,8,14,255,0,0,0,0,643,32,139,9,16,1,0,0,0,605,194,8,14,255,0,0,0,0,1298,18,139,7,16,1,0,-13,0,818,59,8,14,255,0,0,0,0,614,222,8,14,255,0,0,0,0,641,243,8,14,255,0,0,0,0,562,23,139,6,16,1,0,0,0,553,237,8,14,255,0,0,0,0,1234,25,139,10,16,1,0,0,0,996,73,8,14,255,0,0,0,0,633,229,8,14,255,0,0,0,0,577,195,8,14,255,0,0,0,0,925,199,8,14,255,0,0,0,0,651,129,0,14,2,6,227,0,0,0,137,0,14,2,6,227,0,0,0
94504000,129,1,2,0,1,1,0,0,32,1,0,85,8,14,255,0,0,0,0,1132,24,139,6,16,1,0,0,0,872,74,8,14,255,0,0,0,0,1077,40,8,14,255,0,0,0,0,556,80,8,14,255,0,0,0,0,939,43,8,14,255,0,0,0,0,541,50,8,14,255,0,0,0,0,618,71,8,14,255,0,0,0,0,665,10,139,8,16,1,0,0,0,587,231,8,14,255,0,0,0,0,1270,12,139,8,16,1,0,-13,0,1079,128,0,14,3,7,0,0,0,0,33,8,14,255,0,0,0,0,562,28,8,14,16,1,0,0,0,912,236,8,14,255,0,0,0,0,984,36,8,14,255,0,0,0,0,653,86,8,14,255,0,0,0,0,643,32,139,9,16,1,0,0,0,605,194,8,14,255,0,0,0,0,1298,18,139,7,16,1,0,-13,0,818,59,8,14,255,0,0,0,0,614,222,8,14,255,0,0,0,0,641,243,8,14,255,0,0,0,0,563,23,139,6,16,1,0,0,0,553,237,8,14,255,0,0,0,0,1234,25,139,10,16,1,0,0,0,996,73,8,14,255,0,0,0,0,633,229,8,14,255,0,0,0,0,577,195,8,14,255,0,0,0,0,925,199,8,14,255,0,0,0,0,651,129,0,14,2,6,223,0,0,0,137,0,14,2,6,223,0,0,0
94505000,129,1,2,0,1,1,0,0,32,1,0,85,8,14,255,0,0,0,0,1134,239,8,14,255,0,0,0,0,637,74,8,14,255,0,0,0,0,1077,40,8,14,255,0,0,0,0,556,80,8,14,255,0,0,0,0,939,43,8,14,255,0,0,0,0,541,50,8,14,255,0,0,0,0,618,71,8,14,255,0,0,0,0,665,10,139,8,16,1,0,0,0,587,231,8,14,255,0,0,0,0,1270,12,139,8,16,1,0,-13,0,1079,128,0,14,3,7,0,0,0,0,33,8,14,255,0,0,0,0,562,28,8,14,16,1,0,0,0,912,236,8,14,255,0,0,0,0,984,36,8,14,255,0,0,0,0,652,86,8,14,255,0,0,0,0,643,32,139,9,16,1,0,0,0,605,194,8,14,255,0,0,0,0,1298,18,139,7,16,1,0,-13,0,818,59,8,14,255,0,0,0,0,614,222,8,14,255,0,0,0,0,641,243,8,14,255,0,0,0,0,563,23,139,6,16,1,0,0,0,553,237,8,14,255,0,0,0,0,1234,25,139,10,16,1,0,0,0,996,73,8,14,255,0,0,0,0,633,229,8,14,255,0,0,0,0,577,195,8,14,255,0,0,0,0,925,199,8,14,255,0,0,0,0,651,129,0,14,2,6,219,0,0,0,137,0,14,2,6,227,0,0,0
94506000,129,1,2,0,1,1,0,0,32,1,0,85,8,14,255,0,0,0,0,1134,239,8,14,255,0,0,0,0,637,74,8,14,255,0,0,0,0,1077,40,8,14,255,0,0,0,0,556,80,8,14,255,0,0,0,0,939,43,8,14,255,0,0,0,0,541,50,8,14,255,0,0,0,0,618,71,8,14,255,0,0,0,0,665,10,139,8,16,1,0,0,0,587,231,8,14,255,0,0,0,0,1270,12,139,8,16,1,0,-13,0,1079,128,0,14,3,7,0,0,0,0,33,8,14,255,0,0,0,0,562,28,8,14,16,1,0,0,0,912,236,8,14,255,0,0,0,0,984,36,8,14,255,0,0,0,0,652,86,8,14,255,0,0,0,0,643,32,139,9,16,1,0,0,0,605,194,8,14,255,0,0,0,0,1298,18,139,7,16,1,0,-13,0,818,59,8,14,255,0,0,0,0,614,222,8,14,255,0,0,0,0,641,243,8,14,255,0,0,0,0,563,23,139,6,16,1,0,0,0,553,237,8,14,255,0,0,0,0,1233,25,139,10,16,1,0,0,0,996,73,8,14,255,0,0,0,0,633,229,8,14,255,0,0,0,0,577,195,8,14,255,0,0,0,0,925,199,8,14,255,0,0,0,0,651,129,0,14,2,6,227,0,0,0,137,0,14,2,6,227,0,0,0
94507000,129,1,2,0,1,1,0,0,32,1,0,85,8,14,255,0,0,0,0,1134,24,139,6,16,1,0,0,0,873,74,8,14,255,0,0,0,0,1075,40,8,14,255,0,0,0,0,556,80,8,14,255,0,0,0,0,939,43,8,14,255,0,0,0,0,541,50,8,14,255,0,0,0,0,618,71,8,14,255,0,0,0,0,665,10,139,8,16,1,0,0,0,587,231,8,14,255,0,0,0,0,1268,12,139,8,16,1,0,-13,0,1079,128,0,14,3,7,0,0,0,0,33,8,14,255,0,0,0,0,562,28,8,14,16,1,0,0,0,912,236,8,14,255,0,0,0,0,984,36,8,14,255,0,0,0,0,652,86,8,14,255,0,0,0,0,643,32,139,9,16,1,0,0,0,605,194,8,14,255,0,0,0,0,1298,18,139,7,16,1,0,-13,0,818,59,8,14,255,0,0,0,0,614,222,8,14,255,0,0,0,0,641,243,8,14,255,0,0,0,0,563,23,139,6,16,1,0,0,0,553,237,8,14,255,0,0,0,0,1233,25,139,10,16,1,0,0,0,995,73,8,14,255,0,0,0,0,633,229,8,14,255,0,0,0,0,577,195,8,14,255,0,0,0,0,925,199,8,14,255,0,0,0,0,651,129,0,14,2,6,227,0,0,0,137,0,14,2,6,227,0,0,0
94508000,129,1,2,0,1,1,0,0,32,1,0,85,8,14,255,0,0,0,0,1134,24,139,6,16,1,0,0,0,873,74,8,14,255,0,0,0,0,1075,40,8,14,255,0,0,0,0,556,80,8,14,255,0,0,0,0,939,43,8,14,255,0,0,0,0,541,50,8,14,255,0,0,0,0,618,71,8,14,255,0,0,0,0,665,10,139,8,16,1,0,0,0,587,231,8,14,255,0,0,0,0,1268,12,139,8,16,1,0,-13,0,1078,128,0,14,3,7,0,0,0,0,33,8,14,255,0,0,0,0,562,28,8,14,16,1,0,0,0,912,236,8,14,255,0,0,0,0,984,36,8,14,255,0,0,0,0,652,86,8,14,255,0,0,0,0,643,32,139,9,16,1,0,0,0,605,194,8,14,255,0,0,0,0,1297,18,139,7,16,1,0,-13,0,818,59,8,14,255,0,0,0,0,614,222,8,14,255,0,0,0,0,641,243,8,14,255,0,0,0,0,563,23,139,6,16,1,0,0,0,553,237,8,14,255,0,0,0,0,1233,25,139,10,16,1,0,0,0,995,73,8,14,255,0,0,0,0,633,229,8,14,255,0,0,0,0,577,195,8,14,255,0,0,0,0,925,199,8,14,255,0,0,0,0,651,129,0,14,2,6,227,0,0,0,137,0,14,2,6,227,0,0,0
94509000,129,1,2,0,1,1,0,0,32,1,0,85,8,14,255,0,0,0,0,1134,24,139,6,16,1,0,0,0,873,74,8,14,255,0,0,0,0,1075,40,8,14,255,0,0,0,0,556,80,8,14,255,0,0,0,0,939,43,8,14,255,0,0,0,0,541,50,8,14,255,0,0,0,0,618,71,8,14,255,0,0,0,0,665,10,139,8,16,1,0,0,0,587,231,8,14,255,0,0,0,0,1268,12,139,8,16,1,0,-13,0,1078,128,0,14,3,7,0,0,0,0,33,8,14,255,0,0,0,0,562,28,8,12,16,1,0,0,0,912,236,8,14,255,0,0,0,0,984,36,8,14,255,0,0,0,0,652,86,8,14,255,0,0,0,0,643,32,139,9,16,1,0,0,0,605,194,8,14,255,0,0,0,0,1297,18,139,7,16,1,0,-13,0,819,59,8,14,255,0,0,0,0,614,222,8,14,255,0,0,0,0,641,243,8,14,255,0,0,0,0,563,23,139,6,16,1,0,0,0,553,237,8,14,255,0,0,0,0,1233,25,139,10,16,1,0,0,0,995,73,8,14,255,0,0,0,0,632,229,8,14,255,0,0,0,0,577,195,8,14,255,0,0,0,0,925,199,8,14,255,0,0,0,0,651,129,0,14,2,6,227,0,0,0,137,0,14,2,6,227,0,0,0
94510000,129,1,2,0,1,1,0,0,32,1,0,85,8,14,255,0,0,0,0,1134,24,139,6,16,1,0,0,0,873,74,8,14,255,0,0,0,0,1075,40,8,14,255,0,0,0,0,556,80,8,14,255,0,0,0,0,939,43,8,14,255,0,0,0,0,541,50,8,14,255,0,0,0,0,618,71,8,14,255,0,0,0,0,665,10,139,8,16,1,0,0,0,587,231,8,14,255,0,0,0,0,1268,12,139,8,16,1,0,-13,0,1078,128,0,14,3,7,0,0,0,0,33,8,14,255,0,0,0,0,562,28,8,12,16,1,0,0,0,912,236,8,14,255,0,0,0,0,984,36,8,14,255,0,0,0,0,652,86,8,14,255,0,0,0,0,643,32,139,9,16,1,0,0,0,605,194,0,14,255,0,0,0,0,0,18,139,7,16,1,0,-13,0,819,59,8,14,255,0,0,0,0,614,222,8,14,255,0,0,0,0,641,243,8,14,255,0,0,0,0,563,23,139,6,16,1,0,0,0,553,237,8,14,255,0,0,0,0,1233,25,139,10,16,1,0,0,0,995,73,8,14,255,0,0,0,0,632,229,8,14,255,0,0,0,0,577,195,8,14,255,0,0,0,0,925,199,8,14,255,0,0,0,0,651,129,0,14,2,6,227,0,0,0,137,0,14,2,6,227,0,0,0
94511000,129,1,2,0,1,1,0,0,32,1,0,85,8,14,255,0,0,0,0,1134,24,139,6,16,1,0,0,0,873,74,8,14,255,0,0,0,0,1075,40,8,14,255,0,0,0,0,556,80,8,14,255,0,0,0,0,939,43,8,14,255,0,0,0,0,541,50,8,14,255,0,0,0,0,618,71,8,14,255,0,0,0,0,665,10,139,8,16,1,0,0,0,587,231,8,14,255,0,0,0,0,1268,12,139,8,16,1,0,-13,0,1078,128,0,14,3,7,0,0,0,0,33,8,14,255,0,0,0,0,562,28,8,12,16,1,0,0,0,911,236,8,14,255,0,0,0,0,984,36,8,14,255,0,0,0,0,652,86,8,14,255,0,0,0,0,643,32,139,9,16,1,0,0,0,605,194,0,14,255,0,0,0,0,0,18,139,7,16,1,0,-13,0,819,59,8,14,255,0,0,0,0,614,222,8,14,255,0,0,0,0,641,243,8,14,255,0,0,0,0,563,23,139,6,16,1,0,0,0,553,237,8,14,255,0,0,0,0,1233,25,139,10,16,1,0,0,0,995,73,8,14,255,0,0,0,0,632,229,8,14,255,0,0,0,0,577,195,8,14,255,0,0,0,0,925,199,8,14,255,0,0,0,0,651,129,0,14,2,6,227,0,0,0,137,0,14,2,6,227,0,0,0
94512000,129,1,2,0,1,1,0,0,32,1,0,85,8,14,255,0,0,0,0,1134,24,139,6,16,1,0,0,0,873,74,8,14,255,0,0,0,0,1075,40,8,14,255,0,0,0,0,556,80,8,14,255,0,0,0,0,939,43,8,14,255,0,0,0,0,541,50,8,14,255,0,0,0,0,618,71,8,14,255,0,0,0,0,665,10,139,8,16,1,0,0,0,587,231,8,14,255,0,0,0,0,1268,12,139,8,16,1,0,-13,0,1078,128,0,14,3,7,0,0,0,0,33,8,14,255,0,0,0,0,562,28,8,12,16,1,0,0,0,911,236,8,14,255,0,0,0,0,985,36,8,14,255,0,0,0,0,652,86,8,14,255,0,0,0,0,643,32,139,9,16,1,0,0,0,605,194,8,14,255,0,0,0,0,1297,18,139,7,16,1,0,-13,0,819,59,8,14,255,0,0,0,0,614,222,8,14,255,0,0,0,0,641,243,8,14,255,0,0,0,0,563,23,139,6,16,1,0,0,0,553,237,8,14,255,0,0,0,0,1233,25,139,10,16,1,0,0,0,995,73,8,14,255,0,0,0,0,632,229,8,14,255,0,0,0,0,577,195,8,14,255,0,0,0,0,925,199,8,14,255,0,0,0,0,651,129,0,14,2,6,223,0,0,0,137,0,14,2,6,223,0,0,0
94513000,129,1,2,0,1,1,0,0,32,1,0,85,8,14,255,0,0,0,0,1135,24,139,6,16,1,0,0,0,873,74,8,14,255,0,0,0,0,1075,40,8,14,255,0,0,0,0,556,80,8,14,255,0,0,0,0,939,43,8,14,255,0,0,0,0,541,50,8,14,255,0,0,0,0,618,71,8,14,255,0,0,0,0,665,10,139,8,16,1,0,0,0,587,231,8,14,255,0,0,0,0,1268,12,139,8,16,1,0,-13,0,1078,128,0,14,3,7,0,0,0,0,33,8,14,255,0,0,0,0,562,28,8,12,16,1,0,0,0,911,236,8,14,255,0,0,0,0,985,36,8,14,255,0,0,0,0,652,86,8,14,255,0,0,0,0,643,32,139,9,16,1,0,0,0,605,194,8,14,255,0,0,0,0,1297,18,139,7,16,1,0,-13,0,819,59,8,14,255,0,0,0,0,614,222,8,14,255,0,0,0,0,641,243,8,14,255,0,0,0,0,563,23,139,6,16,1,0,0,0,553,237,8,14,255,0,0,0,0,1233,25,139,10,16,1,0,0,0,995,73,8,14,255,0,0,0,0,632,229,8,14,255,0,0,0,0,577,195,8,14,255,0,0,0,0,925,199,8,14,255,0,0,0,0,651,129,0,14,2,6,227,0,0,0,137,0,14,2,6,227,0,0,0
94514000,129,1,2,0,1,1,0,0,32,1,0,85,8,14,255,0,0,0,0,1135,24,139,6,16,1,0,0,0,874,74,8,14,255,0,0,0,0,1075,40,8,14,255,0,0,0,0,556,80,8,14,255,0,0,0,0,939,43,8,14,255,0,0,0,0,541,50,8,14,255,0,0,0,0,618,71,8,14,255,0,0,0,0,665,10,139,8,16,1,0,0,0,586,231,8,14,255,0,0,0,0,1268,12,139,8,16,1,0,-13,0,1078,128,0,14,3,7,0,0,0,0,33,8,14,255,0,0,0,0,562,28,8,12,16,1,0,0,0,911,236,8,14,255,0,0,0,0,985,36,8,14,255,0,0,0,0,652,86,8,14,255,0,0,0,0,643,32,139,9,16,1,0,0,0,605,194,8,14,255,0,0,0,0,1297,18,139,7,16,1,0,-13,0,819,59,8,14,255,0,0,0,0,614,222,8,14,255,0,0,0,0,641,243,8,14,255,0,0,0,0,563,23,139,6,16,1,0,0,0,553,237,8,14,255,0,0,0,0,1233,25,139,10,16,1,0,0,0,995,73,8,14,255,0,0,0,0,632,229,8,14,255,0,0,0,0,577,195,8,14,255,0,0,0,0,925,199,8,14,255,0,0,0,0,651,129,0,14,2,6,227,0,0,0,137,0,14,2,6,227,0,0,0
94515000,129,1,2,0,1,1,0,0,32,1,0,85,8,14,255,0,0,0,0,1135,24,139,6,16,1,0,0,0,874,74,8,14,255,0,0,0,0,1074,40,8,14,255,0,0,0,0,556,80,8,14,255,0,0,0,0,939,43,8,14,255,0,0,0,0,541,50,8,14,255,0,0,0,0,618,71,8,14,255,0,0,0,0,665,10,139,8,16,1,0,0,0,586,231,8,14,255,0,0,0,0,1267,12,139,8,16,1,0,-13,0,1078,128,0,14,3,7,0,0,0,0,33,8,14,255,0,0,0,0,562,28,139,12,16,1,0,0,0,911,236,8,14,255,0,0,0,0,985,36,8,14,255,0,0,0,0,652,86,8,14,255,0,0,0,0,643,32,139,9,16,1,0,0,0,605,194,8,14,255,0,0,0,0,1297,18,139,7,16,1,0,-13,0,819,59,8,14,255,0,0,0,0,614,222,8,14,255,0,0,0,0,641,243,8,14,255,0,0,0,0,563,23,139,6,16,1,0,0,0,553,237,8,14,255,0,0,0,0,1233,25,139,10,16,1,0,0,0,994,73,8,14,255,0,0,0,0,632,229,8,14,255,0,0,0,0,577,195,8,14,255,0,0,0,0,925,199,8,14,255,0,0,0,0,651,129,0,14,2,6,227,0,0,0,137,0,14,2,6,227,0,0,0
94516000,129,1,2,0,1,1,0,0,32,1,0,85,8,14,255,0,0,0,0,1135,24,139,6,16,1,0,0,0,874,74,8,14,255,0,0,0,0,1074,40,8,14,255,0,0,0,0,555,80,8,14,255,0,0,0,0,939,43,8,14,255,0,0,0,0,541,50,8,14,255,0,0,0,0,618,71,8,14,255,0,0,0,0,665,10,139,8,16,1,0,0,0,586,231,8,14,255,0,0,0,0,1267,12,139,8,16,1,0,-13,0,1077,128,0,14,3,7,0,0,0,0,33,8,14,255,0,0,0,0,562,28,139,12,16,1,0,0,0,911,236,8,14,255,0,0,0,0,985,36,8,14,255,0,0,0,0,652,86,8,14,255,0,0,0,0,643,32,139,9,16,1,0,0,0,605,194,8,14,255,0,0,0,0,1296,18,139,7,16,1,0,-13,0,819,59,8,14,255,0,0,0,0,614,222,8,14,255,0,0,0,0,641,243,8,14,255,0,0,0,0,563,23,139,6,16,1,0,0,0,553,237,8,14,255,0,0,0,0,1233,25,139,10,16,1,0,0,0,994,73,8,14,255,0,0,0,0,632,229,8,14,255,0,0,0,0,577,195,8,14,255,0,0,0,0,925,199,8,14,255,0,0,0,0,651,129,0,14,2,6,227,0,0,0,137,0,14,2,6,227,0,0,0
94517000,129,1,2,0,1,1,0,0,32,1,0,85,8,14,255,0,0,0,0,1135,239,8,14,255,0,0,0,0,637,74,8,14,255,0,0,0,0,1074,40,8,14,255,0,0,0,0,555,80,8,14,255,0,0,0,0,939,43,8,14,255,0,0,0,0,541,50,8,14,255,0,0,0,0,618,71,8,14,255,0,0,0,0,665,10,139,8,16,1,0,0,0,586,231,8,14,255,0,0,0,0,1267,12,139,8,16,1,0,-13,0,1077,128,0,14,3,7,0,0,0,0,33,8,14,255,0,0,0,0,562,28,139,12,16,1,0,0,0,911,236,8,14,255,0,0,0,0,985,36,8,14,255,0,0,0,0,652,86,8,14,255,0,0,0,0,643,32,139,9,16,1,0,0,0,605,194,8,14,255,0,0,0,0,1296,18,139,7,16,1,0,-13,0,820,59,8,14,255,0,0,0,0,614,222,8,14,255,0,0,0,0,641,243,8,14,255,0,0,0,0,563,23,139,6,16,1,0,0,0,553,237,8,14,255,0,0,0,0,1233,25,139,10,16,1,0,0,0,994,73,8,14,255,0,0,0,0,632,229,8,14,255,0,0,0,0,577,195,8,14,255,0,0,0,0,925,199,8,14,255,0,0,0,0,651,129,0,14,2,6,227,0,0,0,137,0,14,2,6,227,0,0,0
94518000,129,1,2,0,1,1,0,0,31,1,0,85,8,14,255,0,0,0,0,1135,239,8,14,255,0,0,0,0,637,74,8,14,255,0,0,0,0,1074,40,8,14,255,0,0,0,0,555,80,8,14,255,0,0,0,0,940,43,8,14,255,0,0,0,0,541,50,8,14,255,0,0,0,0,618,71,8,14,255,0,0,0,0,665,10,139,8,16,1,0,0,0,586,231,8,14,255,0,0,0,0,1267,12,139,8,16,1,0,-13,0,1077,128,0,14,3,7,0,0,0,0,33,8,14,255,0,0,0,0,561,28,139,12,16,1,0,0,0,911,236,8,14,255,0,0,0,0,985,36,8,14,255,0,0,0,0,652,86,8,14,255,0,0,0,0,643,32,139,9,16,1,0,0,0,605,194,8,14,255,0,0,0,0,1296,18,139,7,16,1,0,-13,0,820,59,8,14,255,0,0,0,0,614,222,8,14,255,0,0,0,0,641,243,8,14,255,0,0,0,0,563,23,139,6,16,1,0,0,0,553,25,139,10,16,1,0,0,0,994,73,8,14,255,0,0,0,0,632,229,8,14,255,0,0,0,0,577,195,8,14,255,0,0,0,0,925,199,8,14,255,0,0,0,0,651,129,0,14,2,6,223,0,0,0,137,0,14,2,6,227,0,0,0,,,,,,,,,
94519000,129,1,2,0,1,1,0,0,32,1,0,85,8,14,255,0,0,0,0,1135,239,8,14,255,0,0,0,0,637,74,8,14,255,0,0,0,0,1074,40,8,14,255,0,0,0,0,555,80,8,14,255,0,0,0,0,940,43,8,14,255,0,0,0,0,541,50,8,14,255,0,0,0,0,618,71,8,14,255,0,0,0,0,665,10,139,8,16,1,0,0,0,586,231,8,14,255,0,0,0,0,1267,12,139,8,16,1,0,-13,0,1077,128,0,14,3,7,0,0,0,0,33,8,14,255,0,0,0,0,561,28,139,12,16,1,0,0,0,910,236,8,14,255,0,0,0,0,985,36,8,14,255,0,0,0,0,652,86,8,14,255,0,0,0,0,643,32,139,9,16,1,0,0,0,605,194,8,14,255,0,0,0,0,1296,18,139,7,16,1,0,-13,0,820,59,8,14,255,0,0,0,0,614,222,8,14,255,0,0,0,0,640,243,8,14,255,0,0,0,0,563,23,139,6,16,1,0,0,0,553,24,0,6,16,1,0,0,0,0,25,139,10,16,1,0,0,0,994,73,8,14,255,0,0,0,0,632,229,8,14,255,0,0,0,0,577,195,8,14,255,0,0,0,0,926,199,8,14,255,0,0,0,0,651,129,0,14,2,6,227,0,0,0,137,0,14,2,6,227,0,0,0
94520000,129,1,2,0,1,1,0,0,32,1,0,85,8,14,255,0,0,0,0,1135,239,8,14,255,0,0,0,0,637,74,8,14,255,0,0,0,0,1074,40,8,14,255,0,0,0,0,555,80,8,14,255,0,0,0,0,940,43,8,14,255,0,0,0,0,541,50,8,14,255,0,0,0,0,618,71,8,14,255,0,0,0,0,665,10,139,8,16,1,0,0,0,586,231,8,14,255,0,0,0,0,1267,12,139,8,16,1,0,-13,0,1077,128,0,14,3,7,0,0,0,0,33,8,14,255,0,0,0,0,561,28,139,12,16,1,0,0,0,910,236,8,14,255,0,0,0,0,986,36,8,14,255,0,0,0,0,652,86,8,14,255,0,0,0,0,643,32,139,9,16,1,0,0,0,605,194,8,14,255,0,0,0,0,1296,18,139,7,16,1,0,-13,0,820,59,8,14,255,0,0,0,0,614,222,8,14,255,0,0,0,0,640,243,8,14,255,0,0,0,0,563,23,139,6,16,1,0,0,0,553,24,0,6,16,1,0,0,0,0,25,139,10,16,1,0,0,0,994,73,8,14,255,0,0,0,0,632,229,8,14,255,0,0,0,0,577,195,8,14,255,0,0,0,0,926,199,8,14,255,0,0,0,0,651,129,0,14,2,6,227,0,0,0,137,0,14,2,6,227,0,0,0
94521000,129,1,2,0,1,1,0,0,32,1,0,85,8,14,255,0,0,0,0,1137,239,8,14,255,0,0,0,0,637,74,8,14,255,0,0,0,0,1074,40,8,14,255,0,0,0,0,555,80,8,14,255,0,0,0,0,940,43,8,14,255,0,0,0,0,541,50,8,14,255,0,0,0,0,618,71,8,14,255,0,0,0,0,665,10,139,8,16,1,0,0,0,586,231,8,14,255,0,0,0,0,1267,12,139,8,16,1,0,-13,0,1077,128,0,14,3,7,0,0,0,0,33,8,14,255,0,0,0,0,561,28,139,12,16,1,0,0,0,910,236,8,14,255,0,0,0,0,986,36,8,14,255,0,0,0,0,652,86,8,14,255,0,0,0,0,643,32,139,9,16,1,0,0,0,605,194,8,14,255,0,0,0,0,1296,18,139,7,16,1,0,-13,0,820,59,8,14,255,0,0,0,0,614,222,8,14,255,0,0,0,0,640,243,8,14,255,0,0,0,0,563,23,139,6,16,1,0,0,0,553,24,0,6,16,1,0,0,0,0,25,139,10,16,1,0,0,0,994,73,8,14,255,0,0,0,0,632,229,8,14,255,0,0,0,0,577,195,8,14,255,0,0,0,0,926,199,8,14,255,0,0,0,0,651,129,0,14,2,6,227,0,0,0,137,0,14,2,6,227,0,0,0
94522000,129,1,2,0,1,1,0,0,32,1,0,85,8,14,255,0,0,0,0,1137,239,8,14,255,0,0,0,0,637,74,8,14,255,0,0,0,0,1074,40,8,14,255,0,0,0,0,555,80,8,14,255,0,0,0,0,940,43,8,14,255,0,0,0,0,541,50,8,14,255,0,0,0,0,618,71,8,14,255,0,0,0,0,665,10,139,8,16,1,0,0,0,586,231,8,14,255,0,0,0,0,1267,12,139,8,16,1,0,-13,0,1077,128,0,14,3,7,0,0,0,0,33,8,14,255,0,0,0,0,561,28,139,12,16,1,0,0,0,910,236,8,14,255,0,0,0,0,986,36,8,14,255,0,0,0,0,652,86,8,14,255,0,0,0,0,644,32,139,9,16,1,0,0,0,605,194,8,14,255,0,0,0,0,1296,18,139,7,16,1,0,-13,0,820,59,8,14,255,0,0,0,0,614,222,8,14,255,0,0,0,0,640,243,8,14,255,0,0,0,0,563,23,139,6,16,1,0,0,0,553,24,0,6,16,1,0,0,0,0,25,139,10,16,1,0,0,0,994,73,8,14,255,0,0,0,0,632,229,8,14,255,0,0,0,0,577,195,8,14,255,0,0,0,0,926,199,8,14,255,0,0,0,0,651,129,0,14,2,6,227,0,0,0,137,0,14,2,6,227,0,0,0
94523000,129,1,2,0,1,1,0,0,32,1,0,85,8,14,255,0,0,0,0,1137,239,8,14,255,0,0,0,0,637,74,8,14,255,0,0,0,0,1072,40,8,14,255,0,0,0,0,555,80,8,14,255,0,0,0,0,940,43,8,14,255,0,0,0,0,541,50,8,14,255,0,0,0,0,618,71,8,14,255,0,0,0,0,665,10,139,8,16,1,0,0,0,586,231,8,14,255,0,0,0,0,1266,12,139,8,16,1,0,-13,0,1077,128,0,14,3,7,0,0,0,0,33,8,14,255,0,0,0,0,561,28,139,12,16,1,0,0,0,910,236,8,14,255,0,0,0,0,986,36,8,14,255,0,0,0,0,652,86,8,14,255,0,0,0,0,644,32,139,9,16,1,0,0,0,605,194,8,14,255,0,0,0,0,1296,18,139,7,16,1,0,-13,0,820,59,8,14,255,0,0,0,0,614,222,8,14,255,0,0,0,0,640,243,8,14,255,0,0,0,0,563,23,139,6,16,1,0,0,0,553,24,0,6,16,1,0,0,0,0,25,139,10,16,1,0,0,0,993,73,8,14,255,0,0,0,0,632,229,8,14,255,0,0,0,0,577,195,8,14,255,0,0,0,0,926,199,8,14,255,0,0,0,0,651,129,0,14,2,6,227,0,0,0,137,0,14,2,6,223,0,0,0
94524000,129,1,2,0,1,1,0,0,32,1,0,85,8,14,255,0,0,0,0,1137,239,8,14,255,0,0,0,0,637,74,8,14,255,0,0,0,0,1072,40,8,14,255,0,0,0,0,555,80,8,14,255,0,0,0,0,940,43,8,14,255,0,0,0,0,541,50,8,14,255,0,0,0,0,618,71,8,14,255,0,0,0,0,665,10,139,8,16,1,0,0,0,586,231,8,14,255,0,0,0,0,1266,12,139,8,16,1,0,-13,0,1077,128,0,14,3,7,0,0,0,0,33,8,14,255,0,0,0,0,561,28,139,12,16,1,0,0,0,910,236,8,14,255,0,0,0,0,986,36,8,14,255,0,0,0,0,652,86,8,14,255,0,0,0,0,644,32,139,9,16,1,0,0,0,605,194,8,14,255,0,0,0,0,1296,18,139,7,16,1,0,-13,0,820,59,8,14,255,0,0,0,0,614,222,8,14,255,0,0,0,0,640,243,8,14,255,0,0,0,0,563,23,139,6,16,1,0,0,0,553,237,8,14,255,0,0,0,0,1232,25,139,10,16,1,0,0,0,993,73,8,14,255,0,0,0,0,632,229,8,14,255,0,0,0,0,577,195,8,14,255,0,0,0,0,926,199,8,14,255,0,0,0,0,651,129,0,14,2,6,223,0,0,0,137,0,14,2,6,219,0,0,0
94525000,129,1,2,0,1,1,0,0,32,1,0,85,8,14,255,0,0,0,0,1137,239,8,14,255,0,0,0,0,637,74,8,14,255,0,0,0,0,1072,40,8,14,255,0,0,0,0,555,80,8,14,255,0,0,0,0,940,43,8,14,255,0,0,0,0,541,50,8,14,255,0,0,0,0,618,71,8,14,255,0,0,0,0,665,10,139,8,16,1,0,0,0,586,231,8,14,255,0,0,0,0,1266,12,139,8,16,1,0,-13,0,1077,128,0,14,3,7,0,0,0,0,33,8,14,255,0,0,0,0,561,28,139,12,16,1,0,0,0,910,236,8,14,255,0,0,0,0,986,36,8,14,255,0,0,0,0,652,86,8,14,255,0,0,0,0,644,32,139,9,16,1,0,0,0,605,194,8,14,255,0,0,0,0,1296,18,139,7,16,1,0,-13,0,821,59,8,14,255,0,0,0,0,614,222,8,14,255,0,0,0,0,640,243,8,14,255,0,0,0,0,563,23,139,6,16,1,0,0,0,553,237,8,14,255,0,0,0,0,1232,25,139,10,16,1,0,0,0,993,73,8,14,255,0,0,0,0,632,229,8,14,255,0,0,0,0,577,195,8,14,255,0,0,0,0,926,199,8,14,255,0,0,0,0,651,129,0,14,2,6,227,0,0,0,137,0,14,2,6,227,0,0,0
94526000,129,1,2,0,1,1,0,0,32,1,0,85,8,14,255,0,0,0,0,1137,239,8,14,255,0,0,0,0,637,74,8,14,255,0,0,0,0,1072,40,8,14,255,0,0,0,0,555,80,8,14,255,0,0,0,0,941,43,8,14,255,0,0,0,0,541,50,8,14,255,0,0,0,0,618,71,8,14,255,0,0,0,0,665,10,139,8,16,1,0,0,0,586,231,8,14,255,0,0,0,0,1266,12,139,8,16,1,0,-13,0,1077,128,0,14,3,7,0,0,0,0,33,8,14,255,0,0,0,0,561,28,139,12,16,1,0,0,0,910,236,8,14,255,0,0,0,0,986,36,8,14,255,0,0,0,0,652,86,8,14,255,0,0,0,0,644,32,139,9,16,1,0,0,0,605,194,8,14,255,0,0,0,0,1296,18,139,7,16,1,0,-13,0,821,59,8,14,255,0,0,0,0,614,222,8,14,255,0,0,0,0,640,243,8,14,255,0,0,0,0,563,23,139,6,16,1,0,0,0,553,237,8,14,255,0,0,0,0,1232,25,139,10,16,1,0,0,0,993,73,8,14,255,0,0,0,0,632,229,8,14,255,0,0,0,0,577,195,8,14,255,0,0,0,0,926,199,8,14,255,0,0,0,0,651,129,0,14,2,6,227,0,0,0,137,0,14,2,6,227,0,0,0
94527000,129,1,2,0,1,1,0,0,32,1,0,85,8,14,255,0,0,0,0,1137,239,8,14,255,0,0,0,0,637,74,8,14,255,0,0,0,0,1072,40,8,14,255,0,0,0,0,555,80,8,14,255,0,0,0,0,941,43,8,14,255,0,0,0,0,540,50,8,14,255,0,0,0,0,618,71,8,14,255,0,0,0,0,665,10,139,8,16,1,0,0,0,586,231,8,14,255,0,0,0,0,1266,12,139,8,16,1,0,-13,0,1077,128,0,14,3,7,0,0,0,0,33,8,14,255,0,0,0,0,561,28,139,12,16,1,0,0,0,909,236,8,14,255,0,0,0,0,986,36,8,14,255,0,0,0,0,652,86,8,14,255,0,0,0,0,644,32,139,9,16,1,0,0,0,605,194,8,14,255,0,0,0,0,1296,18,139,7,16,1,0,-13,0,821,59,8,14,255,0,0,0,0,614,222,8,14,255,0,0,0,0,640,243,8,14,255,0,0,0,0,563,23,139,6,16,1,0,0,0,553,237,8,14,255,0,0,0,0,1232,25,139,10,16,1,0,0,0,993,73,8,14,255,0,0,0,0,632,229,8,14,255,0,0,0,0,577,195,8,14,255,0,0,0,0,926,199,8,14,255,0,0,0,0,651,129,0,14,2,6,227,0,0,0,137,0,14,2,6,227,0,0,0
94528000,129,1,2,0,1,1,0,0,32,1,0,85,8,14,255,0,0,0,0,1137,239,8,14,255,0,0,0,0,637,74,8,14,255,0,0,0,0,1072,40,8,14,255,0,0,0,0,555,80,8,14,255,0,0,0,0,941,43,8,14,255,0,0,0,0,540,50,8,14,255,0,0,0,0,618,71,8,14,255,0,0,0,0,665,10,139,8,16,1,0,0,0,586,231,8,14,255,0,0,0,0,1266,12,139,8,16,1,0,-13,0,1077,128,0,14,3,7,0,0,0,0,33,8,14,255,0,0,0,0,561,28,139,12,16,1,0,0,0,909,236,8,14,255,0,0,0,0,987,36,8,14,255,0,0,0,0,652,86,8,14,255,0,0,0,0,644,32,139,9,16,1,0,0,0,605,194,8,14,255,0,0,0,0,1296,18,139,7,16,1,0,-13,0,821,59,8,14,255,0,0,0,0,614,222,8,14,255,0,0,0,0,640,243,8,14,255,0,0,0,0,563,23,139,6,16,1,0,0,0,553,237,8,14,255,0,0,0,0,1232,25,139,10,16,1,0,0,0,993,73,8,14,255,0,0,0,0,632,229,8,14,255,0,0,0,0,577,195,8,14,255,0,0,0,0,926,199,8,14,255,0,0,0,0,651,129,0,14,2,6,227,0,0,0,137,0,14,2,6,227,0,0,0
94529000,129,1,2,0,1,1,0,0,32,1,0,85,8,14,255,0,0,0,0,1139,239,8,14,255,0,0,0,0,637,74,8,14,255,0,0,0,0,1072,40,8,14,255,0,0,0,0,555,80,8,14,255,0,0,0,0,941,43,8,14,255,0,0,0,0,540,50,8,14,255,0,0,0,0,618,71,8,14,255,0,0,0,0,665,10,139,8,16,1,0,0,0,586,231,8,14,255,0,0,0,0,1266,12,139,8,16,1,0,-13,0,1077,128,0,14,3,7,0,0,0,0,33,8,14,255,0,0,0,0,561,28,139,12,16,1,0,0,0,909,236,8,14,255,0,0,0,0,987,36,8,14,255,0,0,0,0,652,86,8,14,255,0,0,0,0,644,32,139,9,16,1,0,0,0,605,194,8,14,255,0,0,0,0,1296,18,139,7,16,1,0,-13,0,821,59,8,14,255,0,0,0,0,614,222,8,14,255,0,0,0,0,640,243,8,14,255,0,0,0,0,563,23,139,6,16,1,0,0,0,553,237,8,14,255,0,0,0,0,1232,25,139,10,16,1,0,0,0,993,73,8,14,255,0,0,0,0,632,229,8,14,255,0,0,0,0,577,195,8,14,255,0,0,0,0,926,199,8,14,255,0,0,0,0,651,129,0,14,2,6,223,0,0,0,137,0,14,2,6,227,0,0,0
94530000,129,1,2,0,1,1,0,0,31,1,0,85,8,14,255,0,0,0,0,1139,239,8,14,255,0,0,0,0,637,74,8,14,255,0,0,0,0,1072,40,8,14,255,0,0,0,0,555,80,8,14,255,0,0,0,0,941,43,8,14,255,0,0,0,0,540,50,8,14,255,0,0,0,0,618,71,8,14,255,0,0,0,0,665,10,139,8,16,1,0,0,0,586,231,8,14,255,0,0,0,0,1266,12,139,8,16,1,0,-13,0,1077,128,0,14,3,7,0,0,0,0,33,8,14,255,0,0,0,0,561,28,139,12,16,1,0,0,0,909,236,8,14,255,0,0,0,0,987,36,8,14,255,0,0,0,0,652,86,8,14,255,0,0,0,0,644,32,139,9,16,1,0,0,0,605,194,8,14,255,0,0,0,0,1296,18,139,7,16,1,0,-13,0,821,59,8,14,255,0,0,0,0,614,222,8,14,255,0,0,0,0,640,243,8,14,255,0,0,0,0,563,23,139,6,16,1,0,0,0,553,25,139,10,16,1,0,0,0,993,73,8,14,255,0,0,0,0,632,229,8,14,255,0,0,0,0,577,195,8,14,255,0,0,0,0,926,199,8,14,255,0,0,0,0,651,129,0,14,2,6,227,0,0,0,137,0,14,2,6,227,0,0,0,,,,,,,,,
94531000,129,1,2,0,1,1,0,0,32,1,0,85,8,14,255,0,0,0,0,1139,239,8,14,255,0,0,0,0,637,74,8,14,255,0,0,0,0,1070,40,8,14,255,0,0,0,0,555,80,8,14,255,0,0,0,0,941,43,8,14,255,0,0,0,0,540,50,8,14,255,0,0,0,0,618,71,8,14,255,0,0,0,0,665,10,139,8,16,1,0,0,0,586,231,8,14,255,0,0,0,0,1264,12,139,8,16,1,0,-13,0,1077,128,0,14,3,7,0,0,0,0,33,8,14,255,0,0,0,0,561,28,139,12,16,1,0,0,0,909,236,8,14,255,0,0,0,0,987,36,8,14,255,0,0,0,0,652,86,8,14,255,0,0,0,0,644,32,139,9,16,1,0,0,0,604,194,8,14,255,0,0,0,0,1296,18,139,7,16,1,0,-13,0,821,59,8,14,255,0,0,0,0,614,222,8,14,255,0,0,0,0,640,243,8,14,255,0,0,0,0,563,23,139,6,16,1,0,0,0,553,237,8,14,255,0,0,0,0,1231,25,139,10,16,1,0,0,0,992,73,8,14,255,0,0,0,0,632,229,8,14,255,0,0,0,0,577,195,8,14,255,0,0,0,0,926,199,8,14,255,0,0,0,0,651,129,0,14,2,6,227,0,0,0,137,0,14,2,6,227,0,0,0
94532000,129,1,2,0,1,1,0,0,32,1,0,85,8,14,255,0,0,0,0,1139,239,8,14,255,0,0,0,0,637,74,8,14,255,0,0,0,0,1070,40,8,14,255,0,0,0,0,555,80,8,14,255,0,0,0,0,941,43,8,14,255,0,0,0,0,540,50,8,14,255,0,0,0,0,618,71,8,14,255,0,0,0,0,665,10,139,8,16,1,0,0,0,586,231,8,14,255,0,0,0,0,1264,12,139,8,16,1,0,-13,0,1076,128,0,14,3,7,0,0,0,0,33,8,14,255,0,0,0,0,561,28,139,12,16,1,0,0,0,909,236,8,14,255,0,0,0,0,987,36,8,14,255,0,0,0,0,652,86,8,14,255,0,0,0,0,644,32,139,9,16,1,0,0,0,604,194,8,14,255,0,0,0,0,1295,18,139,7,16,1,0,-13,0,821,59,8,14,255,0,0,0,0,614,222,8,14,255,0,0,0,0,640,243,8,14,255,0,0,0,0,563,23,139,6,16,1,0,0,0,553,237,0,14,255,0,0,0,0,0,25,139,10,16,1,0,0,0,992,73,8,14,255,0,0,0,0,632,229,8,14,255,0,0,0,0,577,195,8,14,255,0,0,0,0,926,199,8,14,255,0,0,0,0,651,129,0,14,2,6,227,0,0,0,137,0,14,2,6,227,0,0,0
94533000,129,1,2,0,1,1,0,0,32,1,0,85,8,14,255,0,0,0,0,1139,239,8,14,255,0,0,0,0,637,74,8,14,255,0,0,0,0,1070,40,8,14,255,0,0,0,0,555,80,8,14,255,0,0,0,0,941,43,8,14,255,0,0,0,0,540,50,8,14,255,0,0,0,0,618,71,8,14,255,0,0,0,0,665,10,139,8,16,1,0,0,0,586,231,8,14,255,0,0,0,0,1264,12,139,8,16,1,0,-13,0,1076,128,0,14,3,7,0,0,0,0,33,8,14,255,0,0,0,0,561,28,139,12,16,1,0,0,0,909,236,8,14,255,0,0,0,0,987,36,8,14,255,0,0,0,0,652,86,8,14,255,0,0,0,0,644,32,139,9,16,1,0,0,0,604,194,8,14,255,0,0,0,0,1295,18,139,7,16,1,0,-13,0,822,59,8,14,255,0,0,0,0,614,222,8,14,255,0,0,0,0,640,243,8,14,255,0,0,0,0,563,23,139,6,16,1,0,0,0,553,237,8,14,255,0,0,0,0,1231,25,139,10,16,1,0,0,0,992,73,8,14,255,0,0,0,0,631,229,8,14,255,0,0,0,0,577,195,8,14,255,0,0,0,0,926,199,8,14,255,0,0,0,0,651,129,0,14,2,6,227,0,0,0,137,0,14,2,6,227,0,0,0
94534000,129,1,2,0,1,1,0,0,31,1,0,85,8,14,255,0,0,0,0,1139,239,8,14,255,0,0,0,0,637,74,8,14,255,0,0,0,0,1070,40,8,14,255,0,0,0,0,555,43,8,14,255,0,0,0,0,540,50,8,14,255,0,0,0,0,618,71,8,14,255,0,0,0,0,665,10,139,8,16,1,0,0,0,586,231,8,14,255,0,0,0,0,1264,12,139,8,16,1,0,-13,0,1076,128,0,14,3,7,0,0,0,0,33,8,14,255,0,0,0,0,561,28,139,12,16,1,0,0,0,909,236,8,14,255,0,0,0,0,987,36,8,14,255,0,0,0,0,652,86,8,14,255,0,0,0,0,644,32,139,9,16,1,0,0,0,604,194,8,14,255,0,0,0,0,1295,18,139,7,16,1,0,-13,0,822,59,8,14,255,0,0,0,0,614,222,8,14,255,0,0,0,0,640,243,8,14,255,0,0,0,0,563,23,139,6,16,1,0,0,0,553,237,8,14,255,0,0,0,0,1231,25,139,10,16,1,0,0,0,992,73,8,14,255,0,0,0,0,631,229,8,14,255,0,0,0,0,577,195,8,14,255,0,0,0,0,926,199,8,14,255,0,0,0,0,651,129,0,14,2,6,227,0,0,0,137,0,14,2,6,227,0,0,0,,,,,,,,,
94535000,129,1,2,0,1,1,0,0,32,1,0,85,8,14,255,0,0,0,0,1139,239,8,14,255,0,0,0,0,637,74,8,14,255,0,0,0,0,1070,40,8,14,255,0,0,0,0,555,24,0,6,16,1,0,0,0,578,43,8,14,255,0,0,0,0,540,50,8,14,255,0,0,0,0,618,71,8,14,255,0,0,0,0,665,10,139,8,16,1,0,0,0,586,231,8,14,255,0,0,0,0,1264,12,139,8,16,1,0,-13,0,1076,128,0,14,3,7,0,0,0,0,33,8,14,255,0,0,0,0,561,28,139,12,16,1,0,0,0,908,236,8,14,255,0,0,0,0,987,36,8,14,255,0,0,0,0,652,86,8,14,255,0,0,0,0,644,32,139,9,16,1,0,0,0,604,194,8,14,255,0,0,0,0,1295,18,139,7,16,1,0,-13,0,822,59,8,14,255,0,0,0,0,614,222,8,14,255,0,0,0,0,640,243,8,14,255,0,0,0,0,563,23,139,6,16,1,0,0,0,553,237,8,14,255,0,0,0,0,1231,25,139,10,16,1,0,0,0,992,73,8,14,255,0,0,0,0,631,229,8,14,255,0,0,0,0,577,195,8,14,255,0,0,0,0,927,199,8,14,255,0,0,0,0,651,129,0,14,2,6,227,0,0,0,137,0,14,2,6,227,0,0,0
94536000,129,1,2,0,1,1,0,0,32,1,0,85,8,14,255,0,0,0,0,1139,239,8,14,255,0,0,0,0,637,74,8,14,255,0,0,0,0,1070,40,8,14,255,0,0,0,0,555,24,0,6,16,1,0,0,0,578,43,8,14,255,0,0,0,0,540,50,8,14,255,0,0,0,0,618,71,8,14,255,0,0,0,0,665,10,139,8,16,1,0,0,0,586,231,8,14,255,0,0,0,0,1264,12,139,8,16,1,0,-13,0,1076,128,0,14,3,7,0,0,0,0,33,8,14,255,0,0,0,0,561,28,139,12,16,1,0,0,0,908,236,8,14,255,0,0,0,0,989,36,8,14,255,0,0,0,0,652,86,8,14,255,0,0,0,0,644,32,139,9,16,1,0,0,0,604,194,8,14,255,0,0,0,0,1295,18,139,7,16,1,0,-13,0,822,59,8,14,255,0,0,0,0,614,222,8,14,255,0,0,0,0,640,243,8,14,255,0,0,0,0,563,23,139,6,16,1,0,0,0,553,237,8,14,255,0,0,0,0,1231,25,139,10,16,1,0,0,0,992,73,8,14,255,0,0,0,0,631,229,8,14,255,0,0,0,0,577,195,8,14,255,0,0,0,0,927,199,8,14,255,0,0,0,0,651,129,0,14,2,6,227,0,0,0,137,0,14,2,6,227,0,0,0
94537000,129,1,2,0,1,1,0,0,32,1,0,85,8,14,255,0,0,0,0,1141,239,8,14,255,0,0,0,0,637,74,8,14,255,0,0,0,0,1070,40,8,14,255,0,0,0,0,555,80,8,14,255,0,0,0,0,942,43,8,14,255,0,0,0,0,540,50,8,14,255,0,0,0,0,618,71,8,14,255,0,0,0,0,665,10,139,8,16,1,0,0,0,586,231,8,14,255,0,0,0,0,1264,12,139,8,16,1,0,-13,0,1076,128,0,14,3,7,0,0,0,0,33,8,14,255,0,0,0,0,561,28,139,12,16,1,0,0,0,908,236,8,14,255,0,0,0,0,989,36,8,14,255,0,0,0,0,652,86,8,14,255,0,0,0,0,644,32,139,9,16,1,0,0,0,604,194,8,14,255,0,0,0,0,1295,18,139,7,16,1,0,-13,0,822,59,8,14,255,0,0,0,0,614,222,8,14,255,0,0,0,0,640,243,8,14,255,0,0,0,0,563,23,139,6,16,1,0,0,0,553,237,8,14,255,0,0,0,0,1231,25,139,10,16,1,0,0,0,992,73,8,14,255,0,0,0,0,631,229,8,14,255,0,0,0,0,577,195,8,14,255,0,0,0,0,927,199,8,14,255,0,0,0,0,651,129,0,14,2,6,227,0,0,0,137,0,14,2,6,227,0,0,0
94538000,129,1,2,0,1,1,0,0,32,1,0,85,8,14,255,0,0,0,0,1141,239,8,14,255,0,0,0,0,638,74,8,14,255,0,0,0,0,1070,40,8,14,255,0,0,0,0,555,80,8,14,255,0,0,0,0,942,43,8,14,255,0,0,0,0,540,50,8,14,255,0,0,0,0,618,71,8,14,255,0,0,0,0,665,10,139,8,16,1,0,0,0,585,231,8,14,255,0,0,0,0,1264,12,139,8,16,1,0,-13,0,1076,128,0,14,3,7,0,0,0,0,33,8,14,255,0,0,0,0,561,28,139,12,16,1,0,0,0,908,236,8,14,255,0,0,0,0,989,36,8,14,255,0,0,0,0,652,86,8,14,255,0,0,0,0,644,32,139,9,16,1,0,0,0,604,194,8,14,255,0,0,0,0,1295,18,139,7,16,1,0,-13,0,822,59,8,14,255,0,0,0,0,614,222,8,14,255,0,0,0,0,640,243,8,14,255,0,0,0,0,563,23,139,6,16,1,0,0,0,553,237,8,14,255,0,0,0,0,1231,25,139,10,16,1,0,0,0,992,73,8,14,255,0,0,0,0,631,229,8,14,255,0,0,0,0,577,195,8,14,255,0,0,0,0,927,199,8,14,255,0,0,0,0,651,129,0,14,2,6,227,0,0,0,137,0,14,2,6,227,0,0,0
94539000,129,1,2,0,1,1,0,0,31,1,0,85,8,14,255,0,0,0,0,1141,239,8,14,255,0,0,0,0,638,74,8,14,255,0,0,0,0,1068,40,8,14,255,0,0,0,0,555,80,8,14,255,0,0,0,0,942,43,8,14,255,0,0,0,0,540,50,8,14,255,0,0,0,0,618,71,8,14,255,0,0,0,0,665,10,139,8,16,1,0,0,0,585,231,8,14,255,0,0,0,0,1263,12,139,8,16,1,0,-13,0,1076,128,0,14,3,7,0,0,0,0,33,8,14,255,0,0,0,0,561,28,139,12,16,1,0,0,0,908,236,8,14,255,0,0,0,0,989,36,8,14,255,0,0,0,0,652,86,8,14,255,0,0,0,0,644,32,139,9,16,1,0,0,0,604,194,8,14,255,0,0,0,0,1295,18,139,7,16,1,0,-13,0,822,59,8,14,255,0,0,0,0,614,222,8,14,255,0,0,0,0,640,243,8,14,255,0,0,0,0,563,23,139,6,16,1,0,0,0,553,25,139,10,16,1,0,0,0,991,73,8,14,255,0,0,0,0,631,229,8,14,255,0,0,0,0,577,195,8,14,255,0,0,0,0,927,199,8,14,255,0,0,0,0,651,129,0,14,2,6,227,0,0,0,137,0,14,2,6,227,0,0,0,,,,,,,,,
94540000,129,1,2,0,1,1,0,0,32,1,0,85,8,14,255,0,0,0,0,1141,239,8,14,255,0,0,0,0,638,74,8,14,255,0,0,0,0,1068,40,8,14,255,0,0,0,0,555,237,8,14,255,0,0,0,0,1230,43,8,14,255,0,0,0,0,540,50,8,14,255,0,0,0,0,618,71,8,14,255,0,0,0,0,665,10,139,8,16,1,0,0,0,585,231,8,14,255,0,0,0,0,1263,12,139,8,16,1,0,-13,0,1075,128,0,14,3,7,0,0,0,0,33,8,14,255,0,0,0,0,561,28,139,12,16,1,0,0,0,908,236,8,14,255,0,0,0,0,989,36,8,14,255,0,0,0,0,652,86,8,14,255,0,0,0,0,644,32,139,9,16,1,0,0,0,604,194,8,14,255,0,0,0,0,1294,18,139,7,16,1,0,-13,0,822,59,8,14,255,0,0,0,0,614,222,8,14,255,0,0,0,0,640,243,8,14,255,0,0,0,0,563,23,139,6,16,1,0,0,0,553,24,139,6,16,1,0,0,0,878,25,139,10,16,1,0,0,0,991,73,8,14,255,0,0,0,0,631,229,8,14,255,0,0,0,0,577,195,8,14,255,0,0,0,0,927,199,8,14,255,0,0,0,0,651,129,0,14,2,6,227,0,0,0,137,0,14,2,6,227,0,0,0
94541000,129,1,2,0,1,1,0,0,32,1,0,85,8,14,255,0,0,0,0,1141,239,8,14,255,0,0,0,0,638,74,8,14,255,0,0,0,0,1068,40,8,14,255,0,0,0,0,555,237,8,14,255,0,0,0,0,1230,43,8,14,255,0,0,0,0,540,50,8,14,255,0,0,0,0,618,71,8,14,255,0,0,0,0,665,10,139,8,16,1,0,0,0,585,231,8,14,255,0,0,0,0,1263,12,139,8,16,1,0,-13,0,1075,128,0,14,3,7,0,0,0,0,33,8,14,255,0,0,0,0,561,28,139,12,16,1,0,0,0,908,236,8,14,255,0,0,0,0,989,36,8,14,255,0,0,0,0,652,86,8,14,255,0,0,0,0,644,32,139,9,16,1,0,0,0,604,194,8,14,255,0,0,0,0,1294,18,139,7,16,1,0,-13,0,823,59,8,14,255,0,0,0,0,614,222,8,14,255,0,0,0,0,640,243,8,14,255,0,0,0,0,563,23,139,6,16,1,0,0,0,553,24,139,6,16,1,0,0,0,878,25,139,10,16,1,0,0,0,991,73,8,14,255,0,0,0,0,631,229,8,14,255,0,0,0,0,577,195,8,14,255,0,0,0,0,927,199,8,14,255,0,0,0,0,651,129,0,14,2,6,227,0,0,0,137,0,14,2,6,227,0,0,0
94542000,129,1,2,0,1,1,0,0,32,1,0,85,8,14,255,0,0,0,0,1141,239,8,14,255,0,0,0,0,638,74,8,14,255,0,0,0,0,1068,40,8,14,255,0,0,0,0,555,237,8,14,255,0,0,0,0,1230,43,8,14,255,0,0,0,0,540,50,8,14,255,0,0,0,0,618,71,8,14,255,0,0,0,0,665,10,139,8,16,1,0,0,0,585,231,8,14,255,0,0,0,0,1263,12,139,8,16,1,0,-13,0,1075,128,0,14,3,7,0,0,0,0,33,8,14,255,0,0,0,0,561,28,139,12,16,1,0,0,0,908,236,8,14,255,0,0,0,0,989,36,8,14,255,0,0,0,0,652,86,8,14,255,0,0,0,0,644,32,139,9,16,1,0,0,0,604,194,8,14,255,0,0,0,0,1294,18,139,7,16,1,0,-13,0,823,59,8,14,255,0,0,0,0,613,222,8,14,255,0,0,0,0,640,243,8,14,255,0,0,0,0,563,23,139,6,16,1,0,0,0,553,24,139,6,16,1,0,0,0,878,25,139,10,16,1,0,0,0,991,73,8,14,255,0,0,0,0,631,229,8,14,255,0,0,0,0,577,195,8,14,255,0,0,0,0,927,199,8,14,255,0,0,0,0,651,129,0,14,2,6,223,0,0,0,137,0,14,2,6,223,0,0,0
94543000,129,1,2,0,1,1,0,0,32,1,0,85,8,14,255,0,0,0,0,1141,239,8,14,255,0,0,0,0,638,74,8,14,255,0,0,0,0,1068,40,8,14,255,0,0,0,0,555,237,8,14,255,0,0,0,0,1230,43,8,14,255,0,0,0,0,540,50,8,14,255,0,0,0,0,618,71,8,14,255,0,0,0,0,665,10,139,8,16,1,0,0,0,585,231,8,14,255,0,0,0,0,1263,12,139,8,16,1,0,-13,0,1075,128,0,14,3,7,0,0,0,0,33,8,14,255,0,0,0,0,561,28,139,12,16,1,0,0,0,907,236,8,14,255,0,0,0,0,989,36,8,14,255,0,0,0,0,652,86,8,14,255,0,0,0,0,644,32,139,9,16,1,0,0,0,604,194,8,14,255,0,0,0,0,1294,18,139,7,16,1,0,-13,0,823,59,8,14,255,0,0,0,0,613,222,8,14,255,0,0,0,0,640,243,8,14,255,0,0,0,0,563,23,139,6,16,1,0,0,0,553,24,139,6,16,1,0,0,0,878,25,139,10,16,1,0,0,0,991,73,8,14,255,0,0,0,0,631,229,8,14,255,0,0,0,0,577,195,8,14,255,0,0,0,0,927,199,8,14,255,0,0,0,0,651,129,0,14,2,6,227,0,0,0,137,0,14,2,6,227,0,0,0
94544000,129,1,2,0,1,1,0,0,32,1,0,85,8,14,255,0,0,0,0,1141,239,8,14,255,0,0,0,0,638,74,8,14,255,0,0,0,0,1068,40,8,14,255,0,0,0,0,555,237,8,14,255,0,0,0,0,1230,43,8,14,255,0,0,0,0,540,50,8,14,255,0,0,0,0,617,71,8,14,255,0,0,0,0,665,10,139,8,16,1,0,0,0,585,231,8,14,255,0,0,0,0,1263,12,139,9,16,1,0,-13,0,1075,128,0,14,3,7,0,0,0,0,33,8,14,255,0,0,0,0,561,28,139,12,16,1,0,0,0,907,236,8,14,255,0,0,0,0,990,36,8,14,255,0,0,0,0,652,86,8,14,255,0,0,0,0,644,32,139,9,16,1,0,0,0,604,194,8,14,255,0,0,0,0,1294,18,139,7,16,1,0,-13,0,823,59,8,14,255,0,0,0,0,613,222,8,14,255,0,0,0,0,640,243,8,14,255,0,0,0,0,564,23,139,6,16,1,0,0,0,553,24,139,6,16,1,0,0,0,878,25,139,10,16,1,0,0,0,991,73,8,14,255,0,0,0,0,631,229,8,14,255,0,0,0,0,577,195,8,14,255,0,0,0,0,927,199,8,14,255,0,0,0,0,651,129,0,14,2,6,227,0,0,0,137,0,14,2,6,227,0,0,0
94545000,129,1,2,0,1,1,0,0,32,1,0,85,8,14,255,0,0,0,0,1143,239,8,14,255,0,0,0,0,638,74,8,14,255,0,0,0,0,1068,40,8,14,255,0,0,0,0,555,237,8,14,255,0,0,0,0,1230,43,8,14,255,0,0,0,0,540,50,8,14,255,0,0,0,0,617,71,8,14,255,0,0,0,0,665,10,139,8,16,1,0,0,0,585,231,8,14,255,0,0,0,0,1263,12,139,9,16,1,0,-13,0,1075,128,0,14,3,7,0,0,0,0,33,8,14,255,0,0,0,0,561,28,139,12,16,1,0,0,0,907,236,8,14,255,0,0,0,0,990,36,8,14,255,0,0,0,0,651,86,8,14,255,0,0,0,0,644,32,139,9,16,1,0,0,0,604,194,8,14,255,0,0,0,0,1294,18,139,7,16,1,0,-13,0,823,59,8,14,255,0,0,0,0,613,222,8,14,255,0,0,0,0,640,243,8,14,255,0,0,0,0,564,23,139,6,16,1,0,0,0,553,24,139,6,16,1,0,0,0,878,25,139,10,16,1,0,0,0,991,73,8,14,255,0,0,0,0,631,229,8,14,255,0,0,0,0,577,195,8,14,255,0,0,0,0,927,199,8,14,255,0,0,0,0,651,129,0,14,2,6,227,0,0,0,137,0,14,2,6,227,0,0,0
94546000,129,1,2,0,1,1,0,0,32,1,0,85,8,14,255,0,0,0,0,1143,239,8,14,255,0,0,0,0,638,74,8,14,255,0,0,0,0,1068,40,8,14,255,0,0,0,0,555,237,8,14,255,0,0,0,0,1230,43,8,14,255,0,0,0,0,540,50,8,14,255,0,0,0,0,617,71,8,14,255,0,0,0,0,665,10,139,8,16,1,0,0,0,585,231,8,14,255,0,0,0,0,1263,12,139,9,16,1,0,-13,0,1075,128,0,14,3,7,0,0,0,0,33,8,14,255,0,0,0,0,561,28,139,12,16,1,0,0,0,907,236,8,14,255,0,0,0,0,990,36,8,14,255,0,0,0,0,651,86,8,14,255,0,0,0,0,645,32,139,9,16,1,0,0,0,604,194,8,14,255,0,0,0,0,1294,18,139,7,16,1,0,-13,0,823,59,8,14,255,0,0,0,0,613,222,8,14,255,0,0,0,0,640,243,8,14,255,0,0,0,0,564,23,139,6,16,1,0,0,0,553,24,139,6,16,1,0,0,0,879,25,139,10,16,1,0,0,0,991,73,8,14,255,0,0,0,0,631,229,8,14,255,0,0,0,0,577,195,8,14,255,0,0,0,0,927,199,8,14,255,0,0,0,0,651,129,0,14,2,6,227,0,0,0,137,0,14,2,6,227,0,0,0
94547000,129,1,2,0,1,1,0,0,32,1,0,85,8,14,255,0,0,0,0,1143,239,8,14,255,0,0,0,0,638,74,8,14,255,0,0,0,0,1066,40,8,14,255,0,0,0,0,555,237,8,14,255,0,0,0,0,1230,43,8,14,255,0,0,0,0,540,50,8,14,255,0,0,0,0,617,71,8,14,255,0,0,0,0,665,10,139,8,16,1,0,0,0,585,231,8,14,255,0,0,0,0,1262,12,139,9,16,1,0,-13,0,1075,128,0,14,3,7,0,0,0,0,33,8,14,255,0,0,0,0,561,28,139,12,16,1,0,0,0,907,236,8,14,255,0,0,0,0,990,36,8,14,255,0,0,0,0,651,86,8,14,255,0,0,0,0,645,32,139,9,16,1,0,0,0,604,194,8,14,255,0,0,0,0,1294,18,139,7,16,1,0,-13,0,823,59,8,14,255,0,0,0,0,613,222,8,14,255,0,0,0,0,640,243,8,14,255,0,0,0,0,564,23,139,6,16,1,0,0,0,553,80,8,14,255,0,0,0,0,943,25,139,10,16,1,0,0,0,990,73,8,14,255,0,0,0,0,631,229,8,14,255,0,0,0,0,577,195,8,14,255,0,0,0,0,927,199,8,14,255,0,0,0,0,651,129,0,14,2,6,227,0,0,0,137,0,14,2,6,227,0,0,0
94548000,129,1,2,0,1,1,0,0,31,1,0,85,8,14,255,0,0,0,0,1143,239,8,14,255,0,0,0,0,638,74,8,14,255,0,0,0,0,1066,40,8,14,255,0,0,0,0,555,237,8,14,255,0,0,0,0,1230,43,8,14,255,0,0,0,0,540,50,8,14,255,0,0,0,0,617,71,8,14,255,0,0,0,0,665,10,139,8,16,1,0,0,0,585,231,8,14,255,0,0,0,0,1262,12,139,9,16,1,0,-13,0,1075,128,0,14,3,7,0,0,0,0,33,8,14,255,0,0,0,0,561,28,139,12,16,1,0,0,0,907,236,8,14,255,0,0,0,0,990,36,8,14,255,0,0,0,0,651,86,8,14,255,0,0,0,0,645,32,139,9,16,1,0,0,0,604,194,8,14,255,0,0,0,0,1294,18,139,7,16,1,0,-13,0,823,59,8,14,255,0,0,0,0,613,222,8,14,255,0,0,0,0,640,243,8,14,255,0,0,0,0,564,23,139,6,16,1,0,0,0,553,25,139,10,16,1,0,0,0,990,73,8,14,255,0,0,0,0,631,229,8,14,255,0,0,0,0,577,195,8,14,255,0,0,0,0,927,199,8,14,255,0,0,0,0,651,129,0,14,2,6,227,0,0,0,137,0,14,2,6,227,0,0,0,,,,,,,,,
94549000,129,1,2,0,1,1,0,0,32,1,0,85,8,14,255,0,0,0,0,1143,239,8,14,255,0,0,0,0,638,74,8,14,255,0,0,0,0,1066,40,8,14,255,0,0,0,0,555,237,8,14,255,0,0,0,0,1230,43,8,14,255,0,0,0,0,540,50,8,14,255,0,0,0,0,617,71,8,14,255,0,0,0,0,665,10,139,8,16,1,0,0,0,585,231,8,14,255,0,0,0,0,1262,12,139,9,16,1,0,-13,0,1075,128,0,14,3,7,0,0,0,0,33,8,14,255,0,0,0,0,561,28,139,12,16,1,0,0,0,907,236,8,14,255,0,0,0,0,990,36,8,14,255,0,0,0,0,651,86,8,14,255,0,0,0,0,645,32,139,9,16,1,0,0,0,604,194,8,14,255,0,0,0,0,1294,18,139,7,16,1,0,-13,0,824,59,8,14,255,0,0,0,0,613,222,8,14,255,0,0,0,0,640,243,8,14,255,0,0,0,0,564,23,139,6,16,1,0,0,0,553,80,8,14,255,0,0,0,0,943,25,139,10,16,1,0,0,0,990,73,8,14,255,0,0,0,0,630,229,8,14,255,0,0,0,0,577,195,8,14,255,0,0,0,0,927,199,8,14,255,0,0,0,0,651,129,0,14,2,6,227,0,0,0,137,0,14,2,6,227,0,0,0
94550000,129,1,2,0,1,1,0,0,32,1,0,85,8,14,255,0,0,0,0,1143,239,8,14,255,0,0,0,0,638,74,8,14,255,0,0,0,0,1066,40,8,14,255,0,0,0,0,555,237,8,14,255,0,0,0,0,1230,43,8,14,255,0,0,0,0,540,50,8,14,255,0,0,0,0,617,71,8,14,255,0,0,0,0,665,10,139,8,16,1,0,0,0,585,231,8,14,255,0,0,0,0,1262,12,139,9,16,1,0,2,0,1075,128,0,14,3,7,0,0,0,0,33,8,14,255,0,0,0,0,561,28,139,12,16,1,0,0,0,907,236,8,14,255,0,0,0,0,990,36,8,14,255,0,0,0,0,651,86,8,14,255,0,0,0,0,645,32,139,9,16,1,0,0,0,604,194,8,14,255,0,0,0,0,1294,18,139,7,16,1,0,-13,0,824,59,8,14,255,0,0,0,0,613,222,8,14,255,0,0,0,0,640,243,8,14,255,0,0,0,0,564,23,139,6,16,1,0,0,0,553,24,139,6,16,1,0,0,0,879,25,139,10,16,1,0,0,0,990,73,8,14,255,0,0,0,0,630,229,8,14,255,0,0,0,0,577,195,8,14,255,0,0,0,0,927,199,8,14,255,0,0,0,0,651,129,0,14,2,6,227,0,0,0,137,0,14,2,6,227,0,0,0
94551000,129,1,2,0,1,1,0,0,32,1,0,85,8,14,255,0,0,0,0,1143,239,8,14,255,0,0,0,0,638,74,8,14,255,0,0,0,0,1066,40,8,14,255,0,0,0,0,555,237,8,14,255,0,0,0,0,1230,43,8,14,255,0,0,0,0,540,50,8,14,255,0,0,0,0,617,71,8,14,255,0,0,0,0,665,10,139,8,16,1,0,0,0,585,231,8,14,255,0,0,0,0,1262,12,139,9,16,1,0,4,0,1075,128,0,14,3,7,0,0,0,0,33,8,14,255,0,0,0,0,561,28,139,12,16,1,0,0,0,906,236,8,14,255,0,0,0,0,990,36,8,14,255,0,0,0,0,651,86,8,14,255,0,0,0,0,645,32,139,9,16,1,0,0,0,604,194,8,14,255,0,0,0,0,1294,18,139,7,16,1,0,-13,0,824,59,8,14,255,0,0,0,0,613,222,8,14,255,0,0,0,0,639,243,8,14,255,0,0,0,0,564,23,139,6,16,1,0,0,0,553,24,139,6,16,1,0,0,0,879,25,139,10,16,1,0,0,0,990,73,8,14,255,0,0,0,0,630,229,8,14,255,0,0,0,0,577,195,8,14,255,0,0,0,0,927,199,8,14,255,0,0,0,0,651,129,0,14,2,6,227,0,0,0,137,0,14,2,6,227,0,0,0
94552000,129,1,2,0,1,1,0,0,32,1,0,85,8,14,255,0,0,0,0,1143,239,8,14,255,0,0,0,0,638,74,8,14,255,0,0,0,0,1066,40,8,14,255,0,0,0,0,555,237,8,14,255,0,0,0,0,1230,43,8,14,255,0,0,0,0,540,50,8,14,255,0,0,0,0,617,71,8,14,255,0,0,0,0,665,10,139,8,16,1,0,0,0,585,231,8,14,255,0,0,0,0,1262,12,139,9,16,1,0,6,0,1075,128,0,14,3,7,0,0,0,0,33,8,14,255,0,0,0,0,561,28,139,12,16,1,0,0,0,906,236,8,14,255,0,0,0,0,991,36,8,14,255,0,0,0,0,651,86,8,14,255,0,0,0,0,645,32,139,9,16,1,0,0,0,604,194,8,14,255,0,0,0,0,1294,18,139,7,16,1,0,-13,0,824,59,8,14,255,0,0,0,0,613,222,8,14,255,0,0,0,0,639,243,8,14,255,0,0,0,0,564,23,139,6,16,1,0,0,0,553,24,139,6,16,1,0,0,0,879,25,139,10,16,1,0,0,0,990,73,8,14,255,0,0,0,0,630,229,8,14,255,0,0,0,0,577,195,8,14,255,0,0,0,0,927,199,8,14,255,0,0,0,0,651,129,0,14,2,6,227,0,0,0,137,0,14,2,6,227,0,0,0
94553000,129,1,2,0,1,1,0,0,32,1,0,85,8,14,255,0,0,0,0,1145,239,8,14,255,0,0,0,0,638,74,8,14,255,0,0,0,0,1066,40,8,14,255,0,0,0,0,555,237,8,14,255,0,0,0,0,1230,43,8,14,255,0,0,0,0,540,50,8,14,255,0,0,0,0,617,71,8,14,255,0,0,0,0,665,10,139,8,16,1,0,0,0,585,231,8,14,255,0,0,0,0,1262,12,139,9,16,1,0,8,0,1075,128,0,14,3,7,0,0,0,0,33,8,14,255,0,0,0,0,561,28,139,12,16,1,0,0,0,906,236,8,14,255,0,0,0,0,991,36,8,14,255,0,0,0,0,651,86,8,14,255,0,0,0,0,645,32,139,9,16,1,0,0,0,604,194,8,14,255,0,0,0,0,1294,18,139,7,16,1,0,-13,0,824,59,8,14,255,0,0,0,0,613,222,8,14,255,0,0,0,0,639,243,8,14,255,0,0,0,0,564,23,139,6,16,1,0,0,0,553,24,139,6,16,1,0,0,0,879,25,139,10,16,1,0,0,0,990,73,8,14,255,0,0,0,0,630,229,8,14,255,0,0,0,0,577,195,8,14,255,0,0,0,0,927,199,8,14,255,0,0,0,0,651,129,0,14,2,6,227,0,0,0,137,0,14,2,6,227,0,0,0
94554000,129,1,2,0,1,1,0,0,32,1,0,85,8,14,255,0,0,0,0,1145,239,8,14,255,0,0,0,0,638,74,8,14,255,0,0,0,0,1066,40,8,14,255,0,0,0,0,555,237,8,14,255,0,0,0,0,1230,43,8,14,255,0,0,0,0,540,50,8,14,255,0,0,0,0,617,71,8,14,255,0,0,0,0,665,10,139,8,16,1,0,0,0,585,231,8,14,255,0,0,0,0,1262,12,139,9,16,1,0,10,0,1075,128,0,14,3,7,0,0,0,0,33,8,14,255,0,0,0,0,561,28,139,12,16,1,0,0,0,906,236,8,14,255,0,0,0,0,991,36,8,14,255,0,0,0,0,651,86,8,14,255,0,0,0,0,645,32,139,9,16,1,0,0,0,604,194,8,14,255,0,0,0,0,1294,18,139,7,16,1,0,-13,0,824,59,8,14,255,0,0,0,0,613,80,8,14,255,0,0,0,0,943,243,8,14,255,0,0,0,0,564,23,139,6,16,1,0,0,0,553,24,139,6,16,1,0,0,0,880,25,139,10,16,1,0,0,0,990,73,8,14,255,0,0,0,0,630,229,8,14,255,0,0,0,0,577,195,8,14,255,0,0,0,0,927,199,8,14,255,0,0,0,0,651,129,0,14,2,6,227,0,0,0,137,0,14,2,6,227,0,0,0
94555000,129,1,2,0,1,1,0,0,32,1,0,85,8,14,255,0,0,0,0,1145,239,8,14,255,0,0,0,0,638,74,8,14,255,0,0,0,0,1064,40,8,14,255,0,0,0,0,555,237,8,14,255,0,0,0,0,1230,43,8,14,255,0,0,0,0,540,50,8,14,255,0,0,0,0,617,71,8,14,255,0,0,0,0,665,10,139,8,16,1,0,0,0,585,231,8,14,255,0,0,0,0,1260,12,139,9,16,1,0,12,0,1075,128,0,14,3,7,0,0,0,0,33,8,14,255,0,0,0,0,561,28,139,12,16,1,0,0,0,906,236,8,14,255,0,0,0,0,991,36,8,14,255,0,0,0,0,651,86,8,14,255,0,0,0,0,645,32,139,9,16,1,0,0,0,604,194,8,14,255,0,0,0,0,1294,18,139,7,16,1,0,-13,0,824,59,8,14,255,0,0,0,0,613,80,8,14,255,0,0,0,0,943,243,8,14,255,0,0,0,0,564,23,139,6,16,1,0,0,0,553,24,139,6,16,1,0,0,0,880,25,139,10,16,1,0,0,0,989,73,8,14,255,0,0,0,0,630,229,8,14,255,0,0,0,0,577,195,8,14,255,0,0,0,0,927,199,8,14,255,0,0,0,0,651,129,0,14,2,6,227,0,0,0,137,0,14,2,6,227,0,0,0
94556000,129,1,2,0,1,1,0,0,32,1,0,85,8,14,255,0,0,0,0,1145,239,8,14,255,0,0,0,0,638,74,8,14,255,0,0,0,0,1064,40,8,14,255,0,0,0,0,555,237,8,14,255,0,0,0,0,1230,43,8,14,255,0,0,0,0,540,50,8,14,255,0,0,0,0,617,71,8,14,255,0,0,0,0,665,10,139,8,16,1,0,0,0,585,231,8,14,255,0,0,0,0,1260,12,139,9,16,1,0,0,0,1074,128,0,14,3,7,0,0,0,0,33,8,14,255,0,0,0,0,561,28,139,12,16,1,0,0,0,906,236,8,14,255,0,0,0,0,991,36,8,14,255,0,0,0,0,651,86,8,14,255,0,0,0,0,645,32,139,9,16,1,0,0,0,604,194,8,14,255,0,0,0,0,1293,18,139,7,16,1,0,-13,0,824,59,8,14,255,0,0,0,0,613,80,8,14,255,0,0,0,0,943,243,8,14,255,0,0,0,0,564,23,139,6,16,1,0,0,0,553,24,139,6,16,1,0,0,0,880,25,139,10,16,1,0,0,0,989,73,8,14,255,0,0,0,0,630,229,8,14,255,0,0,0,0,577,195,8,14,255,0,0,0,0,927,199,8,14,255,0,0,0,0,651,129,0,14,2,6,227,0,0,0,137,0,14,2,6,227,0,0,0
94557000,129,1,2,0,1,1,0,0,32,1,0,85,8,14,255,0,0,0,0,1145,239,8,14,255,0,0,0,0,638,74,8,14,255,0,0,0,0,1064,40,8,14,255,0,0,0,0,555,237,8,14,255,0,0,0,0,1230,43,8,14,255,0,0,0,0,540,50,8,14,255,0,0,0,0,617,71,8,14,255,0,0,0,0,665,10,139,8,16,1,0,0,0,585,231,8,14,255,0,0,0,0,1260,12,139,9,16,1,0,0,0,1074,128,0,14,3,7,0,0,0,0,33,8,14,255,0,0,0,0,561,28,139,12,16,1,0,0,0,906,236,8,14,255,0,0,0,0,991,36,8,14,255,0,0,0,0,651,86,8,14,255,0,0,0,0,645,32,139,9,16,1,0,0,0,604,194,8,14,255,0,0,0,0,1293,18,139,7,16,1,0,-13,0,825,59,8,14,255,0,0,0,0,613,80,8,14,255,0,0,0,0,943,243,8,14,255,0,0,0,0,564,23,139,6,16,1,0,0,0,553,24,139,6,16,1,0,0,0,880,25,139,10,16,1,0,0,0,989,73,8,14,255,0,0,0,0,630,229,8,14,255,0,0,0,0,577,195,8,14,255,0,0,0,0,927,199,8,14,255,0,0,0,0,651,129,0,14,2,6,227,0,0,0,137,0,14,2,6,227,0,0,0
94558000,129,1,2,0,1,1,0,0,32,1,0,85,8,14,255,0,0,0,0,1145,239,8,14,255,0,0,0,0,638,74,8,14,255,0,0,0,0,1064,40,8,14,255,0,0,0,0,555,237,8,14,255,0,0,0,0,1229,43,8,14,255,0,0,0,0,540,50,8,14,255,0,0,0,0,617,71,8,14,255,0,0,0,0,665,10,139,8,16,1,0,0,0,585,231,8,14,255,0,0,0,0,1260,12,139,9,16,1,0,0,0,1074,128,0,14,3,7,0,0,0,0,33,8,14,255,0,0,0,0,561,28,139,12,16,1,0,0,0,906,236,8,14,255,0,0,0,0,991,36,8,14,255,0,0,0,0,651,86,8,14,255,0,0,0,0,645,32,139,9,16,1,0,0,0,604,194,8,14,255,0,0,0,0,1293,18,139,7,16,1,0,-13,0,825,59,8,14,255,0,0,0,0,613,80,8,14,255,0,0,0,0,943,243,8,14,255,0,0,0,0,564,23,139,6,16,1,0,0,0,553,24,139,6,16,1,0,0,0,880,25,139,10,16,1,0,0,0,989,73,8,14,255,0,0,0,0,630,229,8,14,255,0,0,0,0,577,195,8,14,255,0,0,0,0,927,199,8,14,255,0,0,0,0,651,129,0,14,2,6,227,0,0,0,137,0,14,2,6,227,0,0,0
94559000,129,1,2,0,1,1,0,0,32,1,0,85,8,14,255,0,0,0,0,1145,239,8,14,255,0,0,0,0,638,74,8,14,255,0,0,0,0,1064,40,8,14,255,0,0,0,0,555,237,8,14,255,0,0,0,0,1229,43,8,14,255,0,0,0,0,546,50,8,14,255,0,0,0,0,617,71,8,14,255,0,0,0,0,665,10,139,8,16,1,0,0,0,585,231,8,14,255,0,0,0,0,1260,12,139,9,16,1,0,0,0,1074,128,0,14,3,7,0,0,0,0,33,8,14,255,0,0,0,0,561,28,139,12,16,1,0,0,0,961,236,8,14,255,0,0,0,0,991,36,8,14,255,0,0,0,0,651,86,8,14,255,0,0,0,0,645,32,139,9,16,1,0,0,0,604,194,8,14,255,0,0,0,0,1293,18,139,7,16,1,0,-13,0,825,59,8,14,255,0,0,0,0,613,80,8,14,255,0,0,0,0,944,243,8,14,255,0,0,0,0,564,23,139,6,16,1,0,0,0,553,24,139,6,16,1,0,0,0,880,25,139,10,16,1,0,0,0,989,73,8,14,255,0,0,0,0,630,229,8,14,255,0,0,0,0,577,195,8,14,255,0,0,0,0,928,199,8,14,255,0,0,0,0,651,129,0,14,2,6,227,0,0,0,137,0,14,2,6,223,0,0,0
94560000,129,1,2,0,1,1,0,0,32,1,0,85,8,14,255,0,0,0,0,1145,239,8,14,255,0,0,0,0,638,74,8,14,255,0,0,0,0,1064,40,8,14,255,0,0,0,0,555,237,8,14,255,0,0,0,0,1229,43,8,14,255,0,0,0,0,546,50,8,14,255,0,0,0,0,617,71,8,14,255,0,0,0,0,665,10,139,8,16,1,0,0,0,585,231,8,14,255,0,0,0,0,1260,12,139,9,16,1,0,0,0,1074,128,0,14,3,7,0,0,0,0,33,8,14,255,0,0,0,0,561,28,139,12,16,1,0,0,0,961,236,8,14,255,0,0,0,0,1000,36,8,14,255,0,0,0,0,651,86,8,14,255,0,0,0,0,645,32,139,9,16,1,0,0,0,604,194,8,14,255,0,0,0,0,1293,18,139,7,16,1,0,-13,0,825,59,8,14,255,0,0,0,0,613,80,8,14,255,0,0,0,0,944,243,8,14,255,0,0,0,0,577,23,139,6,16,1,0,0,0,553,24,139,6,16,1,0,0,0,880,25,139,10,16,1,0,0,0,989,73,8,14,255,0,0,0,0,630,229,8,14,255,0,0,0,0,577,195,8,14,255,0,0,0,0,928,199,8,14,255,0,0,0,0,651,129,0,14,2,6,223,0,0,0,137,0,14,2,6,219,0,0,0
94561000,129,1,2,0,1,1,0,0,33,1,0,85,8,14,255,0,0,0,0,1234,239,8,14,255,0,0,0,0,638,74,8,14,255,0,0,0,0,1064,40,8,14,255,0,0,0,0,555,237,8,14,255,0,0,0,0,1229,43,8,14,255,0,0,0,0,546,50,8,14,255,0,0,0,0,617,71,8,14,255,0,0,0,0,680,10,139,8,16,1,0,0,0,585,231,8,14,255,0,0,0,0,1260,12,139,9,16,1,0,0,0,1074,222,8,14,255,0,0,0,0,677,33,8,14,255,0,0,0,0,561,28,139,12,16,1,0,0,0,961,236,8,14,255,0,0,0,0,1000,36,8,14,255,0,0,0,0,664,86,8,14,255,0,0,0,0,645,32,139,9,16,1,0,0,0,604,194,8,14,255,0,0,0,0,1293,18,139,7,16,1,0,-13,0,825,59,8,14,255,0,0,0,0,613,80,8,14,255,0,0,0,0,944,243,8,14,255,0,0,0,0,577,23,139,6,16,1,0,0,0,553,24,139,6,16,1,0,0,0,880,25,139,10,16,1,0,0,0,989,73,8,14,255,0,0,0,0,630,229,8,14,255,0,0,0,0,577,195,8,14,255,0,0,0,0,928,199,8,14,255,0,0,0,0,651,129,0,14,2,6,227,0,0,0,128,0,14,3,7,0,0,0,0
94562000,129,1,2,0,1,1,0,0,31,1,0,85,8,14,255,0,0,0,0,1234,239,8,14,255,0,0,0,0,639,74,8,14,255,0,0,0,0,1064,40,8,14,255,0,0,0,0,555,237,8,14,255,0,0,0,0,1229,43,8,14,255,0,0,0,0,546,50,8,14,255,0,0,0,0,617,71,8,14,255,0,0,0,0,680,128,0,14,3,7,0,0,0,0,231,8,14,255,0,0,0,0,1260,12,139,9,16,1,0,0,0,1074,222,8,14,255,0,0,0,0,677,33,8,14,255,0,0,0,0,561,28,139,12,16,1,0,0,0,961,236,8,14,255,0,0,0,0,1000,36,8,14,255,0,0,0,0,664,86,8,14,255,0,0,0,0,682,32,139,9,16,1,0,0,0,604,194,8,14,255,0,0,0,0,1293,18,139,7,16,1,0,-13,0,825,59,8,14,255,0,0,0,0,613,80,8,14,255,0,0,0,0,944,23,139,6,16,1,0,0,0,553,24,139,6,16,1,0,0,0,881,25,139,10,16,1,0,0,0,989,73,8,14,255,0,0,0,0,630,229,8,14,255,0,0,0,0,577,195,8,14,255,0,0,0,0,928,199,8,14,255,0,0,0,0,651,129,0,14,2,6,227,0,0,0,137,0,14,2,6,227,0,0,0,,,,,,,,,
94563000,129,1,2,0,1,1,0,0,32,1,0,85,8,14,255,0,0,0,0,1234,239,8,14,255,0,0,0,0,639,74,8,14,255,0,0,0,0,1070,40,8,14,255,0,0,0,0,555,237,8,14,255,0,0,0,0,1229,43,8,14,255,0,0,0,0,546,50,8,14,255,0,0,0,0,617,71,8,14,255,0,0,0,0,680,128,0,14,3,7,0,0,0,0,231,8,14,255,0,0,0,0,1259,12,139,9,16,1,0,0,0,1074,222,8,14,255,0,0,0,0,677,33,8,14,255,0,0,0,0,561,28,139,12,16,1,0,0,0,961,236,8,14,255,0,0,0,0,1000,36,8,14,255,0,0,0,0,664,86,8,14,255,0,0,0,0,682,32,139,9,16,1,0,0,0,628,194,8,14,255,0,0,0,0,1293,18,139,7,16,1,0,-13,0,825,59,8,14,255,0,0,0,0,613,80,8,14,255,0,0,0,0,944,10,139,8,16,1,0,0,0,593,23,139,6,16,1,0,0,0,553,24,139,6,16,1,0,0,0,881,25,139,10,16,1,0,0,0,988,73,8,14,255,0,0,0,0,630,229,8,14,255,0,0,0,0,577,195,8,14,255,0,0,0,0,928,199,8,14,255,0,0,0,0,651,129,0,14,2,6,227,0,0,0,137,0,14,2,6,227,0,0,0
94564000,129,1,2,0,1,1,0,0,33,1,0,85,8,14,255,0,0,0,0,1234,239,8,14,255,0,0,0,0,639,74,8,14,255,0,0,0,0,1070,40,8,14,255,0,0,0,0,558,237,8,14,255,0,0,0,0,1229,43,8,14,255,0,0,0,0,546,50,8,14,255,0,0,0,0,617,71,8,14,255,0,0,0,0,680,243,8,14,255,0,0,0,0,577,231,8,14,255,0,0,0,0,1259,12,139,9,16,1,0,0,0,1073,222,8,14,255,0,0,0,0,677,33,8,14,255,0,0,0,0,561,28,139,12,16,1,0,0,0,961,236,8,14,255,0,0,0,0,1000,36,8,14,255,0,0,0,0,664,86,8,14,255,0,0,0,0,682,32,139,9,16,1,0,0,0,628,194,8,14,255,0,0,0,0,1292,18,139,7,16,1,0,-13,0,825,59,8,14,255,0,0,0,0,613,80,8,14,255,0,0,0,0,944,10,139,8,16,1,0,0,0,593,23,139,6,16,1,0,0,0,553,24,139,6,16,1,0,0,0,881,25,139,10,16,1,0,0,0,988,73,8,14,255,0,0,0,0,630,229,8,14,255,0,0,0,0,577,195,8,14,255,0,0,0,0,928,199,8,14,255,0,0,0,0,651,129,0,14,2,6,223,0,0,0,128,0,14,3,7,0,0,0,0
94565000,129,1,2,0,1,1,0,0,33,1,0,85,8,14,255,0,0,0,0,1234,239,8,14,255,0,0,0,0,639,74,8,14,255,0,0,0,0,1070,40,8,14,255,0,0,0,0,558,237,8,14,255,0,0,0,0,1229,43,8,14,255,0,0,0,0,546,50,8,14,255,0,0,0,0,617,71,8,14,255,0,0,0,0,680,243,8,14,255,0,0,0,0,577,231,8,14,255,0,0,0,0,1259,12,139,9,16,1,0,0,0,1073,222,8,14,255,0,0,0,0,677,33,8,14,255,0,0,0,0,561,28,139,12,16,1,0,0,0,961,236,8,14,255,0,0,0,0,1000,36,8,14,255,0,0,0,0,664,86,8,14,255,0,0,0,0,682,32,139,9,16,1,0,0,0,628,194,8,14,255,0,0,0,0,1292,18,139,7,16,1,0,-13,0,843,59,8,14,255,0,0,0,0,613,80,8,14,255,0,0,0,0,944,10,139,8,16,1,0,0,0,593,23,139,6,16,1,0,0,0,553,24,139,6,16,1,0,0,0,881,25,139,10,16,1,0,0,0,988,73,8,14,255,0,0,0,0,630,229,8,14,255,0,0,0,0,577,195,8,14,255,0,0,0,0,928,199,8,14,255,0,0,0,0,651,129,0,14,2,6,227,0,0,0,128,0,14,3,7,0,0,0,0
94566000,129,1,2,0,1,1,0,0,33,1,0,85,8,14,255,0,0,0,0,1234,239,8,14,255,0,0,0,0,639,74,8,14,255,0,0,0,0,1070,40,8,14,255,0,0,0,0,558,237,8,14,255,0,0,0,0,1228,43,8,14,255,0,0,0,0,546,50,8,14,255,0,0,0,0,617,71,8,14,255,0,0,0,0,680,243,8,14,255,0,0,0,0,577,231,8,14,255,0,0,0,0,1259,12,139,9,16,1,0,0,0,1073,222,8,14,255,0,0,0,0,677,33,8,14,255,0,0,0,0,568,28,139,12,16,1,0,0,0,961,236,8,14,255,0,0,0,0,1000,36,8,14,255,0,0,0,0,664,86,8,14,255,0,0,0,0,682,32,139,9,16,1,0,0,0,628,194,8,14,255,0,0,0,0,1292,18,139,7,16,1,0,-13,0,843,59,8,14,255,0,0,0,0,622,80,8,14,255,0,0,0,0,944,10,139,8,16,1,0,0,0,593,23,139,6,16,1,0,0,0,553,24,139,6,16,1,0,0,0,881,25,139,10,16,1,0,0,0,988,73,8,14,255,0,0,0,0,630,229,8,14,255,0,0,0,0,593,195,8,14,255,0,0,0,0,928,199,8,14,255,0,0,0,0,651,129,0,14,2,6,227,0,0,0,128,0,14,3,7,0,0,0,0
94567000,129,1,2,0,1,1,0,0,33,1,0,85,8,14,255,0,0,0,0,1234,239,8,14,255,0,0,0,0,639,74,8,14,255,0,0,0,0,1070,40,8,14,255,0,0,0,0,558,237,8,14,255,0,0,0,0,1228,43,8,14,255,0,0,0,0,546,50,8,14,255,0,0,0,0,617,71,8,14,255,0,0,0,0,680,243,8,14,255,0,0,0,0,577,231,8,14,255,0,0,0,0,1259,12,139,9,16,1,0,0,0,1073,222,8,14,255,0,0,0,0,677,33,8,14,255,0,0,0,0,568,28,139,12,16,1,0,0,0,960,236,8,14,255,0,0,0,0,1000,36,8,14,255,0,0,0,0,664,86,8,14,255,0,0,0,0,682,32,139,9,16,1,0,0,0,628,194,8,14,255,0,0,0,0,1292,18,139,7,16,1,0,-13,0,843,59,8,14,255,0,0,0,0,622,80,8,14,255,0,0,0,0,944,10,139,8,16,1,0,0,0,593,23,139,6,16,1,0,0,0,553,24,139,6,16,1,0,0,0,881,25,139,10,16,1,0,0,0,988,73,8,14,255,0,0,0,0,630,229,8,14,255,0,0,0,0,593,195,8,14,255,0,0,0,0,928,199,8,14,255,0,0,0,0,651,129,0,14,2,6,227,0,0,0,128,0,14,3,7,0,0,0,0
94568000,129,1,2,0,1,1,0,0,33,1,0,85,8,14,255,0,0,0,0,1234,239,8,14,255,0,0,0,0,639,74,8,14,255,0,0,0,0,1070,40,8,14,255,0,0,0,0,558,237,8,14,255,0,0,0,0,1228,43,8,14,255,0,0,0,0,546,50,8,14,255,0,0,0,0,617,71,8,14,255,0,0,0,0,680,243,8,14,255,0,0,0,0,577,231,8,14,255,0,0,0,0,1259,12,139,9,16,1,0,0,0,1073,222,8,14,255,0,0,0,0,677,33,8,14,255,0,0,0,0,568,28,139,12,16,1,0,0,0,960,236,8,14,255,0,0,0,0,1001,36,8,14,255,0,0,0,0,664,86,8,14,255,0,0,0,0,682,32,139,9,16,1,0,0,0,628,194,8,14,255,0,0,0,0,1292,18,139,7,16,1,0,-13,0,843,59,8,14,255,0,0,0,0,622,80,8,14,255,0,0,0,0,944,10,139,8,16,1,0,0,0,592,23,139,6,16,1,0,0,0,553,24,139,6,16,1,0,0,0,881,25,139,10,16,1,0,0,0,988,73,8,14,255,0,0,0,0,630,229,8,14,255,0,0,0,0,593,195,8,14,255,0,0,0,0,928,199,8,14,255,0,0,0,0,651,129,0,14,2,6,227,0,0,0,128,0,14,3,7,0,0,0,0
94569000,129,1,2,0,1,1,0,0,33,1,0,85,8,14,255,0,0,0,0,1236,239,8,14,255,0,0,0,0,639,74,8,14,255,0,0,0,0,1070,40,8,14,255,0,0,0,0,558,237,8,14,255,0,0,0,0,1228,43,8,14,255,0,0,0,0,546,50,8,14,255,0,0,0,0,617,71,8,14,255,0,0,0,0,680,243,8,14,255,0,0,0,0,577,231,8,14,255,0,0,0,0,1259,12,139,9,16,1,0,0,0,1073,222,8,14,255,0,0,0,0,677,33,8,14,255,0,0,0,0,568,28,139,12,16,1,0,0,0,960,236,8,14,255,0,0,0,0,1001,36,8,14,255,0,0,0,0,664,86,8,14,255,0,0,0,0,682,32,139,9,16,1,0,0,0,628,194,8,14,255,0,0,0,0,1292,18,139,7,16,1,0,-13,0,843,59,8,14,255,0,0,0,0,622,80,8,14,255,0,0,0,0,944,10,139,8,16,1,0,0,0,592,23,139,6,16,1,0,0,0,553,24,139,6,16,1,0,0,0,881,25,139,10,16,1,0,0,0,988,73,8,14,255,0,0,0,0,630,229,8,14,255,0,0,0,0,593,195,8,14,255,0,0,0,0,928,199,8,14,255,0,0,0,0,651,129,0,14,2,6,227,0,0,0,128,0,14,3,7,0,0,0,0
94570000,129,1,2,0,1,1,0,0,33,1,0,85,8,14,255,0,0,0,0,1236,239,8,14,255,0,0,0,0,639,74,8,14,255,0,0,0,0,1070,40,8,14,255,0,0,0,0,558,237,8,14,255,0,0,0,0,1228,43,8,14,255,0,0,0,0,546,50,8,14,255,0,0,0,0,617,71,8,14,255,0,0,0,0,680,243,8,14,255,0,0,0,0,577,231,8,14,255,0,0,0,0,1259,12,139,9,16,1,0,0,0,1073,222,8,14,255,0,0,0,0,677,33,8,14,255,0,0,0,0,568,28,139,12,16,1,0,0,0,960,236,8,14,255,0,0,0,0,1001,36,8,14,255,0,0,0,0,664,86,8,14,255,0,0,0,0,683,32,139,9,16,1,0,0,0,628,194,8,14,255,0,0,0,0,1292,18,139,7,16,1,0,-13,0,843,59,8,14,255,0,0,0,0,622,80,8,14,255,0,0,0,0,944,10,139,8,16,1,0,0,0,592,23,139,6,16,1,0,0,0,553,24,139,6,16,1,0,0,0,882,25,139,10,16,1,0,0,0,988,73,8,14,255,0,0,0,0,630,229,8,14,255,0,0,0,0,593,195,8,14,255,0,0,0,0,928,199,8,14,255,0,0,0,0,651,129,0,14,2,6,223,0,0,0,128,0,14,3,7,0,0,0,0
94571000,129,1,2,0,1,1,0,0,33,1,0,85,8,14,255,0,0,0,0,1236,239,8,14,255,0,0,0,0,639,74,8,14,255,0,0,0,0,1068,40,8,14,255,0,0,0,0,558,237,8,14,255,0,0,0,0,1228,43,8,14,255,0,0,0,0,546,50,8,14,255,0,0,0,0,617,71,8,14,255,0,0,0,0,680,243,8,14,255,0,0,0,0,577,231,8,14,255,0,0,0,0,1258,12,139,9,16,1,0,0,0,1073,222,8,14,255,0,0,0,0,677,33,8,14,255,0,0,0,0,568,28,139,12,16,1,0,0,0,960,236,8,14,255,0,0,0,0,1001,36,8,14,255,0,0,0,0,664,86,8,14,255,0,0,0,0,683,32,139,9,16,1,0,0,0,628,194,8,14,255,0,0,0,0,1292,18,139,7,16,1,0,-13,0,843,59,8,14,255,0,0,0,0,622,80,8,14,255,0,0,0,0,944,10,139,8,16,1,0,0,0,592,23,139,6,16,1,0,0,0,553,24,139,6,16,1,0,0,0,882,25,139,10,16,1,0,0,0,987,73,8,14,255,0,0,0,0,630,229,8,14,255,0,0,0,0,593,195,8,14,255,0,0,0,0,928,199,8,14,255,0,0,0,0,651,129,0,14,2,6,219,0,0,0,128,0,14,3,7,0,0,0,0
94572000,129,1,2,0,1,1,0,0,33,1,0,85,8,14,255,0,0,0,0,1236,239,8,14,255,0,0,0,0,639,74,8,14,255,0,0,0,0,1068,40,8,14,255,0,0,0,0,558,237,8,14,255,0,0,0,0,1228,43,8,14,255,0,0,0,0,546,50,8,14,255,0,0,0,0,617,71,8,14,255,0,0,0,0,680,243,8,14,255,0,0,0,0,577,231,8,14,255,0,0,0,0,1258,12,139,9,16,1,0,0,0,1073,222,8,14,255,0,0,0,0,677,33,8,14,255,0,0,0,0,568,28,139,12,16,1,0,0,0,960,236,8,14,255,0,0,0,0,1001,36,8,14,255,0,0,0,0,664,86,8,14,255,0,0,0,0,683,32,139,9,16,1,0,0,0,628,194,8,14,255,0,0,0,0,1292,18,139,7,16,1,0,-13,0,843,59,8,14,255,0,0,0,0,622,80,8,14,255,0,0,0,0,944,10,139,8,16,1,0,0,0,592,23,139,6,16,1,0,0,0,553,24,139,6,16,1,0,0,0,882,25,139,10,16,1,0,0,0,987,73,8,14,255,0,0,0,0,630,229,8,14,255,0,0,0,0,593,195,8,14,255,0,0,0,0,928,199,8,14,255,0,0,0,0,651,129,0,14,2,6,227,0,0,0,128,0,14,3,7,0,0,0,0
94573000,129,1,2,0,1,1,0,0,33,1,0,85,8,14,255,0,0,0,0,1236,239,8,14,255,0,0,0,0,639,74,8,14,255,0,0,0,0,1068,40,8,14,255,0,0,0,0,558,237,8,14,255,0,0,0,0,1228,43,8,14,255,0,0,0,0,546,50,8,14,255,0,0,0,0,617,71,8,14,255,0,0,0,0,680,243,8,14,255,0,0,0,0,577,231,8,14,255,0,0,0,0,1258,12,139,9,16,1,0,0,0,1073,222,8,14,255,0,0,0,0,677,33,8,14,255,0,0,0,0,568,28,139,12,16,1,0,0,0,960,236,8,14,255,0,0,0,0,1001,36,8,14,255,0,0,0,0,664,86,8,14,255,0,0,0,0,683,32,139,9,16,1,0,0,0,628,194,8,14,255,0,0,0,0,1292,18,139,7,16,1,0,-13,0,844,59,8,14,255,0,0,0,0,622,80,8,14,255,0,0,0,0,944,10,139,8,16,1,0,0,0,592,23,139,6,16,1,0,0,0,553,24,139,6,16,1,0,0,0,882,25,139,10,16,1,0,0,0,987,73,8,14,255,0,0,0,0,629,229,8,14,255,0,0,0,0,593,195,8,14,255,0,0,0,0,928,199,8,14,255,0,0,0,0,651,129,0,14,2,6,227,0,0,0,128,0,14,3,7,0,0,0,0
94574000,129,1,2,0,1,1,0,0,33,1,0,85,8,14,255,0,0,0,0,1236,239,8,14,255,0,0,0,0,639,74,8,14,255,0,0,0,0,1068,40,8,14,255,0,0,0,0,558,237,8,14,255,0,0,0,0,1228,43,8,14,255,0,0,0,0,546,50,8,14,255,0,0,0,0,617,71,8,14,255,0,0,0,0,680,243,8,14,255,0,0,0,0,577,231,8,14,255,0,0,0,0,1258,12,139,9,16,1,0,0,0,1073,222,8,14,255,0,0,0,0,677,33,8,14,255,0,0,0,0,568,28,139,12,16,1,0,0,0,960,236,8,14,255,0,0,0,0,1001,36,8,14,255,0,0,0,0,664,86,8,14,255,0,0,0,0,683,32,139,9,16,1,0,0,0,628,194,8,14,255,0,0,0,0,1292,18,139,7,16,1,0,-13,0,844,59,8,14,255,0,0,0,0,622,80,8,14,255,0,0,0,0,944,10,139,8,16,1,0,0,0,592,23,139,6,16,1,0,0,0,553,24,139,6,16,1,0,0,0,882,25,139,10,16,1,0,0,0,987,73,8,14,255,0,0,0,0,629,229,8,14,255,0,0,0,0,593,195,8,14,255,0,0,0,0,928,199,8,14,255,0,0,0,0,651,129,0,14,2,6,227,0,0,0,128,0,14,3,7,0,0,0,0
94575000,129,1,2,0,1,1,0,0,33,1,0,85,8,14,255,0,0,0,0,1236,239,8,14,255,0,0,0,0,639,74,8,14,255,0,0,0,0,1068,40,8,14,255,0,0,0,0,558,237,8,14,255,0,0,0,0,1228,43,8,14,255,0,0,0,0,546,50,8,14,255,0,0,0,0,617,71,8,14,255,0,0,0,0,680,243,8,14,255,0,0,0,0,577,231,8,14,255,0,0,0,0,1258,12,139,9,16,1,0,0,0,1073,222,8,14,255,0,0,0,0,677,33,8,14,255,0,0,0,0,568,28,139,12,16,1,0,0,0,959,236,8,14,255,0,0,0,0,1001,36,8,14,255,0,0,0,0,664,86,8,14,255,0,0,0,0,683,32,139,9,16,1,0,0,0,628,194,8,14,255,0,0,0,0,1292,18,139,7,16,1,0,-13,0,844,59,8,14,255,0,0,0,0,622,80,8,14,255,0,0,0,0,945,10,139,8,16,1,0,0,0,592,23,139,6,16,1,0,0,0,553,24,139,6,16,1,0,0,0,882,25,139,10,16,1,0,0,0,987,73,8,14,255,0,0,0,0,629,229,8,14,255,0,0,0,0,593,195,8,14,255,0,0,0,0,929,199,8,14,255,0,0,0,0,651,129,0,14,2,6,227,0,0,0,128,0,14,3,7,0,0,0,0
94576000,129,1,2,0,1,1,0,0,33,1,0,85,8,14,255,0,0,0,0,1236,239,8,14,255,0,0,0,0,639,74,8,14,255,0,0,0,0,1068,40,8,14,255,0,0,0,0,558,237,8,14,255,0,0,0,0,1228,43,8,14,255,0,0,0,0,546,50,8,14,255,0,0,0,0,617,71,8,14,255,0,0,0,0,680,243,8,14,255,0,0,0,0,577,231,8,14,255,0,0,0,0,1258,12,139,9,16,1,0,0,0,1073,222,8,14,255,0,0,0,0,677,33,8,14,255,0,0,0,0,568,28,139,12,16,1,0,0,0,959,236,8,14,255,0,0,0,0,1002,36,8,14,255,0,0,0,0,664,86,8,14,255,0,0,0,0,683,32,139,9,16,1,0,0,0,628,194,8,14,255,0,0,0,0,1292,18,139,7,16,1,0,-13,0,844,59,8,14,255,0,0,0,0,622,80,8,14,255,0,0,0,0,945,10,139,8,16,1,0,0,0,592,23,139,6,16,1,0,0,0,553,24,139,6,16,1,0,0,0,882,25,139,10,16,1,0,0,0,987,73,8,14,255,0,0,0,0,629,229,8,14,255,0,0,0,0,593,195,8,14,255,0,0,0,0,929,199,8,14,255,0,0,0,0,651,129,0,14,2,6,223,0,0,0,128,0,14,3,7,0,0,0,0
94577000,129,1,2,0,1,1,0,0,32,1,0,85,8,14,255,0,0,0,0,1243,239,8,14,255,0,0,0,0,639,74,8,14,255,0,0,0,0,1068,40,8,14,255,0,0,0,0,558,128,0,14,3,7,0,0,0,578,43,8,14,255,0,0,0,0,546,50,8,14,255,0,0,0,0,617,71,8,14,255,0,0,0,0,703,243,8,14,255,0,0,0,0,577,231,8,14,255,0,0,0,0,1258,12,139,9,16,1,0,0,0,1073,222,8,14,255,0,0,0,0,677,33,8,14,255,0,0,0,0,568,28,139,12,16,1,0,0,0,959,236,8,14,255,0,0,0,0,1002,36,8,14,255,0,0,0,0,674,86,8,14,255,0,0,0,0,683,32,139,9,16,1,0,0,0,628,194,8,14,255,0,0,0,0,1292,18,139,7,16,1,0,-13,0,844,59,8,14,255,0,0,0,0,622,80,8,14,255,0,0,0,0,945,10,139,8,16,1,0,0,0,592,23,139,6,16,1,0,0,0,581,24,139,6,16,1,0,0,0,882,25,139,10,16,1,0,0,0,987,73,8,14,255,0,0,0,0,629,229,8,14,255,0,0,0,0,593,195,8,14,255,0,0,0,0,929,199,8,14,255,0,0,0,0,651,129,0,14,2,6,227,0,0,0,137,0,14,2,6,219,0,0,0
94578000,129,1,2,0,1,1,0,0,32,1,0,85,8,14,255,0,0,0,0,1243,239,8,14,255,0,0,0,0,687,74,8,14,255,0,0,0,0,1068,40,8,14,255,0,0,0,0,558,128,0,14,3,7,0,0,0,578,43,8,14,255,0,0,0,0,546,50,8,14,255,0,0,0,0,617,71,8,14,255,0,0,0,0,703,243,8,14,255,0,0,0,0,588,231,8,14,255,0,0,0,0,1258,12,139,9,16,1,0,0,0,1073,222,8,14,255,0,0,0,0,677,33,8,14,255,0,0,0,0,568,28,139,12,16,1,0,0,0,959,236,8,14,255,0,0,0,0,1002,36,8,14,255,0,0,0,0,674,86,8,14,255,0,0,0,0,683,32,139,9,16,1,0,0,0,628,194,8,14,255,0,0,0,0,1292,18,139,7,16,1,0,-13,0,844,59,8,14,255,0,0,0,0,622,80,8,14,255,0,0,0,0,945,10,139,8,16,1,0,0,0,592,23,139,6,16,1,0,0,0,581,24,139,6,16,1,0,0,0,913,25,139,10,16,1,0,0,0,987,73,8,14,255,0,0,0,0,629,229,8,14,255,0,0,0,0,593,195,8,14,255,0,0,0,0,929,199,8,14,255,0,0,0,0,651,129,0,14,2,6,223,0,0,0,137,0,14,2,6,227,0,0,0
94579000,129,1,2,0,1,1,0,0,33,1,0,85,8,14,255,0,0,0,0,1243,239,8,14,255,0,0,0,0,687,74,8,14,255,0,0,0,0,1096,40,8,14,255,0,0,0,0,558,237,8,14,255,0,0,0,0,1228,43,8,14,255,0,0,0,0,546,50,8,14,255,0,0,0,0,617,71,8,14,255,0,0,0,0,703,243,8,14,255,0,0,0,0,588,231,8,14,255,0,0,0,0,1277,12,139,9,16,1,0,0,0,1073,222,8,14,255,0,0,0,0,677,33,8,14,255,0,0,0,0,568,28,139,12,16,1,0,0,0,959,236,8,14,255,0,0,0,0,1002,36,8,14,255,0,0,0,0,674,86,8,14,255,0,0,0,0,683,32,139,9,16,1,0,0,0,627,194,8,14,255,0,0,0,0,1292,18,139,7,16,1,0,-13,0,844,59,8,14,255,0,0,0,0,622,80,8,14,255,0,0,0,0,945,10,139,8,16,1,0,0,0,592,23,139,6,16,1,0,0,0,581,24,139,6,16,1,0,0,0,913,25,139,10,16,1,0,0,0,1001,73,8,14,255,0,0,0,0,629,229,8,14,255,0,0,0,0,593,195,8,14,255,0,0,0,0,929,199,8,14,255,0,0,0,0,651,129,0,14,2,6,227,0,0,0,128,0,14,3,7,0,0,0,0
94580000,129,1,2,0,1,1,0,0,33,1,0,85,8,14,255,0,0,0,0,1243,239,8,14,255,0,0,0,0,687,74,8,14,255,0,0,0,0,1096,40,8,14,255,0,0,0,0,588,237,8,14,255,0,0,0,0,1228,43,8,14,255,0,0,0,0,546,50,8,14,255,0,0,0,0,617,71,8,14,255,0,0,0,0,703,243,8,14,255,0,0,0,0,588,231,8,14,255,0,0,0,0,1277,12,139,9,16,1,0,0,0,1080,222,8,14,255,0,0,0,0,677,33,8,14,255,0,0,0,0,568,28,139,12,16,1,0,0,0,959,236,8,14,255,0,0,0,0,1002,36,8,14,255,0,0,0,0,674,86,8,14,255,0,0,0,0,683,32,0,9,16,1,0,0,0,0,194,8,14,255,0,0,0,0,1301,18,139,7,16,1,0,-13,0,844,59,8,14,255,0,0,0,0,622,80,8,14,255,0,0,0,0,945,10,139,8,16,1,0,0,0,592,23,139,6,16,1,0,0,0,581,24,139,6,16,1,0,0,0,913,25,139,10,16,1,0,0,0,1001,73,8,14,255,0,0,0,0,629,229,8,14,255,0,0,0,0,593,195,8,14,255,0,0,0,0,929,199,8,14,255,0,0,0,0,651,129,0,14,2,6,227,0,0,0,128,0,14,3,7,0,0,0,0
94581000,129,1,2,0,1,1,0,0,33,1,0,85,8,14,255,0,0,0,0,1243,239,8,14,255,0,0,0,0,687,74,8,14,255,0,0,0,0,1096,40,8,14,255,0,0,0,0,588,237,8,14,255,0,0,0,0,1228,43,8,14,255,0,0,0,0,546,50,8,14,255,0,0,0,0,617,71,8,14,255,0,0,0,0,703,243,8,14,255,0,0,0,0,588,231,8,14,255,0,0,0,0,1277,12,139,9,16,1,0,0,0,1080,222,8,14,255,0,0,0,0,677,33,8,14,255,0,0,0,0,568,28,139,12,16,1,0,0,0,959,236,8,14,255,0,0,0,0,1002,36,8,14,255,0,0,0,0,674,86,8,14,255,0,0,0,0,683,32,139,9,16,1,0,0,0,627,194,8,14,255,0,0,0,0,1301,18,139,7,16,1,0,-13,0,859,59,8,14,255,0,0,0,0,622,80,8,14,255,0,0,0,0,945,10,139,8,16,1,0,0,0,592,23,139,6,16,1,0,0,0,581,24,139,6,16,1,0,0,0,913,25,139,10,16,1,0,0,0,1001,73,8,14,255,0,0,0,0,648,229,8,14,255,0,0,0,0,593,195,8,14,255,0,0,0,0,929,199,8,14,255,0,0,0,0,651,129,0,14,2,6,227,0,0,0,128,0,14,3,7,0,0,0,0
94582000,129,1,2,0,1,1,0,0,33,1,0,85,8,14,255,0,0,0,0,1243,239,8,14,255,0,0,0,0,687,74,8,14,255,0,0,0,0,1096,40,8,14,255,0,0,0,0,588,237,8,14,255,0,0,0,0,1228,43,8,14,255,0,0,0,0,546,50,8,14,255,0,0,0,0,617,71,8,14,255,0,0,0,0,703,243,8,14,255,0,0,0,0,588,231,8,14,255,0,0,0,0,1277,12,139,9,16,1,0,0,0,1080,222,8,14,255,0,0,0,0,677,33,8,14,255,0,0,0,0,583,28,139,12,16,1,0,0,0,959,236,8,14,255,0,0,0,0,1002,36,8,14,255,0,0,0,0,674,86,8,14,255,0,0,0,0,683,32,139,9,16,1,0,0,0,627,194,8,14,255,0,0,0,0,1301,18,139,7,16,1,0,-13,0,859,59,8,14,255,0,0,0,0,651,80,8,14,255,0,0,0,0,945,10,139,8,16,1,0,0,0,592,23,139,6,16,1,0,0,0,581,24,139,6,16,1,0,0,0,913,25,139,10,16,1,0,0,0,1001,73,8,14,255,0,0,0,0,648,229,8,14,255,0,0,0,0,604,195,8,14,255,0,0,0,0,929,199,8,14,255,0,0,0,0,651,129,0,14,2,6,227,0,0,0,128,0,14,3,7,0,0,0,0
94583000,129,1,2,0,1,1,0,0,33,1,0,85,8,14,255,0,0,0,0,1243,239,8,14,255,0,0,0,0,687,74,8,14,255,0,0,0,0,1096,40,8,14,255,0,0,0,0,588,237,8,14,255,0,0,0,0,1228,43,8,14,255,0,0,0,0,562,50,8,14,255,0,0,0,0,617,71,8,14,255,0,0,0,0,703,243,8,14,255,0,0,0,0,588,231,8,14,255,0,0,0,0,1277,12,139,9,16,1,0,0,0,1080,222,8,14,255,0,0,0,0,677,33,8,14,255,0,0,0,0,583,28,139,12,16,1,0,0,0,958,236,8,14,255,0,0,0,0,1002,36,8,14,255,0,0,0,0,674,86,8,14,255,0,0,0,0,683,32,139,9,16,1,0,0,0,627,194,8,14,255,0,0,0,0,1301,18,139,7,16,1,0,-13,0,859,59,8,14,255,0,0,0,0,651,80,8,14,255,0,0,0,0,968,10,139,8,16,1,0,0,0,592,23,139,6,16,1,0,0,0,581,24,139,6,16,1,0,0,0,913,25,139,10,16,1,0,0,0,1001,73,8,14,255,0,0,0,0,648,229,8,14,255,0,0,0,0,604,195,8,14,255,0,0,0,0,953,199,8,14,255,0,0,0,0,651,129,0,14,2,6,223,0,0,0,128,0,14,3,7,0,0,0,0
94584000,129,1,2,0,1,1,0,0,33,1,0,85,8,14,255,0,0,0,0,1243,239,8,14,255,0,0,0,0,687,74,8,14,255,0,0,0,0,1096,40,8,14,255,0,0,0,0,588,237,8,14,255,0,0,0,0,1228,43,8,14,255,0,0,0,0,562,50,8,14,255,0,0,0,0,638,71,8,14,255,0,0,0,0,703,243,8,14,255,0,0,0,0,588,231,8,14,255,0,0,0,0,1277,12,139,9,16,1,0,0,0,1080,222,8,14,255,0,0,0,0,677,33,8,14,255,0,0,0,0,583,28,139,12,16,1,0,0,0,958,236,8,14,255,0,0,0,0,1029,36,8,14,255,0,0,0,0,674,86,8,14,255,0,0,0,0,683,32,139,9,16,1,0,0,0,627,194,8,14,255,0,0,0,0,1301,18,139,7,16,1,0,-13,0,859,59,8,14,255,0,0,0,0,651,80,8,14,255,0,0,0,0,968,10,139,8,16,1,0,0,0,620,23,139,6,16,1,0,0,0,581,24,139,6,16,1,0,0,0,913,25,139,10,16,1,0,0,0,1001,73,8,14,255,0,0,0,0,648,229,8,14,255,0,0,0,0,604,195,8,14,255,0,0,0,0,953,199,8,14,255,0,0,0,0,669,129,0,14,2,6,219,0,0,0,128,0,14,3,7,0,0,0,0
94585000,129,1,2,0,1,1,0,0,32,1,0,85,8,14,255,0,0,0,0,1245,239,8,14,255,0,0,0,0,687,74,8,14,255,0,0,0,0,1096,40,8,14,255,0,0,0,0,588,237,8,14,255,0,0,0,0,1228,43,8,14,255,0,0,0,0,562,50,8,14,255,0,0,0,0,638,71,8,14,255,0,0,0,0,703,243,8,14,255,0,0,0,0,588,231,8,14,255,0,0,0,0,1277,12,139,9,16,1,0,0,0,1080,222,8,14,255,0,0,0,0,677,33,8,14,255,0,0,0,0,583,28,139,12,16,1,0,0,0,958,236,8,14,255,0,0,0,0,1029,36,8,14,255,0,0,0,0,674,86,8,14,255,0,0,0,0,683,32,139,9,16,1,0,0,0,627,194,8,14,255,0,0,0,0,1301,18,139,7,16,1,0,-13,0,859,59,8,14,255,0,0,0,0,651,80,8,14,255,0,0,0,0,968,10,139,8,16,1,0,0,0,620,23,139,6,16,1,0,0,0,581,24,139,6,16,1,0,0,0,913,25,139,10,16,1,0,0,0,1001,73,8,14,255,0,0,0,0,648,229,8,14,255,0,0,0,0,604,195,8,14,255,0,0,0,0,953,199,8,14,255,0,0,0,0,669,129,0,14,2,6,227,0,0,0,137,0,14,2,6,227,0,0,0
94586000,129,1,2,0,1,1,0,0,33,1,0,85,8,14,255,0,0,0,0,1245,239,8,14,255,0,0,0,0,688,74,8,14,255,0,0,0,0,1096,40,8,14,255,0,0,0,0,588,237,8,14,255,0,0,0,0,1228,43,8,14,255,0,0,0,0,562,50,8,14,255,0,0,0,0,638,71,8,14,255,0,0,0,0,703,243,8,14,255,0,0,0,0,589,231,8,14,255,0,0,0,0,1277,12,139,9,16,1,0,0,0,1080,222,8,14,255,0,0,0,0,677,33,8,14,255,0,0,0,0,583,28,139,12,16,1,0,0,0,958,236,8,14,255,0,0,0,0,1029,36,8,14,255,0,0,0,0,674,86,8,14,255,0,0,0,0,684,32,139,9,16,1,0,0,0,627,194,8,14,255,0,0,0,0,1301,18,139,7,16,1,0,-13,0,859,59,8,14,255,0,0,0,0,651,80,8,14,255,0,0,0,0,968,10,139,8,16,1,0,0,0,620,23,139,6,16,1,0,0,0,581,24,139,6,16,1,0,0,0,914,25,139,10,16,1,0,0,0,1001,73,8,14,255,0,0,0,0,648,229,8,14,255,0,0,0,0,604,195,8,14,255,0,0,0,0,953,199,8,14,255,0,0,0,0,669,129,0,14,2,6,227,0,0,0,128,0,14,3,7,0,0,0,0
94587000,129,1,2,0,1,1,0,0,32,1,0,85,8,14,255,0,0,0,0,1245,239,8,14,255,0,0,0,0,688,74,8,14,255,0,0,0,0,1094,40,8,14,255,0,0,0,0,588,128,0,14,3,7,0,0,0,604,43,8,14,255,0,0,0,0,562,50,8,14,255,0,0,0,0,638,71,8,14,255,0,0,0,0,703,243,8,14,255,0,0,0,0,589,231,8,14,255,0,0,0,0,1275,12,139,9,16,1,0,0,0,1080,222,8,14,255,0,0,0,0,677,33,8,14,255,0,0,0,0,583,28,139,12,16,1,0,0,0,958,236,8,14,255,0,0,0,0,1029,36,8,14,255,0,0,0,0,674,86,8,14,255,0,0,0,0,684,32,139,9,16,1,0,0,0,627,194,8,14,255,0,0,0,0,1301,18,139,7,16,1,0,-13,0,859,59,8,14,255,0,0,0,0,651,80,8,14,255,0,0,0,0,968,10,139,8,16,1,0,0,0,620,23,139,6,16,1,0,0,0,581,24,139,6,16,1,0,0,0,914,25,139,10,16,1,0,0,0,1000,73,8,14,255,0,0,0,0,648,229,8,14,255,0,0,0,0,604,195,8,14,255,0,0,0,0,953,199,8,14,255,0,0,0,0,669,129,0,14,2,6,227,0,0,0,137,0,14,2,6,227,0,0,0
94588000,129,1,2,0,1,1,0,0,32,1,0,85,8,14,255,0,0,0,0,1245,239,8,14,255,0,0,0,0,688,74,8,14,255,0,0,0,0,1094,40,8,14,255,0,0,0,0,588,128,0,14,3,7,0,0,0,604,43,8,14,255,0,0,0,0,562,50,8,14,255,0,0,0,0,638,71,8,14,255,0,0,0,0,703,243,8,14,255,0,0,0,0,589,231,8,14,255,0,0,0,0,1275,12,139,9,16,1,0,0,0,1079,222,8,14,255,0,0,0,0,677,33,8,14,255,0,0,0,0,583,28,139,12,16,1,0,0,0,958,236,8,14,255,0,0,0,0,1029,36,8,14,255,0,0,0,0,674,86,8,14,255,0,0,0,0,684,32,139,9,16,1,0,0,0,627,194,8,14,255,0,0,0,0,1301,18,139,7,16,1,0,-13,0,859,59,8,14,255,0,0,0,0,651,80,8,14,255,0,0,0,0,968,10,139,8,16,1,0,0,0,620,23,139,6,16,1,0,0,0,581,24,139,6,16,1,0,0,0,914,25,139,10,16,1,0,0,0,1000,73,8,14,255,0,0,0,0,648,229,8,14,255,0,0,0,0,604,195,8,14,255,0,0,0,0,953,199,8,14,255,0,0,0,0,669,129,0,14,2,6,223,0,0,0,137,0,14,2,6,223,0,0,0
94589000,129,1,2,0,1,1,0,0,32,1,0,85,8,14,255,0,0,0,0,1245,239,8,14,255,0,0,0,0,688,74,8,14,255,0,0,0,0,1094,40,8,14,255,0,0,0,0,588,128,0,14,3,7,0,0,0,604,43,8,14,255,0,0,0,0,562,50,8,14,255,0,0,0,0,638,71,8,14,255,0,0,0,0,703,243,8,14,255,0,0,0,0,589,231,8,14,255,0,0,0,0,1275,12,139,9,16,1,0,0,0,1079,222,8,14,255,0,0,0,0,676,33,8,14,255,0,0,0,0,583,28,139,12,16,1,0,0,0,958,236,8,14,255,0,0,0,0,1029,36,8,14,255,0,0,0,0,674,86,8,14,255,0,0,0,0,684,32,139,9,16,1,0,0,0,627,194,8,14,255,0,0,0,0,1301,18,139,7,16,1,0,-13,0,860,59,8,14,255,0,0,0,0,651,80,8,14,255,0,0,0,0,968,10,139,8,16,1,0,0,0,620,23,139,6,16,1,0,0,0,581,24,139,6,16,1,0,0,0,914,25,139,10,16,1,0,0,0,1000,73,8,14,255,0,0,0,0,647,229,8,14,255,0,0,0,0,604,195,8,14,255,0,0,0,0,953,199,8,14,255,0,0,0,0,669,129,0,14,2,6,219,0,0,0,137,0,14,2,6,219,0,0,0
94590000,129,1,2,0,1,1,0,0,32,1,0,85,8,14,255,0,0,0,0,1245,239,8,14,255,0,0,0,0,688,74,8,14,255,0,0,0,0,1094,40,8,14,255,0,0,0,0,588,128,0,14,3,7,0,0,0,604,43,8,14,255,0,0,0,0,562,50,8,14,255,0,0,0,0,638,71,8,14,255,0,0,0,0,703,243,8,14,255,0,0,0,0,589,231,8,14,255,0,0,0,0,1275,12,139,9,16,1,0,0,0,1079,222,8,14,255,0,0,0,0,676,33,8,14,255,0,0,0,0,582,28,139,12,16,1,0,0,0,958,236,8,14,255,0,0,0,0,1029,36,8,14,255,0,0,0,0,674,86,8,14,255,0,0,0,0,684,32,139,9,16,1,0,0,0,627,194,8,14,255,0,0,0,0,1301,18,139,7,16,1,0,-13,0,860,59,8,14,255,0,0,0,0,651,80,8,14,255,0,0,0,0,968,10,139,8,16,1,0,0,0,620,23,139,6,16,1,0,0,0,581,24,139,6,16,1,0,0,0,914,25,139,10,16,1,0,0,0,1000,73,8,14,255,0,0,0,0,647,229,8,14,255,0,0,0,0,604,195,8,14,255,0,0,0,0,953,199,8,14,255,0,0,0,0,669,129,0,14,2,6,227,0,0,0,137,0,14,2,6,215,0,0,0
94591000,129,1,2,0,1,1,0,0,32,1,0,85,8,14,255,0,0,0,0,1245,239,8,14,255,0,0,0,0,688,74,8,14,255,0,0,0,0,1094,40,8,14,255,0,0,0,0,588,128,0,14,3,7,0,0,0,604,43,8,14,255,0,0,0,0,562,50,8,14,255,0,0,0,0,638,71,8,14,255,0,0,0,0,703,243,8,14,255,0,0,0,0,589,231,8,14,255,0,0,0,0,1275,12,139,9,16,1,0,0,0,1079,222,8,14,255,0,0,0,0,676,33,8,14,255,0,0,0,0,582,28,139,12,16,1,0,0,0,957,236,8,14,255,0,0,0,0,1029,36,8,14,255,0,0,0,0,674,86,8,14,255,0,0,0,0,684,32,139,9,16,1,0,0,0,627,194,8,14,255,0,0,0,0,1301,18,139,7,16,1,0,-13,0,860,59,8,14,255,0,0,0,0,651,80,8,14,255,0,0,0,0,969,10,139,8,16,1,0,0,0,620,23,139,6,16,1,0,0,0,581,24,139,6,16,1,0,0,0,914,25,139,10,16,1,0,0,0,1000,73,8,14,255,0,0,0,0,647,229,8,14,255,0,0,0,0,604,195,8,14,255,0,0,0,0,953,199,8,14,255,0,0,0,0,669,129,0,14,2,6,227,0,0,0,137,0,14,2,6,223,0,0,0
94592000,129,1,2,0,1,1,0,0,32,1,0,85,8,14,255,0,0,0,0,1245,239,8,14,255,0,0,0,0,688,74,8,14,255,0,0,0,0,1094,40,8,14,255,0,0,0,0,588,128,0,14,3,7,0,0,0,604,43,8,14,255,0,0,0,0,562,50,8,14,255,0,0,0,0,638,71,8,14,255,0,0,0,0,703,243,8,14,255,0,0,0,0,589,231,8,14,255,0,0,0,0,1275,12,139,9,16,1,0,0,0,1079,222,8,14,255,0,0,0,0,676,33,8,14,255,0,0,0,0,582,28,139,12,16,1,0,0,0,957,236,8,14,255,0,0,0,0,1030,36,8,14,255,0,0,0,0,674,86,8,14,255,0,0,0,0,684,32,139,9,16,1,0,0,0,627,194,8,14,255,0,0,0,0,1301,18,139,7,16,1,0,-13,0,860,59,8,14,255,0,0,0,0,651,80,8,14,255,0,0,0,0,969,10,139,8,16,1,0,0,0,620,23,139,6,16,1,0,0,0,581,24,139,6,16,1,0,0,0,914,25,139,10,16,1,0,0,0,1000,73,8,14,255,0,0,0,0,647,229,8,14,255,0,0,0,0,604,195,8,14,255,0,0,0,0,953,199,8,14,255,0,0,0,0,669,129,0,14,2,6,227,0,0,0,137,0,14,2,6,227,0,0,0
94593000,129,1,2,0,1,1,0,0,32,1,0,85,8,14,255,0,0,0,0,1247,239,8,14,255,0,0,0,0,688,74,8,14,255,0,0,0,0,1094,40,8,14,255,0,0,0,0,588,128,0,14,3,7,0,0,0,604,43,8,14,255,0,0,0,0,562,50,8,14,255,0,0,0,0,638,71,8,14,255,0,0,0,0,703,243,8,14,255,0,0,0,0,589,231,8,14,255,0,0,0,0,1275,12,139,9,16,1,0,0,0,1079,222,8,14,255,0,0,0,0,676,33,8,14,255,0,0,0,0,582,28,139,12,16,1,0,0,0,957,236,8,14,255,0,0,0,0,1030,36,8,14,255,0,0,0,0,674,86,8,14,255,0,0,0,0,684,32,139,9,16,1,0,0,0,627,194,8,14,255,0,0,0,0,1301,18,139,7,16,1,0,-13,0,860,59,8,14,255,0,0,0,0,651,80,8,14,255,0,0,0,0,969,10,139,8,16,1,0,0,0,620,23,139,6,16,1,0,0,0,581,24,139,6,16,1,0,0,0,914,25,139,10,16,1,0,0,0,1000,73,8,14,255,0,0,0,0,647,229,8,14,255,0,0,0,0,604,195,8,14,255,0,0,0,0,953,199,8,14,255,0,0,0,0,669,129,0,14,2,6,227,0,0,0,137,0,14,2,6,227,0,0,0
94594000,129,1,2,0,1,1,0,0,32,1,0,85,8,14,255,0,0,0,0,1247,239,8,14,255,0,0,0,0,688,74,8,14,255,0,0,0,0,1094,40,8,14,255,0,0,0,0,588,128,0,14,3,7,0,0,0,604,43,8,14,255,0,0,0,0,562,50,8,14,255,0,0,0,0,638,71,8,14,255,0,0,0,0,703,243,8,14,255,0,0,0,0,589,231,8,14,255,0,0,0,0,1275,12,139,9,16,1,0,0,0,1079,222,8,14,255,0,0,0,0,676,33,8,14,255,0,0,0,0,582,28,139,12,16,1,0,0,0,957,236,8,14,255,0,0,0,0,1030,36,8,14,255,0,0,0,0,674,86,8,14,255,0,0,0,0,684,32,139,9,16,1,0,0,0,627,194,8,14,255,0,0,0,0,1301,18,139,7,16,1,0,-13,0,860,59,8,14,255,0,0,0,0,651,80,8,14,255,0,0,0,0,969,10,139,8,16,1,0,0,0,620,23,139,6,16,1,0,0,0,581,24,139,6,16,1,0,0,0,915,25,139,10,16,1,0,0,0,1000,73,8,14,255,0,0,0,0,647,229,8,14,255,0,0,0,0,604,195,8,14,255,0,0,0,0,953,199,8,14,255,0,0,0,0,669,129,0,14,2,6,227,0,0,0,137,0,14,2,6,227,0,0,0
94595000,129,1,2,0,1,1,0,0,32,1,0,85,8,14,255,0,0,0,0,1247,239,8,14,255,0,0,0,0,688,74,8,14,255,0,0,0,0,1092,40,8,14,255,0,0,0,0,588,128,0,14,3,7,0,0,0,604,43,8,14,255,0,0,0,0,562,50,8,14,255,0,0,0,0,638,71,8,14,255,0,0,0,0,703,243,8,14,255,0,0,0,0,589,231,8,14,255,0,0,0,0,1274,12,139,9,16,1,0,0,0,1079,222,8,14,255,0,0,0,0,676,33,8,14,255,0,0,0,0,582,28,139,12,16,1,0,0,0,957,236,8,14,255,0,0,0,0,1030,36,8,14,255,0,0,0,0,674,86,8,14,255,0,0,0,0,684,32,139,9,16,1,0,0,0,627,194,8,14,255,0,0,0,0,1301,18,139,7,16,1,0,-13,0,860,59,8,14,255,0,0,0,0,651,80,8,14,255,0,0,0,0,969,10,139,8,16,1,0,0,0,620,23,139,6,16,1,0,0,0,581,24,139,6,16,1,0,0,0,915,25,139,10,16,1,0,0,0,999,73,8,14,255,0,0,0,0,647,229,8,14,255,0,0,0,0,604,195,8,14,255,0,0,0,0,953,199,8,14,255,0,0,0,0,669,129,0,14,2,6,223,0,0,0,137,0,14,2,6,223,0,0,0
94596000,129,1,2,0,1,1,0,0,32,1,0,85,8,14,255,0,0,0,0,1247,239,8,14,255,0,0,0,0,688,74,8,14,255,0,0,0,0,1092,40,8,14,255,0,0,0,0,588,128,0,14,3,7,0,0,0,604,43,8,14,255,0,0,0,0,562,50,8,14,255,0,0,0,0,638,71,8,14,255,0,0,0,0,703,243,8,14,255,0,0,0,0,589,231,8,14,255,0,0,0,0,1274,12,139,9,16,1,0,0,0,1079,222,8,14,255,0,0,0,0,676,33,8,14,255,0,0,0,0,582,28,139,12,16,1,0,0,0,957,236,8,14,255,0,0,0,0,1030,36,8,14,255,0,0,0,0,674,86,8,14,255,0,0,0,0,684,32,139,9,16,1,0,0,0,627,194,8,14,255,0,0,0,0,1300,18,139,7,16,1,0,-13,0,860,59,8,14,255,0,0,0,0,651,80,8,14,255,0,0,0,0,969,10,139,8,16,1,0,0,0,620,23,139,6,16,1,0,0,0,581,24,139,6,16,1,0,0,0,915,25,139,10,16,1,0,0,0,999,73,8,14,255,0,0,0,0,647,229,8,14,255,0,0,0,0,604,195,8,14,255,0,0,0,0,953,199,8,14,255,0,0,0,0,669,129,0,14,2,6,227,0,0,0,137,0,14,2,6,227,0,0,0
94597000,129,1,2,0,1,1,0,0,32,1,0,85,8,14,255,0,0,0,0,1247,239,8,14,255,0,0,0,0,688,237,8,14,255,0,0,0,0,1227,40,8,14,255,0,0,0,0,588,128,0,14,3,7,0,0,0,604,43,8,14,255,0,0,0,0,562,50,8,14,255,0,0,0,0,638,71,8,14,255,0,0,0,0,703,243,8,14,255,0,0,0,0,589,231,8,14,255,0,0,0,0,1274,12,139,9,16,1,0,0,0,1079,222,8,14,255,0,0,0,0,676,33,8,14,255,0,0,0,0,582,28,139,12,16,1,0,0,0,957,236,8,14,255,0,0,0,0,1030,36,8,14,255,0,0,0,0,674,86,8,14,255,0,0,0,0,684,32,139,9,16,1,0,0,0,627,194,8,14,255,0,0,0,0,1300,18,139,7,16,1,0,-13,0,861,59,8,14,255,0,0,0,0,651,80,8,14,255,0,0,0,0,969,10,139,8,16,1,0,0,0,620,23,139,6,16,1,0,0,0,581,24,139,6,16,1,0,0,0,915,25,139,9,16,1,0,0,0,999,73,8,14,255,0,0,0,0,647,229,8,14,255,0,0,0,0,604,195,8,14,255,0,0,0,0,953,199,8,14,255,0,0,0,0,669,129,0,14,2,6,227,0,0,0,137,0,14,2,6,227,0,0,0
94598000,129,1,2,0,1,1,0,0,32,1,0,85,8,14,255,0,0,0,0,1247,239,8,14,255,0,0,0,0,688,74,8,14,255,0,0,0,0,1091,40,8,14,255,0,0,0,0,588,128,0,14,3,7,0,0,0,604,43,8,14,255,0,0,0,0,562,50,8,14,255,0,0,0,0,638,71,8,14,255,0,0,0,0,703,243,8,14,255,0,0,0,0,589,231,8,14,255,0,0,0,0,1274,12,139,9,16,1,0,0,0,1079,222,8,14,255,0,0,0,0,676,33,8,14,255,0,0,0,0,582,28,139,12,16,1,0,0,0,957,236,8,14,255,0,0,0,0,1030,36,8,14,255,0,0,0,0,674,86,8,14,255,0,0,0,0,684,32,139,9,16,1,0,0,0,627,194,8,14,255,0,0,0,0,1300,18,139,7,16,1,0,-13,0,861,59,8,14,255,0,0,0,0,651,80,8,14,255,0,0,0,0,969,10,139,8,16,1,0,0,0,620,23,139,6,16,1,0,0,0,581,24,139,6,16,1,0,0,0,915,25,139,9,16,1,0,0,0,999,73,8,14,255,0,0,0,0,647,229,8,14,255,0,0,0,0,604,195,8,14,255,0,0,0,0,953,199,8,14,255,0,0,0,0,669,129,0,14,2,6,227,0,0,0,137,0,14,2,6,227,0,0,0
94599000,129,1,2,0,1,1,0,0,32,1,0,85,8,14,255,0,0,0,0,1247,239,8,14,255,0,0,0,0,688,74,8,14,255,0,0,0,0,1091,40,8,14,255,0,0,0,0,588,128,0,14,3,7,0,0,0,604,43,8,14,255,0,0,0,0,562,50,8,14,255,0,0,0,0,638,71,8,14,255,0,0,0,0,703,243,8,14,255,0,0,0,0,589,231,8,14,255,0,0,0,0,1274,12,139,9,16,1,0,0,0,1079,222,8,14,255,0,0,0,0,676,33,8,14,255,0,0,0,0,582,28,139,12,16,1,0,0,0,956,236,8,14,255,0,0,0,0,1030,36,8,14,255,0,0,0,0,674,86,8,14,255,0,0,0,0,684,32,139,9,16,1,0,0,0,627,194,8,14,255,0,0,0,0,1300,18,139,7,16,1,0,-13,0,861,59,8,14,255,0,0,0,0,651,80,8,14,255,0,0,0,0,970,10,139,8,16,1,0,0,0,620,23,139,6,16,1,0,0,0,581,24,139,6,16,1,0,0,0,915,25,139,9,16,1,0,0,0,999,73,8,14,255,0,0,0,0,647,229,8,14,255,0,0,0,0,604,195,8,14,255,0,0,0,0,953,199,8,14,255,0,0,0,0,669,129,0,14,2,6,227,0,0,0,137,0,14,2,6,227,0,0,0
94600000,129,1,2,0,1,1,0,0,32,1,0,85,8,14,255,0,0,0,0,1247,239,8,14,255,0,0,0,0,688,74,8,14,255,0,0,0,0,1091,40,8,14,255,0,0,0,0,588,128,0,14,3,7,0,0,0,604,43,8,14,255,0,0,0,0,562,50,8,14,255,0,0,0,0,638,71,8,14,255,0,0,0,0,703,243,8,14,255,0,0,0,0,589,231,8,14,255,0,0,0,0,1274,12,139,9,16,1,0,0,0,1079,222,8,14,255,0,0,0,0,676,33,8,14,255,0,0,0,0,582,28,139,12,16,1,0,0,0,956,236,8,14,255,0,0,0,0,1032,36,8,14,255,0,0,0,0,674,86,8,14,255,0,0,0,0,684,32,139,9,16,1,0,0,0,627,194,8,14,255,0,0,0,0,1300,18,139,7,16,1,0,-13,0,861,59,8,14,255,0,0,0,0,651,80,8,14,255,0,0,0,0,970,10,139,8,16,1,0,0,0,619,23,139,6,16,1,0,0,0,581,24,139,6,16,1,0,0,0,915,25,139,9,16,1,0,0,0,999,73,8,14,255,0,0,0,0,647,229,8,14,255,0,0,0,0,604,195,8,14,255,0,0,0,0,953,199,8,14,255,0,0,0,0,669,129,0,14,2,6,227,0,0,0,137,0,14,2,6,227,0,0,0
94601000,129,1,2,0,1,1,0,0,32,1,0,85,8,14,255,0,0,0,0,1249,239,8,14,255,0,0,0,0,688,74,8,14,255,0,0,0,0,1091,40,8,14,255,0,0,0,0,588,128,0,14,3,7,0,0,0,604,43,8,14,255,0,0,0,0,562,50,8,14,255,0,0,0,0,638,71,8,14,255,0,0,0,0,703,243,8,14,255,0,0,0,0,589,231,8,14,255,0,0,0,0,1274,12,139,9,16,1,0,0,0,1079,222,8,14,255,0,0,0,0,676,33,8,14,255,0,0,0,0,582,28,139,12,16,1,0,0,0,956,236,8,14,255,0,0,0,0,1032,36,8,14,255,0,0,0,0,674,86,8,14,255,0,0,0,0,684,32,139,9,16,1,0,0,0,627,194,8,14,255,0,0,0,0,1300,18,139,7,16,1,0,-13,0,861,59,8,14,255,0,0,0,0,651,80,8,14,255,0,0,0,0,970,10,139,8,16,1,0,0,0,619,23,139,6,16,1,0,0,0,581,24,139,6,16,1,0,0,0,915,25,139,9,16,1,0,0,0,999,73,8,14,255,0,0,0,0,647,229,8,14,255,0,0,0,0,604,195,8,14,255,0,0,0,0,953,199,8,14,255,0,0,0,0,669,129,0,14,2,6,223,0,0,0,137,0,14,2,6,223,0,0,0
94602000,129,1,2,0,1,1,0,0,32,1,0,85,8,14,255,0,0,0,0,1249,239,8,14,255,0,0,0,0,688,74,8,14,255,0,0,0,0,1091,40,8,14,255,0,0,0,0,588,128,0,14,3,7,0,0,0,604,43,8,14,255,0,0,0,0,562,50,8,14,255,0,0,0,0,638,71,8,14,255,0,0,0,0,703,243,8,14,255,0,0,0,0,589,231,8,14,255,0,0,0,0,1274,12,139,9,16,1,0,0,0,1079,222,8,14,255,0,0,0,0,676,33,8,14,255,0,0,0,0,582,28,139,12,16,1,0,0,0,956,236,8,14,255,0,0,0,0,1032,36,8,14,255,0,0,0,0,674,86,8,14,255,0,0,0,0,685,32,139,9,16,1,0,0,0,627,194,8,14,255,0,0,0,0,1300,18,139,7,16,1,0,-13,0,861,59,8,14,255,0,0,0,0,651,80,8,14,255,0,0,0,0,970,10,139,8,16,1,0,0,0,619,23,139,6,16,1,0,0,0,581,24,139,6,16,1,0,0,0,916,25,139,9,16,1,0,0,0,999,73,8,14,255,0,0,0,0,647,229,8,14,255,0,0,0,0,604,195,8,14,255,0,0,0,0,953,199,8,14,255,0,0,0,0,669,129,0,14,2,6,227,0,0,0,137,0,14,2,6,227,0,0,0
94603000,129,1,2,0,1,1,0,0,32,1,0,85,8,14,255,0,0,0,0,1249,239,8,14,255,0,0,0,0,688,74,8,14,255,0,0,0,0,1090,40,8,14,255,0,0,0,0,588,128,0,14,3,7,0,0,0,604,43,8,14,255,0,0,0,0,562,50,8,14,255,0,0,0,0,638,71,8,14,255,0,0,0,0,703,243,8,14,255,0,0,0,0,589,231,8,14,255,0,0,0,0,1288,12,139,9,16,1,0,0,0,1079,222,8,14,255,0,0,0,0,676,33,8,14,255,0,0,0,0,582,28,139,12,16,1,0,0,0,956,236,8,14,255,0,0,0,0,1032,36,8,14,255,0,0,0,0,674,86,8,14,255,0,0,0,0,685,32,139,9,16,1,0,0,0,627,194,8,14,255,0,0,0,0,1300,18,139,7,16,1,0,-13,0,861,59,8,14,255,0,0,0,0,651,80,8,14,255,0,0,0,0,970,10,139,8,16,1,0,0,0,619,23,139,6,16,1,0,0,0,581,24,139,6,16,1,0,0,0,916,25,139,9,16,1,0,0,0,1006,73,8,14,255,0,0,0,0,647,229,8,14,255,0,0,0,0,604,195,8,14,255,0,0,0,0,953,199,8,14,255,0,0,0,0,669,129,0,14,2,6,227,0,0,0,137,0,14,2,6,227,0,0,0
94604000,129,1,2,0,1,1,0,0,32,1,0,85,8,14,255,0,0,0,0,1249,239,8,14,255,0,0,0,0,688,74,8,14,255,0,0,0,0,1090,40,8,14,255,0,0,0,0,588,128,0,14,3,7,0,0,0,604,43,8,14,255,0,0,0,0,562,50,8,14,255,0,0,0,0,638,71,8,14,255,0,0,0,0,703,243,8,14,255,0,0,0,0,589,231,8,14,255,0,0,0,0,1288,12,139,9,16,1,0,0,0,1089,222,8,14,255,0,0,0,0,676,33,8,14,255,0,0,0,0,582,28,139,12,16,1,0,0,0,956,236,8,14,255,0,0,0,0,1032,36,8,14,255,0,0,0,0,674,86,8,14,255,0,0,0,0,685,32,139,9,16,1,0,0,0,627,194,8,14,255,0,0,0,0,1320,18,139,7,16,1,0,-13,0,861,59,8,14,255,0,0,0,0,651,80,8,14,255,0,0,0,0,970,10,139,8,16,1,0,0,0,619,23,139,6,16,1,0,0,0,581,237,8,14,255,0,0,0,0,1239,25,139,9,16,1,0,0,0,1006,73,8,14,255,0,0,0,0,647,229,8,14,255,0,0,0,0,604,195,8,14,255,0,0,0,0,953,199,8,14,255,0,0,0,0,669,129,0,14,2,6,227,0,0,0,137,0,14,2,6,227,0,0,0
94605000,129,1,2,0,1,1,0,0,32,1,0,85,8,14,255,0,0,0,0,1249,239,8,14,255,0,0,0,0,688,74,8,14,255,0,0,0,0,1090,40,8,14,255,0,0,0,0,588,128,0,14,3,7,0,0,0,605,43,8,14,255,0,0,0,0,562,50,8,14,255,0,0,0,0,638,71,8,14,255,0,0,0,0,703,243,8,14,255,0,0,0,0,589,231,8,14,255,0,0,0,0,1288,12,139,9,16,1,0,0,0,1089,222,8,14,255,0,0,0,0,676,33,8,14,255,0,0,0,0,582,28,139,12,16,1,0,0,0,956,236,8,14,255,0,0,0,0,1032,36,8,14,255,0,0,0,0,674,86,8,14,255,0,0,0,0,685,32,139,9,16,1,0,0,0,627,194,8,14,255,0,0,0,0,1320,18,139,7,16,1,0,-13,0,862,59,8,14,255,0,0,0,0,651,80,8,14,255,0,0,0,0,970,10,139,8,16,1,0,0,0,619,23,139,6,16,1,0,0,0,581,237,8,14,255,0,0,0,0,1239,25,139,9,16,1,0,0,0,1006,73,8,14,255,0,0,0,0,648,229,8,14,255,0,0,0,0,604,195,8,14,255,0,0,0,0,953,199,8,14,255,0,0,0,0,669,129,0,14,2,6,227,0,0,0,137,0,14,2,6,227,0,0,0
94606000,129,1,2,0,1,1,0,0,32,1,0,85,8,14,255,0,0,0,0,1249,239,8,14,255,0,0,0,0,688,74,8,14,255,0,0,0,0,1090,40,8,14,255,0,0,0,0,588,128,0,14,3,7,0,0,0,605,43,8,14,255,0,0,0,0,562,50,8,14,255,0,0,0,0,638,71,8,14,255,0,0,0,0,703,243,8,14,255,0,0,0,0,589,231,8,14,255,0,0,0,0,1288,12,139,9,16,1,0,0,0,1089,222,8,14,255,0,0,0,0,676,33,8,14,255,0,0,0,0,582,28,139,12,16,1,0,0,0,956,236,8,14,255,0,0,0,0,1032,36,8,14,255,0,0,0,0,674,86,8,14,255,0,0,0,0,685,32,139,9,16,1,0,0,0,627,194,8,14,255,0,0,0,0,1320,18,139,7,16,1,0,-13,0,862,59,8,14,255,0,0,0,0,651,80,8,14,255,0,0,0,0,970,10,139,8,16,1,0,0,0,619,23,139,6,16,1,0,0,0,581,237,8,14,255,0,0,0,0,1239,25,139,9,16,1,0,0,0,1006,73,8,14,255,0,0,0,0,648,229,8,14,255,0,0,0,0,604,195,8,14,255,0,0,0,0,953,199,8,14,255,0,0,0,0,669,129,0,14,2,6,227,0,0,0,137,0,14,2,6,227,0,0,0
94607000,129,1,2,0,1,1,0,0,32,1,0,85,8,14,255,0,0,0,0,1249,239,8,14,255,0,0,0,0,688,74,8,14,255,0,0,0,0,1090,40,8,14,255,0,0,0,0,588,128,0,14,3,7,0,0,0,605,43,8,14,255,0,0,0,0,562,50,8,14,255,0,0,0,0,638,71,8,14,255,0,0,0,0,703,243,8,14,255,0,0,0,0,589,231,8,14,255,0,0,0,0,1288,12,139,9,16,1,0,0,0,1089,222,8,14,255,0,0,0,0,676,33,8,14,255,0,0,0,0,582,28,139,12,16,1,0,0,0,955,236,8,14,255,0,0,0,0,1032,36,8,14,255,0,0,0,0,674,86,8,14,255,0,0,0,0,685,32,139,9,16,1,0,0,0,627,194,8,14,255,0,0,0,0,1320,18,139,7,16,1,0,-13,0,862,59,8,14,255,0,0,0,0,651,80,8,14,255,0,0,0,0,970,10,139,8,16,1,0,0,0,619,23,139,6,16,1,0,0,0,581,237,8,14,255,0,0,0,0,1239,25,139,9,16,1,0,0,0,1006,73,8,14,255,0,0,0,0,648,229,8,14,255,0,0,0,0,604,195,8,14,255,0,0,0,0,955,199,8,14,255,0,0,0,0,669,129,0,14,2,6,227,0,0,0,137,0,14,2,6,227,0,0,0
94608000,129,1,2,0,1,1,0,0,32,1,0,85,8,14,255,0,0,0,0,1249,239,8,14,255,0,0,0,0,688,74,8,14,255,0,0,0,0,1090,40,8,14,255,0,0,0,0,588,128,0,14,3,7,0,0,0,605,43,8,14,255,0,0,0,0,562,50,8,14,255,0,0,0,0,638,71,8,14,255,0,0,0,0,703,243,8,14,255,0,0,0,0,589,231,8,14,255,0,0,0,0,1288,12,139,9,16,1,0,0,0,1089,222,8,14,255,0,0,0,0,676,33,8,14,255,0,0,0,0,582,28,139,12,16,1,0,0,0,955,236,8,14,255,0,0,0,0,1033,36,8,14,255,0,0,0,0,674,86,8,14,255,0,0,0,0,685,32,139,9,16,1,0,0,0,627,194,8,14,255,0,0,0,0,1320,18,139,7,16,1,0,-13,0,862,59,8,14,255,0,0,0,0,651,80,8,14,255,0,0,0,0,970,10,139,8,16,1,0,0,0,619,23,139,6,16,1,0,0,0,581,237,8,14,255,0,0,0,0,1239,25,139,9,16,1,0,0,0,1006,73,8,14,255,0,0,0,0,648,229,8,14,255,0,0,0,0,604,195,8,14,255,0,0,0,0,955,199,8,14,255,0,0,0,0,669,129,0,14,2,6,227,0,0,0,137,0,14,2,6,223,0,0,0
94609000,129,1,2,0,1,1,0,0,32,1,0,85,8,14,255,0,0,0,0,1252,239,8,14,255,0,0,0,0,688,74,8,14,255,0,0,0,0,1090,40,8,14,255,0,0,0,0,588,128,0,14,3,7,0,0,0,605,43,8,14,255,0,0,0,0,562,50,8,14,255,0,0,0,0,638,71,8,14,255,0,0,0,0,703,243,8,14,255,0,0,0,0,589,231,8,14,255,0,0,0,0,1288,12,139,9,16,1,0,0,0,1089,222,8,14,255,0,0,0,0,676,33,8,14,255,0,0,0,0,582,28,139,12,16,1,0,0,0,955,236,8,14,255,0,0,0,0,1033,36,8,14,255,0,0,0,0,673,86,8,14,255,0,0,0,0,685,32,139,9,16,1,0,0,0,627,194,8,14,255,0,0,0,0,1320,18,139,7,16,1,0,-13,0,862,59,8,14,255,0,0,0,0,651,80,8,14,255,0,0,0,0,970,10,139,8,16,1,0,0,0,619,23,139,6,16,1,0,0,0,581,237,8,14,255,0,0,0,0,1239,25,139,9,16,1,0,0,0,1006,73,8,14,255,0,0,0,0,648,229,8,14,255,0,0,0,0,604,195,8,14,255,0,0,0,0,955,199,8,14,255,0,0,0,0,669,129,0,14,2,6,227,0,0,0,137,0,14,2,6,227,0,0,0
94610000,129,1,2,0,1,1,0,0,32,1,0,85,8,14,255,0,0,0,0,1252,239,8,14,255,0,0,0,0,688,74,8,14,255,0,0,0,0,1090,40,8,14,255,0,0,0,0,588,128,0,14,3,7,0,0,0,605,43,8,14,255,0,0,0,0,562,50,8,14,255,0,0,0,0,638,71,8,14,255,0,0,0,0,703,243,8,14,255,0,0,0,0,589,231,8,14,255,0,0,0,0,1288,12,139,9,16,1,0,0,0,1089,222,8,14,255,0,0,0,0,676,33,8,14,255,0,0,0,0,582,28,139,12,16,1,0,0,0,955,236,8,14,255,0,0,0,0,1033,36,8,14,255,0,0,0,0,673,86,8,14,255,0,0,0,0,685,32,139,9,16,1,0,0,0,627,194,8,14,255,0,0,0,0,1320,18,139,7,16,1,0,-13,0,862,59,8,14,255,0,0,0,0,651,80,8,14,255,0,0,0,0,970,10,139,8,16,1,0,0,0,619,23,139,6,16,1,0,0,0,581,237,8,14,255,0,0,0,0,1238,25,139,9,16,1,0,0,0,1006,73,8,14,255,0,0,0,0,648,229,8,14,255,0,0,0,0,604,195,8,14,255,0,0,0,0,955,199,8,14,255,0,0,0,0,669,129,0,14,2,6,227,0,0,0,137,0,14,2,6,227,0,0,0
94611000,129,1,2,0,1,1,0,0,32,1,0,85,8,14,255,0,0,0,0,1252,239,8,14,255,0,0,0,0,688,74,8,14,255,0,0,0,0,1088,40,8,14,255,0,0,0,0,588,128,0,14,3,7,0,0,0,605,43,8,14,255,0,0,0,0,562,50,8,14,255,0,0,0,0,638,71,8,14,255,0,0,0,0,703,243,8,14,255,0,0,0,0,589,231,8,14,255,0,0,0,0,1286,12,139,9,16,1,0,0,0,1089,222,8,14,255,0,0,0,0,676,33,8,14,255,0,0,0,0,582,28,139,12,16,1,0,0,0,955,236,8,14,255,0,0,0,0,1033,36,8,14,255,0,0,0,0,673,86,8,14,255,0,0,0,0,685,32,139,9,16,1,0,0,0,627,194,8,14,255,0,0,0,0,1320,18,139,7,16,1,0,-13,0,862,59,8,14,255,0,0,0,0,651,80,8,14,255,0,0,0,0,970,10,139,8,16,1,0,0,0,619,23,139,6,16,1,0,0,0,581,237,8,14,255,0,0,0,0,1238,25,139,9,16,1,0,0,0,1005,73,8,14,255,0,0,0,0,648,229,8,14,255,0,0,0,0,604,195,8,14,255,0,0,0,0,955,199,8,14,255,0,0,0,0,669,129,0,14,2,6,227,0,0,0,137,0,14,2,6,227,0,0,0
94612000,129,1,2,0,1,1,0,0,32,1,0,85,8,14,255,0,0,0,0,1252,239,8,14,255,0,0,0,0,688,74,8,14,255,0,0,0,0,1088,40,8,14,255,0,0,0,0,588,128,0,14,3,7,0,0,0,605,43,8,14,255,0,0,0,0,562,50,8,14,255,0,0,0,0,638,71,8,14,255,0,0,0,0,703,243,8,14,255,0,0,0,0,589,231,8,14,255,0,0,0,0,1286,12,0,9,16,1,0,0,0,0,222,8,14,255,0,0,0,0,676,33,8,14,255,0,0,0,0,582,28,139,12,16,1,0,0,0,955,236,8,14,255,0,0,0,0,1033,36,8,14,255,0,0,0,0,673,86,8,14,255,0,0,0,0,685,32,139,9,16,1,0,0,0,627,194,8,14,255,0,0,0,0,1320,18,139,7,16,1,0,-13,0,862,59,8,14,255,0,0,0,0,651,80,8,14,255,0,0,0,0,970,10,139,8,16,1,0,0,0,619,23,139,6,16,1,0,0,0,581,237,8,14,255,0,0,0,0,1238,25,139,9,16,1,0,0,0,1005,73,8,14,255,0,0,0,0,648,229,8,14,255,0,0,0,0,604,195,8,14,255,0,0,0,0,955,199,8,14,255,0,0,0,0,669,129,0,14,2,6,227,0,0,0,137,0,14,2,6,227,0,0,0
94613000,129,1,2,0,1,1,0,0,32,1,0,85,8,14,255,0,0,0,0,1252,239,8,14,255,0,0,0,0,688,74,8,14,255,0,0,0,0,1088,40,8,14,255,0,0,0,0,588,128,0,14,3,7,0,0,0,604,43,8,14,255,0,0,0,0,562,50,8,14,255,0,0,0,0,638,71,8,14,255,0,0,0,0,703,243,8,14,255,0,0,0,0,589,231,8,14,255,0,0,0,0,1286,12,139,9,16,1,0,0,0,1089,222,8,14,255,0,0,0,0,675,33,8,14,255,0,0,0,0,582,28,139,12,16,1,0,0,0,955,236,8,14,255,0,0,0,0,1033,36,8,14,255,0,0,0,0,673,86,8,14,255,0,0,0,0,685,32,139,9,16,1,0,0,0,627,194,0,14,255,0,0,0,0,0,18,139,7,16,1,0,-13,0,863,59,8,14,255,0,0,0,0,651,80,8,14,255,0,0,0,0,970,10,139,8,16,1,0,0,0,619,23,139,6,16,1,0,0,0,581,237,8,14,255,0,0,0,0,1238,25,139,9,16,1,0,0,0,1005,73,8,14,255,0,0,0,0,648,229,8,14,255,0,0,0,0,604,195,8,14,255,0,0,0,0,955,199,8,14,255,0,0,0,0,669,129,0,14,2,6,227,0,0,0,137,0,14,2,6,227,0,0,0
94614000,129,1,2,0,1,1,0,0,32,1,0,85,8,14,255,0,0,0,0,1252,239,8,14,255,0,0,0,0,688,74,8,14,255,0,0,0,0,1088,40,8,14,255,0,0,0,0,588,128,0,14,3,7,0,0,0,604,43,8,14,255,0,0,0,0,562,50,8,14,255,0,0,0,0,638,71,8,14,255,0,0,0,0,703,243,8,14,255,0,0,0,0,589,231,8,14,255,0,0,0,0,1286,12,139,9,16,1,0,0,0,1089,222,8,14,255,0,0,0,0,675,33,8,14,255,0,0,0,0,582,28,139,12,16,1,0,0,0,955,236,8,14,255,0,0,0,0,1033,36,8,14,255,0,0,0,0,673,86,8,14,255,0,0,0,0,685,32,139,9,16,1,0,0,0,627,194,8,14,255,0,0,0,0,1320,18,139,7,16,1,0,-13,0,863,59,8,14,255,0,0,0,0,651,80,8,14,255,0,0,0,0,970,10,139,8,16,1,0,0,0,619,23,139,6,16,1,0,0,0,581,237,8,14,255,0,0,0,0,1238,25,139,9,16,1,0,0,0,1005,73,8,14,255,0,0,0,0,648,229,8,14,255,0,0,0,0,604,195,8,14,255,0,0,0,0,955,199,8,14,255,0,0,0,0,669,129,0,14,2,6,227,0,0,0,137,0,14,2,6,227,0,0,0
94615000,129,1,2,0,1,1,0,0,32,1,0,85,8,14,255,0,0,0,0,1252,239,8,14,255,0,0,0,0,688,74,8,14,255,0,0,0,0,1088,40,8,14,255,0,0,0,0,588,128,0,14,3,7,0,0,0,604,43,8,14,255,0,0,0,0,562,50,8,14,255,0,0,0,0,638,71,8,14,255,0,0,0,0,703,243,8,14,255,0,0,0,0,589,231,8,14,255,0,0,0,0,1286,12,139,9,16,1,0,0,0,1089,222,8,14,255,0,0,0,0,675,33,8,14,255,0,0,0,0,582,28,139,12,16,1,0,0,0,954,236,8,14,255,0,0,0,0,1033,36,8,14,255,0,0,0,0,673,86,8,14,255,0,0,0,0,685,32,139,9,16,1,0,0,0,627,194,8,14,255,0,0,0,0,1320,18,139,7,16,1,0,-13,0,863,59,8,14,255,0,0,0,0,651,80,8,14,255,0,0,0,0,971,10,139,8,16,1,0,0,0,619,23,139,6,16,1,0,0,0,581,237,8,14,255,0,0,0,0,1238,25,139,9,16,1,0,0,0,1005,73,8,14,255,0,0,0,0,648,229,8,14,255,0,0,0,0,604,195,8,14,255,0,0,0,0,955,199,8,14,255,0,0,0,0,669,129,0,14,2,6,227,0,0,0,137,0,14,2,6,227,0,0,0
94616000,129,1,2,0,1,1,0,0,32,1,0,85,8,14,255,0,0,0,0,1252,239,8,14,255,0,0,0,0,688,74,8,14,255,0,0,0,0,1088,40,8,14,255,0,0,0,0,588,128,0,14,3,7,0,0,0,604,43,8,14,255,0,0,0,0,562,50,8,14,255,0,0,0,0,638,71,8,14,255,0,0,0,0,703,243,8,14,255,0,0,0,0,589,231,8,14,255,0,0,0,0,1286,12,139,9,16,1,0,0,0,1089,222,8,14,255,0,0,0,0,675,33,8,14,255,0,0,0,0,582,28,139,12,16,1,0,0,0,954,236,8,14,255,0,0,0,0,1034,36,8,14,255,0,0,0,0,673,86,8,14,255,0,0,0,0,685,32,139,9,16,1,0,0,0,627,194,8,14,255,0,0,0,0,1320,18,139,7,16,1,0,-13,0,863,59,8,14,255,0,0,0,0,651,80,8,14,255,0,0,0,0,971,10,139,8,16,1,0,0,0,619,23,139,6,16,1,0,0,0,581,237,8,14,255,0,0,0,0,1238,25,139,9,16,1,0,0,0,1005,73,8,14,255,0,0,0,0,648,229,8,14,255,0,0,0,0,604,195,8,14,255,0,0,0,0,955,199,8,14,255,0,0,0,0,669,129,0,14,2,6,227,0,0,0,137,0,14,2,6,227,0,0,0
94617000,129,1,2,0,1,1,0,0,32,1,0,85,8,14,255,0,0,0,0,1254,239,8,14,255,0,0,0,0,688,74,8,14,255,0,0,0,0,1088,40,8,14,255,0,0,0,0,588,128,0,14,3,7,0,0,0,604,43,8,14,255,0,0,0,0,562,50,8,14,255,0,0,0,0,638,71,8,14,255,0,0,0,0,703,243,8,14,255,0,0,0,0,589,231,8,14,255,0,0,0,0,1286,12,139,9,16,1,0,0,0,1089,222,8,14,255,0,0,0,0,675,33,8,14,255,0,0,0,0,582,28,139,12,16,1,0,0,0,954,236,8,14,255,0,0,0,0,1034,36,8,14,255,0,0,0,0,673,86,8,14,255,0,0,0,0,685,32,139,9,16,1,0,0,0,627,194,8,14,255,0,0,0,0,1320,18,139,7,16,1,0,-13,0,863,59,8,14,255,0,0,0,0,651,80,8,14,255,0,0,0,0,971,10,139,8,16,1,0,0,0,619,23,139,6,16,1,0,0,0,581,237,8,14,255,0,0,0,0,1238,25,139,9,16,1,0,0,0,1005,73,8,14,255,0,0,0,0,648,229,8,14,255,0,0,0,0,604,195,8,14,255,0,0,0,0,955,199,8,14,255,0,0,0,0,669,129,0,14,2,6,227,0,0,0,137,0,14,2,6,227,0,0,0
94618000,129,1,2,0,1,1,0,0,32,1,0,85,8,14,255,0,0,0,0,1254,239,8,14,255,0,0,0,0,689,74,8,14,255,0,0,0,0,1088,40,8,14,255,0,0,0,0,588,128,0,14,3,7,0,0,0,604,43,8,14,255,0,0,0,0,562,50,8,14,255,0,0,0,0,638,71,8,14,255,0,0,0,0,703,243,8,14,255,0,0,0,0,590,231,8,14,255,0,0,0,0,1286,12,139,9,16,1,0,0,0,1089,222,8,14,255,0,0,0,0,675,33,8,14,255,0,0,0,0,582,28,139,12,16,1,0,0,0,954,236,8,14,255,0,0,0,0,1034,36,8,14,255,0,0,0,0,673,86,8,14,255,0,0,0,0,685,32,139,9,16,1,0,0,0,627,194,8,14,255,0,0,0,0,1320,18,139,7,16,1,0,-13,0,863,59,8,14,255,0,0,0,0,651,80,8,14,255,0,0,0,0,971,10,139,8,16,1,0,0,0,619,23,139,6,16,1,0,0,0,581,237,8,14,255,0,0,0,0,1238,25,139,9,16,1,0,0,0,1005,73,8,14,255,0,0,0,0,648,229,8,14,255,0,0,0,0,604,195,8,14,255,0,0,0,0,955,199,8,14,255,0,0,0,0,669,129,0,14,2,6,227,0,0,0,137,0,14,2,6,227,0,0,0
94619000,129,1,2,0,1,1,0,0,32,1,0,85,8,14,255,0,0,0,0,1254,239,8,14,255,0,0,0,0,689,74,8,14,255,0,0,0,0,1086,40,8,14,255,0,0,0,0,588,128,0,14,3,7,0,0,0,604,43,8,14,255,0,0,0,0,562,50,8,14,255,0,0,0,0,638,71,8,14,255,0,0,0,0,703,243,8,14,255,0,0,0,0,590,231,8,14,255,0,0,0,0,1285,12,139,9,16,1,0,0,0,1089,222,8,14,255,0,0,0,0,675,33,8,14,255,0,0,0,0,582,28,139,12,16,1,0,0,0,954,236,8,14,255,0,0,0,0,1034,36,8,14,255,0,0,0,0,673,86,8,14,255,0,0,0,0,685,32,139,9,16,1,0,0,0,627,194,8,14,255,0,0,0,0,1320,18,139,7,16,1,0,-13,0,863,59,8,14,255,0,0,0,0,651,80,8,14,255,0,0,0,0,971,10,139,8,16,1,0,0,0,619,23,139,6,16,1,0,0,0,581,237,8,14,255,0,0,0,0,1238,25,139,9,16,1,0,0,0,1004,73,8,14,255,0,0,0,0,648,229,8,14,255,0,0,0,0,604,195,8,14,255,0,0,0,0,955,199,8,14,255,0,0,0,0,669,129,0,14,2,6,227,0,0,0,137,0,14,2,6,227,0,0,0
94620000,129,1,2,0,1,1,0,0,32,1,0,85,8,14,255,0,0,0,0,1254,239,8,14,255,0,0,0,0,689,74,8,14,255,0,0,0,0,1086,40,8,14,255,0,0,0,0,588,128,0,14,3,7,0,0,0,604,43,8,14,255,0,0,0,0,562,50,8,14,255,0,0,0,0,638,71,8,14,255,0,0,0,0,703,243,8,14,255,0,0,0,0,590,231,8,14,255,0,0,0,0,1285,12,0,9,16,1,0,0,0,0,222,8,14,255,0,0,0,0,675,33,8,14,255,0,0,0,0,582,28,139,12,16,1,0,0,0,954,236,8,14,255,0,0,0,0,1034,36,8,14,255,0,0,0,0,673,86,8,14,255,0,0,0,0,685,32,139,9,16,1,0,0,0,627,194,8,14,255,0,0,0,0,1319,18,139,7,16,1,0,-13,0,863,59,8,14,255,0,0,0,0,651,80,8,14,255,0,0,0,0,971,10,139,8,16,1,0,0,0,619,23,139,6,16,1,0,0,0,581,237,8,14,255,0,0,0,0,1238,25,139,9,16,1,0,0,0,1004,73,8,14,255,0,0,0,0,648,229,8,14,255,0,0,0,0,604,195,8,14,255,0,0,0,0,955,199,8,14,255,0,0,0,0,669,129,0,14,2,6,223,0,0,0,137,0,14,2,6,227,0,0,0
94621000,129,1,2,0,1,1,0,0,32,1,0,85,8,14,255,0,0,0,0,1254,239,8,14,255,0,0,0,0,689,74,8,14,255,0,0,0,0,1086,40,8,14,255,0,0,0,0,588,128,0,14,3,7,0,0,0,604,43,8,14,255,0,0,0,0,562,50,8,14,255,0,0,0,0,638,71,8,14,255,0,0,0,0,703,243,8,14,255,0,0,0,0,590,231,8,14,255,0,0,0,0,1285,12,139,9,16,1,0,0,0,1088,222,8,14,255,0,0,0,0,675,33,8,14,255,0,0,0,0,582,28,139,12,16,1,0,0,0,954,236,8,14,255,0,0,0,0,1034,36,8,14,255,0,0,0,0,673,86,8,14,255,0,0,0,0,685,32,139,9,16,1,0,0,0,627,194,0,14,255,0,0,0,0,0,18,139,7,16,1,0,-13,0,864,59,8,14,255,0,0,0,0,651,80,8,14,255,0,0,0,0,971,10,139,8,16,1,0,0,0,619,23,139,6,16,1,0,0,0,581,237,8,14,255,0,0,0,0,1238,25,139,9,16,1,0,0,0,1004,73,8,14,255,0,0,0,0,647,229,8,14,255,0,0,0,0,604,195,8,14,255,0,0,0,0,955,199,8,14,255,0,0,0,0,669,129,0,14,2,6,227,0,0,0,137,0,14,2,6,227,0,0,0
94622000,129,1,2,0,1,1,0,0,32,1,0,85,8,14,255,0,0,0,0,1254,239,8,14,255,0,0,0,0,689,74,8,14,255,0,0,0,0,1086,40,8,14,255,0,0,0,0,588,128,0,14,3,7,0,0,0,604,43,8,14,255,0,0,0,0,562,50,8,14,255,0,0,0,0,638,71,8,14,255,0,0,0,0,703,243,8,14,255,0,0,0,0,590,231,8,14,255,0,0,0,0,1285,12,139,9,16,1,0,0,0,1088,222,8,14,255,0,0,0,0,675,33,8,14,255,0,0,0,0,582,28,139,12,16,1,0,0,0,954,236,8,14,255,0,0,0,0,1034,36,8,14,255,0,0,0,0,673,86,8,14,255,0,0,0,0,685,32,139,9,16,1,0,0,0,627,194,0,14,255,0,0,0,0,0,18,139,7,16,1,0,-13,0,864,59,8,14,255,0,0,0,0,651,80,8,14,255,0,0,0,0,971,10,139,8,16,1,0,0,0,619,23,139,6,16,1,0,0,0,581,237,8,14,255,0,0,0,0,1238,25,139,9,16,1,0,0,0,1004,73,8,14,255,0,0,0,0,647,229,8,14,255,0,0,0,0,604,195,8,14,255,0,0,0,0,955,199,8,14,255,0,0,0,0,669,129,0,14,2,6,227,0,0,0,137,0,14,2,6,227,0,0,0
94623000,129,1,2,0,1,1,0,0,32,1,0,85,8,14,255,0,0,0,0,1254,239,8,14,255,0,0,0,0,689,74,8,14,255,0,0,0,0,1086,40,8,14,255,0,0,0,0,588,128,0,14,3,7,0,0,0,604,43,8,14,255,0,0,0,0,562,50,8,14,255,0,0,0,0,638,71,8,14,255,0,0,0,0,703,243,8,14,255,0,0,0,0,590,231,8,14,255,0,0,0,0,1285,12,139,9,16,1,0,0,0,1088,222,8,14,255,0,0,0,0,675,33,8,14,255,0,0,0,0,582,28,139,12,16,1,0,0,0,953,236,8,14,255,0,0,0,0,1034,36,8,14,255,0,0,0,0,673,86,8,14,255,0,0,0,0,685,32,139,9,16,1,0,0,0,627,194,0,14,255,0,0,0,0,0,18,139,7,16,1,0,-13,0,864,59,8,14,255,0,0,0,0,651,80,8,14,255,0,0,0,0,972,10,139,8,16,1,0,0,0,619,23,139,6,16,1,0,0,0,581,237,8,14,255,0,0,0,0,1238,25,139,9,16,1,0,0,0,1004,73,8,14,255,0,0,0,0,647,229,8,14,255,0,0,0,0,604,195,8,14,255,0,0,0,0,956,199,8,14,255,0,0,0,0,669,129,0,14,2,6,227,0,0,0,137,0,14,2,6,227,0,0,0
94624000,129,1,2,0,1,1,0,0,32,1,0,85,8,14,255,0,0,0,0,1254,239,8,14,255,0,0,0,0,689,74,8,14,255,0,0,0,0,1086,40,8,14,255,0,0,0,0,588,128,0,14,3,7,0,0,0,604,43,8,14,255,0,0,0,0,562,50,8,14,255,0,0,0,0,638,71,8,14,255,0,0,0,0,703,243,8,14,255,0,0,0,0,590,231,8,14,255,0,0,0,0,1285,12,139,9,16,1,0,0,0,1088,222,8,14,255,0,0,0,0,675,33,8,14,255,0,0,0,0,582,28,139,12,16,1,0,0,0,953,236,8,14,255,0,0,0,0,1036,36,8,14,255,0,0,0,0,673,86,8,14,255,0,0,0,0,685,32,139,9,16,1,0,0,0,627,194,8,14,255,0,0,0,0,1319,18,139,7,16,1,0,-13,0,864,59,8,14,255,0,0,0,0,651,80,8,14,255,0,0,0,0,972,10,139,8,16,1,0,0,0,618,23,139,6,16,1,0,0,0,581,237,8,14,255,0,0,0,0,1238,25,139,9,16,1,0,0,0,1004,73,8,14,255,0,0,0,0,647,229,8,14,255,0,0,0,0,604,195,8,14,255,0,0,0,0,956,199,8,14,255,0,0,0,0,669,129,0,14,2,6,227,0,0,0,137,0,14,2,6,227,0,0,0
94625000,129,1,2,0,1,1,0,0,32,1,0,85,8,14,255,0,0,0,0,1256,239,8,14,255,0,0,0,0,689,74,8,14,255,0,0,0,0,1086,40,8,14,255,0,0,0,0,588,128,0,14,3,7,0,0,0,604,43,8,14,255,0,0,0,0,562,50,8,14,255,0,0,0,0,638,71,8,14,255,0,0,0,0,703,243,8,14,255,0,0,0,0,590,231,8,14,255,0,0,0,0,1285,12,139,9,16,1,0,0,0,1088,222,8,14,255,0,0,0,0,675,33,8,14,255,0,0,0,0,582,28,139,12,16,1,0,0,0,953,236,8,14,255,0,0,0,0,1036,36,8,14,255,0,0,0,0,673,86,8,14,255,0,0,0,0,685,32,139,9,16,1,0,0,0,627,194,8,14,255,0,0,0,0,1319,18,139,7,16,1,0,-13,0,864,59,8,14,255,0,0,0,0,651,80,8,14,255,0,0,0,0,972,10,139,8,16,1,0,0,0,618,23,139,6,16,1,0,0,0,581,237,8,14,255,0,0,0,0,1238,25,139,9,16,1,0,0,0,1004,73,8,14,255,0,0,0,0,647,229,8,14,255,0,0,0,0,604,195,8,14,255,0,0,0,0,956,199,8,14,255,0,0,0,0,669,129,0,14,2,6,227,0,0,0,137,0,14,2,6,223,0,0,0
94626000,129,1,2,0,1,1,0,0,32,1,0,85,8,14,255,0,0,0,0,1256,239,8,14,255,0,0,0,0,689,74,8,14,255,0,0,0,0,1086,40,8,14,255,0,0,0,0,588,128,0,14,3,7,0,0,0,604,43,8,14,255,0,0,0,0,562,50,8,14,255,0,0,0,0,638,71,8,14,255,0,0,0,0,703,243,8,14,255,0,0,0,0,590,231,8,14,255,0,0,0,0,1285,12,139,9,16,1,0,0,0,1088,222,8,14,255,0,0,0,0,675,33,8,14,255,0,0,0,0,582,28,139,12,16,1,0,0,0,953,236,8,14,255,0,0,0,0,1036,36,8,14,255,0,0,0,0,673,86,8,14,255,0,0,0,0,686,32,139,9,16,1,0,0,0,627,194,8,14,255,0,0,0,0,1319,18,139,7,16,1,0,-13,0,864,59,8,14,255,0,0,0,0,651,80,8,14,255,0,0,0,0,972,10,139,8,16,1,0,0,0,618,23,139,6,16,1,0,0,0,581,237,8,14,255,0,0,0,0,1237,25,139,9,16,1,0,0,0,1004,73,8,14,255,0,0,0,0,647,229,8,14,255,0,0,0,0,604,195,8,14,255,0,0,0,0,956,199,8,14,255,0,0,0,0,669,129,0,14,2,6,227,0,0,0,137,0,14,2,6,219,0,0,0
94627000,129,1,2,0,1,1,0,0,32,1,0,85,8,14,255,0,0,0,0,1256,239,8,14,255,0,0,0,0,689,74,8,14,255,0,0,0,0,1084,40,8,14,255,0,0,0,0,588,128,0,14,3,7,0,0,0,604,43,8,14,255,0,0,0,0,562,50,8,14,255,0,0,0,0,638,71,8,14,255,0,0,0,0,703,243,8,14,255,0,0,0,0,590,231,8,14,255,0,0,0,0,1283,12,139,9,16,1,0,0,0,1088,222,8,14,255,0,0,0,0,675,33,8,14,255,0,0,0,0,582,28,139,12,16,1,0,0,0,953,236,8,14,255,0,0,0,0,1036,36,8,14,255,0,0,0,0,673,86,8,14,255,0,0,0,0,686,32,139,9,16,1,0,0,0,627,194,8,14,255,0,0,0,0,1319,18,139,7,16,1,0,-13,0,864,59,8,14,255,0,0,0,0,651,80,8,14,255,0,0,0,0,972,10,139,8,16,1,0,0,0,618,23,139,6,16,1,0,0,0,581,237,8,14,255,0,0,0,0,1237,25,139,9,16,1,0,0,0,1003,73,8,14,255,0,0,0,0,647,229,8,14,255,0,0,0,0,604,195,8,14,255,0,0,0,0,956,199,8,14,255,0,0,0,0,669,129,0,14,2,6,227,0,0,0,137,0,14,2,6,227,0,0,0
94628000,129,1,2,0,1,1,0,0,32,1,0,85,8,14,255,0,0,0,0,1256,239,8,14,255,0,0,0,0,689,74,8,14,255,0,0,0,0,1084,40,8,14,255,0,0,0,0,587,128,0,14,3,7,0,0,0,604,43,8,14,255,0,0,0,0,562,50,8,14,255,0,0,0,0,638,71,8,14,255,0,0,0,0,703,243,8,14,255,0,0,0,0,590,231,8,14,255,0,0,0,0,1283,12,139,9,16,1,0,0,0,1088,222,8,14,255,0,0,0,0,675,33,8,14,255,0,0,0,0,582,28,139,12,16,1,0,0,0,953,236,8,14,255,0,0,0,0,1036,36,8,14,255,0,0,0,0,673,86,8,14,255,0,0,0,0,686,32,139,9,16,1,0,0,0,627,194,8,14,255,0,0,0,0,1318,18,139,7,16,1,0,-13,0,864,59,8,14,255,0,0,0,0,651,80,8,14,255,0,0,0,0,972,10,139,8,16,1,0,0,0,618,23,139,6,16,1,0,0,0,581,237,8,14,255,0,0,0,0,1237,25,139,9,16,1,0,0,0,1003,73,8,14,255,0,0,0,0,647,229,8,14,255,0,0,0,0,604,195,8,14,255,0,0,0,0,956,199,8,14,255,0,0,0,0,669,129,0,14,2,6,227,0,0,0,137,0,14,2,6,227,0,0,0
94629000,129,1,2,0,1,1,0,0,32,1,0,85,8,14,255,0,0,0,0,1256,239,8,14,255,0,0,0,0,689,74,8,14,255,0,0,0,0,1084,40,8,14,255,0,0,0,0,587,128,0,14,3,7,0,0,0,604,43,8,14,255,0,0,0,0,562,50,8,14,255,0,0,0,0,638,71,8,14,255,0,0,0,0,703,243,8,14,255,0,0,0,0,590,231,8,14,255,0,0,0,0,1283,12,139,9,16,1,0,0,0,1088,222,8,14,255,0,0,0,0,675,33,8,14,255,0,0,0,0,582,28,139,12,16,1,0,0,0,953,236,8,14,255,0,0,0,0,1036,36,8,14,255,0,0,0,0,673,86,8,14,255,0,0,0,0,686,32,139,9,16,1,0,0,0,627,194,8,14,255,0,0,0,0,1318,18,139,7,16,1,0,-13,0,865,59,8,14,255,0,0,0,0,651,80,8,14,255,0,0,0,0,972,10,139,8,16,1,0,0,0,618,23,139,6,16,1,0,0,0,581,237,8,14,255,0,0,0,0,1237,25,139,9,16,1,0,0,0,1003,73,8,14,255,0,0,0,0,647,229,8,14,255,0,0,0,0,604,195,8,14,255,0,0,0,0,956,199,8,14,255,0,0,0,0,669,129,0,14,2,6,227,0,0,0,137,0,14,2,6,227,0,0,0
94630000,129,1,2,0,1,1,0,0,32,1,0,85,8,14,255,0,0,0,0,1256,239,8,14,255,0,0,0,0,689,74,8,14,255,0,0,0,0,1084,40,8,14,255,0,0,0,0,587,128,0,14,3,7,0,0,0,604,43,8,14,255,0,0,0,0,562,50,8,14,255,0,0,0,0,638,71,8,14,255,0,0,0,0,703,243,8,14,255,0,0,0,0,590,231,8,14,255,0,0,0,0,1283,12,139,9,16,1,0,0,0,1088,222,8,14,255,0,0,0,0,675,33,8,14,255,0,0,0,0,582,28,139,12,16,1,0,0,0,953,236,8,14,255,0,0,0,0,1036,36,8,14,255,0,0,0,0,673,86,8,14,255,0,0,0,0,686,32,139,9,16,1,0,0,0,627,194,8,14,255,0,0,0,0,1318,18,139,7,16,1,0,-13,0,865,59,8,14,255,0,0,0,0,650,80,8,14,255,0,0,0,0,972,10,139,8,16,1,0,0,0,618,23,139,6,16,1,0,0,0,581,24,8,14,16,1,0,0,0,920,25,139,9,16,1,0,0,0,1003,73,8,14,255,0,0,0,0,647,229,8,14,255,0,0,0,0,604,195,8,14,255,0,0,0,0,956,199,8,14,255,0,0,0,0,669,129,0,14,2,6,227,0,0,0,137,0,14,2,6,227,0,0,0
94631000,129,1,2,0,1,1,0,0,32,1,0,85,8,14,255,0,0,0,0,1256,239,8,14,255,0,0,0,0,689,74,8,14,255,0,0,0,0,1084,40,8,14,255,0,0,0,0,587,128,0,14,3,7,0,0,0,604,43,8,14,255,0,0,0,0,562,50,8,14,255,0,0,0,0,638,71,8,14,255,0,0,0,0,703,243,8,14,255,0,0,0,0,590,231,8,14,255,0,0,0,0,1283,12,139,9,16,1,0,0,0,1088,222,8,14,255,0,0,0,0,675,33,8,14,255,0,0,0,0,582,28,139,12,16,1,0,0,0,952,236,8,14,255,0,0,0,0,1036,36,8,14,255,0,0,0,0,673,86,8,14,255,0,0,0,0,686,32,139,9,16,1,0,0,0,627,194,8,14,255,0,0,0,0,1318,18,139,7,16,1,0,-13,0,865,59,8,14,255,0,0,0,0,650,80,8,14,255,0,0,0,0,972,10,139,8,16,1,0,0,0,618,23,139,6,16,1,0,0,0,581,24,8,14,16,1,0,0,0,920,25,139,9,16,1,0,0,0,1003,73,8,14,255,0,0,0,0,647,229,8,14,255,0,0,0,0,604,195,8,14,255,0,0,0,0,956,199,8,14,255,0,0,0,0,669,129,0,14,2,6,223,0,0,0,137,0,14,2,6,227,0,0,0
94632000,129,1,2,0,1,1,0,0,32,1,0,85,8,14,255,0,0,0,0,1256,239,8,14,255,0,0,0,0,689,74,8,14,255,0,0,0,0,1084,40,8,14,255,0,0,0,0,587,128,0,14,3,7,0,0,0,604,43,8,14,255,0,0,0,0,562,50,8,14,255,0,0,0,0,638,71,8,14,255,0,0,0,0,703,243,8,14,255,0,0,0,0,590,231,8,14,255,0,0,0,0,1283,12,139,9,16,1,0,0,0,1088,222,8,14,255,0,0,0,0,675,33,8,14,255,0,0,0,0,582,28,139,12,16,1,0,0,0,952,236,8,14,255,0,0,0,0,1037,36,8,14,255,0,0,0,0,673,86,8,14,255,0,0,0,0,686,32,139,9,16,1,0,0,0,627,194,8,14,255,0,0,0,0,1318,18,139,7,16,1,0,-13,0,865,59,8,14,255,0,0,0,0,650,80,8,14,255,0,0,0,0,972,10,139,8,16,1,0,0,0,618,23,139,6,16,1,0,0,0,581,24,8,14,16,1,0,0,0,920,25,139,9,16,1,0,0,0,1003,73,8,14,255,0,0,0,0,647,229,8,14,255,0,0,0,0,604,195,8,14,255,0,0,0,0,956,199,8,14,255,0,0,0,0,669,129,0,14,2,6,227,0,0,0,137,0,14,2,6,227,0,0,0
94633000,129,1,2,0,1,1,0,0,32,1,0,85,8,14,255,0,0,0,0,1258,239,8,14,255,0,0,0,0,689,74,8,14,255,0,0,0,0,1084,40,8,14,255,0,0,0,0,587,128,0,14,3,7,0,0,0,604,43,8,14,255,0,0,0,0,562,50,8,14,255,0,0,0,0,638,71,8,14,255,0,0,0,0,703,243,8,14,255,0,0,0,0,590,231,8,14,255,0,0,0,0,1283,12,139,9,16,1,0,0,0,1088,222,8,14,255,0,0,0,0,675,33,8,14,255,0,0,0,0,582,28,139,12,16,1,0,0,0,952,236,8,14,255,0,0,0,0,1037,36,8,14,255,0,0,0,0,673,86,8,14,255,0,0,0,0,686,32,139,9,16,1,0,0,0,627,194,8,14,255,0,0,0,0,1318,18,139,7,16,1,0,-13,0,865,59,8,14,255,0,0,0,0,650,80,8,14,255,0,0,0,0,972,10,139,8,16,1,0,0,0,618,23,139,6,16,1,0,0,0,581,237,8,14,255,0,0,0,0,1236,25,139,9,16,1,0,0,0,1003,73,8,14,255,0,0,0,0,647,229,8,14,255,0,0,0,0,604,195,8,14,255,0,0,0,0,956,199,8,14,255,0,0,0,0,669,129,0,14,2,6,227,0,0,0,137,0,14,2,6,227,0,0,0
94634000,129,1,2,0,1,1,0,0,32,1,0,85,8,14,255,0,0,0,0,1258,239,8,14,255,0,0,0,0,689,74,8,14,255,0,0,0,0,1084,40,8,14,255,0,0,0,0,587,128,0,14,3,7,0,0,0,604,43,8,14,255,0,0,0,0,562,50,8,14,255,0,0,0,0,638,71,8,14,255,0,0,0,0,703,243,8,14,255,0,0,0,0,590,231,8,14,255,0,0,0,0,1283,12,139,9,16,1,0,0,0,1088,222,8,14,255,0,0,0,0,675,33,8,14,255,0,0,0,0,582,28,139,12,16,1,0,0,0,952,236,8,14,255,0,0,0,0,1037,36,8,14,255,0,0,0,0,673,86,8,14,255,0,0,0,0,686,32,139,9,16,1,0,0,0,627,194,8,14,255,0,0,0,0,1318,18,139,7,16,1,0,-13,0,865,59,8,14,255,0,0,0,0,650,80,8,14,255,0,0,0,0,972,10,139,8,16,1,0,0,0,618,23,139,6,16,1,0,0,0,581,237,8,14,255,0,0,0,0,1236,25,139,9,16,1,0,0,0,1003,73,8,14,255,0,0,0,0,647,229,8,14,255,0,0,0,0,604,195,8,14,255,0,0,0,0,956,199,8,14,255,0,0,0,0,669,129,0,14,2,6,227,0,0,0,137,0,14,2,6,227,0,0,0
94635000,129,1,2,0,1,1,0,0,32,1,0,85,8,14,255,0,0,0,0,1258,239,8,14,255,0,0,0,0,689,74,8,14,255,0,0,0,0,1082,40,8,14,255,0,0,0,0,587,128,0,14,3,7,0,0,0,604,43,8,14,255,0,0,0,0,562,50,8,14,255,0,0,0,0,638,71,8,14,255,0,0,0,0,703,243,8,14,255,0,0,0,0,590,231,8,14,255,0,0,0,0,1282,12,139,9,16,1,0,0,0,1088,222,8,14,255,0,0,0,0,675,33,8,14,255,0,0,0,0,582,28,139,12,16,1,0,0,0,952,236,8,14,255,0,0,0,0,1037,36,8,14,255,0,0,0,0,673,86,8,14,255,0,0,0,0,686,32,139,9,16,1,0,0,0,626,194,8,14,255,0,0,0,0,1318,18,139,7,16,1,0,-13,0,865,59,8,14,255,0,0,0,0,650,80,8,14,255,0,0,0,0,972,10,139,8,16,1,0,0,0,618,23,139,6,16,1,0,0,0,581,237,8,14,255,0,0,0,0,1236,25,139,9,16,1,0,0,0,1002,73,8,14,255,0,0,0,0,647,229,8,14,255,0,0,0,0,604,195,8,14,255,0,0,0,0,956,199,8,14,255,0,0,0,0,669,129,0,14,2,6,227,0,0,0,137,0,14,2,6,227,0,0,0
94636000,129,1,2,0,1,1,0,0,32,1,0,85,8,14,255,0,0,0,0,1258,239,8,14,255,0,0,0,0,689,74,8,14,255,0,0,0,0,1082,40,8,14,255,0,0,0,0,587,128,0,14,3,7,0,0,0,604,43,8,14,255,0,0,0,0,562,50,8,14,255,0,0,0,0,638,71,8,14,255,0,0,0,0,703,243,8,14,255,0,0,0,0,590,231,8,14,255,0,0,0,0,1282,12,139,9,16,1,0,0,0,1087,222,8,14,255,0,0,0,0,675,33,8,14,255,0,0,0,0,582,28,139,12,16,1,0,0,0,952,236,8,14,255,0,0,0,0,1037,36,8,14,255,0,0,0,0,673,86,8,14,255,0,0,0,0,686,32,139,9,16,1,0,0,0,626,194,8,14,255,0,0,0,0,1318,18,139,7,16,1,0,-13,0,865,59,8,14,255,0,0,0,0,650,80,8,14,255,0,0,0,0,972,10,139,8,16,1,0,0,0,618,23,139,6,16,1,0,0,0,581,237,8,14,255,0,0,0,0,1236,25,139,9,16,1,0,0,0,1002,73,8,14,255,0,0,0,0,647,229,8,14,255,0,0,0,0,604,195,8,14,255,0,0,0,0,956,199,8,14,255,0,0,0,0,669,129,0,14,2,6,227,0,0,0,137,0,14,2,6,227,0,0,0
94637000,129,1,2,0,1,1,0,0,32,1,0,85,8,14,255,0,0,0,0,1258,239,8,14,255,0,0,0,0,689,74,8,14,255,0,0,0,0,1082,40,8,14,255,0,0,0,0,587,128,0,14,3,7,0,0,0,604,43,8,14,255,0,0,0,0,562,50,8,14,255,0,0,0,0,638,71,8,14,255,0,0,0,0,703,243,8,14,255,0,0,0,0,590,231,8,14,255,0,0,0,0,1282,12,139,9,16,1,0,0,0,1087,222,8,14,255,0,0,0,0,674,33,8,14,255,0,0,0,0,582,28,139,12,16,1,0,0,0,952,236,8,14,255,0,0,0,0,1037,36,8,14,255,0,0,0,0,673,86,8,14,255,0,0,0,0,686,32,139,9,16,1,0,0,0,626,194,8,14,255,0,0,0,0,1318,18,139,7,16,1,0,-13,0,866,59,8,14,255,0,0,0,0,650,80,8,14,255,0,0,0,0,972,10,139,8,16,1,0,0,0,618,23,139,6,16,1,0,0,0,581,237,8,14,255,0,0,0,0,1236,25,139,9,16,1,0,0,0,1002,73,8,14,255,0,0,0,0,647,229,8,14,255,0,0,0,0,604,195,8,14,255,0,0,0,0,956,199,8,14,255,0,0,0,0,669,129,0,14,2,6,227,0,0,0,137,0,14,2,6,227,0,0,0
94638000,129,1,2,0,1,1,0,0,32,1,0,85,8,14,255,0,0,0,0,1258,239,8,14,255,0,0,0,0,689,74,8,14,255,0,0,0,0,1082,40,8,14,255,0,0,0,0,587,128,0,14,3,7,0,0,0,604,43,8,14,255,0,0,0,0,562,50,8,14,255,0,0,0,0,638,71,8,14,255,0,0,0,0,703,243,8,14,255,0,0,0,0,590,231,8,14,255,0,0,0,0,1282,12,139,9,16,1,0,0,0,1087,222,8,14,255,0,0,0,0,674,33,8,14,255,0,0,0,0,582,28,139,12,16,1,0,0,0,952,236,8,14,255,0,0,0,0,1037,36,8,14,255,0,0,0,0,673,86,8,14,255,0,0,0,0,686,32,139,9,16,1,0,0,0,626,194,0,14,255,0,0,0,0,0,18,139,7,16,1,0,-13,0,866,59,8,14,255,0,0,0,0,650,80,8,14,255,0,0,0,0,972,10,139,8,16,1,0,0,0,618,23,139,6,16,1,0,0,0,581,237,8,14,255,0,0,0,0,1236,25,139,9,16,1,0,0,0,1002,73,8,14,255,0,0,0,0,647,229,8,14,255,0,0,0,0,604,195,8,14,255,0,0,0,0,956,199,8,14,255,0,0,0,0,669,129,0,14,2,6,223,0,0,0,137,0,14,2,6,227,0,0,0
94639000,129,1,2,0,1,1,0,0,32,1,0,85,8,14,255,0,0,0,0,1258,239,8,14,255,0,0,0,0,689,74,8,14,255,0,0,0,0,1082,40,8,14,255,0,0,0,0,587,128,0,14,3,7,0,0,0,604,43,8,14,255,0,0,0,0,562,50,8,14,255,0,0,0,0,638,71,8,14,255,0,0,0,0,703,243,8,14,255,0,0,0,0,590,231,8,14,255,0,0,0,0,1282,12,139,9,16,1,0,0,0,1087,222,8,14,255,0,0,0,0,674,33,8,14,255,0,0,0,0,582,28,139,12,16,1,0,0,0,950,236,8,14,255,0,0,0,0,1037,36,8,14,255,0,0,0,0,673,86,8,14,255,0,0,0,0,686,32,139,9,16,1,0,0,0,626,194,8,14,255,0,0,0,0,1318,18,139,7,16,1,0,-13,0,866,59,8,14,255,0,0,0,0,650,80,8,14,255,0,0,0,0,973,10,139,8,16,1,0,0,0,618,23,139,6,16,1,0,0,0,581,237,8,14,255,0,0,0,0,1236,25,139,9,16,1,0,0,0,1002,73,8,14,255,0,0,0,0,647,229,8,14,255,0,0,0,0,604,195,8,14,255,0,0,0,0,957,199,8,14,255,0,0,0,0,669,129,0,14,2,6,227,0,0,0,137,0,14,2,6,227,0,0,0
94640000,129,1,2,0,1,1,0,0,31,1,0,85,8,14,255,0,0,0,0,1258,239,8,14,255,0,0,0,0,689,74,8,14,255,0,0,0,0,1082,40,8,14,255,0,0,0,0,587,128,0,14,3,7,0,0,0,604,43,8,14,255,0,0,0,0,562,50,8,14,255,0,0,0,0,638,71,8,14,255,0,0,0,0,703,243,8,14,255,0,0,0,0,590,231,8,14,255,0,0,0,0,1282,12,139,9,16,1,0,0,0,1087,222,8,14,255,0,0,0,0,674,33,8,14,255,0,0,0,0,582,28,139,12,16,1,0,0,0,950,236,8,14,255,0,0,0,0,1038,36,8,14,255,0,0,0,0,673,86,8,14,255,0,0,0,0,686,32,139,9,16,1,0,0,0,626,194,8,14,255,0,0,0,0,1318,18,139,7,16,1,0,-13,0,866,59,8,14,255,0,0,0,0,650,80,8,14,255,0,0,0,0,973,10,139,8,16,1,0,0,0,618,23,139,6,16,1,0,0,0,581,25,139,9,16,1,0,0,0,1002,73,8,14,255,0,0,0,0,647,229,8,14,255,0,0,0,0,604,195,8,14,255,0,0,0,0,957,199,8,14,255,0,0,0,0,669,129,0,14,2,6,227,0,0,0,137,0,14,2,6,227,0,0,0,,,,,,,,,
94641000,129,1,2,0,1,1,0,0,32,1,0,85,8,14,255,0,0,0,0,1261,239,8,14,255,0,0,0,0,689,74,8,14,255,0,0,0,0,1082,40,8,14,255,0,0,0,0,587,128,0,14,3,7,0,0,0,604,43,8,14,255,0,0,0,0,562,50,8,14,255,0,0,0,0,638,71,8,14,255,0,0,0,0,703,243,8,14,255,0,0,0,0,590,231,8,14,255,0,0,0,0,1282,12,139,9,16,1,0,0,0,1087,222,8,14,255,0,0,0,0,674,33,8,14,255,0,0,0,0,582,28,139,12,16,1,0,0,0,950,236,8,14,255,0,0,0,0,1038,36,8,14,255,0,0,0,0,673,86,8,14,255,0,0,0,0,686,32,139,9,16,1,0,0,0,626,194,8,14,255,0,0,0,0,1318,18,139,7,16,1,0,-13,0,866,59,8,14,255,0,0,0,0,650,80,8,14,255,0,0,0,0,973,10,139,8,16,1,0,0,0,618,23,139,6,16,1,0,0,0,581,24,0,6,16,1,0,0,0,0,25,139,9,16,1,0,0,0,1002,73,8,14,255,0,0,0,0,647,229,8,14,255,0,0,0,0,604,195,8,14,255,0,0,0,0,957,199,8,14,255,0,0,0,0,669,129,0,14,2,6,227,0,0,0,137,0,14,2,6,227,0,0,0
94642000,129,1,2,0,1,1,0,0,32,1,0,85,8,14,255,0,0,0,0,1261,239,8,14,255,0,0,0,0,690,74,8,14,255,0,0,0,0,1082,40,8,14,255,0,0,0,0,587,128,0,14,3,7,0,0,0,604,43,8,14,255,0,0,0,0,562,50,8,14,255,0,0,0,0,638,71,8,14,255,0,0,0,0,703,243,8,14,255,0,0,0,0,590,231,8,14,255,0,0,0,0,1282,12,139,9,16,1,0,0,0,1087,222,8,14,255,0,0,0,0,674,33,8,14,255,0,0,0,0,582,28,139,12,16,1,0,0,0,950,236,8,14,255,0,0,0,0,1038,36,8,14,255,0,0,0,0,673,86,8,14,255,0,0,0,0,687,32,139,9,16,1,0,0,0,626,194,8,14,255,0,0,0,0,1318,18,139,7,16,1,0,-13,0,866,59,8,14,255,0,0,0,0,650,80,8,14,255,0,0,0,0,973,10,139,8,16,1,0,0,0,618,23,139,6,16,1,0,0,0,581,24,0,6,16,1,0,0,0,0,25,139,9,16,1,0,0,0,1002,73,8,14,255,0,0,0,0,647,229,8,14,255,0,0,0,0,604,195,8,14,255,0,0,0,0,957,199,8,14,255,0,0,0,0,669,129,0,14,2,6,227,0,0,0,137,0,14,2,6,227,0,0,0
94643000,129,1,2,0,1,1,0,0,32,1,0,85,8,14,255,0,0,0,0,1261,239,8,14,255,0,0,0,0,690,74,8,14,255,0,0,0,0,1080,40,8,14,255,0,0,0,0,587,128,0,14,3,7,0,0,0,604,43,8,14,255,0,0,0,0,562,50,8,14,255,0,0,0,0,638,71,8,14,255,0,0,0,0,703,243,8,14,255,0,0,0,0,590,231,8,14,255,0,0,0,0,1281,12,139,9,16,1,0,0,0,1087,222,8,14,255,0,0,0,0,674,33,8,14,255,0,0,0,0,582,28,139,12,16,1,0,0,0,950,236,8,14,255,0,0,0,0,1038,36,8,14,255,0,0,0,0,673,86,8,14,255,0,0,0,0,687,32,139,9,16,1,0,0,0,626,194,8,14,255,0,0,0,0,1318,18,139,7,16,1,0,-13,0,866,59,8,14,255,0,0,0,0,650,80,8,14,255,0,0,0,0,973,10,139,8,16,1,0,0,0,618,23,139,6,16,1,0,0,0,581,24,0,6,16,1,0,0,0,0,25,139,9,16,1,0,0,0,1001,73,8,14,255,0,0,0,0,647,229,8,14,255,0,0,0,0,604,195,8,14,255,0,0,0,0,957,199,8,14,255,0,0,0,0,669,129,0,14,2,6,227,0,0,0,137,0,14,2,6,227,0,0,0
94644000,129,1,2,0,1,1,0,0,32,1,0,85,8,14,255,0,0,0,0,1261,239,8,14,255,0,0,0,0,690,74,8,14,255,0,0,0,0,1080,40,8,14,255,0,0,0,0,587,128,0,14,3,7,0,0,0,604,43,8,14,255,0,0,0,0,562,50,8,14,255,0,0,0,0,638,71,8,14,255,0,0,0,0,703,243,8,14,255,0,0,0,0,590,231,8,14,255,0,0,0,0,1281,12,139,9,16,1,0,0,0,1086,222,8,14,255,0,0,0,0,674,33,8,14,255,0,0,0,0,582,28,139,12,16,1,0,0,0,950,236,8,14,255,0,0,0,0,1038,36,8,14,255,0,0,0,0,673,86,8,14,255,0,0,0,0,687,32,139,9,16,1,0,0,0,626,194,8,14,255,0,0,0,0,1317,18,139,7,16,1,0,-13,0,866,59,8,14,255,0,0,0,0,650,80,8,14,255,0,0,0,0,973,10,139,8,16,1,0,0,0,618,23,139,6,16,1,0,0,0,581,24,8,6,16,1,0,0,0,922,25,139,9,16,1,0,0,0,1001,73,8,14,255,0,0,0,0,647,229,8,14,255,0,0,0,0,604,195,8,14,255,0,0,0,0,957,199,8,14,255,0,0,0,0,669,129,0,14,2,6,223,0,0,0,137,0,14,2,6,223,0,0,0
94645000,129,1,2,0,1,1,0,0,32,1,0,85,8,14,255,0,0,0,0,1261,239,8,14,255,0,0,0,0,690,74,8,14,255,0,0,0,0,1080,40,8,14,255,0,0,0,0,587,128,0,14,3,7,0,0,0,604,43,8,14,255,0,0,0,0,562,50,8,14,255,0,0,0,0,638,71,8,14,255,0,0,0,0,703,243,8,14,255,0,0,0,0,590,231,8,14,255,0,0,0,0,1281,12,139,9,16,1,0,0,0,1086,222,8,14,255,0,0,0,0,674,33,8,14,255,0,0,0,0,582,28,139,12,16,1,0,0,0,950,236,8,14,255,0,0,0,0,1038,36,8,14,255,0,0,0,0,673,86,8,14,255,0,0,0,0,687,32,139,9,16,1,0,0,0,626,194,8,14,255,0,0,0,0,1317,18,139,7,16,1,0,-13,0,868,59,8,14,255,0,0,0,0,650,80,8,14,255,0,0,0,0,973,10,139,8,16,1,0,0,0,618,23,139,6,16,1,0,0,0,581,237,8,14,255,0,0,0,0,1235,25,139,9,16,1,0,0,0,1001,73,8,14,255,0,0,0,0,646,229,8,14,255,0,0,0,0,604,195,8,14,255,0,0,0,0,957,199,8,14,255,0,0,0,0,669,129,0,14,2,6,227,0,0,0,137,0,14,2,6,227,0,0,0
94646000,129,1,2,0,1,1,0,0,32,1,0,85,8,14,255,0,0,0,0,1261,239,8,14,255,0,0,0,0,690,74,8,14,255,0,0,0,0,1080,40,8,14,255,0,0,0,0,587,128,0,14,3,7,0,0,0,604,43,8,14,255,0,0,0,0,562,50,8,14,255,0,0,0,0,638,71,8,14,255,0,0,0,0,703,243,8,14,255,0,0,0,0,590,231,8,14,255,0,0,0,0,1281,12,139,9,16,1,0,0,0,1086,222,8,14,255,0,0,0,0,674,33,8,14,255,0,0,0,0,582,28,139,12,16,1,0,0,0,950,236,8,14,255,0,0,0,0,1038,36,8,14,255,0,0,0,0,673,86,8,14,255,0,0,0,0,687,32,139,9,16,1,0,0,0,626,194,8,14,255,0,0,0,0,1317,18,139,7,16,1,0,-13,0,868,59,8,14,255,0,0,0,0,650,80,8,14,255,0,0,0,0,973,10,139,8,16,1,0,0,0,618,23,139,6,16,1,0,0,0,581,237,8,14,255,0,0,0,0,1235,25,139,9,16,1,0,0,0,1001,73,8,14,255,0,0,0,0,646,229,8,14,255,0,0,0,0,604,195,8,14,255,0,0,0,0,957,199,8,14,255,0,0,0,0,669,129,0,14,2,6,227,0,0,0,137,0,14,2,6,227,0,0,0
94647000,129,1,2,0,1,1,0,0,32,1,0,85,8,14,255,0,0,0,0,1261,239,8,14,255,0,0,0,0,690,74,8,14,255,0,0,0,0,1080,40,8,14,255,0,0,0,0,587,128,0,14,3,7,0,0,0,604,43,8,14,255,0,0,0,0,562,50,8,14,255,0,0,0,0,638,71,8,14,255,0,0,0,0,703,243,8,14,255,0,0,0,0,590,231,8,14,255,0,0,0,0,1281,12,139,9,16,1,0,0,0,1086,222,8,14,255,0,0,0,0,674,33,8,14,255,0,0,0,0,582,28,139,12,16,1,0,0,0,949,236,8,14,255,0,0,0,0,1038,36,8,14,255,0,0,0,0,673,86,8,14,255,0,0,0,0,687,32,139,9,16,1,0,0,0,626,194,8,14,255,0,0,0,0,1317,18,139,7,16,1,0,-13,0,868,59,8,14,255,0,0,0,0,650,80,8,14,255,0,0,0,0,974,10,139,8,16,1,0,0,0,618,23,139,6,16,1,0,0,0,581,237,8,14,255,0,0,0,0,1235,25,139,9,16,1,0,0,0,1001,73,8,14,255,0,0,0,0,646,229,8,14,255,0,0,0,0,604,195,8,14,255,0,0,0,0,957,199,8,14,255,0,0,0,0,669,129,0,14,2,6,227,0,0,0,137,0,14,2,6,227,0,0,0
94648000,129,1,2,0,1,1,0,0,32,1,0,85,8,14,255,0,0,0,0,1261,239,8,14,255,0,0,0,0,690,74,8,14,255,0,0,0,0,1080,40,8,14,255,0,0,0,0,587,128,0,14,3,7,0,0,0,604,43,8,14,255,0,0,0,0,562,50,8,14,255,0,0,0,0,637,71,8,14,255,0,0,0,0,703,243,8,14,255,0,0,0,0,590,231,8,14,255,0,0,0,0,1281,12,139,9,16,1,0,0,0,1086,222,8,14,255,0,0,0,0,674,33,8,14,255,0,0,0,0,582,28,139,12,16,1,0,0,0,949,236,8,14,255,0,0,0,0,1039,36,8,14,255,0,0,0,0,673,86,8,14,255,0,0,0,0,687,32,139,9,16,1,0,0,0,626,194,8,14,255,0,0,0,0,1317,18,139,7,16,1,0,-13,0,868,59,8,14,255,0,0,0,0,650,80,8,14,255,0,0,0,0,974,10,139,8,16,1,0,0,0,618,23,139,6,16,1,0,0,0,581,237,8,14,255,0,0,0,0,1235,25,139,9,16,1,0,0,0,1001,73,8,14,255,0,0,0,0,646,229,8,14,255,0,0,0,0,604,195,8,14,255,0,0,0,0,957,199,8,14,255,0,0,0,0,669,129,0,14,2,6,227,0,0,0,137,0,14,2,6,227,0,0,0
94649000,129,1,2,0,1,1,0,0,32,1,0,85,8,14,255,0,0,0,0,1263,239,8,14,255,0,0,0,0,690,74,8,14,255,0,0,0,0,1080,40,8,14,255,0,0,0,0,587,128,0,14,3,7,0,0,0,604,43,8,14,255,0,0,0,0,562,50,8,14,255,0,0,0,0,637,71,8,14,255,0,0,0,0,703,243,8,14,255,0,0,0,0,590,231,8,14,255,0,0,0,0,1281,12,139,9,16,1,0,0,0,1086,222,8,14,255,0,0,0,0,674,33,8,14,255,0,0,0,0,582,28,139,12,16,1,0,0,0,949,236,8,14,255,0,0,0,0,1039,36,8,14,255,0,0,0,0,672,86,8,14,255,0,0,0,0,687,32,139,9,16,1,0,0,0,626,194,8,14,255,0,0,0,0,1317,18,139,7,16,1,0,-13,0,868,59,8,14,255,0,0,0,0,650,80,8,14,255,0,0,0,0,974,10,139,8,16,1,0,0,0,618,23,139,6,16,1,0,0,0,581,237,8,14,255,0,0,0,0,1235,25,139,9,16,1,0,0,0,1001,73,8,14,255,0,0,0,0,646,229,8,14,255,0,0,0,0,604,195,8,14,255,0,0,0,0,957,199,8,14,255,0,0,0,0,669,129,0,14,2,6,227,0,0,0,137,0,14,2,6,227,0,0,0
94650000,129,1,2,0,1,1,0,0,32,1,0,85,8,14,255,0,0,0,0,1263,239,8,14,255,0,0,0,0,690,74,8,14,255,0,0,0,0,1080,40,8,14,255,0,0,0,0,587,128,0,14,3,7,0,0,0,604,43,8,14,255,0,0,0,0,562,50,8,14,255,0,0,0,0,637,71,8,14,255,0,0,0,0,703,243,8,14,255,0,0,0,0,591,231,8,14,255,0,0,0,0,1281,12,139,9,16,1,0,0,0,1086,222,8,14,255,0,0,0,0,674,33,8,14,255,0,0,0,0,582,28,139,12,16,1,0,0,0,949,236,8,14,255,0,0,0,0,1039,36,8,14,255,0,0,0,0,672,86,8,14,255,0,0,0,0,687,32,139,9,16,1,0,0,0,626,194,8,14,255,0,0,0,0,1317,18,139,7,16,1,0,-13,0,868,59,8,14,255,0,0,0,0,650,80,8,14,255,0,0,0,0,974,10,139,8,16,1,0,0,0,618,23,139,6,16,1,0,0,0,581,237,8,14,255,0,0,0,0,1235,25,139,9,16,1,0,0,0,1001,73,8,14,255,0,0,0,0,646,229,8,14,255,0,0,0,0,604,195,8,14,255,0,0,0,0,957,199,8,14,255,0,0,0,0,669,129,0,14,2,6,227,0,0,0,137,0,14,2,6,227,0,0,0
94651000,129,1,2,0,1,1,0,0,32,1,0,85,8,14,255,0,0,0,0,1263,239,8,14,255,0,0,0,0,690,74,8,14,255,0,0,0,0,1078,40,8,14,255,0,0,0,0,587,128,0,14,3,7,0,0,0,604,43,8,14,255,0,0,0,0,562,50,8,14,255,0,0,0,0,637,71,8,14,255,0,0,0,0,703,243,8,14,255,0,0,0,0,591,231,8,14,255,0,0,0,0,1279,12,139,9,16,1,0,0,0,1086,222,8,14,255,0,0,0,0,674,33,8,14,255,0,0,0,0,582,28,139,12,16,1,0,0,0,949,236,8,14,255,0,0,0,0,1039,36,8,14,255,0,0,0,0,672,86,8,14,255,0,0,0,0,687,32,139,9,16,1,0,0,0,626,194,8,14,255,0,0,0,0,1317,18,139,7,16,1,0,-13,0,868,59,8,14,255,0,0,0,0,650,80,8,14,255,0,0,0,0,974,10,139,8,16,1,0,0,0,618,23,139,6,16,1,0,0,0,581,237,8,14,255,0,0,0,0,1235,25,139,9,16,1,0,0,0,1000,73,8,14,255,0,0,0,0,646,229,8,14,255,0,0,0,0,604,195,8,14,255,0,0,0,0,957,199,8,14,255,0,0,0,0,669,129,0,14,2,6,227,0,0,0,137,0,14,2,6,227,0,0,0
94652000,129,1,2,0,1,1,0,0,32,1,0,85,8,14,255,0,0,0,0,1263,239,8,14,255,0,0,0,0,690,74,8,14,255,0,0,0,0,1078,40,8,14,255,0,0,0,0,587,128,0,14,3,7,0,0,0,604,43,8,14,255,0,0,0,0,562,50,8,14,255,0,0,0,0,637,71,8,14,255,0,0,0,0,703,243,8,14,255,0,0,0,0,591,231,8,14,255,0,0,0,0,1279,12,139,9,16,1,0,0,0,1086,222,8,14,255,0,0,0,0,674,33,8,14,255,0,0,0,0,582,28,139,12,16,1,0,0,0,949,236,8,14,255,0,0,0,0,1039,36,8,14,255,0,0,0,0,672,86,8,14,255,0,0,0,0,687,32,139,9,16,1,0,0,0,626,194,8,14,255,0,0,0,0,1316,18,139,7,16,1,0,-13,0,868,59,8,14,255,0,0,0,0,650,80,8,14,255,0,0,0,0,974,10,139,8,16,1,0,0,0,618,23,139,6,16,1,0,0,0,581,237,8,14,255,0,0,0,0,1235,25,139,9,16,1,0,0,0,1000,73,8,14,255,0,0,0,0,646,229,8,14,255,0,0,0,0,604,195,8,14,255,0,0,0,0,957,199,8,14,255,0,0,0,0,669,129,0,14,2,6,227,0,0,0,137,0,14,2,6,227,0,0,0
94653000,129,1,2,0,1,1,0,0,32,1,0,85,8,14,255,0,0,0,0,1263,239,8,14,255,0,0,0,0,690,74,8,14,255,0,0,0,0,1078,40,8,14,255,0,0,0,0,587,128,0,14,3,7,0,0,0,604,43,8,14,255,0,0,0,0,562,50,8,14,255,0,0,0,0,637,71,8,14,255,0,0,0,0,703,243,8,14,255,0,0,0,0,591,231,8,14,255,0,0,0,0,1279,12,139,9,16,1,0,0,0,1086,222,8,14,255,0,0,0,0,674,33,8,14,255,0,0,0,0,582,28,139,12,16,1,0,0,0,949,236,8,14,255,0,0,0,0,1039,36,8,14,255,0,0,0,0,672,86,8,14,255,0,0,0,0,687,32,139,9,16,1,0,0,0,626,194,8,14,255,0,0,0,0,1316,18,139,7,16,1,0,-13,0,869,59,8,14,255,0,0,0,0,650,80,8,14,255,0,0,0,0,974,10,139,8,16,1,0,0,0,618,23,139,6,16,1,0,0,0,581,237,8,14,255,0,0,0,0,1235,25,139,9,16,1,0,0,0,1000,73,8,14,255,0,0,0,0,646,229,8,14,255,0,0,0,0,604,195,8,14,255,0,0,0,0,957,199,8,14,255,0,0,0,0,669,129,0,14,2,6,227,0,0,0,137,0,14,2,6,227,0,0,0
94654000,129,1,2,0,1,1,0,0,32,1,0,85,8,14,255,0,0,0,0,1263,239,8,14,255,0,0,0,0,690,74,8,14,255,0,0,0,0,1078,40,8,14,255,0,0,0,0,587,128,0,14,3,7,0,0,0,604,43,8,14,255,0,0,0,0,562,50,8,14,255,0,0,0,0,637,71,8,14,255,0,0,0,0,703,243,8,14,255,0,0,0,0,591,231,8,14,255,0,0,0,0,1279,12,139,9,16,1,0,0,0,1086,222,8,14,255,0,0,0,0,674,33,8,14,255,0,0,0,0,582,28,139,12,16,1,0,0,0,949,236,8,14,255,0,0,0,0,1039,36,8,14,255,0,0,0,0,672,86,8,14,255,0,0,0,0,687,32,139,9,16,1,0,0,0,626,194,8,14,255,0,0,0,0,1316,18,139,7,16,1,0,-13,0,869,59,8,14,255,0,0,0,0,650,80,8,14,255,0,0,0,0,974,10,139,8,16,1,0,0,0,618,23,139,6,16,1,0,0,0,581,237,8,14,255,0,0,0,0,1235,25,139,9,16,1,0,0,0,1000,73,8,14,255,0,0,0,0,646,229,8,14,255,0,0,0,0,604,195,8,14,255,0,0,0,0,957,199,8,14,255,0,0,0,0,669,129,0,14,2,6,223,0,0,0,137,0,14,2,6,223,0,0,0
94655000,129,1,2,0,1,1,0,0,32,1,0,85,8,14,255,0,0,0,0,1263,239,8,14,255,0,0,0,0,690,74,8,14,255,0,0,0,0,1078,40,8,14,255,0,0,0,0,587,128,0,14,3,7,0,0,0,604,43,8,14,255,0,0,0,0,561,50,8,14,255,0,0,0,0,637,71,8,14,255,0,0,0,0,703,243,8,14,255,0,0,0,0,591,231,8,14,255,0,0,0,0,1279,12,139,9,16,1,0,0,0,1086,222,8,14,255,0,0,0,0,674,33,8,14,255,0,0,0,0,582,28,139,12,16,1,0,0,0,948,236,8,14,255,0,0,0,0,1039,36,8,14,255,0,0,0,0,672,86,8,14,255,0,0,0,0,687,32,139,9,16,1,0,0,0,626,194,8,14,255,0,0,0,0,1316,18,139,7,16,1,0,-13,0,869,59,8,14,255,0,0,0,0,650,80,8,14,255,0,0,0,0,974,10,139,8,16,1,0,0,0,618,23,139,6,16,1,0,0,0,581,237,8,14,255,0,0,0,0,1235,25,139,9,16,1,0,0,0,1000,73,8,14,255,0,0,0,0,646,229,8,14,255,0,0,0,0,604,195,8,14,255,0,0,0,0,957,199,8,14,255,0,0,0,0,669,129,0,14,2,6,219,0,0,0,137,0,14,2,6,219,0,0,0
94656000,129,1,2,0,1,1,0,0,32,1,0,85,8,14,255,0,0,0,0,1263,239,8,14,255,0,0,0,0,690,74,8,14,255,0,0,0,0,1078,40,8,14,255,0,0,0,0,587,128,0,14,3,7,0,0,0,604,43,8,14,255,0,0,0,0,561,50,8,14,255,0,0,0,0,637,71,8,14,255,0,0,0,0,703,243,8,14,255,0,0,0,0,591,231,8,14,255,0,0,0,0,1279,12,139,9,16,1,0,0,0,1086,222,8,14,255,0,0,0,0,674,33,8,14,255,0,0,0,0,582,28,139,12,16,1,0,0,0,948,236,8,14,255,0,0,0,0,1041,36,8,14,255,0,0,0,0,672,86,8,14,255,0,0,0,0,687,32,139,9,16,1,0,0,0,626,194,8,14,255,0,0,0,0,1316,18,139,7,16,1,0,-13,0,869,59,8,14,255,0,0,0,0,650,80,8,14,255,0,0,0,0,974,10,139,8,16,1,0,0,0,617,23,139,6,16,1,0,0,0,581,237,8,14,255,0,0,0,0,1235,25,139,9,16,1,0,0,0,1000,73,8,14,255,0,0,0,0,646,229,8,14,255,0,0,0,0,604,195,8,14,255,0,0,0,0,957,199,8,14,255,0,0,0,0,669,129,0,14,2,6,215,0,0,0,137,0,14,2,6,215,0,0,0
94657000,129,1,2,0,1,1,0,0,32,1,0,85,8,14,255,0,0,0,0,1265,239,8,14,255,0,0,0,0,690,74,8,14,255,0,0,0,0,1078,40,8,14,255,0,0,0,0,587,128,0,14,3,7,0,0,0,604,43,8,14,255,0,0,0,0,561,50,8,14,255,0,0,0,0,637,71,8,14,255,0,0,0,0,703,243,8,14,255,0,0,0,0,591,231,8,14,255,0,0,0,0,1279,12,139,9,16,1,0,0,0,1086,222,8,14,255,0,0,0,0,674,33,8,14,255,0,0,0,0,582,28,139,12,16,1,0,0,0,948,236,8,14,255,0,0,0,0,1041,36,8,14,255,0,0,0,0,672,86,8,14,255,0,0,0,0,687,32,139,9,16,1,0,0,0,626,194,8,14,255,0,0,0,0,1316,18,139,7,16,1,0,-13,0,869,59,8,14,255,0,0,0,0,650,80,8,14,255,0,0,0,0,974,10,139,8,16,1,0,0,0,617,23,139,6,16,1,0,0,0,581,237,8,14,255,0,0,0,0,1235,25,139,9,16,1,0,0,0,1000,73,8,14,255,0,0,0,0,646,229,8,14,255,0,0,0,0,604,195,8,14,255,0,0,0,0,957,199,8,14,255,0,0,0,0,669,129,0,14,2,6,211,0,0,0,137,0,14,2,6,211,0,0,0
94658000,129,1,2,0,1,1,0,0,32,1,0,85,8,14,255,0,0,0,0,1265,239,8,14,255,0,0,0,0,690,74,8,14,255,0,0,0,0,1078,40,8,14,255,0,0,0,0,587,128,0,14,3,7,0,0,0,604,43,8,14,255,0,0,0,0,561,50,8,14,255,0,0,0,0,637,71,8,14,255,0,0,0,0,703,243,8,14,255,0,0,0,0,591,231,8,14,255,0,0,0,0,1279,12,139,9,16,1,0,0,0,1086,222,8,14,255,0,0,0,0,674,33,8,14,255,0,0,0,0,582,28,139,12,16,1,0,0,0,948,236,8,14,255,0,0,0,0,1041,36,8,14,255,0,0,0,0,672,86,8,14,255,0,0,0,0,688,32,139,9,16,1,0,0,0,626,194,8,14,255,0,0,0,0,1316,18,139,7,16,1,0,-13,0,869,59,8,14,255,0,0,0,0,650,80,8,14,255,0,0,0,0,974,10,139,8,16,1,0,0,0,617,23,139,6,16,1,0,0,0,581,237,8,14,255,0,0,0,0,1234,25,139,9,16,1,0,0,0,1000,73,8,14,255,0,0,0,0,646,229,8,14,255,0,0,0,0,604,195,8,14,255,0,0,0,0,957,199,8,14,255,0,0,0,0,669,129,0,14,2,6,219,0,0,0,137,0,14,2,6,219,0,0,0
94659000,129,1,2,0,1,1,0,0,32,1,0,85,8,14,255,0,0,0,0,1265,239,8,14,255,0,0,0,0,690,74,8,14,255,0,0,0,0,1076,40,8,14,255,0,0,0,0,587,128,0,14,3,7,0,0,0,604,43,8,14,255,0,0,0,0,561,50,8,14,255,0,0,0,0,637,71,8,14,255,0,0,0,0,703,243,8,14,255,0,0,0,0,591,231,8,14,255,0,0,0,0,1278,12,139,9,16,1,0,0,0,1086,222,8,14,255,0,0,0,0,674,33,8,14,255,0,0,0,0,582,28,139,12,16,1,0,0,0,948,236,8,14,255,0,0,0,0,1041,36,8,14,255,0,0,0,0,672,86,8,14,255,0,0,0,0,688,32,139,9,16,1,0,0,0,626,194,8,14,255,0,0,0,0,1316,18,139,7,16,1,0,-13,0,869,59,8,14,255,0,0,0,0,650,80,8,14,255,0,0,0,0,974,10,139,8,16,1,0,0,0,617,23,139,6,16,1,0,0,0,581,237,8,14,255,0,0,0,0,1234,25,139,9,16,1,0,0,0,999,73,8,14,255,0,0,0,0,646,229,8,14,255,0,0,0,0,604,195,8,14,255,0,0,0,0,957,199,8,14,255,0,0,0,0,669,129,0,14,2,6,227,0,0,0,137,0,14,2,6,227,0,0,0
94660000,129,1,2,0,1,1,0,0,32,1,0,85,8,14,255,0,0,0,0,1265,239,8,14,255,0,0,0,0,690,74,8,14,255,0,0,0,0,1076,40,8,14,255,0,0,0,0,587,128,0,14,3,7,0,0,0,604,43,8,14,255,0,0,0,0,561,50,8,14,255,0,0,0,0,637,71,8,14,255,0,0,0,0,703,243,8,14,255,0,0,0,0,591,231,8,14,255,0,0,0,0,1278,12,139,9,16,1,0,0,0,1085,222,8,14,255,0,0,0,0,674,33,8,14,255,0,0,0,0,582,28,139,12,16,1,0,0,0,948,236,8,14,255,0,0,0,0,1041,36,8,14,255,0,0,0,0,672,86,8,14,255,0,0,0,0,688,32,139,9,16,1,0,0,0,626,194,8,14,255,0,0,0,0,1316,18,139,7,16,1,0,-13,0,869,59,8,14,255,0,0,0,0,650,80,8,14,255,0,0,0,0,974,10,139,8,16,1,0,0,0,617,23,139,6,16,1,0,0,0,581,237,8,14,255,0,0,0,0,1234,25,139,9,16,1,0,0,0,999,73,8,14,255,0,0,0,0,646,229,8,14,255,0,0,0,0,604,195,8,14,255,0,0,0,0,957,199,8,14,255,0,0,0,0,669,129,0,14,2,6,227,0,0,0,137,0,14,2,6,227,0,0,0
94661000,129,1,2,0,1,1,0,0,32,1,0,85,8,14,255,0,0,0,0,1265,239,8,14,255,0,0,0,0,690,74,8,14,255,0,0,0,0,1076,40,8,14,255,0,0,0,0,587,128,0,14,3,7,0,0,0,604,43,8,14,255,0,0,0,0,561,50,8,14,255,0,0,0,0,637,71,8,14,255,0,0,0,0,703,243,8,14,255,0,0,0,0,591,231,8,14,255,0,0,0,0,1278,12,139,9,16,1,0,0,0,1085,222,8,14,255,0,0,0,0,674,33,8,14,255,0,0,0,0,582,28,139,12,16,1,0,0,0,948,236,8,14,255,0,0,0,0,1041,36,8,14,255,0,0,0,0,672,86,8,14,255,0,0,0,0,688,32,139,9,16,1,0,0,0,626,194,8,14,255,0,0,0,0,1316,18,139,7,16,1,0,-13,0,870,59,8,14,255,0,0,0,0,650,80,8,14,255,0,0,0,0,974,10,139,8,16,1,0,0,0,617,23,139,6,16,1,0,0,0,581,237,8,14,255,0,0,0,0,1234,25,139,9,16,1,0,0,0,999,73,8,14,255,0,0,0,0,646,229,8,14,255,0,0,0,0,604,195,8,14,255,0,0,0,0,957,199,8,14,255,0,0,0,0,669,129,0,14,2,6,227,0,0,0,137,0,14,2,6,227,0,0,0
