version,reserved0,gpsTOW,gloTOW,bdsTOW,reserved1,qzssTOW,gpsTOWacc,gloTOWacc,bdsTOWacc,reserved2,qzssTOWacc,numSv,towSet,reserved3,gnssId_01,svId_01,cNo_01,mpathIndic_01,dopplerMS_01,dopplerHz_01,wholeChips_01,fracChips_01,codePhase_01,intCodePhase_01,pseuRangeRMSErr_01,reserved4_01,gnssId_02,svId_02,cNo_02,mpathIndic_02,dopplerMS_02,dopplerHz_02,wholeChips_02,fracChips_02,codePhase_02,intCodePhase_02,pseuRangeRMSErr_02,reserved4_02,gnssId_03,svId_03,cNo_03,mpathIndic_03,dopplerMS_03,dopplerHz_03,wholeChips_03,fracChips_03,codePhase_03,intCodePhase_03,pseuRangeRMSErr_03,reserved4_03,gnssId_04,svId_04,cNo_04,mpathIndic_04,dopplerMS_04,dopplerHz_04,wholeChips_04,fracChips_04,codePhase_04,intCodePhase_04,pseuRangeRMSErr_04,reserved4_04,gnssId_05,svId_05,cNo_05,mpathIndic_05,dopplerMS_05,dopplerHz_05,wholeChips_05,fracChips_05,codePhase_05,intCodePhase_05,pseuRangeRMSErr_05,reserved4_05,gnssId_06,svId_06,cNo_06,mpathIndic_06,dopplerMS_06,dopplerHz_06,wholeChips_06,fracChips_06,codePhase_06,intCodePhase_06,pseuRangeRMSErr_06,reserved4_06,gnssId_07,svId_07,cNo_07,mpathIndic_07,dopplerMS_07,dopplerHz_07,wholeChips_07,fracChips_07,codePhase_07,intCodePhase_07,pseuRangeRMSErr_07,reserved4_07,gnssId_08,svId_08,cNo_08,mpathIndic_08,dopplerMS_08,dopplerHz_08,wholeChips_08,fracChips_08,codePhase_08,intCodePhase_08,pseuRangeRMSErr_08,reserved4_08,gnssId_09,svId_09,cNo_09,mpathIndic_09,dopplerMS_09,dopplerHz_09,wholeChips_09,fracChips_09,codePhase_09,intCodePhase_09,pseuRangeRMSErr_09,reserved4_09,gnssId_10,svId_10,cNo_10,mpathIndic_10,dopplerMS_10,dopplerHz_10,wholeChips_10,fracChips_10,codePhase_10,intCodePhase_10,pseuRangeRMSErr_10,reserved4_10,gnssId_11,svId_11,cNo_11,mpathIndic_11,dopplerMS_11,dopplerHz_11,wholeChips_11,fracChips_11,codePhase_11,intCodePhase_11,pseuRangeRMSErr_11,reserved4_11,gnssId_12,svId_12,cNo_12,mpathIndic_12,dopplerMS_12,dopplerHz_12,wholeChips_12,fracChips_12,codePhase_12,intCodePhase_12,pseuRangeRMSErr_12,reserved4_12,gnssId_13,svId_13,cNo_13,mpathIndic_13,dopplerMS_13,dopplerHz_13,wholeChips_13,fracChips_13,codePhase_13,intCodePhase_13,pseuRangeRMSErr_13,reserved4_13,gnssId_14,svId_14,cNo_14,mpathIndic_14,dopplerMS_14,dopplerHz_14,wholeChips_14,fracChips_14,codePhase_14,intCodePhase_14,pseuRangeRMSErr_14,reserved4_14,gnssId_15,svId_15,cNo_15,mpathIndic_15,dopplerMS_15,dopplerHz_15,wholeChips_15,fracChips_15,codePhase_15,intCodePhase_15,pseuRangeRMSErr_15,reserved4_15,gnssId_16,svId_16,cNo_16,mpathIndic_16,dopplerMS_16,dopplerHz_16,wholeChips_16,fracChips_16,codePhase_16,intCodePhase_16,pseuRangeRMSErr_16,reserved4_16,gnssId_17,svId_17,cNo_17,mpathIndic_17,dopplerMS_17,dopplerHz_17,wholeChips_17,fracChips_17,codePhase_17,intCodePhase_17,pseuRangeRMSErr_17,reserved4_17,gnssId_18,svId_18,cNo_18,mpathIndic_18,dopplerMS_18,dopplerHz_18,wholeChips_18,fracChips_18,codePhase_18,intCodePhase_18,pseuRangeRMSErr_18,reserved4_18,gnssId_19,svId_19,cNo_19,mpathIndic_19,dopplerMS_19,dopplerHz_19,wholeChips_19,fracChips_19,codePhase_19,intCodePhase_19,pseuRangeRMSErr_19,reserved4_19,gnssId_20,svId_20,cNo_20,mpathIndic_20,dopplerMS_20,dopplerHz_20,wholeChips_20,fracChips_20,codePhase_20,intCodePhase_20,pseuRangeRMSErr_20,reserved4_20,gnssId_21,svId_21,cNo_21,mpathIndic_21,dopplerMS_21,dopplerHz_21,wholeChips_21,fracChips_21,codePhase_21,intCodePhase_21,pseuRangeRMSErr_21,reserved4_21,gnssId_22,svId_22,cNo_22,mpathIndic_22,dopplerMS_22,dopplerHz_22,wholeChips_22,fracChips_22,codePhase_22,intCodePhase_22,pseuRangeRMSErr_22,reserved4_22,gnssId_23,svId_23,cNo_23,mpathIndic_23,dopplerMS_23,dopplerHz_23,wholeChips_23,fracChips_23,codePhase_23,intCodePhase_23,pseuRangeRMSErr_23,reserved4_23,gnssId_24,svId_24,cNo_24,mpathIndic_24,dopplerMS_24,dopplerHz_24,wholeChips_24,fracChips_24,codePhase_24,intCodePhase_24,pseuRangeRMSErr_24,reserved4_24,gnssId_25,svId_25,cNo_25,mpathIndic_25,dopplerMS_25,dopplerHz_25,wholeChips_25,fracChips_25,codePhase_25,intCodePhase_25,pseuRangeRMSErr_25,reserved4_25,gnssId_26,svId_26,cNo_26,mpathIndic_26,dopplerMS_26,dopplerHz_26,wholeChips_26,fracChips_26,codePhase_26,intCodePhase_26,pseuRangeRMSErr_26,reserved4_26,gnssId_27,svId_27,cNo_27,mpathIndic_27,dopplerMS_27,dopplerHz_27,wholeChips_27,fracChips_27,codePhase_27,intCodePhase_27,pseuRangeRMSErr_27,reserved4_27,gnssId_28,svId_28,cNo_28,mpathIndic_28,dopplerMS_28,dopplerHz_28,wholeChips_28,fracChips_28,codePhase_28,intCodePhase_28,pseuRangeRMSErr_28,reserved4_28,gnssId_29,svId_29,cNo_29,mpathIndic_29,dopplerMS_29,dopplerHz_29,wholeChips_29,fracChips_29,codePhase_29,intCodePhase_29,pseuRangeRMSErr_29,reserved4_29,gnssId_30,svId_30,cNo_30,mpathIndic_30,dopplerMS_30,dopplerHz_30,wholeChips_30,fracChips_30,codePhase_30,intCodePhase_30,pseuRangeRMSErr_30,reserved4_30,gnssId_31,svId_31,cNo_31,mpathIndic_31,dopplerMS_31,dopplerHz_31,wholeChips_31,fracChips_31,codePhase_31,intCodePhase_31,pseuRangeRMSErr_31,reserved4_31,gnssId_32,svId_32,cNo_32,mpathIndic_32,dopplerMS_32,dopplerHz_32,wholeChips_32,fracChips_32,codePhase_32,intCodePhase_32,pseuRangeRMSErr_32,reserved4_32,gnssId_33,svId_33,cNo_33,mpathIndic_33,dopplerMS_33,dopplerHz_33,wholeChips_33,fracChips_33,codePhase_33,intCodePhase_33,pseuRangeRMSErr_33,reserved4_33,gnssId_34,svId_34,cNo_34,mpathIndic_34,dopplerMS_34,dopplerHz_34,wholeChips_34,fracChips_34,codePhase_34,intCodePhase_34,pseuRangeRMSErr_34,reserved4_34,gnssId_35,svId_35,cNo_35,mpathIndic_35,dopplerMS_35,dopplerHz_35,wholeChips_35,fracChips_35,codePhase_35,intCodePhase_35,pseuRangeRMSErr_35,reserved4_35,gnssId_36,svId_36,cNo_36,mpathIndic_36,dopplerMS_36,dopplerHz_36,wholeChips_36,fracChips_36,codePhase_36,intCodePhase_36,pseuRangeRMSErr_36,reserved4_36
1,0,94417000,105199000,94403000,94417000,94417000,0.0,0.0,0.0,0,0.0,36,2,0,2,19,21,2,52.24,274.6,1686,653,0.648717403412,1,26,0,2,33,30,1,-177.08,-930.6,260,408,0.254544734955,0,2,0,2,21,36,1,423.76,2226.8,847,840,0.82875919342,0,6,0,5,2,39,1,-14.76,-77.4,461,710,0.451313495636,0,0,0,2,27,36,1,153.88,808.6,437,137,0.427306175232,0,0,0,2,30,26,1,-192.56,-1012.0,3783,850,0.698759555817,3,14,0,2,26,42,1,-547.48,-2877.0,1665,81,0.627644062042,1,0,0,2,29,41,1,-162.24,-852.6,2677,283,0.6170835495,2,0,0,0,32,29,1,184.28,968.4,307,745,0.300809383392,0,9,0,6,6,26,2,-28.8,-153.8,316,193,0.618764877319,0,42,0,3,39,44,1,-31.92,-166.2,978,678,0.478329658508,0,0,0,3,32,27,1,247.4,1288.2,238,98,0.116371631622,0,17,0,1,137,41,1,-20.08,-105.4,227,90,0.221982479095,0,0,0,0,28,29,1,520.08,2733.0,980,537,0.958479404449,0,12,0,1,128,28,1,-20.24,-106.4,983,824,0.961686611176,0,19,0,0,10,31,1,492.08,2586.0,383,856,0.37520647049,0,0,0,0,18,47,1,-554.56,-2914.2,879,755,0.859958648682,0,0,0,0,12,41,1,224.56,1180.0,215,11,0.210176944733,0,0,0,6,7,26,2,212.52,1137.6,269,124,0.526656627655,0,5,0,6,22,24,2,-163.32,-871.8,334,655,0.654872894287,0,29,0,6,16,36,1,-473.2,-2527.6,442,762,0.866427898407,0,0,0,6,10,37,1,746.56,3979.6,428,755,0.839017391205,0,0,0,6,21,48,1,-692.12,-3703.8,439,594,0.860236167908,0,0,0,6,9,50,1,245.28,1309.8,186,521,0.364988327026,0,0,0,3,6,43,1,35.36,184.2,1785,879,0.872853755951,0,0,0,3,38,41,1,68.6,357.2,1106,329,0.540724277496,0,0,0,3,9,39,1,64.12,333.8,1487,323,0.726938247681,0,0,0,3,23,46,1,102.96,536.0,414,571,0.202618598938,0,0,0,3,16,45,1,-2.12,-11.0,511,87,0.249797344208,0,0,0,3,13,45,1,149.8,780.0,1122,426,0.548590660095,0,0,0,0,24,42,1,-608.04,-3195.4,180,603,0.176528930664,0,0,0,0,23,43,1,72.36,380.2,719,689,0.703493118286,0,0,0,0,25,42,1,483.2,2539.2,436,926,0.427082061768,0,0,0,5,7,38,1,-20.04,-105.4,227,106,0.221998214722,0,0,0,5,3,41,1,-51.16,-269.0,547,593,0.535268306732,0,0,0,1,129,41,1,-20.08,-105.6,584,831,0.571663379669,0,0,0
1,0,94418000,105200000,94404000,94418000,94418000,0.0,0.0,0.0,0,0.0,36,2,0,2,19,19,2,52.4,275.4,1686,475,0.648548126221,1,30,0,2,33,33,2,-177.56,-933.0,261,15,0.255146980286,0,2,0,2,21,36,1,423.32,2224.6,846,395,0.827356815338,0,2,0,5,2,35,1,-15.16,-79.6,461,762,0.4513630867,0,0,0,2,27,36,1,153.6,807.2,436,624,0.426793575287,0,0,0,2,30,23,2,-193.52,-1016.8,3784,498,0.699400901794,3,25,0,2,26,43,1,-547.92,-2879.4,1666,971,0.629470348358,1,0,0,2,29,43,1,-162.56,-854.2,2677,852,0.617626667023,2,0,0,0,32,20,1,184.0,967.0,307,98,0.30019235611,0,11,0,6,6,27,2,-29.12,-155.4,316,262,0.618897438049,0,36,0,3,39,45,1,-32.32,-168.2,978,903,0.478436946869,0,0,0,3,32,23,1,247.48,1288.6,236,381,0.115529060364,0,26,0,1,137,41,1,-20.44,-107.4,227,161,0.222050189972,0,0,0,0,28,32,1,519.68,2731.0,978,768,0.956744670868,0,9,0,1,128,28,1,-20.6,-108.4,983,890,0.961749076843,0,23,0,0,10,24,1,491.6,2583.4,382,161,0.373565673828,0,1,0,0,18,44,1,-554.96,-2916.4,881,646,0.861809253693,0,0,0,0,12,44,1,224.16,1178.0,214,251,0.209428787231,0,0,0,6,7,29,2,212.08,1135.4,268,777,0.525948524475,0,5,0,6,22,25,2,-164.64,-879.0,334,935,0.655407428741,0,28,0,6,16,39,1,-473.6,-2529.8,443,564,0.868007183075,0,0,0,6,10,41,1,746.08,3977.0,427,477,0.836528778076,0,0,0,6,21,44,1,-692.52,-3705.8,440,779,0.862545967102,0,0,0,6,9,49,1,244.8,1307.2,186,93,0.364171028137,0,0,0,3,6,41,1,35.0,182.2,1785,634,0.87273645401,0,0,0,3,38,42,1,68.32,355.8,1105,874,0.54049539566,0,0,0,3,9,39,1,63.68,331.6,1486,901,0.726725578308,0,0,0,3,23,46,1,102.48,533.6,413,878,0.202276706696,0,0,0,3,16,44,1,-2.52,-13.0,511,103,0.249804973602,0,0,0,3,13,43,1,149.44,778.2,1121,404,0.548091411591,0,0,0,0,24,40,1,-608.48,-3197.6,182,681,0.178558349609,0,0,0,0,23,44,1,71.96,378.2,719,437,0.703252792358,0,0,0,0,25,39,1,482.8,2537.2,435,263,0.425471305847,0,0,0,5,7,38,1,-20.52,-107.8,227,177,0.222065925598,0,0,0,5,3,40,1,-51.52,-270.6,547,773,0.535439968109,0,0,0,1,129,40,1,-20.36,-107.0,584,902,0.571731090546,0,0,0
1,0,94419000,105201000,94405000,94419000,94419000,0.0,0.0,0.0,0,0.0,35,2,0,2,33,33,2,-177.68,-933.8,261,644,0.255746841431,0,1,0,2,21,36,1,423.28,2224.4,844,963,0.825943946838,0,0,0,5,2,41,1,-15.24,-80.2,461,815,0.451413631439,0,0,0,2,27,35,2,153.56,807.0,436,87,0.426280975342,0,0,0,2,30,21,2,-192.96,-1014.0,3785,145,0.700041294098,3,25,0,2,26,42,1,-548.08,-2880.2,1668,838,0.63129901886,1,0,0,2,29,41,1,-162.44,-853.6,2678,395,0.618168354034,2,0,0,0,32,29,1,184.04,967.2,306,492,0.299590110779,0,18,0,6,6,27,1,-29.2,-155.8,316,323,0.619013786316,0,30,0,3,39,45,1,-32.36,-168.4,979,105,0.478545188904,0,0,0,3,32,21,1,248.92,1296.2,234,718,0.114712238312,0,26,0,1,137,41,1,-20.52,-107.8,227,232,0.222118377686,0,0,0,0,28,32,1,519.4,2729.6,976,1008,0.95501947403,0,7,0,1,128,28,1,-20.28,-106.6,983,964,0.961820602417,0,23,0,0,10,23,1,491.72,2584.0,380,485,0.371920108795,0,25,0,0,18,46,1,-555.16,-2917.4,883,537,0.863661289215,0,0,0,0,12,40,1,224.04,1177.4,213,492,0.208681106567,0,0,0,6,7,29,2,212.68,1138.6,268,407,0.525240421295,0,5,0,6,22,23,2,-164.52,-878.2,335,193,0.655946731567,0,28,0,6,16,39,1,-473.6,-2530.0,444,367,0.869587421417,0,0,0,6,10,39,1,745.84,3975.6,426,199,0.834040641785,0,0,0,6,21,46,1,-692.72,-3706.8,441,964,0.864856243134,0,0,0,6,9,50,1,244.56,1306.0,185,690,0.36335515976,0,0,0,3,6,41,1,34.88,181.6,1785,390,0.872620582581,0,0,0,3,38,42,1,68.32,355.8,1105,394,0.540266513824,0,0,0,3,9,39,1,63.52,330.8,1486,456,0.726513385773,0,0,0,3,23,45,1,102.4,533.2,413,161,0.201934337616,0,0,0,3,16,44,1,-2.6,-13.6,511,121,0.249814033508,0,0,0,3,13,44,1,149.48,778.4,1120,383,0.547592639923,0,0,0,0,24,41,1,-608.4,-3197.2,184,758,0.180587291718,0,0,0,0,23,44,1,71.8,377.4,719,186,0.703012943268,0,0,0,0,25,40,1,482.64,2536.2,433,624,0.423861026764,0,0,0,5,7,38,1,-20.52,-107.8,227,249,0.222134590149,0,0,0,5,3,40,1,-51.72,-271.8,547,953,0.535612106323,0,0,0,1,129,42,1,-20.52,-107.8,584,973,0.571799755096,0,0,0,,,,,,,,,,,,
1,0,94420000,105202000,94406000,94420000,94420000,0.0,0.0,0.0,0,0.0,36,2,0,2,33,28,2,-177.36,-932.0,262,239,0.256338119507,0,3,0,2,21,36,1,423.44,2225.2,843,511,0.824535369873,0,0,0,5,2,37,1,-15.0,-78.8,461,868,0.451464653015,0,0,0,2,27,35,2,153.48,806.6,435,576,0.425770282745,0,0,0,2,30,22,1,-192.6,-1012.2,3785,822,0.700687885284,3,25,0,2,26,40,1,-547.84,-2879.0,1670,706,0.633127689362,1,0,0,2,29,40,1,-162.32,-853.0,2678,962,0.618709564209,2,0,0,0,32,32,1,183.92,966.6,305,873,0.298976898193,0,11,0,6,6,28,1,-29.08,-155.2,316,378,0.619118690491,0,25,0,6,23,15,1,286.12,1530.6,315,198,0.616816997528,0,63,0,3,39,45,1,-32.16,-167.4,979,331,0.478652954102,0,0,0,3,32,22,1,248.92,1296.2,232,1018,0.113877773285,0,21,0,1,137,41,1,-20.28,-106.4,227,304,0.222187042236,0,0,0,0,28,27,1,519.76,2731.4,975,213,0.953282356262,0,9,0,1,128,29,1,-19.8,-104.0,984,10,0.961886882782,0,18,0,0,10,30,1,491.96,2585.2,378,822,0.370286941528,0,17,0,0,18,46,1,-554.88,-2916.0,885,429,0.865512371063,0,0,0,0,12,40,1,224.08,1177.6,212,733,0.20793390274,0,0,0,6,7,24,2,212.56,1138.0,268,36,0.524532318115,0,6,0,6,22,23,2,-164.48,-878.0,335,484,0.656503200531,0,28,0,6,16,38,1,-473.72,-2530.6,445,170,0.87116765976,0,0,0,6,10,37,1,746.08,3977.0,424,945,0.831552505493,0,0,0,6,21,47,1,-692.4,-3705.2,443,125,0.867166519165,0,0,0,6,9,50,1,244.64,1306.4,185,264,0.362540245056,0,0,0,3,6,44,1,35.08,182.8,1785,146,0.872504234314,0,0,0,3,38,42,1,68.48,356.6,1104,941,0.5400390625,0,0,0,3,9,39,1,63.76,332.0,1486,11,0.7263007164,0,0,0,3,23,46,1,102.44,533.4,412,470,0.201592922211,0,0,0,3,16,45,1,-2.36,-12.4,511,141,0.249823093414,0,0,0,3,13,45,1,149.6,779.0,1119,363,0.547094345093,0,0,0,0,24,43,1,-608.32,-3196.8,186,837,0.1826171875,0,0,0,0,23,44,1,71.92,378.0,718,959,0.702773571014,0,0,0,0,25,41,1,482.76,2536.8,431,985,0.422251224518,0,0,0,5,7,37,1,-20.32,-106.8,227,321,0.222202777863,0,0,0,5,3,40,1,-51.44,-270.2,548,110,0.535784721375,0,0,0,1,129,42,1,-20.2,-106.2,585,21,0.57186794281,0,0,0
1,0,94421000,105203000,94407000,94421000,94421000,0.0,0.0,0.0,0,0.0,37,2,0,2,19,20,2,48.76,256.2,1685,984,0.648056507111,1,28,0,2,33,29,2,-177.64,-933.4,262,865,0.256935596466,0,3,0,2,21,33,1,423.32,2224.6,842,56,0.823123455048,0,0,0,5,2,35,1,-14.96,-78.6,461,921,0.451515197754,0,0,0,2,27,37,2,153.44,806.4,435,39,0.4252576828,0,0,0,2,30,21,2,-193.64,-1017.6,3786,472,0.701330661774,3,25,0,2,26,41,1,-547.96,-2879.6,1672,572,0.634954929352,1,0,0,2,29,42,1,-162.28,-852.8,2679,507,0.619253158569,2,0,0,0,32,30,1,184.08,967.4,305,226,0.298358917236,0,9,0,6,6,27,1,-29.12,-155.4,316,431,0.619219779968,0,23,0,6,23,16,1,286.12,1530.6,314,736,0.615888595581,0,61,0,3,39,45,1,-32.32,-168.2,979,558,0.478761196136,0,0,0,3,32,21,1,246.32,1282.8,231,316,0.113054275513,0,25,0,1,137,41,1,-20.4,-107.2,227,375,0.222254753113,0,0,0,0,28,32,1,519.48,2729.8,973,444,0.951548576355,0,9,0,1,128,28,1,-15.76,-82.8,984,79,0.961953163147,0,20,0,0,10,25,1,492.12,2586.2,377,133,0.368651866913,0,15,0,0,18,46,1,-555.12,-2917.2,887,320,0.867363452911,0,0,0,0,12,43,1,224.04,1177.4,211,974,0.207186698914,0,0,0,6,7,26,2,212.36,1136.8,267,690,0.523824691772,0,6,0,6,22,21,2,-164.36,-877.4,335,776,0.657061576843,0,29,0,6,16,38,1,-473.72,-2530.4,445,997,0.872748374939,0,0,0,6,10,40,1,745.96,3976.4,423,667,0.829064369202,0,0,0,6,21,45,1,-692.72,-3706.8,444,309,0.869476318359,0,0,0,6,9,49,1,244.48,1305.4,184,861,0.361724853516,0,0,0,3,6,43,1,34.96,182.0,1784,926,0.87238740921,0,0,0,3,38,43,1,68.48,356.6,1104,463,0.539810657501,0,0,0,3,9,38,1,63.6,331.0,1485,592,0.726089000702,0,0,0,3,23,47,1,102.32,532.8,411,779,0.201251983643,0,0,0,3,16,45,1,-2.48,-13.0,511,160,0.24983215332,0,0,0,3,13,44,1,149.6,779.0,1118,342,0.546595573425,0,0,0,0,24,38,1,-608.28,-3196.4,188,915,0.184647083282,0,0,0,0,23,44,1,71.8,377.2,718,709,0.702534198761,0,0,0,0,25,37,1,482.6,2536.0,430,322,0.420640468597,0,0,0,5,7,37,1,-20.44,-107.4,227,392,0.222270965576,0,0,0,5,3,42,1,-51.72,-271.6,548,290,0.535956859589,0,0,0
1,0,94422000,105204000,94408000,94422000,94422000,0.0,0.0,0.0,0,0.0,37,2,0,2,19,19,2,50.8,267.0,1685,810,0.647889614105,1,25,0,2,33,31,2,-177.52,-932.8,263,467,0.257533550262,0,3,0,2,21,36,1,423.52,2225.8,840,625,0.821711063385,0,0,0,5,2,32,1,-14.84,-78.0,461,973,0.451565265656,0,0,0,2,27,37,1,153.56,807.0,434,528,0.424746513367,0,0,0,2,30,21,2,-191.92,-1008.6,3787,114,0.701966285706,3,25,0,2,26,43,1,-547.92,-2879.2,1674,438,0.636781692505,1,0,0,2,29,43,1,-162.16,-852.2,2680,51,0.619795322418,2,0,0,0,32,28,1,184.08,967.4,304,590,0.29772901535,0,11,0,6,6,27,1,-29.0,-154.8,316,484,0.619321346283,0,19,0,6,23,21,2,286.32,1531.6,314,251,0.614963054657,0,54,0,3,39,45,1,-32.16,-167.4,979,783,0.478868484497,0,0,0,3,32,21,1,248.12,1292.0,229,632,0.112227916718,0,25,0,1,137,41,1,-20.2,-106.2,227,446,0.222322940826,0,0,0,0,28,33,1,519.56,2730.2,971,677,0.949815750122,0,5,0,1,128,28,1,-21.6,-113.4,984,140,0.96201133728,0,22,0,0,10,27,1,491.92,2585.0,375,461,0.367009162903,0,13,0,0,18,43,1,-554.96,-2916.4,889,211,0.869215011597,0,0,0,0,12,45,1,224.08,1177.6,211,192,0.206439495087,0,0,0,6,7,27,2,212.56,1137.8,267,319,0.523115634918,0,5,0,6,22,21,2,-164.88,-880.2,336,35,0.657601833344,0,27,0,6,16,38,1,-473.72,-2530.6,446,800,0.874329090118,0,0,0,6,10,40,1,746.08,3977.0,422,389,0.826575756073,0,0,0,6,21,46,1,-692.44,-3705.4,445,494,0.871786117554,0,0,0,6,9,49,1,244.44,1305.4,184,434,0.360909461975,0,0,0,3,6,42,1,35.16,183.0,1784,681,0.872270584106,0,0,0,3,38,43,1,68.56,357.0,1103,1009,0.53958272934,0,0,0,3,9,38,1,63.88,332.6,1485,146,0.725876808167,0,0,0,3,23,48,1,102.36,533.0,411,65,0.200911045074,0,0,0,3,16,44,1,-2.36,-12.2,511,176,0.249839782715,0,0,0,3,13,43,1,149.76,779.8,1117,320,0.546096324921,0,0,0,0,24,39,1,-608.24,-3196.2,190,993,0.186676502228,0,0,0,0,23,43,1,71.84,377.4,718,458,0.702294826508,0,0,0,0,25,40,1,482.8,2537.2,428,684,0.419030189514,0,0,0,5,7,38,1,-20.2,-106.0,227,463,0.222338676453,0,0,0,5,3,40,1,-51.44,-270.2,548,470,0.536128520966,0,0,0
1,0,94423000,105205000,94409000,94423000,94423000,0.0,0.0,0.0,0,0.0,37,2,0,2,19,20,2,50.64,266.0,1685,628,0.64771604538,1,25,0,2,33,31,2,-177.84,-934.6,264,72,0.258133411407,0,5,0,2,21,37,1,423.32,2224.6,839,171,0.820300579071,0,0,0,0,15,21,1,-404.52,-2125.8,701,424,0.685645103455,0,63,0,5,2,38,1,-15.2,-79.8,462,2,0.451615810394,0,0,0,2,27,30,1,152.96,803.8,433,1014,0.424233913422,0,0,0,2,30,21,2,-194.12,-1020.0,3787,785,0.702607631683,3,25,0,2,26,42,1,-548.12,-2880.4,1676,303,0.638608455658,1,0,0,2,29,43,2,-162.48,-853.8,2680,618,0.620336055756,2,0,0,6,6,27,1,-29.44,-157.2,316,537,0.619421958923,0,18,0,6,23,19,2,285.4,1526.6,313,788,0.614030838013,0,47,0,3,39,45,1,-32.48,-169.2,979,1009,0.478976726532,0,0,0,3,32,21,1,247.76,1290.2,227,936,0.111394882202,0,25,0,1,137,40,1,-20.48,-107.6,227,517,0.222390651703,0,0,0,0,28,31,1,519.28,2728.8,969,910,0.948083400726,0,3,0,1,128,28,1,-19.88,-104.6,984,211,0.96207857132,0,13,0,0,10,27,1,491.6,2583.4,373,806,0.365383148193,0,14,0,0,18,46,1,-555.32,-2918.2,891,104,0.871067047119,0,0,0,0,12,42,1,223.72,1175.6,210,433,0.205692768097,0,0,0,6,7,27,2,212.28,1136.4,266,972,0.522407054901,0,6,0,6,22,29,2,-165.24,-882.2,336,322,0.65815114975,0,25,0,6,16,37,1,-474.24,-2533.2,447,604,0.875910758972,0,0,0,6,10,40,1,745.8,3975.4,421,111,0.824088096619,0,0,0,6,21,47,1,-692.68,-3706.6,446,679,0.874096393585,0,0,0,6,9,49,1,243.96,1302.6,184,8,0.360095500946,0,0,0,3,6,42,1,34.84,181.4,1784,437,0.87215423584,0,0,0,3,38,43,1,68.16,354.8,1103,531,0.539354324341,0,0,0,3,9,35,1,63.4,330.2,1484,726,0.725664615631,0,0,0,3,23,47,1,101.96,531.0,410,375,0.200570106506,0,0,0,3,16,44,1,-2.72,-14.0,511,193,0.249847888947,0,0,0,3,13,45,1,149.32,777.6,1116,300,0.545597553253,0,0,0,0,24,39,1,-608.6,-3198.2,193,48,0.188706874847,0,0,0,0,23,41,1,71.36,375.0,718,207,0.702055931091,0,0,0,0,25,40,1,482.52,2535.6,427,21,0.417420864105,0,0,0,5,7,37,1,-20.6,-108.2,227,534,0.222406864166,0,0,0,5,3,40,1,-51.72,-271.8,548,651,0.536301136017,0,0,0
1,0,94424000,105206000,94410000,94424000,94424000,0.0,0.0,0.0,0,0.0,36,2,0,2,19,19,2,50.04,262.8,1685,452,0.6475481987,1,25,0,2,33,29,2,-178.2,-936.6,264,697,0.25873041153,0,3,0,2,21,39,1,423.2,2223.8,837,744,0.81889295578,0,0,0,5,2,40,1,-15.36,-80.8,462,56,0.45166683197,0,0,0,2,27,29,1,153.08,804.6,433,474,0.423717498779,0,1,0,2,30,23,2,-192.88,-1013.6,3788,438,0.703253269196,3,25,0,2,26,40,1,-548.32,-2881.4,1678,169,0.640435695648,1,0,0,2,29,43,2,-162.68,-854.8,2681,162,0.620878219604,2,0,0,6,6,27,1,-29.36,-156.8,316,591,0.61952495575,0,18,0,6,23,21,2,285.8,1528.8,313,305,0.613109111786,0,42,0,3,39,45,1,-32.64,-169.8,980,213,0.479085445404,0,0,0,3,32,23,1,247.68,1289.8,226,208,0.110558986664,0,26,0,1,137,40,1,-20.64,-108.6,227,589,0.222459316254,0,0,0,0,28,30,1,519.08,2727.8,968,120,0.946352005005,0,1,0,1,128,29,1,-19.68,-103.4,984,281,0.962145805359,0,15,0,0,10,27,2,491.48,2582.8,372,143,0.36377286911,0,15,0,0,18,45,1,-555.56,-2919.6,892,1020,0.872920036316,0,0,0,0,12,43,1,223.52,1174.6,209,676,0.204946994781,0,0,0,6,7,28,2,212.36,1136.8,266,602,0.521699428558,0,5,0,6,22,30,2,-165.2,-881.8,336,613,0.658706188202,0,17,0,6,16,34,1,-474.48,-2534.6,448,408,0.8774933815,0,0,0,6,10,38,1,745.56,3974.2,419,858,0.821600914001,0,0,0,6,21,46,1,-692.88,-3707.8,447,864,0.876407146454,0,0,0,6,9,48,1,243.72,1301.6,183,607,0.359282016754,0,0,0,3,6,42,1,34.64,180.4,1784,195,0.87203836441,0,0,0,3,38,41,1,68.08,354.4,1103,54,0.539126873016,0,0,0,3,9,39,1,63.32,329.8,1484,283,0.725452899933,0,0,0,3,23,47,1,101.72,529.8,409,687,0.200230121613,0,0,0,3,16,44,1,-2.88,-15.0,511,211,0.249856948853,0,0,0,3,13,44,1,149.28,777.4,1115,280,0.54509973526,0,0,0,0,24,37,1,-608.8,-3199.2,195,126,0.190737247467,0,0,0,0,23,39,1,71.2,374.2,717,982,0.701817989349,0,0,0,0,25,43,1,482.32,2534.6,425,384,0.415811538696,0,0,0,5,7,37,1,-20.56,-108.0,227,606,0.222475528717,0,0,0,5,3,41,1,-51.88,-272.8,548,832,0.536473751068,0,0,0,1,129,42,1,-20.6,-108.2,585,307,0.572140693665,0,0,0
1,0,94425000,105207000,94411000,94425000,94425000,0.0,0.0,0.0,0,0.0,37,2,0,2,19,18,2,51.4,270.2,1685,268,0.647372722626,1,25,0,2,33,28,2,-178.36,-937.4,265,290,0.25931930542,0,3,0,2,21,39,1,423.08,2223.4,836,292,0.81748342514,0,0,0,5,2,40,1,-15.44,-81.2,462,110,0.451717853546,0,0,0,2,27,29,1,152.72,802.4,432,967,0.42321062088,0,1,0,2,30,26,2,-193.88,-1018.8,3789,93,0.703901767731,3,19,0,2,26,40,1,-548.36,-2881.6,1680,38,0.642265796661,1,0,0,2,29,43,1,-162.72,-855.0,2681,730,0.621420860291,2,0,0,0,32,21,1,181.96,956.2,302,691,0.295870780945,0,31,0,6,6,27,1,-29.68,-158.4,316,644,0.619626522064,0,17,0,6,23,23,2,285.6,1527.8,312,847,0.612187385559,0,36,0,3,39,45,1,-32.72,-170.4,980,440,0.479193687439,0,0,0,3,32,24,1,246.16,1281.8,224,536,0.109737873077,0,26,0,1,137,42,1,-20.76,-109.0,227,662,0.222528457642,0,0,0,0,28,30,1,519.08,2727.8,966,356,0.944621562958,0,2,0,1,128,31,1,-20.04,-105.4,984,351,0.962212085724,0,6,0,0,10,28,2,491.4,2582.2,370,476,0.362135887146,0,18,0,0,18,43,1,-555.56,-2919.6,894,913,0.874772548676,0,0,0,0,12,42,1,223.32,1173.6,208,919,0.204200744629,0,0,0,6,7,28,1,212.36,1136.6,266,231,0.520990848541,0,3,0,6,22,23,2,-166.0,-886.2,336,908,0.659269809723,0,17,0,6,16,34,1,-474.72,-2535.8,449,212,0.879076004028,0,0,0,6,10,39,1,745.48,3973.8,418,580,0.819113731384,0,0,0,6,21,47,1,-692.92,-3708.0,449,25,0.878717899323,0,0,0,6,9,48,1,243.48,1300.2,183,182,0.358469009399,0,0,0,3,6,43,1,34.52,179.8,1783,977,0.871922969818,0,0,0,3,38,41,1,67.96,353.8,1102,603,0.538899898529,0,0,0,3,9,39,1,63.24,329.4,1483,864,0.725241661072,0,0,0,3,23,46,1,101.56,528.8,408,1000,0.199891090393,0,0,0,3,16,44,1,-2.92,-15.2,511,230,0.249866008759,0,0,0,3,13,44,1,149.12,776.4,1114,262,0.544601917267,0,0,0,0,24,38,1,-608.96,-3200.0,197,205,0.192767620087,0,0,0,0,23,40,1,71.08,373.6,717,733,0.701580047607,0,0,0,0,25,43,1,482.2,2534.0,423,747,0.414203166962,0,0,0,5,7,38,1,-20.76,-109.2,227,678,0.222543716431,0,0,0,5,3,41,1,-51.92,-272.8,548,1013,0.536646842957,0,0,0
1,0,94426000,105208000,94412000,94426000,94426000,0.0,0.0,0.0,0,0.0,37,2,0,2,19,20,2,49.2,258.6,1685,81,0.647194385529,1,26,0,2,33,27,2,-178.88,-940.0,265,911,0.259912490845,0,6,0,2,21,37,1,422.96,2222.6,834,862,0.816072463989,0,0,0,5,2,39,1,-15.72,-82.6,462,163,0.451769351959,0,0,0,2,27,22,1,152.44,801.0,432,441,0.422708511353,0,11,0,2,30,27,1,-194.08,-1019.8,3789,770,0.70454788208,3,17,0,2,26,40,1,-548.72,-2883.6,1681,931,0.644095420837,1,0,0,2,29,45,1,-163.08,-857.0,2682,276,0.621964454651,2,0,0,0,32,22,1,183.32,963.4,302,53,0.295261859894,0,28,0,6,6,27,1,-30.4,-162.2,316,697,0.619729042053,0,27,0,6,23,24,2,283.96,1519.0,312,358,0.611251831055,0,34,0,3,39,41,1,-33.2,-173.0,980,671,0.479303836823,0,0,0,3,32,26,1,246.72,1284.8,222,889,0.108929157257,0,19,0,1,137,40,1,-21.0,-110.4,227,735,0.222598075867,0,0,0,0,28,29,1,518.56,2725.0,964,591,0.942891120911,0,3,0,1,128,32,1,-20.48,-107.6,984,421,0.9622797966,0,1,0,0,10,26,1,490.6,2578.2,368,827,0.36051607132,0,19,0,0,18,42,1,-556.04,-2922.0,896,807,0.876626491547,0,0,0,0,12,44,1,222.96,1171.8,208,139,0.203456401825,0,0,0,6,7,30,1,211.76,1133.6,265,886,0.52028465271,0,5,0,6,22,22,1,-166.04,-886.2,337,173,0.659821987152,0,27,0,6,16,33,1,-475.24,-2538.6,450,17,0.880659580231,0,0,0,6,10,33,1,745.2,3972.2,417,303,0.816627025604,0,0,0,6,21,42,1,-693.28,-3709.8,450,211,0.881030082703,0,0,0,6,9,45,1,243.04,1298.0,182,781,0.357657432556,0,0,0,3,6,43,1,34.16,178.0,1783,736,0.871808052063,0,0,0,3,38,43,1,67.6,352.0,1102,128,0.538673400879,0,0,0,3,9,41,1,62.8,327.0,1483,424,0.725031375885,0,0,0,3,23,45,1,101.2,527.0,408,292,0.199553012848,0,0,0,3,16,45,1,-3.36,-17.4,511,252,0.249876499176,0,0,0,3,13,43,1,148.8,774.8,1113,244,0.544104576111,0,0,0,0,24,33,1,-609.44,-3202.6,199,286,0.194798946381,0,0,0,0,23,43,1,70.64,371.4,717,485,0.701343536377,0,0,0,0,25,39,1,481.8,2531.8,422,86,0.412595272064,0,0,0,5,7,38,1,-20.96,-110.2,227,751,0.222613334656,0,0,0,5,3,43,1,-52.28,-274.8,549,171,0.536820411682,0,0,0
1,0,94427000,105209000,94413000,94427000,94427000,0.0,0.0,0.0,0,0.0,36,2,0,2,33,26,2,-178.6,-938.6,266,502,0.260499477386,0,14,0,2,21,36,1,423.08,2223.2,833,409,0.81466293335,0,0,0,5,2,37,1,-15.4,-81.0,462,218,0.451821804047,0,0,0,2,27,35,1,152.68,802.2,431,932,0.422200202942,0,15,0,2,30,28,1,-193.92,-1019.2,3790,429,0.705200195312,3,17,0,2,26,36,1,-548.52,-2882.6,1683,797,0.645923137665,1,0,0,2,29,43,1,-162.84,-855.6,2682,845,0.622508525848,2,0,0,0,32,21,1,183.2,962.8,301,459,0.294671058655,0,29,0,6,6,25,2,-29.8,-159.0,316,757,0.61984205246,0,27,0,6,23,24,2,284.28,1520.6,311,893,0.610317230225,0,31,0,3,39,41,1,-32.88,-171.2,980,903,0.47941493988,0,0,0,3,32,23,1,246.44,1283.2,221,194,0.108108520508,0,26,0,1,137,41,1,-20.76,-109.2,227,808,0.222668170929,0,0,0,0,28,33,1,518.76,2726.0,962,828,0.941162109375,0,3,0,1,128,30,1,-20.6,-108.2,984,493,0.962348461151,0,8,0,0,10,25,1,491.24,2581.4,367,126,0.358869552612,0,27,0,0,18,44,1,-555.76,-2920.6,898,703,0.878481388092,0,0,0,0,12,46,1,223.08,1172.4,207,384,0.202713012695,0,0,0,6,7,31,1,212.04,1135.0,265,517,0.519580364227,0,14,0,6,22,30,1,-165.96,-886.0,337,444,0.66034078598,0,28,0,6,16,38,1,-479.48,-2561.2,450,856,0.882262706757,0,19,0,6,10,38,1,745.36,3973.2,416,26,0.814141750336,0,1,0,6,21,42,1,-692.8,-3707.4,451,397,0.883343219757,0,0,0,6,9,48,1,243.12,1298.4,182,357,0.356847286224,0,0,0,3,6,41,1,34.4,179.2,1783,497,0.871694087982,0,0,0,3,38,40,1,67.8,353.2,1101,681,0.53844833374,0,0,0,3,9,42,1,63.08,328.4,1482,1009,0.724822044373,0,0,0,3,23,44,1,101.24,527.2,407,608,0.199214935303,0,0,0,3,16,43,1,-3.08,-16.0,511,277,0.249887943268,0,0,0,3,13,45,1,149.0,776.0,1112,228,0.543608665466,0,0,0,0,24,37,1,-609.08,-3200.8,201,367,0.196832180023,0,0,0,0,23,41,1,70.8,372.0,717,239,0.701108455658,0,0,0,0,25,43,1,482.12,2533.6,420,451,0.410987854004,0,0,0,5,7,38,1,-20.76,-109.0,227,824,0.222683429718,0,0,0,5,3,42,1,-52.0,-273.2,549,353,0.536994934082,0,0,0,1,129,40,1,-20.8,-109.2,585,526,0.572350025177,0,0,0
1,0,94428000,105210000,94414000,94428000,94428000,0.0,0.0,0.0,0,0.0,36,2,0,2,33,26,1,-178.44,-937.8,267,90,0.261083602905,0,13,0,2,21,37,1,422.92,2222.4,831,980,0.813252925873,0,0,0,5,2,38,1,-15.64,-82.2,462,272,0.451872825623,0,0,0,2,27,38,2,152.64,802.2,431,416,0.421707630157,0,9,0,2,30,25,2,-192.36,-1011.0,3791,77,0.70584154129,3,25,0,2,26,40,1,-548.64,-2883.0,1685,667,0.647753715515,1,0,0,2,29,41,1,-162.64,-854.6,2683,390,0.623051166534,2,0,0,0,32,24,1,183.56,964.8,300,858,0.294075012207,0,23,0,6,6,27,1,-29.4,-157.0,316,808,0.619941234589,0,22,0,6,23,23,2,284.72,1523.2,311,401,0.60937833786,0,28,0,3,39,40,1,-32.84,-171.0,981,108,0.47952413559,0,0,0,3,32,27,1,247.0,1286.2,219,539,0.10729598999,0,19,0,1,137,43,1,-20.8,-109.2,227,881,0.222737312317,0,0,0,0,28,27,1,518.52,2724.8,961,39,0.939431667328,0,2,0,1,128,27,1,-43.28,-227.4,984,609,0.962458610535,0,24,0,0,10,31,1,491.24,2581.4,365,425,0.357200622559,0,17,0,0,18,44,1,-556.0,-2921.8,900,597,0.8803358078,0,0,0,0,12,40,1,222.96,1171.6,206,629,0.201969146729,0,0,0,6,7,36,1,212.28,1136.4,265,144,0.518867969513,0,15,0,6,22,30,2,-166.0,-886.2,337,733,0.660892963409,0,23,0,6,16,39,1,-474.92,-2537.0,451,667,0.883858203888,0,18,0,6,10,35,1,745.08,3971.6,414,774,0.811655521393,0,0,0,6,21,44,1,-693.08,-3708.8,452,583,0.885655403137,0,0,0,6,9,48,1,242.92,1297.2,181,957,0.356036186218,0,0,0,3,6,41,1,34.36,178.8,1783,257,0.871579170227,0,0,0,3,38,38,1,67.88,353.4,1101,207,0.53822183609,0,0,0,3,9,39,1,63.04,328.2,1482,568,0.724611282349,0,0,0,3,23,44,1,101.16,526.8,406,921,0.198875904083,0,0,0,3,16,42,1,-3.08,-16.0,511,300,0.249898910522,0,0,0,3,13,44,1,149.12,776.4,1111,210,0.54311132431,0,0,0,0,24,37,1,-609.04,-3200.6,203,448,0.198863506317,0,0,0,0,23,40,1,70.76,371.8,716,1016,0.700872898102,0,0,0,0,25,43,1,481.92,2532.4,418,815,0.409380435944,0,0,0,5,7,39,1,-20.92,-110.0,227,897,0.222752571106,0,0,0,5,3,41,1,-52.2,-274.4,549,535,0.537168502808,0,0,0,1,129,38,1,-20.84,-109.4,585,598,0.572419166565,0,0,0
1,0,94429000,105211000,94415000,94429000,94429000,0.0,0.0,0.0,0,0.0,36,2,0,5,4,26,1,-593.32,-3118.0,825,92,0.806539535522,0,62,0,2,33,25,1,-178.72,-939.0,267,713,0.261677742004,0,14,0,2,21,34,1,423.24,2224.2,830,525,0.811841011047,0,0,0,5,2,36,1,-15.28,-80.4,462,325,0.451923370361,0,1,0,2,27,35,1,152.84,803.2,430,896,0.421187877655,0,7,0,2,30,21,2,-194.08,-1019.8,3791,759,0.706492424011,3,25,0,2,26,43,1,-548.28,-2881.2,1687,535,0.649582386017,1,0,0,2,29,43,1,-162.48,-854.0,2683,959,0.62359380722,2,0,0,0,32,27,1,183.84,966.0,300,210,0.293455600739,0,19,0,6,6,28,1,-29.44,-157.2,316,860,0.620038986206,0,18,0,6,23,22,2,284.32,1521.0,310,932,0.608434677124,0,31,0,3,39,40,1,-32.64,-170.0,981,336,0.479632854462,0,0,0,3,32,26,1,247.16,1287.0,217,867,0.106474876404,0,15,0,1,137,40,1,-20.52,-107.8,227,953,0.222806453705,0,0,0,0,28,25,1,519.6,2730.4,959,279,0.937705516815,0,24,0,0,10,24,1,491.32,2581.8,363,747,0.355552196503,0,16,0,0,18,46,1,-555.68,-2920.2,902,491,0.882189750671,0,0,0,0,12,44,1,223.24,1173.0,205,873,0.201224803925,0,0,0,6,7,31,2,212.56,1138.0,264,799,0.518161296844,0,14,0,6,22,29,1,-166.24,-887.4,337,1015,0.661432743073,0,19,0,6,16,34,1,-474.96,-2537.2,452,462,0.885423660278,0,15,0,6,10,41,1,745.52,3974.0,413,496,0.809168815613,0,0,0,6,21,43,1,-692.84,-3707.6,453,769,0.887967586517,0,0,0,6,9,45,1,243.0,1297.6,181,532,0.355225563049,0,0,0,3,6,41,1,34.6,180.2,1783,16,0.871464252472,0,0,0,3,38,44,1,68.0,354.2,1100,755,0.53799533844,0,0,0,3,9,38,1,63.4,330.0,1482,126,0.724400520325,0,0,0,3,23,46,1,101.32,527.6,406,212,0.198537349701,0,0,0,3,16,43,1,-2.84,-14.8,511,320,0.249908447266,0,0,0,3,13,44,1,149.28,777.4,1110,189,0.542612552643,0,0,0,0,24,34,1,-608.84,-3199.4,205,527,0.200894355774,0,0,0,0,23,44,1,70.88,372.6,716,769,0.700636386871,0,0,0,0,25,38,1,482.08,2533.4,417,154,0.407772064209,0,0,0,5,7,34,1,-20.52,-107.8,227,969,0.222821235657,0,0,0,5,3,43,1,-51.84,-272.4,549,717,0.537341594696,0,0,0,1,129,41,1,-20.44,-107.4,585,670,0.572487831116,0,0,0
1,0,94430000,105212000,94416000,94430000,94430000,0.0,0.0,0.0,0,0.0,34,2,0,2,33,24,2,-178.52,-938.2,268,333,0.262293338776,0,17,0,2,21,30,1,423.12,2223.4,829,68,0.810426712036,0,2,0,5,2,32,1,-15.2,-80.0,462,377,0.451972961426,0,1,0,2,27,39,2,152.72,802.4,430,365,0.420680999756,0,5,0,2,26,43,1,-548.44,-2882.0,1689,403,0.651412010193,1,0,0,2,29,42,1,-162.52,-854.0,2684,502,0.624135494232,2,0,0,0,32,28,1,183.72,965.4,299,594,0.292845249176,0,16,0,6,6,28,1,-29.52,-157.6,316,911,0.620138168335,0,17,0,6,23,19,1,284.04,1519.4,310,437,0.607490062714,0,30,0,3,39,39,1,-32.76,-170.6,981,564,0.479741573334,0,0,0,3,32,25,1,247.76,1290.0,216,171,0.105653762817,0,25,0,1,137,42,1,-20.52,-108.0,228,0,0.222874641418,0,0,0,0,28,25,1,518.8,2726.4,957,505,0.935966491699,0,24,0,0,10,26,1,491.2,2581.2,362,44,0.35390329361,0,16,0,0,18,45,1,-555.92,-2921.2,904,385,0.884043693542,0,0,0,0,12,43,1,223.0,1171.8,205,93,0.200480937958,0,0,0,6,7,33,1,212.52,1137.8,264,428,0.517452716827,0,14,0,6,22,29,1,-166.56,-889.2,338,280,0.661984920502,0,17,0,6,16,37,1,-475.16,-2538.2,453,261,0.886996746063,0,13,0,6,10,40,1,745.32,3973.0,412,219,0.806682109833,0,0,0,6,21,42,1,-692.96,-3708.2,454,955,0.89027929306,0,0,0,6,9,45,1,242.88,1296.8,181,108,0.35441493988,0,0,0,3,6,41,1,34.48,179.4,1782,798,0.87134885788,0,0,0,3,38,42,1,68.04,354.2,1100,279,0.537767887115,0,0,0,3,9,38,1,63.2,329.0,1481,708,0.724189758301,0,0,0,3,23,45,1,101.2,527.0,405,527,0.198199272156,0,0,0,3,16,43,1,-2.96,-15.4,511,339,0.249917984009,0,0,0,3,13,44,1,149.28,777.4,1109,170,0.542114257812,0,0,0,0,24,37,1,-608.8,-3199.2,207,607,0.202925682068,0,0,0,0,23,43,1,70.76,371.8,716,522,0.700400829315,0,0,0,0,25,37,1,482.0,2532.8,415,518,0.406164169312,0,0,0,5,7,38,1,-20.68,-108.6,228,16,0.22288942337,0,0,0,5,3,42,1,-52.0,-273.2,549,899,0.537515163422,0,0,0,1,129,38,1,-20.64,-108.4,585,742,0.572556495667,0,0,0,,,,,,,,,,,,,,,,,,,,,,,,
1,0,94431000,105213000,94417000,94431000,94431000,0.0,0.0,0.0,0,0.0,35,2,0,2,33,23,2,-178.8,-939.4,268,979,0.262909889221,0,19,0,2,21,34,1,423.12,2223.6,827,637,0.809015274048,0,0,0,5,2,35,1,-15.24,-80.0,462,429,0.452023029327,0,1,0,2,27,38,1,152.48,801.2,429,848,0.420165061951,0,3,0,2,26,44,1,-548.48,-2882.2,1691,273,0.653242588043,1,0,0,2,29,43,1,-162.64,-854.6,2685,47,0.624679088593,2,0,0,0,32,28,1,183.72,965.4,298,964,0.292221069336,0,15,0,6,6,30,1,-29.4,-156.8,316,958,0.620227336884,0,14,0,6,23,17,2,283.36,1515.8,309,967,0.606544971466,0,30,0,3,39,41,1,-32.72,-170.4,981,792,0.479850769043,0,0,0,3,32,25,1,246.92,1285.8,214,517,0.104841709137,0,25,0,1,137,42,1,-20.52,-108.0,228,72,0.222943305969,0,0,0,0,28,25,1,518.84,2726.4,955,730,0.934226036072,0,17,0,1,128,27,1,-24.88,-130.6,984,1007,0.96283864975,0,55,0,0,10,27,1,491.12,2580.8,360,365,0.352254867554,0,12,0,0,18,44,1,-555.92,-2921.2,906,280,0.885898113251,0,0,0,0,12,43,1,222.92,1171.4,204,339,0.199737548828,0,0,0,6,7,28,1,212.32,1136.6,264,59,0.51674747467,0,14,0,6,22,28,2,-166.32,-887.8,338,573,0.662544727325,0,17,0,6,16,35,1,-475.44,-2539.6,454,65,0.888578414917,0,12,0,6,10,42,1,745.24,3972.6,410,966,0.80419588089,0,0,0,6,21,42,1,-692.76,-3707.0,456,116,0.892590999603,0,0,0,6,9,46,1,242.6,1295.4,180,708,0.353605270386,0,0,0,3,6,42,1,34.52,179.6,1782,557,0.871233940125,0,0,0,3,38,42,1,67.88,353.4,1099,829,0.537541389465,0,0,0,3,9,36,1,63.2,329.2,1481,268,0.723979473114,0,0,0,3,23,46,1,101.08,526.4,404,844,0.197861671448,0,0,0,3,16,44,1,-3.0,-15.6,511,359,0.249927043915,0,0,0,3,13,44,1,149.16,776.8,1108,151,0.541616916656,0,0,0,0,24,35,1,-608.84,-3199.4,209,687,0.204957485199,0,0,0,0,23,43,1,70.52,370.6,716,275,0.700165271759,0,0,0,0,25,39,1,482.0,2533.0,413,881,0.404556274414,0,0,0,5,7,39,1,-20.32,-106.8,228,88,0.222958087921,0,0,0,5,3,42,1,-51.96,-273.2,550,56,0.537688732147,0,0,0,1,129,39,1,-20.52,-107.8,585,814,0.572625160217,0,0,0,,,,,,,,,,,,
1,0,94432000,105214000,94418000,94432000,94432000,0.0,0.0,0.0,0,0.0,36,2,0,2,33,24,2,-178.32,-937.0,269,591,0.263516902924,0,20,0,2,21,36,1,423.0,2223.0,826,183,0.807604789734,0,0,0,5,2,31,1,-15.2,-79.8,462,482,0.452073574066,0,1,0,2,27,36,1,152.68,802.2,429,317,0.419658184052,0,6,0,2,30,21,2,-194.56,-1022.4,3793,748,0.708436965942,3,25,0,2,26,41,1,-548.32,-2881.4,1693,141,0.655071258545,1,0,0,2,29,43,1,-162.32,-853.0,2685,615,0.625220775604,2,0,0,0,32,21,1,182.84,960.8,298,316,0.291602611542,0,26,0,6,6,30,1,-29.2,-155.8,316,1011,0.620327472687,0,15,0,6,23,15,2,284.12,1520.0,309,473,0.605602264404,0,30,0,3,39,39,1,-32.6,-169.8,981,1021,0.479959964752,0,0,0,3,32,26,1,247.0,1286.2,212,841,0.104018688202,0,18,0,1,137,33,1,-20.44,-107.4,228,144,0.22301197052,0,0,0,0,28,26,1,518.36,2724.0,953,963,0.932493686676,0,17,0,1,128,31,2,-18.68,-98.2,984,970,0.962802886963,0,36,0,0,10,27,1,491.36,2582.2,358,706,0.350625991821,0,11,0,0,18,41,1,-555.8,-2920.8,908,174,0.887752056122,0,0,0,0,12,43,1,223.0,1171.8,203,584,0.198993682861,0,0,0,6,7,29,1,213.12,1140.8,263,713,0.516039848328,0,14,0,6,22,26,2,-166.2,-887.2,338,860,0.66309261322,0,28,0,6,16,34,1,-475.24,-2538.6,454,892,0.890160560608,0,10,0,6,10,37,1,745.32,3972.8,409,689,0.801709651947,0,0,0,6,21,48,1,-692.92,-3708.0,457,302,0.894903182983,0,0,0,6,9,45,1,242.72,1296.2,180,285,0.352795600891,0,0,0,3,6,41,1,34.56,180.0,1782,316,0.871118545532,0,0,0,3,38,42,1,68.16,355.0,1099,352,0.537313938141,0,0,0,3,9,43,1,63.24,329.2,1480,851,0.72376871109,0,0,0,3,23,46,1,101.12,526.6,404,139,0.197525024414,0,0,0,3,16,39,1,-2.88,-15.0,511,379,0.249936580658,0,0,0,3,13,38,1,149.6,779.0,1107,131,0.541118621826,0,0,0,0,24,38,1,-608.68,-3198.6,211,767,0.206988811493,0,0,0,0,23,41,1,70.64,371.2,716,29,0.69993019104,0,0,0,0,25,41,1,481.96,2532.8,412,221,0.402948379517,0,0,0,5,7,31,1,-21.04,-110.6,228,160,0.223026752472,0,0,0,5,3,43,1,-51.88,-272.6,550,238,0.537862300873,0,0,0,1,129,48,1,-20.44,-107.4,585,886,0.572693824768,0,0,0
1,0,94433000,105215000,94419000,94433000,94433000,0.0,0.0,0.0,0,0.0,35,2,0,2,33,24,2,-178.84,-939.8,270,195,0.264116287231,0,20,0,2,21,29,1,423.2,2223.8,824,754,0.806194782257,0,11,0,5,2,31,1,-15.2,-79.8,462,534,0.452123165131,0,2,0,2,27,35,1,152.52,801.4,428,808,0.419148921967,0,5,0,2,30,20,2,-194.04,-1019.8,3794,406,0.709087848663,3,25,0,2,26,44,1,-548.4,-2882.0,1695,9,0.656900405884,1,0,0,2,29,42,1,-162.48,-853.8,2686,158,0.625762462616,2,0,0,0,32,29,1,184.0,967.0,297,688,0.290979862213,0,19,0,6,6,28,1,-29.6,-157.8,317,38,0.620426177979,0,17,0,3,39,41,1,-32.68,-170.2,982,225,0.480068683624,0,0,0,3,32,23,1,249.52,1299.4,211,123,0.103187084198,0,27,0,1,137,41,1,-20.52,-107.8,228,216,0.223080158234,0,0,0,0,28,26,1,518.88,2726.8,952,175,0.930764198303,0,17,0,1,128,31,2,-19.88,-104.4,984,953,0.9627866745,0,26,0,0,10,32,1,491.2,2581.2,357,10,0.348984241486,0,10,0,0,18,39,1,-555.92,-2921.4,910,68,0.889605998993,0,0,0,0,12,39,1,222.92,1171.4,202,829,0.198250293732,0,0,0,6,7,32,1,212.68,1138.4,263,342,0.515331745148,0,11,0,6,22,25,2,-167.16,-892.2,339,128,0.663650989532,0,30,0,6,16,31,1,-475.48,-2539.8,455,697,0.891743659973,0,17,0,6,10,41,1,745.32,3973.0,408,412,0.799222946167,0,0,0,6,21,43,1,-692.76,-3707.2,458,487,0.897213935852,0,0,0,6,9,47,1,242.52,1295.0,179,885,0.351985931396,0,0,0,3,6,42,1,34.52,179.6,1782,73,0.871002674103,0,0,0,3,38,45,1,68.04,354.2,1098,901,0.537087440491,0,0,0,3,9,41,1,63.24,329.4,1480,408,0.723557472229,0,0,0,3,23,46,1,101.0,525.8,403,458,0.197188854218,0,0,0,3,16,42,1,-3.0,-15.6,511,400,0.249946594238,0,0,0,3,13,44,1,149.36,777.8,1106,110,0.540619850159,0,0,0,0,24,37,1,-609.04,-3200.6,213,847,0.209020137787,0,0,0,0,23,44,1,70.48,370.4,715,806,0.699694633484,0,0,0,0,25,25,1,482.32,2534.6,410,584,0.401340007782,0,0,0,5,7,38,1,-20.52,-108.0,228,231,0.223095417023,0,0,0,5,3,42,1,-51.88,-272.6,550,419,0.538035392761,0,0,0,1,129,44,1,-20.4,-107.2,585,957,0.572762012482,0,0,0,,,,,,,,,,,,
1,0,94434000,105216000,94420000,94434000,94434000,0.0,0.0,0.0,0,0.0,35,2,0,2,33,25,2,-179.08,-941.2,270,798,0.264691352844,0,20,0,2,21,31,1,422.96,2222.6,823,312,0.804795265198,0,14,0,5,2,35,1,-15.48,-81.4,462,608,0.45219373703,0,11,0,2,27,35,1,152.24,800.0,428,276,0.418641090393,0,0,0,2,30,21,2,-193.12,-1014.8,3795,58,0.709733009338,3,25,0,2,26,38,1,-548.6,-2883.0,1696,902,0.658730983734,1,0,0,2,29,39,1,-162.6,-854.4,2686,727,0.626305103302,2,0,0,0,32,20,1,184.04,967.0,297,53,0.290373325348,0,21,0,6,6,28,1,-29.6,-158.0,317,88,0.62052154541,0,16,0,3,39,44,1,-32.8,-170.8,982,455,0.480178356171,0,0,0,3,32,23,1,246.32,1282.8,209,407,0.102344989777,0,27,0,1,137,34,1,-20.76,-109.2,228,288,0.223149299622,0,0,0,0,28,26,1,518.32,2723.8,950,420,0.929042816162,0,17,0,1,128,31,1,-19.76,-104.0,984,993,0.962824821472,0,18,0,0,10,25,1,491.08,2580.8,355,346,0.347349643707,0,9,0,0,18,44,1,-556.24,-2923.0,911,987,0.891460418701,0,0,0,0,12,40,1,222.64,1170.0,202,50,0.197506904602,0,0,0,6,7,31,1,212.56,1137.8,262,995,0.514622211456,0,7,0,6,22,23,2,-166.64,-889.4,339,412,0.664193630219,0,32,0,6,16,31,1,-475.28,-2539.0,456,499,0.893323421478,0,16,0,6,10,38,1,745.16,3972.2,407,136,0.796737670898,0,0,0,6,21,35,1,-693.08,-3708.8,459,672,0.899524688721,0,0,0,6,9,46,1,242.24,1293.6,179,462,0.351177692413,0,0,0,3,6,42,1,34.32,178.8,1781,856,0.870887756348,0,0,0,3,38,44,1,67.84,353.2,1098,427,0.536860942841,0,0,0,3,9,38,1,63.0,328.2,1479,991,0.723347187042,0,0,0,3,23,44,1,100.72,524.4,402,778,0.196852684021,0,0,0,3,16,43,1,-3.08,-16.0,511,423,0.249957561493,0,0,0,3,13,40,1,149.2,777.0,1105,93,0.540122509003,0,0,0,0,24,35,1,-609.24,-3201.6,215,927,0.211051940918,0,0,0,0,23,46,1,70.28,369.4,715,560,0.699460029602,0,0,0,0,25,35,1,481.72,2531.6,408,949,0.399733543396,0,0,0,5,7,31,1,-20.68,-108.8,228,304,0.223164558411,0,0,0,5,3,37,1,-52.16,-274.2,550,601,0.538208961487,0,0,0,1,129,43,1,-20.6,-108.2,586,5,0.572830200195,0,0,0,,,,,,,,,,,,
1,0,94435000,105217000,94421000,94435000,94435000,0.0,0.0,0.0,0,0.0,35,2,0,2,33,28,2,-179.2,-941.6,271,389,0.265278816223,0,17,0,2,21,30,2,423.16,2223.6,821,878,0.803380012512,0,16,0,5,2,31,1,-15.44,-81.0,462,691,0.452272891998,0,12,0,2,27,27,2,152.36,800.8,427,771,0.418136119843,0,14,0,2,30,19,2,-190.88,-1003.0,3795,732,0.710376739502,3,27,0,2,26,38,1,-548.96,-2884.8,1698,773,0.660562038422,1,0,0,2,29,37,1,-162.64,-854.6,2687,270,0.626846313477,2,0,0,0,32,23,1,183.68,965.2,296,414,0.289741039276,0,30,0,6,6,27,1,-29.92,-159.6,317,139,0.620617866516,0,27,0,3,39,43,1,-32.96,-171.6,982,685,0.480288028717,0,0,0,3,32,23,1,247.0,1286.2,207,704,0.101509571075,0,27,0,1,137,37,1,-20.84,-109.6,228,361,0.223218917847,0,0,0,0,28,27,1,518.0,2722.0,948,662,0.927318572998,0,16,0,1,128,30,1,-20.04,-105.4,985,26,0.962879180908,0,21,0,0,10,27,1,491.08,2580.6,353,678,0.345711708069,0,15,0,0,18,40,1,-556.44,-2924.0,913,883,0.893316268921,0,0,0,0,12,35,1,222.44,1169.0,201,297,0.196765422821,0,0,0,6,7,31,1,212.28,1136.4,262,623,0.513912200928,0,18,0,6,22,34,1,-166.92,-891.0,339,697,0.664737224579,0,24,0,6,16,37,1,-475.88,-2542.2,457,307,0.894913196564,0,23,0,6,10,36,1,744.88,3970.6,405,884,0.794254302979,0,0,0,6,21,43,1,-693.32,-3710.2,460,859,0.901837348938,0,0,0,6,9,41,1,241.88,1291.6,179,40,0.350370407104,0,0,0,3,6,42,1,34.28,178.4,1781,617,0.870773792267,0,0,0,3,38,42,1,67.76,352.8,1097,978,0.536634922028,0,0,0,3,9,41,1,62.84,327.4,1479,552,0.723137378693,0,0,0,3,23,44,1,100.52,523.4,402,76,0.196517467499,0,0,0,3,16,45,1,-3.24,-16.8,511,446,0.249969005585,0,0,0,3,13,41,1,149.16,776.6,1104,74,0.53962469101,0,0,0,0,24,44,1,-609.32,-3201.8,217,1008,0.213084220886,0,0,0,0,23,44,1,70.12,368.6,715,314,0.69922542572,0,0,0,0,25,35,1,481.52,2530.4,407,290,0.39812707901,0,0,0,5,7,35,1,-20.8,-109.4,228,378,0.223234653473,0,1,0,5,3,32,1,-52.12,-273.8,550,784,0.53838300705,0,0,0,1,129,44,1,-20.76,-109.2,586,78,0.57289981842,0,0,0,,,,,,,,,,,,
1,0,94436000,105218000,94422000,94436000,94436000,0.0,0.0,0.0,0,0.0,36,2,0,2,19,20,3,50.88,267.4,1683,251,0.645401477814,1,39,0,2,33,31,1,-179.64,-944.0,271,1003,0.265864849091,0,17,0,2,21,39,1,422.6,2220.8,820,405,0.801950931549,0,14,0,5,2,37,1,-15.88,-83.4,462,704,0.452285766602,0,11,0,2,27,27,2,151.44,795.8,427,245,0.417634487152,0,14,0,2,30,18,2,-194.72,-1023.2,3796,392,0.711029529572,3,27,0,2,26,33,1,-549.32,-2886.6,1700,645,0.662395000458,1,0,0,2,29,27,1,-162.72,-855.2,2687,834,0.627385616302,2,2,0,0,32,22,1,182.12,957.0,295,822,0.289152145386,0,28,0,6,6,26,1,-29.68,-158.4,317,187,0.620710849762,0,22,0,3,39,46,1,-33.4,-174.0,982,918,0.480399131775,0,0,0,3,32,30,1,247.0,1286.2,206,28,0.100697994232,0,25,0,1,137,37,1,-21.24,-111.6,228,434,0.223289012909,0,0,0,0,28,28,1,517.56,2719.8,946,917,0.9256067276,0,25,0,1,128,31,1,-20.16,-105.8,985,104,0.962954044342,0,17,0,0,10,27,1,490.52,2577.8,351,1002,0.344065666199,0,14,0,0,18,28,1,-556.56,-2924.8,915,780,0.895173549652,0,0,0,0,12,43,1,222.08,1167.2,200,545,0.196024417877,0,0,0,6,7,25,2,212.44,1137.2,262,245,0.513189315796,0,27,0,6,22,30,1,-167.88,-896.2,339,984,0.665287017822,0,19,0,6,16,26,1,-476.36,-2544.8,458,118,0.896507263184,0,17,0,6,10,33,1,744.4,3968.0,404,611,0.791775226593,0,11,0,6,21,37,1,-693.72,-3712.2,462,21,0.90415096283,0,0,0,6,9,39,1,241.36,1288.8,178,642,0.34956407547,0,0,0,3,6,39,1,33.72,175.6,1781,381,0.87066078186,0,0,0,3,38,41,1,67.36,350.8,1097,505,0.536409378052,0,0,0,3,9,39,1,62.32,324.4,1479,116,0.722929477692,0,0,0,3,23,42,1,100.04,521.0,401,400,0.196183204651,0,0,0,3,16,42,1,-3.8,-19.8,511,470,0.249979972839,0,0,0,3,13,36,1,148.76,774.6,1103,56,0.539127826691,0,0,0,0,24,27,1,-607.84,-3194.2,220,65,0.215116500854,0,22,0,0,23,42,1,69.72,366.2,715,70,0.69899225235,0,0,0,0,25,39,1,481.12,2528.2,405,656,0.396521091461,0,0,0,5,7,34,1,-21.32,-112.0,228,451,0.223304748535,0,0,0,5,3,32,1,-52.48,-275.6,550,968,0.538558959961,0,0,0,1,129,43,1,-21.24,-111.6,586,151,0.572969913483,0,0,0
1,0,94437000,105219000,94423000,94437000,94437000,0.0,0.0,0.0,0,0.0,37,2,0,2,19,22,3,49.56,260.4,1683,91,0.645248413086,1,34,0,2,33,22,2,-179.56,-943.6,272,574,0.266433238983,0,28,0,2,21,31,1,422.0,2217.6,818,989,0.800553798676,0,16,0,5,2,34,1,-15.76,-83.0,462,761,0.4523396492,0,11,0,2,27,32,2,152.04,799.0,426,735,0.417123794556,0,20,0,2,12,23,1,316.64,1664.0,461,995,0.45158624649,0,38,0,2,30,17,2,-195.76,-1028.8,3797,51,0.711681365967,3,27,0,2,26,40,1,-549.08,-2885.6,1702,512,0.664223194122,1,11,0,2,29,33,1,-162.36,-853.4,2688,379,0.627928256989,2,0,0,0,32,34,2,183.68,965.2,295,182,0.288541793823,0,24,0,6,6,25,1,-28.88,-154.2,317,243,0.620816707611,0,27,0,6,23,17,1,283.36,1515.8,307,23,0.600827693939,0,63,0,3,39,42,1,-33.24,-173.0,983,127,0.48051071167,0,0,0,3,32,24,1,247.08,1286.6,204,403,0.099899768829,0,26,0,1,137,44,1,-21.0,-110.4,228,508,0.223359584808,0,0,0,0,28,26,1,517.72,2720.6,945,139,0.92388677597,0,19,0,1,128,29,1,-16.56,-87.0,985,302,0.963143348694,0,63,0,0,10,26,1,491.16,2581.2,350,303,0.342420578003,0,11,0,0,18,30,1,-557.28,-2928.6,917,687,0.897039890289,0,9,0,0,12,40,1,221.88,1166.0,199,793,0.195283412933,0,0,0,6,7,35,1,212.52,1137.6,261,899,0.51248216629,0,20,0,6,16,35,1,-476.12,-2543.4,458,949,0.898096084595,0,20,0,6,10,32,1,744.56,3968.8,403,338,0.789297103882,0,14,0,6,21,30,1,-692.36,-3705.0,463,209,0.906467437744,0,14,0,6,9,43,1,241.6,1290.2,178,220,0.34875869751,0,0,0,3,6,37,1,33.88,176.4,1781,145,0.870548248291,0,0,0,3,38,43,1,67.72,352.6,1097,34,0.536184310913,0,0,0,3,9,41,1,62.64,326.2,1478,703,0.722721099854,0,0,0,3,23,43,1,100.28,522.2,400,723,0.195848941803,0,0,0,3,16,39,1,-3.52,-18.2,511,494,0.249991893768,0,0,0,3,13,38,1,149.08,776.2,1102,38,0.538630485535,0,0,0,0,24,33,1,-609.16,-3201.2,222,151,0.217153549194,0,17,0,0,23,43,1,69.88,367.2,714,851,0.698759555817,0,0,0,0,25,35,1,481.08,2528.2,403,1022,0.39491558075,0,1,0,5,7,39,1,-21.04,-110.6,228,524,0.223374843597,0,0,0,5,3,45,1,-52.6,-276.4,551,127,0.538733482361,0,0,0
1,0,94438000,105220000,94424000,94438000,94438000,0.0,0.0,0.0,0,0.0,36,2,0,2,19,25,2,50.32,264.6,1682,949,0.645090103149,1,27,0,2,33,29,2,-179.64,-944.0,273,216,0.267068386078,0,21,0,2,21,31,1,422.88,2222.2,817,514,0.799122333527,0,25,0,5,2,41,1,-15.36,-80.6,462,804,0.452381134033,0,9,0,2,27,29,2,152.16,799.6,426,200,0.416614055634,0,15,0,2,12,26,1,315.64,1658.6,460,904,0.450521469116,0,30,0,2,30,18,2,-191.68,-1007.4,3797,729,0.71232843399,3,27,0,2,26,36,1,-548.76,-2883.8,1704,396,0.66606760025,1,11,0,2,29,36,1,-162.4,-853.4,2688,948,0.628471374512,2,0,0,0,32,36,1,183.68,965.2,294,556,0.287920951843,0,16,0,6,6,25,1,-28.72,-153.2,317,289,0.62090587616,0,27,0,6,23,20,2,283.36,1515.8,306,566,0.599908351898,0,58,0,3,39,44,1,-33.08,-172.4,983,358,0.480620861053,0,0,0,3,32,24,1,247.0,1286.0,202,723,0.099074363708,0,21,0,1,137,38,1,-20.8,-109.2,228,581,0.223428726196,0,0,0,1,128,32,1,-18.0,-94.4,985,347,0.963186264038,0,52,0,0,10,25,1,490.96,2580.0,348,651,0.340797901154,0,12,0,0,18,30,1,-556.88,-2926.4,919,576,0.898888111115,0,9,0,0,12,39,1,222.28,1168.2,199,16,0.194541454315,0,0,0,6,7,27,1,212.56,1137.8,261,532,0.511780261993,0,19,0,6,16,37,1,-476.12,-2543.4,459,758,0.899688720703,0,17,0,6,10,27,1,743.32,3962.4,402,63,0.786813735962,0,26,0,6,21,39,1,-693.32,-3710.2,464,396,0.908781051636,0,14,0,6,9,42,1,241.68,1290.4,177,822,0.347952365875,0,0,0,3,6,39,1,34.08,177.4,1780,932,0.870435237885,0,0,0,3,38,43,1,67.8,353.2,1096,585,0.535958766937,0,0,0,3,9,38,1,62.84,327.2,1478,266,0.722512245178,0,0,0,3,23,44,1,100.24,521.8,400,23,0.195514202118,0,0,0,3,16,43,1,-3.36,-17.4,511,519,0.250003814697,0,0,0,3,13,36,1,149.2,777.0,1101,20,0.538132667542,0,0,0,0,24,35,1,-609.08,-3200.8,224,238,0.219191551208,0,22,0,0,23,44,1,69.92,367.4,714,606,0.698526382446,0,0,0,0,25,37,1,481.48,2530.2,402,364,0.393309593201,0,1,0,5,7,35,1,-20.76,-109.2,228,597,0.223443984985,0,0,0,5,3,32,1,-52.04,-273.4,551,310,0.538908481598,0,0,0,1,129,41,1,-20.8,-109.4,586,298,0.573110103607,0,0,0
1,0,94439000,105221000,94425000,94439000,94439000,0.0,0.0,0.0,0,0.0,37,2,0,2,19,25,2,50.92,267.6,1682,768,0.644917011261,1,23,0,2,33,29,2,-178.84,-939.8,273,832,0.267656803131,0,27,0,2,21,38,1,423.04,2223.0,816,93,0.797743320465,0,15,0,5,2,30,1,-17.24,-90.6,462,868,0.452442169189,0,15,0,2,27,27,2,151.92,798.4,425,701,0.416113853455,0,23,0,2,12,30,1,315.64,1658.6,459,841,0.449483394623,0,23,0,2,26,35,2,-548.96,-2884.8,1706,273,0.667905330658,1,9,0,2,29,35,1,-162.4,-853.4,2689,492,0.629013538361,2,0,0,0,32,32,1,183.36,963.6,293,930,0.287301063538,0,10,0,6,6,35,1,-29.64,-158.2,317,342,0.621007442474,0,20,0,6,23,20,2,283.36,1515.8,306,71,0.598963260651,0,50,0,3,39,43,1,-33.0,-171.8,983,590,0.480731487274,0,0,0,3,32,25,1,247.16,1287.0,201,12,0.098246574402,0,16,0,1,137,41,1,-20.8,-109.2,228,654,0.223498344421,0,0,0,0,28,24,1,517.76,2721.0,941,630,0.9204454422,0,27,0,1,128,27,1,-9.64,-50.8,985,374,0.963212013245,0,34,0,0,10,31,1,490.44,2577.2,346,984,0.339160919189,0,25,0,0,18,41,1,-556.56,-2924.8,921,478,0.90074968338,0,9,0,0,12,34,1,222.32,1168.2,198,263,0.193799495697,0,0,0,6,7,18,1,213.04,1140.4,261,161,0.511071681976,0,26,0,6,22,30,2,-167.64,-894.8,340,840,0.666968345642,0,28,0,6,16,43,1,-476.28,-2544.2,460,568,0.901282787323,0,9,0,6,10,25,1,743.56,3963.6,400,818,0.784343242645,0,27,0,6,21,42,1,-693.52,-3711.2,465,582,0.91109418869,0,12,0,6,9,39,1,241.6,1290.0,177,401,0.347146987915,0,0,0,3,6,41,1,34.12,177.6,1780,694,0.870321750641,0,0,0,3,38,43,1,67.88,353.4,1096,110,0.535732269287,0,0,0,3,9,41,1,62.84,327.2,1477,852,0.722302913666,0,0,0,3,23,42,1,100.28,522.2,399,346,0.19517993927,0,0,0,3,16,44,1,-3.32,-17.2,511,545,0.250016212463,0,0,0,3,13,33,1,149.48,778.4,1100,1,0.537635326385,0,0,0,0,24,40,1,-609.28,-3201.6,226,304,0.221209526062,0,11,0,0,23,44,1,69.84,367.0,714,362,0.698293685913,0,0,0,0,25,42,1,481.36,2529.6,400,729,0.391703605652,0,0,0,5,7,37,1,-20.68,-108.8,228,669,0.223513126373,0,0,0,5,3,39,1,-52.48,-275.8,551,495,0.539084911346,0,8,0
1,0,94440000,105222000,94426000,94440000,94440000,0.0,0.0,0.0,0,0.0,36,2,0,2,19,23,2,49.28,259.0,1682,608,0.644764900208,1,27,0,2,33,22,2,-180.16,-946.8,274,448,0.268267631531,0,21,0,2,21,36,1,423.0,2222.8,814,632,0.79630279541,0,9,0,5,2,37,1,-15.16,-79.6,462,927,0.452498435974,0,12,0,2,27,27,2,152.2,799.8,425,152,0.415590286255,0,20,0,2,12,29,1,315.24,1656.6,458,773,0.448441505432,0,18,0,2,26,40,1,-548.96,-2884.8,1708,124,0.669717788696,1,9,0,2,29,35,1,-162.32,-853.0,2690,36,0.629556179047,2,0,0,0,32,32,1,183.56,964.6,293,275,0.286675930023,0,9,0,6,6,34,1,-29.32,-156.4,317,388,0.621094703674,0,15,0,6,23,19,2,281.64,1506.6,305,615,0.598044395447,0,45,0,3,39,42,1,-33.04,-172.0,983,820,0.480841636658,0,0,0,3,32,23,1,247.88,1290.8,199,313,0.097412586212,0,25,0,1,137,39,1,-20.6,-108.4,228,726,0.223567962646,0,0,0,0,28,25,1,518.48,2724.6,939,868,0.918717384338,0,20,0,1,128,27,1,-16.68,-87.8,985,403,0.963239192963,0,27,0,0,10,24,1,491.08,2580.6,345,324,0.337553024292,0,22,0,0,18,30,1,-557.72,-2930.8,923,367,0.902599334717,0,9,0,0,12,35,1,222.76,1170.6,197,510,0.193058013916,0,0,0,6,7,35,1,212.56,1137.8,260,811,0.510356903076,0,20,0,6,16,44,1,-476.04,-2543.0,461,377,0.902874946594,0,7,0,6,10,31,1,744.8,3970.2,399,538,0.781851291656,0,26,0,6,21,31,1,-693.52,-3711.2,466,768,0.913406848907,0,23,0,6,9,45,1,241.48,1289.4,176,1004,0.346342086792,0,0,0,3,6,38,1,34.08,177.6,1780,455,0.87020778656,0,0,0,3,38,43,1,67.88,353.4,1095,661,0.535506725311,0,0,0,3,9,35,1,62.72,326.6,1477,414,0.72209405899,0,0,0,3,23,42,1,100.36,522.6,398,670,0.194845676422,0,0,0,3,16,40,1,-3.32,-17.4,511,569,0.250027656555,0,0,0,3,13,34,1,149.32,777.6,1098,1007,0.537137508392,0,0,0,0,24,43,1,-609.08,-3200.8,228,390,0.223247051239,0,7,0,0,23,46,1,69.84,367.0,714,119,0.69806098938,0,0,0,0,25,35,1,481.76,2531.6,399,71,0.390097618103,0,0,0,5,7,35,1,-20.72,-108.8,228,742,0.223582267761,0,0,0,5,3,41,1,-52.24,-274.6,551,673,0.539255142212,0,5,0,1,129,42,1,-20.92,-110.0,586,445,0.573249816895,0,0,0
1,0,94441000,105223000,94427000,94441000,94441000,0.0,0.0,0.0,0,0.0,36,2,0,2,19,21,2,50.2,263.8,1682,433,0.644597530365,1,26,0,2,33,28,2,-179.28,-942.2,275,66,0.268880367279,0,19,0,2,21,29,1,423.44,2225.2,813,195,0.794908046722,0,13,0,5,2,27,1,-24.72,-129.8,462,996,0.452564239502,0,25,0,2,27,30,1,152.48,801.2,424,634,0.415072917938,0,17,0,2,12,28,1,315.6,1658.4,457,670,0.447365283966,0,17,0,2,26,41,1,-548.68,-2883.4,1710,2,0.671556472778,1,3,0,2,29,35,1,-161.96,-851.0,2690,604,0.630097866058,2,0,0,0,32,26,1,183.56,964.6,292,669,0.286074638367,0,18,0,6,6,34,1,-29.24,-156.0,317,435,0.621183872223,0,15,0,6,23,18,2,282.56,1511.6,305,117,0.59709405899,0,41,0,3,39,44,1,-32.84,-171.0,984,29,0.480952262878,0,0,0,3,32,22,1,249.6,1299.6,197,632,0.096587181091,0,30,0,1,137,42,1,-20.4,-107.2,228,799,0.223636627197,0,0,0,0,28,25,1,517.64,2720.2,938,75,0.916983604431,0,18,0,1,128,27,1,-32.84,-172.6,985,502,0.96333360672,0,27,0,0,10,34,1,491.2,2581.2,343,623,0.335883617401,0,13,0,0,18,41,1,-556.52,-2924.6,925,267,0.904458522797,0,9,0,0,12,43,1,222.68,1170.2,196,757,0.192316532135,0,0,0,6,7,32,1,212.92,1139.6,260,436,0.509640216827,0,16,0,6,16,44,1,-476.04,-2543.0,462,186,0.904465198517,0,5,0,6,10,32,1,744.64,3969.2,398,258,0.779358863831,0,17,0,6,21,39,1,-693.12,-3709.0,467,951,0.91571187973,0,17,0,6,9,46,1,241.44,1289.4,176,582,0.345536231995,0,0,0,3,6,42,1,34.32,178.6,1780,217,0.870094299316,0,0,0,3,38,43,1,68.12,354.6,1095,187,0.535280227661,0,0,0,3,9,39,1,62.92,327.8,1476,1000,0.721885204315,0,0,0,3,23,41,1,100.52,523.4,397,995,0.194511890411,0,0,0,3,16,45,1,-3.16,-16.4,511,592,0.250038146973,0,0,0,3,13,37,1,149.44,778.2,1097,988,0.536640167236,0,0,0,0,24,41,1,-609.0,-3200.2,230,466,0.225274085999,0,5,0,0,23,45,1,69.96,367.6,713,899,0.697828292847,0,0,0,0,25,32,1,481.68,2531.2,397,436,0.388491153717,0,0,0,5,7,38,1,-20.64,-108.4,228,814,0.223651409149,0,0,0,5,3,36,1,-52.12,-274.0,551,854,0.539427757263,0,6,0,1,129,35,1,-20.48,-107.6,586,518,0.57331943512,0,0,0
1,0,94442000,105224000,94428000,94442000,94442000,0.0,0.0,0.0,0,0.0,36,2,0,2,33,22,2,-179.44,-943.0,275,755,0.26953792572,0,20,0,2,21,36,1,423.4,2225.0,811,761,0.793493270874,0,13,0,5,2,26,1,-14.12,-74.2,463,48,0.45263671875,0,22,0,2,27,30,1,152.44,801.0,424,108,0.414570331573,0,15,0,2,12,20,2,315.08,1655.8,456,610,0.44633102417,0,27,0,2,26,38,1,-548.8,-2884.0,1711,892,0.673383712769,1,6,0,2,29,33,1,-161.8,-850.4,2691,145,0.630637645721,2,0,0,0,32,27,2,184.6,970.0,292,96,0.285527706146,0,23,0,6,6,33,1,-28.8,-153.6,317,482,0.62127494812,0,14,0,6,23,16,1,282.0,1508.6,304,646,0.596148490906,0,36,0,3,39,42,1,-32.8,-170.8,984,258,0.481061935425,0,0,0,3,32,30,1,247.6,1289.2,195,937,0.09575510025,0,19,0,1,137,37,1,-20.36,-106.8,228,870,0.223704814911,0,0,0,0,28,25,2,518.48,2724.6,936,311,0.915253162384,0,19,0,1,128,27,1,-46.08,-242.2,985,643,0.963469028473,0,25,0,0,10,31,1,491.72,2584.0,341,951,0.334241867065,0,25,0,0,18,41,1,-556.76,-2925.8,927,163,0.906314849854,0,3,0,0,12,45,1,222.64,1170.0,195,1003,0.19157409668,0,0,0,6,7,27,1,213.76,1144.4,260,64,0.508929252625,0,17,0,6,22,31,2,-167.32,-893.2,341,716,0.668687820435,0,25,0,6,16,45,1,-475.92,-2542.4,462,1011,0.906042098999,0,3,0,6,10,34,1,744.56,3969.0,396,1010,0.776882171631,0,15,0,6,21,34,1,-693.32,-3710.2,469,117,0.918033599854,0,13,0,6,9,44,1,241.36,1288.8,176,161,0.344730854034,0,0,0,3,6,41,1,34.2,178.2,1779,1001,0.869979381561,0,0,0,3,38,42,1,68.24,355.4,1094,735,0.535052776337,0,0,0,3,9,37,1,63.0,328.0,1476,560,0.721675395966,0,0,0,3,23,46,1,100.4,522.8,397,292,0.194177150726,0,0,0,3,16,43,1,-3.16,-16.4,511,611,0.250047683716,0,0,0,3,13,38,1,149.8,780.0,1096,967,0.536141395569,0,0,0,0,24,40,1,-608.64,-3198.4,232,544,0.227303504944,0,3,0,0,23,42,1,70.2,369.0,713,654,0.697594642639,0,0,0,0,25,34,1,481.52,2530.4,395,801,0.386883735657,0,0,0,5,7,32,1,-20.52,-107.8,228,885,0.223719120026,0,0,0,5,3,36,1,-52.28,-274.8,552,15,0.539603710175,0,8,0,1,129,37,1,-20.72,-108.8,586,590,0.573388576508,0,0,0
1,0,94443000,105225000,94429000,94443000,94443000,0.0,0.0,0.0,0,0.0,37,2,0,2,19,21,2,50.44,265.0,1682,101,0.644280433655,1,26,0,2,33,23,2,-180.0,-946.0,276,308,0.270088672638,0,22,0,2,21,34,1,423.44,2225.0,810,307,0.792081832886,0,14,0,5,2,41,1,-14.8,-77.8,463,61,0.452649116516,0,15,0,2,27,23,2,152.32,800.4,423,595,0.414058208466,0,27,0,2,12,20,2,316.8,1664.8,455,536,0.445281982422,0,27,0,2,26,37,1,-548.72,-2883.6,1713,751,0.675203800201,1,5,0,2,29,33,1,-161.88,-850.6,2691,711,0.631177425385,2,0,0,0,32,27,2,184.72,970.6,291,467,0.284904003143,0,18,0,6,6,34,1,-28.88,-154.2,317,534,0.621374130249,0,11,0,6,23,17,2,284.92,1524.2,304,157,0.595213413239,0,39,0,3,39,43,1,-32.76,-170.6,984,488,0.481171607971,0,0,0,3,32,26,1,247.36,1288.0,194,235,0.094931602478,0,15,0,1,137,39,1,-20.28,-106.6,228,941,0.223772525787,0,0,0,0,28,24,2,517.24,2718.0,934,602,0.913576126099,0,30,0,1,128,27,1,-21.48,-113.0,985,188,0.963034152985,0,63,0,0,10,26,1,490.48,2577.4,340,253,0.332597732544,0,25,0,0,18,41,1,-556.68,-2925.4,929,55,0.908165931702,0,6,0,0,12,42,1,222.84,1171.0,195,226,0.190832138062,0,0,0,6,7,32,1,213.04,1140.6,259,718,0.508222579956,0,18,0,6,22,25,2,-167.0,-891.6,341,1011,0.66925239563,0,22,0,6,16,45,1,-475.96,-2542.4,463,819,0.907632827759,0,2,0,6,10,30,1,744.8,3970.2,395,736,0.774402618408,0,18,0,6,21,37,1,-693.2,-3709.6,470,302,0.920342922211,0,16,0,6,9,46,1,241.4,1289.0,175,763,0.343925476074,0,0,0,3,6,41,1,34.28,178.4,1779,762,0.86986541748,0,0,0,3,38,43,1,68.4,356.2,1094,258,0.534825325012,0,0,0,3,9,40,1,62.76,326.8,1476,122,0.721466064453,0,0,0,3,23,46,1,100.32,522.4,396,616,0.193842411041,0,0,0,3,16,44,1,-3.12,-16.2,511,633,0.250058174133,0,0,0,3,13,38,1,149.68,779.4,1095,945,0.535642147064,0,0,0,0,24,41,1,-608.72,-3199.0,234,623,0.229333877563,0,2,0,0,23,43,1,70.12,368.4,713,409,0.697360992432,0,0,0,0,25,37,1,481.6,2530.8,394,141,0.385277271271,0,0,0,5,7,37,1,-20.24,-106.2,228,956,0.223786830902,0,0,0,5,3,33,1,-51.88,-272.6,552,196,0.5397772789,0,6,0
1,0,94444000,105226000,94430000,94444000,94444000,0.0,0.0,0.0,0,0.0,36,2,0,2,19,22,2,50.68,266.2,1681,955,0.644118309021,1,25,0,2,33,24,2,-179.48,-943.2,276,986,0.270736217499,0,27,0,2,21,35,1,422.92,2222.4,808,877,0.790671825409,0,10,0,5,2,35,1,-15.32,-80.6,463,97,0.452683925629,0,14,0,2,27,24,2,151.88,798.2,423,81,0.41356754303,0,27,0,2,12,19,2,320.04,1681.8,454,446,0.444219112396,0,36,0,2,26,37,1,-549.6,-2888.2,1715,625,0.677039146423,1,1,0,2,29,36,1,-162.8,-855.6,2692,254,0.631719112396,2,0,0,0,32,26,2,182.64,959.8,290,848,0.284289836884,0,26,0,6,6,34,1,-29.64,-158.0,317,586,0.621473312378,0,9,0,6,23,17,2,282.4,1510.6,303,682,0.594258785248,0,36,0,3,39,43,1,-33.6,-175.0,984,720,0.481282711029,0,0,0,3,32,31,1,246.68,1284.6,192,536,0.094097614288,0,15,0,1,137,36,1,-21.08,-110.8,228,1013,0.223841667175,0,0,0,0,28,26,2,517.36,2718.8,932,891,0.911897182465,0,29,0,1,128,27,1,-26.12,-137.4,985,260,0.963102817535,0,50,0,0,10,25,1,490.84,2579.4,338,569,0.330944061279,0,18,0,0,18,42,1,-557.36,-2929.0,930,982,0.910028457642,0,5,0,0,12,43,1,221.76,1165.4,194,474,0.190091133118,0,0,0,6,7,29,1,212.4,1137.0,259,345,0.507509231567,0,17,0,6,16,44,1,-476.96,-2547.8,464,628,0.909224033356,0,0,0,6,10,25,1,744.04,3966.2,394,463,0.771923542023,0,17,0,6,21,35,1,-693.92,-3713.2,471,484,0.922648906708,0,13,0,6,9,43,1,240.4,1283.8,175,343,0.3431224823,0,0,0,3,6,42,1,33.52,174.4,1779,525,0.869752407074,0,0,0,3,38,42,1,67.36,350.8,1093,808,0.534598827362,0,0,0,3,9,42,1,62.28,324.2,1475,708,0.721257209778,0,0,0,3,23,47,1,99.48,518.0,395,943,0.193510055542,0,0,0,3,16,44,1,-3.88,-20.2,511,659,0.250070571899,0,0,0,3,13,40,1,148.88,775.2,1094,926,0.535143852234,0,0,0,0,24,43,1,-609.6,-3203.4,236,704,0.231366634369,0,0,0,0,23,43,1,69.16,363.4,713,167,0.697129249573,0,0,0,0,25,39,1,481.12,2528.2,392,508,0.383671760559,0,0,0,5,7,34,1,-21.08,-110.8,229,4,0.223855495453,0,0,0,5,3,34,1,-52.8,-277.6,552,379,0.5399518013,0,6,0,1,129,42,1,-21.2,-111.4,586,736,0.573527812958,0,0,0
1,0,94445000,105227000,94431000,94445000,94445000,0.0,0.0,0.0,0,0.0,37,2,0,2,19,22,2,48.96,257.2,1681,778,0.643949508667,1,26,0,2,33,24,2,-178.96,-940.4,277,567,0.271314144135,0,28,0,2,21,33,1,422.68,2221.2,807,429,0.789266586304,0,11,0,5,2,41,2,-15.32,-80.6,463,204,0.452785968781,0,14,0,2,27,25,2,152.24,800.0,422,576,0.413062095642,0,25,0,2,12,18,2,314.4,1652.2,453,371,0.443170070648,0,27,0,2,30,17,2,-195.04,-1025.0,3802,389,0.716892242432,3,25,0,2,26,34,1,-549.52,-2887.8,1717,497,0.678872108459,1,1,0,2,29,39,1,-162.28,-852.8,2692,821,0.632259845734,2,0,0,0,32,26,2,184.44,969.2,290,217,0.283687591553,0,27,0,6,6,33,1,-29.28,-156.4,317,636,0.62156867981,0,9,0,6,23,16,2,282.28,1510.0,303,188,0.593314647675,0,35,0,3,39,45,1,-33.44,-174.2,984,953,0.48139333725,0,0,0,3,32,31,1,246.92,1285.8,190,849,0.093269824982,0,11,0,1,137,40,1,-21.16,-111.2,229,62,0.223910808563,0,0,0,0,28,30,2,516.76,2715.6,931,51,0.91011762619,0,25,0,1,128,26,1,-30.08,-158.0,985,365,0.963203430176,0,34,0,0,10,28,1,490.68,2578.4,336,897,0.329302787781,0,14,0,0,18,42,1,-557.52,-2929.8,932,877,0.911883354187,0,3,0,0,12,47,1,221.88,1166.0,193,722,0.189350605011,0,0,0,6,22,30,2,-167.6,-894.6,342,592,0.670407295227,0,25,0,6,16,42,1,-476.84,-2547.2,465,436,0.910814762115,0,0,0,6,10,24,1,743.8,3964.8,393,187,0.769437789917,0,20,0,6,21,39,1,-694.2,-3714.8,472,671,0.924961566925,0,11,0,6,9,42,1,240.36,1283.6,174,947,0.342319488525,0,0,0,3,6,41,1,33.52,174.6,1779,289,0.869639873505,0,0,0,3,38,42,1,67.56,351.8,1093,334,0.534372806549,0,0,0,3,9,37,1,61.92,322.6,1475,273,0.721049308777,0,0,0,3,23,46,1,99.48,518.0,395,246,0.193177700043,0,0,0,3,16,42,1,-3.96,-20.6,511,685,0.250082969666,0,0,0,3,13,40,1,149.08,776.4,1093,907,0.534646034241,0,0,0,0,24,40,1,-609.44,-3202.6,238,784,0.233397960663,0,0,0,0,23,41,1,69.2,363.6,712,948,0.696897983551,0,0,0,0,25,38,1,481.44,2529.8,390,874,0.382066249847,0,0,0,5,7,34,1,-21.24,-111.6,229,76,0.223924636841,0,0,0,5,3,36,1,-52.52,-276.0,552,563,0.540127754211,0,7,0
1,0,94446000,105228000,94432000,94446000,94446000,0.0,0.0,0.0,0,0.0,35,2,0,2,19,22,2,52.36,275.0,1681,596,0.643775939941,1,27,0,2,33,30,2,-181.0,-951.2,278,139,0.271883010864,0,24,0,2,21,29,2,423.28,2224.4,805,993,0.78784942627,0,25,0,5,2,40,2,-15.24,-80.2,463,257,0.452836036682,0,22,0,2,27,25,2,151.72,797.2,422,52,0.412561893463,0,26,0,2,26,30,1,-549.28,-2886.6,1719,369,0.680704116821,1,0,0,2,29,39,1,-162.16,-852.2,2693,362,0.632800102234,2,0,0,0,32,31,2,183.68,965.2,289,646,0.28311920166,0,28,0,6,6,33,1,-29.12,-155.4,317,687,0.62166595459,0,5,0,6,23,17,2,282.48,1511.0,302,718,0.592370986938,0,30,0,3,39,44,1,-33.36,-173.6,985,162,0.481504917145,0,0,0,3,32,34,1,247.0,1286.2,189,159,0.092451572418,0,10,0,1,137,41,1,-20.76,-109.0,229,134,0.223979949951,0,0,0,0,28,29,2,517.12,2717.6,929,259,0.908361434937,0,19,0,0,10,31,1,490.96,2580.0,335,206,0.327665328979,0,11,0,0,18,43,1,-557.32,-2928.8,934,773,0.913739204407,0,1,0,0,12,41,1,222.04,1166.8,192,970,0.188609600067,0,0,0,6,7,28,1,213.24,1141.4,258,633,0.506103038788,0,25,0,6,22,26,1,-168.44,-899.0,342,891,0.670980453491,0,20,0,6,16,41,1,-476.64,-2546.2,466,244,0.912405490875,0,0,0,6,10,25,1,745.08,3971.6,391,938,0.766960144043,0,19,0,6,21,40,1,-693.8,-3712.8,473,860,0.927279472351,0,7,0,6,9,45,1,240.44,1283.8,174,527,0.341516971588,0,0,0,3,6,41,1,33.6,175.0,1779,54,0.869527339935,0,0,0,3,38,42,1,67.76,352.8,1092,884,0.534146308899,0,0,0,3,9,39,1,62.2,323.8,1474,862,0.720841884613,0,0,0,3,23,43,1,99.48,518.0,394,574,0.192845344543,0,0,0,3,16,43,1,-3.84,-20.0,511,711,0.250094890594,0,0,0,3,13,42,1,149.16,776.6,1092,888,0.534148216248,0,0,0,0,24,43,1,-609.08,-3200.8,240,865,0.235429763794,0,0,0,0,23,44,1,69.24,363.8,712,706,0.696666240692,0,0,0,0,25,36,1,481.16,2528.6,389,217,0.380462169647,0,0,0,5,7,38,1,-20.72,-108.8,229,148,0.223993301392,0,0,0,5,3,39,1,-52.32,-275.0,552,746,0.540301799774,0,7,0,1,129,40,1,-21.36,-112.4,586,883,0.573668479919,0,0,0,,,,,,,,,,,,
1,0,94447000,105229000,94433000,94447000,94447000,0.0,0.0,0.0,0,0.0,37,2,0,2,19,23,2,49.08,257.8,1681,422,0.643609523773,1,26,0,2,33,30,2,-179.72,-944.4,278,766,0.272481441498,0,22,0,2,21,30,2,423.16,2223.8,804,548,0.786447525024,0,19,0,5,2,39,2,-14.6,-76.8,463,274,0.452852725983,0,17,0,2,27,24,2,151.2,794.6,421,532,0.412043094635,0,26,0,2,30,20,2,-194.96,-1024.6,3803,730,0.718194484711,3,25,0,2,26,35,1,-548.36,-2881.6,1721,241,0.682537555695,1,1,0,2,29,40,1,-161.2,-847.2,2693,928,0.633339881897,2,0,0,0,32,26,2,184.4,969.2,289,0,0.282503128052,0,25,0,6,6,35,1,-28.36,-151.4,317,738,0.621763706207,0,5,0,6,23,16,2,279.32,1494.2,302,225,0.591429233551,0,34,0,3,39,45,1,-32.52,-169.2,985,395,0.481615543365,0,0,0,3,32,29,1,247.4,1288.2,187,493,0.091633319855,0,17,0,1,137,40,1,-19.84,-104.2,229,207,0.224049091339,0,0,0,0,28,27,1,517.24,2718.2,927,499,0.906635284424,0,22,0,1,128,27,1,-20.84,-109.6,985,375,0.963212966919,0,53,0,0,10,31,1,492.16,2586.4,333,541,0.326029777527,0,12,0,0,18,45,1,-556.72,-2925.6,936,679,0.91560459137,0,2,0,0,12,46,1,222.76,1170.6,192,194,0.187869548798,0,0,0,6,7,33,1,213.44,1142.6,258,259,0.505388259888,0,23,0,6,22,26,2,-171.12,-913.4,343,158,0.671535015106,0,24,0,6,16,43,1,-476.08,-2543.2,467,53,0.913996219635,0,0,0,6,10,34,1,744.92,3970.8,390,660,0.764472484589,0,18,0,6,21,41,1,-692.88,-3707.8,475,23,0.929594516754,0,7,0,6,9,46,1,241.12,1287.4,174,107,0.340714454651,0,0,0,3,6,41,1,34.44,179.4,1778,843,0.869415283203,0,0,0,3,38,41,1,68.72,357.8,1092,411,0.533920764923,0,0,0,3,9,39,1,63.04,328.2,1474,428,0.720634460449,0,0,0,3,23,44,1,100.44,523.0,393,903,0.192512989044,0,0,0,3,16,44,1,-2.96,-15.4,511,736,0.250107288361,0,0,0,3,13,42,1,150.16,781.8,1091,869,0.533650398254,0,0,0,0,24,44,1,-608.48,-3197.6,242,946,0.237462520599,0,0,0,0,23,44,1,70.0,367.8,712,464,0.696435451508,0,0,0,0,25,41,1,481.88,2532.4,387,584,0.378857135773,0,0,0,5,7,36,1,-19.8,-104.2,229,221,0.22406244278,0,1,0,5,3,35,1,-51.8,-272.2,552,930,0.540477275848,0,3,0
1,0,94448000,105230000,94434000,94448000,94448000,0.0,0.0,0.0,0,0.0,37,2,0,2,19,24,2,49.24,258.8,1681,237,0.643432617188,1,25,0,2,33,23,2,-180.16,-946.6,279,393,0.273102760315,0,23,0,2,21,30,2,423.28,2224.2,803,86,0.785028934479,0,18,0,5,2,38,1,-15.48,-81.4,463,317,0.452893733978,0,11,0,2,27,30,1,151.48,796.0,420,1022,0.411533355713,0,25,0,2,30,20,2,-194.24,-1020.6,3804,387,0.718844890594,3,27,0,2,26,37,1,-549.36,-2887.0,1723,113,0.684370040894,1,0,0,2,29,43,1,-162.12,-852.0,2694,470,0.633880615234,2,0,0,0,32,27,2,184.16,967.8,288,385,0.281892776489,0,22,0,6,6,34,1,-29.24,-156.0,317,789,0.62186050415,0,1,0,6,23,17,2,281.48,1505.8,301,756,0.590486049652,0,30,0,3,39,44,1,-33.4,-173.8,985,627,0.481726646423,0,0,0,3,32,28,1,246.96,1286.0,185,800,0.090802192688,0,14,0,1,137,42,1,-20.72,-108.8,229,279,0.22411775589,0,0,0,0,28,26,1,517.16,2717.8,925,744,0.904913902283,0,21,0,1,128,28,1,-22.12,-116.4,985,461,0.963294506073,0,34,0,0,10,31,1,490.96,2580.0,331,873,0.324392318726,0,10,0,0,18,43,1,-557.48,-2929.6,938,578,0.917462825775,0,0,0,0,12,42,1,221.68,1165.0,191,443,0.187129497528,0,0,0,6,7,29,1,212.84,1139.4,257,910,0.504675388336,0,19,0,6,22,31,2,-168.28,-898.2,343,462,0.672117233276,0,23,0,6,16,40,1,-476.92,-2547.6,467,885,0.915586948395,0,0,0,6,10,31,1,744.32,3967.6,389,380,0.761980056763,0,16,0,6,21,34,1,-694.12,-3714.4,476,210,0.931909561157,0,11,0,6,9,43,1,240.28,1283.2,173,712,0.339912414551,0,0,0,3,6,43,1,33.52,174.6,1778,608,0.869303226471,0,0,0,3,38,44,1,67.72,352.6,1091,960,0.533693790436,0,0,0,3,9,41,1,62.12,323.4,1473,1016,0.720426559448,0,0,0,3,23,45,1,99.36,517.4,393,207,0.192181110382,0,0,0,3,16,43,1,-3.76,-19.6,511,761,0.250118732452,0,0,0,3,13,43,1,149.12,776.4,1090,850,0.533152580261,0,0,0,0,24,43,1,-609.24,-3201.4,245,3,0.239494800568,0,0,0,0,23,45,1,69.16,363.4,712,222,0.696204662323,0,0,0,0,25,38,1,480.92,2527.2,385,950,0.377251625061,0,0,0,5,7,37,1,-20.64,-108.4,229,293,0.224131584167,0,0,0,5,3,37,1,-52.48,-275.8,553,89,0.540652275085,0,0,0
1,0,94449000,105231000,94435000,94449000,94449000,0.0,0.0,0.0,0,0.0,36,2,0,2,19,25,2,50.4,264.8,1681,55,0.643259525299,1,25,0,2,33,34,2,-180.12,-946.4,279,993,0.273675918579,0,19,0,2,21,33,2,423.32,2224.6,801,642,0.78360414505,0,16,0,5,2,40,1,-14.52,-76.2,463,373,0.45294713974,0,9,0,2,27,23,2,152.8,803.0,420,475,0.411011219025,0,23,0,2,26,35,1,-549.08,-2885.6,1724,1007,0.686201095581,1,0,0,2,29,43,1,-161.64,-849.4,2695,12,0.634420871735,2,0,0,0,32,27,2,183.96,966.8,287,724,0.281239509583,0,19,0,6,6,34,1,-28.64,-153.0,317,839,0.621957302094,0,0,0,6,23,18,2,282.48,1511.2,301,259,0.589536190033,0,30,0,3,39,46,1,-32.96,-171.6,985,859,0.481837272644,0,0,0,3,32,33,1,247.56,1289.2,184,86,0.08997297287,0,12,0,1,137,39,1,-20.16,-106.0,229,350,0.224185943604,0,0,0,0,28,27,1,517.68,2720.4,923,964,0.903168678284,0,20,0,1,128,27,1,-10.6,-55.8,985,542,0.963371753693,0,35,0,0,10,35,1,491.36,2582.0,330,186,0.322758674622,0,9,0,0,18,44,1,-557.16,-2927.8,940,477,0.919322013855,0,0,0,0,12,42,1,222.16,1167.6,190,691,0.186388492584,0,0,0,6,7,33,1,213.2,1141.2,257,536,0.503960132599,0,17,0,6,22,30,2,-168.36,-898.6,343,761,0.672687530518,0,21,0,6,16,37,1,-476.6,-2546.0,468,694,0.917177677155,0,0,0,6,10,32,1,744.84,3970.4,388,109,0.7595038414,0,19,0,6,21,38,1,-693.64,-3711.8,477,397,0.934222698212,0,12,0,6,9,43,1,240.64,1285.0,173,292,0.339110851288,0,0,0,3,6,43,1,34.08,177.4,1778,371,0.869190216064,0,0,0,3,38,40,1,68.48,356.6,1091,484,0.533466815948,0,0,0,3,9,38,1,62.6,326.0,1473,580,0.720218658447,0,0,0,3,23,45,1,99.8,519.6,392,534,0.191848754883,0,0,0,3,16,42,1,-3.28,-17.0,511,786,0.250131130219,0,0,0,3,13,41,1,149.8,780.0,1089,829,0.532654285431,0,0,0,0,24,43,1,-608.88,-3199.6,247,84,0.241527080536,0,0,0,0,23,44,1,69.56,365.6,711,1004,0.695973396301,0,0,0,0,25,38,1,481.6,2530.8,384,292,0.375645637512,0,0,0,5,7,35,1,-20.08,-105.4,229,364,0.224199295044,0,0,0,5,3,34,1,-52.36,-275.2,553,271,0.540826320648,0,0,0,1,129,43,1,-20.76,-109.2,587,80,0.573878765106,0,0,0
1,0,94450000,105232000,94436000,94450000,94450000,0.0,0.0,0.0,0,0.0,36,2,0,2,19,25,2,50.68,266.4,1680,891,0.643079280853,1,18,0,2,33,34,2,-180.52,-948.8,280,594,0.274272441864,0,15,0,2,21,33,1,423.04,2223.2,800,190,0.782195568085,0,11,0,5,2,39,1,-15.32,-80.6,463,419,0.452990531921,0,9,0,2,27,25,2,152.0,798.8,419,974,0.410510063171,0,21,0,2,26,37,1,-549.36,-2886.8,1726,879,0.68803358078,1,0,0,2,29,43,1,-161.76,-850.0,2695,577,0.634960174561,2,0,0,0,32,32,1,183.92,966.4,287,44,0.280589580536,0,13,0,6,6,30,1,-28.88,-154.0,317,890,0.622054100037,0,1,0,6,23,19,2,282.44,1510.8,300,791,0.588597774506,0,29,0,3,39,44,1,-33.28,-173.2,986,68,0.481948852539,0,0,0,3,32,33,1,247.44,1288.6,182,397,0.089143753052,0,8,0,1,137,40,1,-20.52,-107.8,229,421,0.224254131317,0,0,0,0,28,31,1,516.8,2715.8,922,169,0.901432991028,0,18,0,1,128,27,1,-17.76,-93.4,985,640,0.96346616745,0,34,0,0,10,36,1,491.2,2581.4,328,509,0.321111679077,0,8,0,0,18,40,1,-557.72,-2930.8,942,376,0.921180725098,0,0,0,0,12,42,1,222.04,1166.8,189,939,0.185647964478,0,0,0,6,7,33,1,212.84,1139.4,257,161,0.503244876862,0,16,0,6,22,25,2,-169.16,-903.0,344,33,0.673254489899,0,27,0,6,16,39,1,-476.76,-2546.8,469,502,0.918768882751,0,0,0,6,10,26,1,744.08,3966.4,386,859,0.757024765015,0,18,0,6,21,26,1,-693.72,-3712.4,478,584,0.93653678894,0,26,0,6,9,48,1,240.2,1282.6,172,897,0.338309288025,0,0,0,3,6,43,1,33.76,175.6,1778,135,0.869077205658,0,0,0,3,38,42,1,68.04,354.4,1091,8,0.533239841461,0,0,0,3,9,36,1,62.2,324.0,1473,144,0.720010280609,0,0,0,3,23,45,1,99.44,518.0,391,863,0.191516399384,0,0,0,3,16,44,1,-3.64,-19.0,511,812,0.250143527985,0,0,0,3,13,42,1,149.52,778.6,1088,808,0.532155036926,0,0,0,0,24,40,1,-608.88,-3199.8,249,164,0.243558883667,0,0,0,0,23,37,1,69.16,363.6,711,762,0.695742607117,0,0,0,0,25,30,1,481.84,2532.2,382,657,0.374039649963,0,0,0,5,7,37,1,-20.52,-107.8,229,435,0.224267482758,0,0,0,5,3,30,1,-52.08,-273.8,553,463,0.54100894928,0,14,0,1,129,41,1,-21.04,-110.6,587,153,0.573948860168,0,0,0
1,0,94451000,105233000,94437000,94451000,94451000,0.0,0.0,0.0,0,0.0,36,2,0,2,19,25,2,50.84,267.2,1680,707,0.642904281616,1,20,0,2,33,39,2,-180.4,-948.0,281,255,0.274926185608,0,16,0,2,21,36,1,423.32,2224.6,798,768,0.780792236328,0,9,0,5,2,40,1,-15.36,-80.8,463,469,0.453038692474,0,7,0,2,27,26,1,152.0,798.8,419,451,0.410010814667,0,19,0,2,26,39,1,-549.28,-2886.6,1728,750,0.689866065979,1,0,0,2,29,43,1,-161.76,-850.0,2696,119,0.635499954224,2,0,0,0,32,32,2,184.08,967.4,286,421,0.279972553253,0,15,0,6,6,31,1,-29.08,-155.2,317,941,0.62215089798,0,2,0,6,23,20,2,281.72,1507.0,300,297,0.587653160095,0,30,0,3,39,45,1,-33.16,-172.8,986,301,0.48205947876,0,0,0,3,32,37,1,247.32,1287.8,180,727,0.08832359314,0,6,0,1,137,41,1,-20.52,-107.8,229,493,0.224322795868,0,0,0,0,28,34,1,516.8,2715.8,920,415,0.899712562561,0,14,0,1,128,27,1,-37.04,-194.6,985,800,0.963618755341,0,33,0,0,10,38,1,490.92,2579.8,326,842,0.319474697113,0,6,0,0,18,40,1,-557.44,-2929.4,944,277,0.923040866852,0,0,0,0,12,39,1,221.68,1165.0,189,164,0.184907913208,0,0,0,6,7,33,1,213.04,1140.4,256,815,0.502535820007,0,14,0,6,22,31,2,-168.64,-900.2,344,335,0.673830509186,0,24,0,6,16,37,1,-476.88,-2547.4,470,311,0.920360565186,0,0,0,6,10,35,1,744.4,3968.2,385,581,0.754536628723,0,15,0,6,21,37,1,-694.12,-3714.2,479,771,0.938851356506,0,27,0,6,9,45,1,239.92,1281.2,172,478,0.337508678436,0,0,0,3,6,44,1,33.72,175.6,1777,924,0.868965148926,0,0,0,3,38,44,1,68.08,354.4,1090,557,0.533012866974,0,0,0,3,9,41,1,62.36,324.6,1472,732,0.719802379608,0,0,0,3,23,47,1,99.36,517.4,391,168,0.191184997559,0,0,0,3,16,45,1,-3.56,-18.4,511,838,0.250155925751,0,0,0,3,13,43,1,149.48,778.4,1087,789,0.531657218933,0,0,0,0,24,41,1,-609.24,-3201.6,251,245,0.245591163635,0,0,0,0,23,44,1,69.08,363.0,711,520,0.695511817932,0,0,0,0,25,36,1,481.12,2528.4,380,1013,0.372424125671,0,9,0,5,7,38,1,-20.52,-107.8,229,508,0.224336624146,0,0,0,5,3,39,1,-52.0,-273.4,553,641,0.541179180145,0,11,0,1,129,42,1,-20.72,-108.8,587,226,0.574018478394,0,0,0
1,0,94452000,105234000,94438000,94452000,94452000,0.0,0.0,0.0,0,0.0,36,2,0,2,19,25,2,50.36,264.6,1680,525,0.642730712891,1,21,0,2,33,38,2,-180.96,-951.0,281,845,0.275489330292,0,17,0,2,21,36,1,422.96,2222.8,797,306,0.779373645782,0,10,0,5,2,40,1,-15.32,-80.6,463,525,0.453091621399,0,5,0,2,27,25,2,151.56,796.6,418,970,0.4095287323,0,25,0,2,26,38,1,-549.52,-2887.8,1730,622,0.691699028015,1,0,0,2,29,42,1,-162.16,-852.2,2696,685,0.636040210724,2,0,0,0,32,27,1,183.6,964.8,285,787,0.279343605042,0,14,0,6,6,31,1,-29.32,-156.4,317,991,0.62224817276,0,3,0,6,23,19,2,281.44,1505.6,299,825,0.586705207825,0,30,0,3,39,45,1,-33.52,-174.6,986,533,0.482170581818,0,0,0,3,32,38,1,246.96,1286.0,179,19,0.087497234344,0,3,0,1,137,42,1,-20.84,-109.6,229,565,0.224391460419,0,0,0,0,28,31,1,516.72,2715.4,918,657,0.897988319397,0,12,0,1,128,28,1,-21.16,-111.2,985,947,0.963758945465,0,32,0,0,10,42,1,490.44,2577.2,325,153,0.31783914566,0,2,0,0,18,37,1,-557.88,-2931.8,946,178,0.924901485443,0,0,0,0,12,42,1,221.44,1163.8,188,414,0.184168338776,0,0,0,6,7,34,1,212.92,1139.8,256,440,0.501821041107,0,13,0,6,22,23,2,-167.88,-896.2,344,631,0.67439699173,0,19,0,6,16,34,1,-478.0,-2553.4,471,120,0.921952724457,0,0,0,6,10,36,1,744.16,3966.8,384,303,0.752048492432,0,17,0,6,21,37,1,-693.96,-3713.4,480,967,0.94118309021,0,19,0,6,9,45,1,239.56,1279.2,172,59,0.336709022522,0,0,0,3,6,44,1,33.4,173.8,1777,689,0.868853092194,0,0,0,3,38,43,1,67.64,352.2,1090,83,0.532786846161,0,0,0,3,9,40,1,62.0,322.8,1472,298,0.719594955444,0,0,0,3,23,46,1,98.92,515.2,390,501,0.190855026245,0,0,0,3,16,45,1,-3.96,-20.6,511,862,0.250167369843,0,0,0,3,13,43,1,149.08,776.4,1086,769,0.531158924103,0,0,0,0,24,43,1,-609.48,-3202.8,253,326,0.247623443604,0,0,0,0,23,41,1,68.72,361.0,711,280,0.695281982422,0,0,0,0,25,38,1,480.92,2527.2,379,365,0.370827674866,0,6,0,5,7,39,1,-20.76,-109.2,229,580,0.224405288696,0,0,0,5,3,37,1,-52.4,-275.4,553,824,0.541354179382,0,8,0,1,129,43,1,-21.28,-111.8,587,299,0.574089050293,0,0,0
1,0,94453000,105235000,94439000,94453000,94453000,0.0,0.0,0.0,0,0.0,37,2,0,2,19,32,1,50.6,266.0,1680,352,0.642565727234,1,20,0,2,33,40,1,-181.08,-951.6,282,422,0.276062965393,0,13,0,2,21,37,1,423.0,2223.0,795,884,0.777970790863,0,9,0,5,2,42,1,-15.08,-79.4,463,580,0.453144073486,0,2,0,2,27,24,2,150.08,788.8,418,438,0.409020423889,0,27,0,2,30,20,2,-195.68,-1028.2,3807,746,0.722119808197,3,25,0,2,26,37,1,-549.48,-2887.6,1732,495,0.693532466888,1,0,0,2,29,42,1,-161.92,-850.8,2697,226,0.636579990387,2,0,0,0,32,36,1,183.6,964.8,285,139,0.278726100922,0,14,0,6,6,32,1,-29.08,-155.2,318,18,0.62234544754,0,2,0,6,23,19,2,281.64,1506.6,299,335,0.585769176483,0,31,0,3,39,43,1,-33.28,-173.4,986,766,0.482281684875,0,0,0,3,32,43,1,247.32,1287.8,177,337,0.086671352386,0,1,0,1,137,39,1,-20.56,-108.0,229,637,0.224460124969,0,0,0,0,28,32,1,516.2,2712.8,916,893,0.896258831024,0,12,0,1,128,28,2,-19.24,-101.2,986,78,0.963906288147,0,29,0,0,10,46,1,490.8,2579.2,323,482,0.316198825836,0,0,0,0,18,37,1,-557.88,-2931.6,948,79,0.926762104034,0,0,0,0,12,39,1,221.6,1164.6,187,663,0.18342924118,0,0,0,6,7,38,1,213.12,1141.0,256,65,0.501104354858,0,11,0,6,22,37,2,-168.8,-901.0,344,930,0.674968719482,0,17,0,6,16,39,1,-477.52,-2550.8,471,953,0.923544883728,0,0,0,6,10,32,1,743.64,3964.2,383,25,0.749558925629,0,15,0,6,21,36,1,-694.04,-3714.0,482,127,0.943491458893,0,17,0,6,9,46,1,239.76,1280.2,171,665,0.335909843445,0,0,0,3,6,43,1,33.6,175.0,1777,454,0.868741035461,0,0,0,3,38,43,1,67.8,353.2,1089,633,0.532560825348,0,0,0,3,9,40,1,62.16,323.6,1471,888,0.719388008118,0,0,0,3,23,46,1,99.12,516.0,389,832,0.190524578094,0,0,0,3,16,44,1,-3.8,-19.8,511,888,0.250179767609,0,0,0,3,13,41,1,149.48,778.4,1085,749,0.530660629272,0,0,0,0,24,42,1,-609.24,-3201.6,255,407,0.249656200409,0,0,0,0,23,45,1,68.84,361.8,711,39,0.695052146912,0,0,0,0,25,35,1,481.0,2527.6,377,724,0.369215965271,0,7,0,5,7,37,1,-20.68,-108.8,229,652,0.224473953247,0,0,0,5,3,38,1,-52.28,-274.8,553,1005,0.541526794434,0,9,0
1,0,94454000,105236000,94440000,94454000,94454000,0.0,0.0,0.0,0,0.0,37,2,0,2,19,35,1,50.28,264.2,1680,161,0.642382621765,1,13,0,2,33,37,1,-181.88,-955.8,283,41,0.276676654816,0,15,0,2,21,27,1,423.08,2223.2,794,427,0.776556491852,0,15,0,5,2,37,1,-15.44,-81.2,463,632,0.453194141388,0,0,0,2,27,23,2,152.48,801.4,417,940,0.408522129059,0,26,0,2,30,21,2,-196.64,-1033.4,3808,411,0.722777843475,3,25,0,2,26,35,1,-549.6,-2888.2,1734,367,0.695365428925,1,0,0,2,29,43,1,-162.0,-851.4,2697,793,0.637121677399,2,0,0,0,32,33,1,183.16,962.6,284,521,0.278113365173,0,16,0,6,6,32,1,-29.08,-155.2,318,69,0.622442245483,0,2,0,6,23,19,2,281.28,1504.6,298,868,0.584829807281,0,30,0,3,39,44,1,-33.52,-174.6,986,1001,0.482393741608,0,0,0,3,32,43,1,247.12,1286.8,175,664,0.085849761963,0,0,0,1,137,39,1,-20.76,-109.0,229,710,0.224529266357,0,0,0,0,28,32,1,516.12,2712.4,915,110,0.894534111023,0,10,0,1,128,29,2,-20.44,-107.4,986,158,0.963982582092,0,25,0,0,10,45,1,490.76,2579.0,321,815,0.314561843872,0,0,0,0,18,43,1,-558.0,-2932.4,949,1004,0.928623199463,0,0,0,0,12,43,1,221.28,1162.8,186,914,0.182691574097,0,0,0,6,7,41,1,213.08,1140.6,255,717,0.500393390656,0,8,0,6,22,27,2,-169.08,-902.6,345,202,0.675532817841,0,17,0,6,16,41,1,-477.52,-2550.8,472,763,0.925137996674,0,0,0,6,10,36,1,743.48,3963.0,381,778,0.747085094452,0,14,0,6,21,39,1,-693.8,-3712.6,483,315,0.945808887482,0,13,0,6,9,44,1,239.28,1277.8,171,247,0.335110664368,0,0,0,3,6,42,1,33.32,173.4,1777,220,0.868629455566,0,0,0,3,38,43,1,67.72,352.6,1089,159,0.532334327698,0,0,0,3,9,40,1,62.0,322.8,1471,454,0.719181060791,0,0,0,3,23,45,1,98.76,514.2,389,141,0.190194606781,0,0,0,3,16,44,1,-4.0,-20.8,511,916,0.250193119049,0,0,0,3,13,40,1,149.2,776.8,1084,730,0.530163288116,0,0,0,0,24,44,1,-609.4,-3202.4,257,489,0.251688957214,0,0,0,0,23,44,1,68.52,360.0,710,823,0.694823265076,0,0,0,0,25,39,1,480.8,2526.6,376,76,0.367619514465,0,6,0,5,7,35,1,-20.8,-109.2,229,724,0.224542617798,0,0,0,5,3,35,1,-52.68,-276.8,554,165,0.541702747345,0,8,0
1,0,94455000,105237000,94441000,94455000,94455000,0.0,0.0,0.0,0,0.0,36,2,0,2,19,38,1,50.72,266.6,1679,1012,0.642218112946,1,7,0,2,33,42,1,-180.96,-950.8,283,673,0.277279853821,0,11,0,2,21,26,2,423.48,2225.4,793,8,0.775179386139,0,21,0,5,2,38,1,-14.64,-77.0,463,685,0.453244686127,0,0,0,2,27,21,2,151.36,795.4,417,421,0.408026695251,0,26,0,2,26,38,1,-549.2,-2886.0,1736,238,0.697197437286,1,0,0,2,29,44,1,-161.88,-850.6,2698,336,0.637662410736,2,0,0,0,32,38,1,183.76,965.6,283,907,0.277503967285,0,9,0,6,6,31,1,-29.12,-155.4,318,120,0.622539997101,0,2,0,6,23,21,2,282.04,1508.8,298,372,0.583882808685,0,28,0,3,39,43,1,-33.2,-172.8,987,210,0.482505321503,0,0,0,3,32,45,1,247.44,1288.4,173,981,0.085023880005,0,0,0,1,137,41,1,-20.64,-108.4,229,781,0.224597930908,0,0,0,0,28,38,1,516.68,2715.2,913,354,0.892811775208,0,9,0,1,128,29,2,-18.72,-98.4,986,236,0.964057445526,0,25,0,0,10,48,1,490.84,2579.4,320,125,0.312925338745,0,0,0,0,18,41,1,-557.44,-2929.4,951,905,0.930483341217,0,0,0,0,12,40,1,221.24,1162.6,186,140,0.181952476501,0,0,0,6,7,43,1,213.2,1141.2,255,345,0.499681949615,0,2,0,6,22,33,2,-170.32,-909.2,345,485,0.676074504852,0,21,0,6,16,41,1,-477.68,-2551.6,473,573,0.926731109619,0,0,0,6,10,33,1,744.36,3968.0,380,506,0.744607448578,0,14,0,6,21,41,1,-693.44,-3710.8,484,497,0.948112487793,0,10,0,6,9,45,1,239.48,1278.8,170,853,0.334311485291,0,0,0,3,6,42,1,33.88,176.4,1776,1009,0.868516921997,0,0,0,3,38,45,1,67.88,353.4,1088,710,0.532108306885,0,0,0,3,9,43,1,62.52,325.4,1471,20,0.718973636627,0,0,0,3,23,45,1,98.92,515.0,388,473,0.189864635468,0,0,0,3,16,43,1,-3.6,-18.8,511,943,0.250205993652,0,0,0,3,13,41,1,149.36,777.8,1083,710,0.529664516449,0,0,0,0,24,43,1,-609.36,-3202.2,259,570,0.25372171402,0,0,0,0,23,45,1,68.72,361.2,710,583,0.694593906403,0,0,0,0,25,37,1,480.96,2527.6,374,445,0.366016387939,0,5,0,5,7,37,1,-20.76,-109.0,229,795,0.224611282349,0,0,0,5,3,38,1,-52.6,-276.4,554,350,0.541879177094,0,8,0,1,129,43,1,-20.64,-108.6,587,520,0.574298858643,0,0,0
1,0,94456000,105238000,94442000,94456000,94456000,0.0,0.0,0.0,0,0.0,36,2,0,2,19,40,1,49.92,262.4,1679,839,0.642052650452,1,8,0,2,33,42,1,-181.64,-954.6,284,290,0.277892112732,0,11,0,2,21,26,1,422.4,2219.6,791,556,0.773746967316,0,18,0,5,2,43,1,-15.56,-81.8,463,739,0.45329618454,0,0,0,2,30,21,2,-197.92,-1040.0,3809,763,0.724091529846,3,25,0,2,26,36,1,-549.92,-2889.8,1738,111,0.699031352997,1,0,0,2,29,43,1,-162.4,-853.4,2698,902,0.638202667236,2,0,0,0,32,38,1,183.04,962.0,283,261,0.276886940002,0,6,0,6,6,30,1,-29.72,-158.6,318,171,0.622637271881,0,2,0,6,23,20,2,280.44,1500.0,297,907,0.582948207855,0,28,0,3,39,44,1,-33.96,-177.0,987,446,0.482617378235,0,0,0,3,32,45,1,246.8,1285.2,172,277,0.084198951721,0,0,0,1,137,39,1,-21.2,-111.4,229,854,0.224667072296,0,0,0,0,28,38,1,515.92,2711.0,911,595,0.891086578369,0,7,0,1,128,29,2,-22.12,-116.4,986,309,0.964127063751,0,25,0,0,10,46,1,490.32,2576.6,318,459,0.311288833618,0,0,0,0,18,38,1,-558.56,-2935.4,953,808,0.93234539032,0,0,0,0,12,42,1,220.72,1160.0,185,391,0.181214809418,0,0,0,6,7,44,1,212.8,1139.0,254,997,0.49897146225,0,0,0,6,22,31,2,-170.36,-909.4,345,782,0.676641941071,0,19,0,6,16,38,1,-478.28,-2555.0,474,383,0.928326129913,0,0,0,6,10,28,1,743.64,3964.0,379,235,0.742134094238,0,19,0,6,21,42,1,-694.32,-3715.4,485,682,0.950422763824,0,9,0,6,9,44,1,238.64,1274.4,170,435,0.333513736725,0,0,0,3,6,43,1,33.0,172.0,1776,776,0.868405818939,0,0,0,3,38,43,1,67.28,350.4,1088,239,0.531883239746,0,0,0,3,9,43,1,61.48,320.2,1470,612,0.718767642975,0,0,0,3,23,45,1,98.28,511.6,387,808,0.189535617828,0,0,0,3,16,43,1,-4.4,-22.8,511,971,0.250219345093,0,0,0,3,13,40,1,148.84,775.2,1082,691,0.529166698456,0,0,0,0,24,44,1,-609.84,-3204.8,261,653,0.2557554245,0,0,0,0,23,44,1,67.96,357.2,710,344,0.694365501404,0,0,0,0,25,38,1,480.28,2524.0,372,814,0.364414215088,0,3,0,5,7,37,1,-21.2,-111.4,229,868,0.224680423737,0,0,0,5,3,40,1,-53.16,-279.4,554,534,0.542054176331,0,2,0,1,129,44,1,-21.6,-113.4,587,594,0.574370384216,0,0,0
1,0,94457000,105239000,94443000,94457000,94457000,0.0,0.0,0.0,0,0.0,37,2,0,2,19,39,1,50.08,263.0,1679,668,0.641889572144,1,3,0,2,33,43,1,-181.44,-953.4,284,918,0.27849149704,0,9,0,2,21,30,1,423.32,2224.6,790,100,0.772334575653,0,15,0,5,2,45,1,-15.2,-80.0,463,793,0.45334815979,0,0,0,2,12,22,2,314.92,1655.0,440,521,0.430604934692,0,26,0,2,30,21,2,-196.76,-1034.0,3810,429,0.724750041962,3,25,0,2,26,36,1,-549.72,-2888.6,1739,1007,0.700863838196,1,0,0,2,29,43,1,-162.24,-852.6,2699,445,0.638743877411,2,0,0,0,32,39,1,183.0,961.8,282,644,0.276275157928,0,7,0,6,6,30,1,-29.24,-156.0,318,223,0.622735500336,0,5,0,6,23,20,2,279.24,1493.6,297,414,0.582004547119,0,27,0,3,39,44,1,-33.72,-175.6,987,682,0.482730388641,0,0,0,3,32,46,1,246.88,1285.6,170,598,0.083374500275,0,0,0,1,137,41,1,-20.72,-109.0,229,927,0.224736690521,0,0,0,0,28,36,1,516.2,2712.6,909,843,0.889368534088,0,6,0,1,128,29,2,-36.08,-189.6,986,422,0.964234828949,0,25,0,0,10,46,1,490.2,2576.0,316,794,0.309653759003,0,0,0,0,18,41,1,-558.12,-2933.0,955,710,0.934207439423,0,0,0,0,12,42,1,220.88,1160.6,184,643,0.180477619171,0,0,0,6,7,44,1,212.8,1139.2,254,626,0.498261451721,0,0,0,6,22,34,2,-170.48,-910.0,346,50,0.677199363708,0,19,0,6,16,36,1,-478.16,-2554.2,475,194,0.929921150208,0,0,0,6,10,29,1,743.96,3965.6,377,985,0.739652633667,0,19,0,6,21,43,1,-694.0,-3713.8,486,868,0.952735424042,0,7,0,6,9,44,1,238.84,1275.4,170,18,0.332716941833,0,0,0,3,6,43,1,33.2,173.0,1776,544,0.868294715881,0,0,0,3,38,40,1,67.48,351.4,1087,790,0.53165769577,0,0,0,3,9,42,1,61.84,322.0,1470,181,0.718561649323,0,0,0,3,23,45,1,98.44,512.6,387,119,0.189206600189,0,0,0,3,16,44,1,-4.0,-20.8,511,998,0.250232219696,0,0,0,3,13,41,1,148.96,775.6,1081,673,0.5286693573,0,0,0,0,24,44,1,-609.8,-3204.6,263,735,0.257789134979,0,0,0,0,23,42,1,68.04,357.6,710,105,0.694137573242,0,0,0,0,25,36,1,480.92,2527.2,371,158,0.362809658051,0,5,0,5,7,37,1,-20.72,-109.0,229,941,0.224750041962,0,0,0,5,3,39,1,-53.0,-278.4,554,717,0.542229652405,0,3,0
1,0,94458000,105240000,94444000,94458000,94458000,0.0,0.0,0.0,0,0.0,38,2,0,2,19,40,1,49.92,262.4,1679,493,0.641722679138,1,1,0,2,7,23,1,-288.2,-1514.6,563,206,0.550539493561,0,56,0,2,33,41,1,-181.76,-955.2,285,528,0.279097080231,0,8,0,2,21,36,1,422.64,2221.0,788,658,0.770911693573,0,14,0,5,2,40,1,-15.2,-80.0,463,848,0.45340013504,0,0,0,2,12,29,2,314.32,1651.8,439,438,0.42954826355,0,26,0,2,30,23,2,-196.0,-1030.0,3811,98,0.7254114151,3,26,0,2,26,38,1,-549.88,-2889.6,1741,880,0.702697753906,1,0,0,2,29,43,1,-162.32,-853.0,2699,1013,0.63928604126,2,0,0,0,32,40,1,183.12,962.2,282,5,0.275665283203,0,7,0,6,6,29,1,-29.68,-158.2,318,274,0.622834205627,0,3,0,6,23,20,2,282.08,1509.0,296,948,0.581069469452,0,32,0,3,39,43,1,-33.92,-176.6,987,918,0.482843399048,0,0,0,3,32,44,1,246.84,1285.4,168,919,0.082550525665,0,0,0,1,137,39,1,-21.0,-110.2,229,1000,0.224806785583,0,0,0,0,28,37,1,516.32,2713.2,908,66,0.887648582458,0,5,0,1,128,28,1,-42.96,-225.8,986,568,0.964374542236,0,25,0,0,10,46,1,490.2,2576.2,315,105,0.308018684387,0,0,0,0,18,44,1,-558.4,-2934.4,957,614,0.9360704422,0,0,0,0,12,40,1,220.76,1160.2,183,896,0.179741859436,0,0,0,6,7,46,1,212.8,1139.2,254,254,0.49755191803,0,0,0,6,22,36,2,-171.2,-913.8,346,341,0.677756786346,0,20,0,6,16,29,1,-478.72,-2557.2,476,5,0.93151807785,0,8,0,6,10,30,1,743.4,3962.8,376,710,0.737169265747,0,17,0,6,21,43,1,-694.4,-3715.8,488,34,0.955055713654,0,5,0,6,9,46,1,238.52,1273.6,169,626,0.331921577454,0,0,0,3,6,42,1,33.08,172.2,1776,312,0.868184566498,0,0,0,3,38,39,1,67.48,351.4,1087,320,0.531433582306,0,0,0,3,9,40,1,61.72,321.4,1469,774,0.718356132507,0,0,0,3,23,44,1,98.24,511.4,386,457,0.188879489899,0,0,0,3,16,43,1,-4.32,-22.4,512,3,0.250246047974,0,0,0,3,13,42,1,148.88,775.4,1080,657,0.528172969818,0,0,0,0,24,42,1,-609.84,-3204.8,265,818,0.259823799133,0,0,0,0,23,44,1,68.0,357.2,709,892,0.693911075592,0,0,0,0,25,38,1,480.56,2525.4,369,527,0.361207485199,0,0,0,5,7,34,1,-20.92,-110.0,229,1014,0.224820137024,0,0,0
1,0,94459000,105241000,94445000,94459000,94459000,0.0,0.0,0.0,0,0.0,38,2,0,2,19,40,1,49.96,262.6,1679,313,0.641550064087,1,2,0,2,7,21,2,-288.24,-1514.6,564,184,0.5514960289,0,48,0,2,33,39,2,-182.32,-958.2,286,140,0.279704093933,0,5,0,2,21,30,1,422.56,2220.6,787,204,0.769500732422,0,12,0,5,2,39,1,-15.2,-79.8,463,901,0.453451633453,0,0,0,2,12,27,2,314.0,1650.0,438,365,0.42850112915,0,21,0,2,30,24,2,-197.24,-1036.4,3811,783,0.726066112518,3,25,0,2,26,32,1,-550.04,-2890.4,1743,754,0.704532623291,1,0,0,2,29,44,1,-162.08,-851.8,2700,556,0.639827251434,2,0,0,0,32,41,1,183.32,963.4,281,392,0.275056838989,0,5,0,6,6,27,1,-29.28,-156.4,318,326,0.622933864594,0,3,0,6,23,18,2,279.76,1496.6,296,458,0.580132961273,0,30,0,3,39,45,1,-33.72,-175.6,988,131,0.482956409454,0,0,0,3,32,42,1,247.12,1286.8,167,217,0.081726551056,0,0,0,1,137,40,1,-20.76,-109.2,230,50,0.224876880646,0,0,0,0,28,36,1,515.88,2711.0,906,312,0.885929107666,0,2,0,1,128,28,1,-30.84,-162.0,986,696,0.964497089386,0,25,0,0,10,44,1,490.44,2577.2,313,441,0.306384086609,0,0,0,0,18,44,1,-558.32,-2934.0,959,517,0.937932491302,0,0,0,0,12,46,1,220.96,1161.2,183,124,0.179004669189,0,0,0,6,7,47,1,212.84,1139.4,253,907,0.496842384338,0,0,0,6,22,31,2,-171.0,-912.8,346,639,0.67832660675,0,19,0,6,16,33,1,-478.16,-2554.2,476,834,0.93310213089,0,12,0,6,10,30,1,742.92,3960.2,375,439,0.734694957733,0,16,0,6,21,34,1,-694.4,-3715.8,489,222,0.957372188568,0,1,0,6,9,46,1,238.68,1274.6,169,210,0.331125736237,0,0,0,3,6,42,1,33.24,173.0,1776,80,0.86807346344,0,0,0,3,38,37,1,67.6,352.0,1086,872,0.531208515167,0,0,0,3,9,41,1,61.72,321.4,1469,342,0.718149662018,0,0,0,3,23,44,1,98.36,512.2,385,796,0.188552379608,0,0,0,3,16,43,1,-4.12,-21.4,512,34,0.250260829926,0,0,0,3,13,42,1,149.2,776.8,1079,640,0.527676105499,0,0,0,0,24,42,1,-609.56,-3203.4,267,902,0.261858463287,0,0,0,0,23,46,1,68.12,358.0,709,654,0.693684577942,0,0,0,0,25,35,1,480.32,2524.0,367,897,0.359605312347,0,0,0,5,7,36,1,-20.68,-108.6,230,63,0.224889755249,0,0,0
1,0,94460000,105242000,94446000,94460000,94460000,0.0,0.0,0.0,0,0.0,37,2,0,2,19,39,1,50.32,264.4,1679,140,0.641385555267,1,0,0,2,33,42,1,-181.12,-951.8,286,776,0.280311584473,0,2,0,2,21,27,1,423.0,2223.0,785,770,0.768086433411,0,13,0,5,2,42,1,-15.2,-79.8,463,955,0.453502655029,0,0,0,2,12,27,1,313.96,1649.8,437,266,0.427429676056,0,19,0,2,30,24,2,-197.16,-1036.0,3812,451,0.726726055145,3,25,0,2,26,35,1,-549.12,-2885.6,1745,628,0.706367492676,1,0,0,2,29,42,1,-161.88,-850.8,2701,98,0.640367507935,2,0,0,0,32,42,1,183.12,962.4,280,778,0.274448394775,0,1,0,6,6,28,1,-29.32,-156.4,318,378,0.623031616211,0,3,0,6,23,19,2,281.08,1503.6,295,987,0.579186916351,0,30,0,3,39,43,1,-33.36,-173.6,988,368,0.483068943024,0,0,0,3,32,42,1,247.16,1287.2,165,537,0.080901622772,0,0,0,1,137,39,1,-20.6,-108.2,230,123,0.224946498871,0,0,0,0,28,40,1,516.2,2712.6,904,558,0.884208202362,0,0,0,1,128,29,1,-39.84,-209.4,986,820,0.964614868164,0,25,0,0,10,44,1,490.6,2578.2,311,775,0.304748058319,0,0,0,0,18,42,1,-558.2,-2933.4,961,420,0.93979549408,0,0,0,0,12,43,1,220.72,1159.8,182,377,0.178268909454,0,0,0,6,7,46,1,212.96,1140.0,253,536,0.49613237381,0,0,0,6,22,32,2,-170.88,-912.2,346,934,0.67888879776,0,25,0,6,16,34,1,-478.44,-2555.8,477,650,0.934706687927,0,13,0,6,10,30,1,743.44,3962.8,374,166,0.732215881348,0,18,0,6,21,39,1,-694.32,-3715.4,490,410,0.959687709808,0,1,0,6,9,45,1,238.56,1273.8,168,818,0.330330848694,0,0,0,3,6,42,1,33.6,175.0,1775,873,0.867963314056,0,0,0,3,38,33,1,67.72,352.6,1086,402,0.530983448029,0,0,0,3,9,42,1,62.0,323.0,1468,934,0.717943668365,0,0,0,3,23,45,1,98.4,512.4,385,110,0.18822479248,0,0,0,3,16,44,1,-3.92,-20.4,512,64,0.25027513504,0,0,0,3,13,43,1,149.2,777.0,1078,623,0.52717924118,0,0,0,0,24,42,1,-609.84,-3204.8,269,985,0.263892650604,0,0,0,0,23,44,1,68.12,358.0,709,417,0.693458557129,0,0,0,0,25,34,1,480.6,2525.4,366,242,0.358002185822,0,0,0,5,7,34,1,-20.6,-108.2,230,136,0.224959373474,0,0,0,5,3,38,1,-52.56,-276.2,555,249,0.542759895325,0,0,0
1,0,94461000,105243000,94447000,94461000,94461000,0.0,0.0,0.0,0,0.0,37,2,0,2,19,40,1,49.64,261.0,1678,989,0.641218662262,1,0,0,2,33,41,1,-182.4,-958.4,287,389,0.280918598175,0,2,0,2,21,36,1,422.36,2219.6,784,318,0.766677856445,0,14,0,5,2,43,1,-15.68,-82.4,463,1009,0.453554153442,0,0,0,2,12,27,1,313.72,1648.6,436,186,0.426375865936,0,19,0,2,30,21,2,-198.4,-1042.6,3813,121,0.727388858795,3,25,0,2,26,38,1,-550.28,-2891.8,1747,502,0.708201885223,1,0,0,2,29,43,1,-162.4,-853.4,2701,664,0.640907764435,2,0,0,0,32,44,1,182.64,959.8,280,136,0.273835659027,0,0,0,6,6,29,1,-29.76,-158.8,318,429,0.623130321503,0,3,0,6,23,18,2,278.96,1492.4,295,495,0.578246593475,0,32,0,3,39,44,1,-34.2,-178.2,988,604,0.48318195343,0,0,0,3,32,44,1,246.76,1285.0,163,858,0.080077648163,0,0,0,1,137,40,1,-21.12,-111.0,230,195,0.225016117096,0,0,0,0,28,37,1,515.52,2709.2,902,803,0.882487773895,0,0,0,1,128,29,1,-41.52,-218.2,986,968,0.964756011963,0,23,0,0,10,46,1,489.88,2574.4,310,86,0.303112983704,0,0,0,0,18,42,1,-558.92,-2937.2,963,324,0.941658496857,0,0,0,0,12,42,1,220.36,1158.0,181,631,0.177533149719,0,0,0,6,7,47,1,212.52,1137.6,253,164,0.495422363281,0,0,0,6,22,37,2,-170.92,-912.4,347,192,0.679428577423,0,18,0,6,16,33,1,-478.92,-2558.2,478,461,0.936301708221,0,14,0,6,10,30,1,742.76,3959.4,372,914,0.729732513428,0,17,0,6,21,41,1,-694.88,-3718.4,491,598,0.962004184723,0,0,0,6,9,45,1,237.84,1270.2,168,402,0.329535961151,0,0,0,3,6,42,1,32.68,170.2,1775,641,0.867852687836,0,0,0,3,38,31,1,67.12,349.4,1085,955,0.530758857727,0,0,0,3,9,42,1,61.12,318.2,1468,503,0.71773815155,0,0,0,3,23,45,1,97.52,507.8,384,448,0.18789768219,0,0,0,3,16,43,1,-4.76,-24.8,512,93,0.250288963318,0,0,0,3,13,42,1,148.72,774.6,1077,605,0.526681900024,0,0,0,0,24,46,1,-610.04,-3205.8,272,44,0.265926837921,0,0,0,0,23,40,1,67.24,353.2,709,180,0.693232059479,0,0,0,0,25,38,1,479.96,2522.2,364,611,0.35640001297,0,0,0,5,7,35,1,-21.16,-111.2,230,209,0.225028991699,0,0,0,5,3,35,1,-53.8,-282.8,555,424,0.542927742004,0,9,0
1,0,94462000,105244000,94448000,94462000,94462000,0.0,0.0,0.0,0,0.0,37,2,0,2,19,40,1,50.16,263.6,1678,814,0.641051292419,1,0,0,2,7,23,2,-289.64,-1522.0,567,113,0.554360866547,0,33,0,2,33,44,1,-182.04,-956.6,287,1023,0.281524181366,0,0,0,2,21,38,1,422.76,2221.6,782,883,0.765261650085,0,11,0,5,2,42,1,-15.4,-80.8,464,39,0.453605651855,0,0,0,2,12,29,1,313.64,1648.2,435,114,0.425329685211,0,17,0,2,26,36,1,-549.84,-2889.4,1749,374,0.71003484726,1,0,0,2,29,42,1,-162.12,-851.8,2702,206,0.641448020935,2,0,0,0,32,44,1,183.36,963.6,279,520,0.273223876953,0,0,0,6,6,27,1,-29.56,-157.8,318,480,0.62322807312,0,3,0,6,23,18,2,279.76,1496.6,295,4,0.577308177948,0,31,0,3,39,44,1,-33.96,-177.0,988,839,0.483294487,0,0,0,3,32,43,1,247.0,1286.2,162,155,0.079253196716,0,0,0,1,137,40,1,-20.92,-110.0,230,268,0.225084781647,0,0,0,0,28,39,1,516.08,2712.0,901,24,0.880766868591,0,0,0,1,128,28,1,-18.44,-97.0,987,43,0.964850902557,0,24,0,0,10,46,1,490.28,2576.4,308,421,0.301477432251,0,0,0,0,18,41,1,-558.72,-2936.0,965,227,0.943521022797,0,0,0,0,12,39,1,220.48,1158.6,180,884,0.176797389984,0,0,0,6,7,45,1,213.0,1140.2,252,816,0.494711399078,0,0,0,6,22,43,2,-171.08,-913.2,347,468,0.679955005646,0,14,0,6,16,34,1,-479.28,-2560.2,479,272,0.937899112701,0,13,0,6,10,30,1,743.4,3962.8,371,638,0.727247714996,0,15,0,6,21,43,1,-693.92,-3713.2,492,785,0.964319705963,0,0,0,6,9,44,1,237.96,1270.8,167,1010,0.328741073608,0,0,0,3,6,42,1,33.16,172.8,1775,409,0.867741584778,0,0,0,3,38,30,1,67.56,351.8,1085,492,0.530538082123,0,8,0,3,9,44,1,61.8,321.8,1468,70,0.717531204224,0,0,0,3,23,47,1,97.84,509.4,383,788,0.187570571899,0,0,0,3,16,44,1,-4.24,-22.0,512,121,0.250302791595,0,0,0,3,13,41,1,148.88,775.2,1076,587,0.526184558868,0,0,0,0,24,44,1,-610.0,-3205.6,274,127,0.267961502075,0,0,0,0,23,40,1,67.6,355.4,708,967,0.693006038666,0,0,0,0,25,38,1,480.08,2522.8,362,980,0.354797840118,0,0,0,5,7,36,1,-21.04,-110.6,230,281,0.225098133087,0,0,0,5,3,39,1,-53.44,-280.8,555,621,0.543115139008,0,9,0
1,0,94463000,105245000,94449000,94463000,94463000,0.0,0.0,0.0,0,0.0,36,2,0,2,19,37,1,50.24,264.0,1678,639,0.640884399414,1,0,0,2,33,41,1,-182.44,-958.8,288,636,0.28213262558,0,0,0,2,21,31,1,422.68,2221.2,781,444,0.763864994049,0,14,0,5,2,40,1,-15.68,-82.4,464,93,0.453657150269,0,0,0,2,12,30,1,313.6,1648.0,434,36,0.424277305603,0,15,0,2,26,34,1,-550.44,-2892.6,1751,248,0.711869716644,1,0,0,2,29,43,1,-162.16,-852.0,2702,773,0.641989707947,2,0,0,0,32,44,1,183.4,963.6,278,904,0.272613048553,0,0,0,6,6,26,1,-29.76,-158.8,318,532,0.623327732086,0,17,0,6,23,18,2,278.96,1492.2,294,541,0.576377391815,0,30,0,3,39,44,1,-34.0,-177.2,989,53,0.483407497406,0,0,0,3,32,44,1,246.96,1286.0,160,476,0.07842874527,0,0,0,1,137,40,1,-21.04,-110.6,230,341,0.225154876709,0,0,0,0,28,43,1,515.52,2709.0,899,270,0.879046440125,0,0,0,1,128,28,1,9.72,51.2,987,63,0.964869976044,0,22,0,0,10,45,1,490.2,2576.0,306,756,0.299842357635,0,0,0,0,18,39,1,-559.04,-2937.8,967,131,0.945384502411,0,0,0,0,12,39,1,220.24,1157.4,180,114,0.176062583923,0,0,0,6,7,44,1,213.12,1140.8,252,445,0.49400138855,0,0,0,6,22,40,1,-171.52,-915.6,347,762,0.68051815033,0,13,0,6,16,36,1,-478.84,-2558.0,480,85,0.939497470856,0,10,0,6,10,31,1,743.72,3964.4,370,366,0.724770545959,0,17,0,6,21,40,1,-694.6,-3717.0,493,973,0.966636180878,0,0,0,6,9,45,1,237.76,1269.6,167,595,0.32794713974,0,0,0,3,6,44,1,32.88,171.2,1775,178,0.867631435394,0,0,0,3,38,29,1,67.24,350.2,1085,41,0.530323028564,0,11,0,3,9,44,1,61.44,319.8,1467,664,0.717326164246,0,0,0,3,23,44,1,97.68,508.6,383,105,0.18724489212,0,0,0,3,16,43,1,-4.52,-23.4,512,152,0.25031709671,0,0,0,3,13,41,1,148.96,775.6,1075,569,0.525687217712,0,0,0,0,24,41,1,-610.0,-3205.6,276,211,0.269996166229,0,0,0,0,23,36,1,67.6,355.4,708,732,0.692780971527,0,0,0,0,25,39,1,480.28,2523.8,361,326,0.353195667267,0,0,0,5,7,37,1,-20.96,-110.0,230,354,0.225167751312,0,0,0,5,3,36,1,-53.72,-282.4,555,811,0.543297290802,0,10,0,1,129,44,1,-21.44,-112.8,588,92,0.574868202209,0,0,0
1,0,94464000,105246000,94450000,94464000,94464000,0.0,0.0,0.0,0,0.0,37,2,0,2,19,35,1,49.72,261.2,1678,465,0.640717983246,1,0,0,2,7,21,2,-288.36,-1515.2,569,62,0.556266784668,0,30,0,2,33,41,1,-182.8,-960.6,289,248,0.282740116119,0,0,0,2,21,32,2,423.0,2222.8,779,1016,0.762456417084,0,15,0,5,2,37,1,-15.52,-81.6,464,147,0.453708648682,0,0,0,2,12,29,1,313.32,1646.6,432,988,0.423231601715,0,15,0,2,26,35,1,-550.24,-2891.6,1753,123,0.713705539703,1,0,0,2,29,43,1,-162.28,-852.8,2703,316,0.642530441284,2,0,0,0,32,40,1,182.88,961.0,278,264,0.272002696991,0,0,0,6,6,26,1,-29.68,-158.4,318,584,0.623425960541,0,18,0,6,23,18,2,279.72,1496.2,294,55,0.575448036194,0,33,0,3,39,43,1,-34.36,-178.8,989,290,0.483520507812,0,0,0,3,32,44,1,246.76,1285.0,158,797,0.077604293823,0,0,0,1,137,39,1,-21.04,-110.6,230,413,0.225224018097,0,0,0,0,28,44,1,515.28,2707.8,897,517,0.877326488495,0,0,0,1,128,30,1,-4.4,-23.2,987,28,0.964836597443,0,23,0,0,10,47,1,490.16,2575.8,305,67,0.29820728302,0,0,0,0,18,38,1,-559.36,-2939.4,969,35,0.947247505188,0,0,0,0,12,42,1,220.44,1158.4,179,368,0.175327301025,0,0,0,6,7,46,1,212.76,1138.8,252,73,0.493291378021,0,0,0,6,22,35,1,-171.48,-915.4,348,43,0.681099891663,0,14,0,6,16,29,1,-479.44,-2561.2,480,918,0.941089630127,0,12,0,6,10,29,2,742.76,3959.2,369,101,0.722306728363,0,18,0,6,21,44,1,-694.72,-3717.6,495,137,0.968952655792,0,0,0,6,9,45,1,237.64,1268.8,167,180,0.327154159546,0,0,0,3,6,44,1,32.68,170.2,1774,971,0.867521762848,0,0,0,3,38,27,1,67.36,350.8,1084,609,0.530105113983,0,16,0,3,9,42,1,61.08,318.2,1467,234,0.717121124268,0,0,0,3,23,42,1,97.48,507.6,382,446,0.186918735504,0,0,0,3,16,44,1,-4.68,-24.2,512,183,0.250332355499,0,0,0,3,13,42,1,148.84,775.2,1074,551,0.525189876556,0,0,0,0,24,41,1,-609.96,-3205.4,278,294,0.27203130722,0,0,0,0,23,32,1,67.32,353.8,708,496,0.692555904388,0,0,0,0,25,35,1,479.68,2520.8,359,697,0.351593971252,0,0,0,5,7,35,1,-20.96,-110.2,230,428,0.225237846375,0,0,0,5,3,36,1,-53.2,-279.6,555,994,0.543470859528,0,9,0
1,0,94465000,105247000,94451000,94465000,94465000,0.0,0.0,0.0,0,0.0,36,2,0,2,19,31,1,50.04,263.0,1678,291,0.640551567078,1,0,0,2,33,41,1,-182.68,-960.0,289,886,0.28334903717,0,0,0,2,21,33,1,422.84,2222.0,778,564,0.761046886444,0,12,0,5,2,35,1,-15.68,-82.4,464,201,0.453760623932,0,0,0,2,12,29,1,313.2,1646.0,431,921,0.422189235687,0,14,0,2,26,37,1,-550.24,-2891.4,1754,1021,0.715540409088,1,0,0,2,29,42,1,-162.24,-852.6,2703,882,0.643071174622,2,0,0,0,32,36,1,183.24,963.0,277,649,0.271392822266,0,0,0,6,6,24,1,-30.24,-161.2,318,639,0.623530387878,0,26,0,6,23,17,2,278.56,1490.2,293,595,0.57452249527,0,30,0,3,39,42,1,-34.0,-177.0,989,528,0.483634471893,0,0,0,3,32,42,1,246.76,1285.0,157,96,0.076781272888,0,0,0,1,137,38,1,-21.04,-110.4,230,487,0.225294113159,0,0,0,0,28,44,1,515.44,2708.6,895,764,0.87560749054,0,0,0,1,128,30,1,-22.32,-117.4,987,102,0.964907169342,0,20,0,0,10,45,1,489.96,2574.8,303,404,0.296573638916,0,0,0,0,18,34,1,-559.0,-2937.6,970,963,0.949111461639,0,0,0,0,12,42,1,220.16,1157.0,178,623,0.174592971802,0,0,0,6,7,45,1,212.92,1139.6,251,726,0.492581367493,0,0,0,6,22,35,1,-171.52,-915.6,348,344,0.681676387787,0,18,0,6,16,22,1,-479.8,-2563.0,481,734,0.942694664001,0,27,0,6,10,34,1,743.0,3960.6,367,843,0.719811439514,0,19,0,6,21,36,1,-694.0,-3713.6,496,326,0.971269130707,0,0,0,6,9,44,1,237.52,1268.2,166,789,0.326362133026,0,0,0,3,6,43,1,32.88,171.2,1774,742,0.867412090302,0,0,0,3,38,27,1,67.36,350.8,1084,134,0.529878139496,0,18,0,3,9,42,1,61.52,320.4,1466,829,0.71691608429,0,0,0,3,23,45,1,97.64,508.4,381,788,0.186593532562,0,0,0,3,16,44,1,-4.4,-22.8,512,215,0.250347137451,0,0,0,3,13,45,1,148.92,775.4,1073,536,0.524693965912,0,0,0,0,24,37,1,-610.2,-3206.6,280,379,0.274066925049,0,0,0,0,23,27,1,67.08,352.4,708,261,0.692331790924,0,0,0,0,25,38,1,480.04,2522.6,358,43,0.349992752075,0,0,0,5,7,35,1,-20.8,-109.2,230,501,0.225307941437,0,0,0,5,3,38,1,-52.88,-277.8,556,147,0.543640613556,0,6,0,1,129,44,1,-21.4,-112.4,588,241,0.57501077652,0,0,0
1,0,94466000,105248000,94452000,94466000,94466000,0.0,0.0,0.0,0,0.0,36,2,0,2,19,32,1,50.04,263.0,1678,116,0.640384674072,1,1,0,2,33,40,1,-182.52,-959.2,290,500,0.283957481384,0,0,0,2,21,38,1,423.0,2222.8,777,108,0.759634494781,0,9,0,5,2,37,1,-15.16,-79.6,464,255,0.453812122345,0,0,0,2,12,29,2,313.64,1648.2,430,856,0.421149730682,0,12,0,2,26,37,2,-549.6,-2888.2,1756,895,0.717375278473,1,0,0,2,29,42,1,-162.12,-852.0,2704,425,0.643612384796,2,0,0,0,32,27,1,184.24,968.2,277,10,0.270781993866,0,3,0,6,6,21,1,-30.28,-161.6,318,693,0.623634338379,0,26,0,6,23,17,2,278.28,1488.8,293,106,0.573589801788,0,33,0,3,39,44,1,-33.8,-176.0,989,766,0.483747959137,0,0,0,3,32,42,1,247.0,1286.2,155,419,0.075957775116,0,0,0,1,137,40,1,-20.8,-109.4,230,560,0.225363731384,0,0,0,0,28,43,1,515.72,2710.2,893,1011,0.873888015747,0,0,0,1,128,37,1,-19.92,-104.8,987,176,0.964977741241,0,12,0,0,10,45,1,490.08,2575.4,301,739,0.294939041138,0,0,0,0,18,36,1,-558.68,-2936.0,972,868,0.950975894928,0,0,0,0,12,47,1,220.36,1158.0,177,877,0.173858642578,0,0,0,6,7,44,1,212.92,1139.8,251,354,0.491871356964,0,0,0,6,22,40,1,-171.8,-917.0,348,645,0.682250499725,0,16,0,6,16,30,2,-479.28,-2560.2,482,551,0.944302082062,0,27,0,6,10,29,1,743.0,3960.8,366,568,0.717329978943,0,18,0,6,21,43,1,-693.88,-3713.2,497,514,0.973585605621,0,0,0,6,9,47,1,237.64,1269.0,166,374,0.325569629669,0,0,0,3,6,43,1,33.16,172.6,1774,512,0.867302417755,0,0,0,3,38,24,1,68.6,357.4,1083,691,0.529655456543,0,26,0,3,9,41,1,61.76,321.6,1466,399,0.716710567474,0,0,0,3,23,45,1,97.68,508.6,381,107,0.18626832962,0,0,0,3,16,44,1,-4.32,-22.4,512,244,0.250361442566,0,0,0,3,13,45,1,149.12,776.4,1072,519,0.524197101593,0,0,0,0,24,37,1,-610.0,-3205.4,282,463,0.27610206604,0,0,0,0,23,28,1,67.28,353.4,708,25,0.692106723785,0,1,0,0,25,39,1,480.52,2525.2,356,413,0.348391056061,0,0,0,5,7,35,1,-20.72,-108.8,230,574,0.225377082825,0,0,0,5,3,40,1,-52.76,-277.2,556,333,0.543817996979,0,2,0,1,129,45,1,-21.08,-110.8,588,316,0.575081825256,0,0,0
1,0,94467000,105249000,94453000,94467000,94467000,0.0,0.0,0.0,0,0.0,36,2,0,2,19,32,1,49.88,262.0,1677,966,0.640218734741,1,1,0,2,33,46,1,-182.36,-958.4,291,114,0.284566879272,0,0,0,2,21,44,1,422.88,2222.2,775,678,0.75822353363,0,3,0,5,2,34,1,-15.32,-80.4,464,309,0.453863143921,0,0,0,2,12,29,1,313.08,1645.2,429,786,0.420105457306,0,11,0,2,26,37,1,-549.96,-2890.0,1758,769,0.719209671021,1,0,0,2,29,45,1,-162.36,-853.2,2704,991,0.644153118134,2,0,0,0,32,27,1,182.8,960.6,276,390,0.270167827606,0,14,0,6,6,20,1,-29.28,-156.2,318,746,0.623736381531,0,27,0,6,23,16,2,278.24,1488.4,292,643,0.572658061981,0,34,0,3,39,43,1,-34.2,-178.0,989,1003,0.483860969543,0,0,0,3,32,43,1,246.84,1285.2,153,741,0.075133800507,0,0,0,1,137,41,1,-21.04,-110.6,230,632,0.225432872772,0,0,0,0,28,41,1,515.52,2709.0,892,234,0.872169017792,0,0,0,1,128,38,1,-21.08,-110.8,987,249,0.965047359467,0,5,0,0,10,44,1,489.96,2574.8,300,51,0.293304443359,0,0,0,0,18,40,1,-558.6,-2935.4,974,772,0.952839374542,0,0,0,0,12,47,1,219.96,1155.8,177,108,0.173123836517,0,0,0,6,7,46,1,212.96,1140.0,250,1007,0.491161823273,0,0,0,6,22,38,2,-172.16,-919.0,348,946,0.682826519012,0,17,0,6,16,26,2,-481.08,-2569.8,483,373,0.945918560028,0,22,0,6,10,29,1,742.88,3960.0,365,294,0.714848041534,0,18,0,6,21,36,1,-694.36,-3715.6,498,701,0.975901126862,0,0,0,6,9,47,1,237.24,1266.8,165,984,0.324777603149,0,0,0,3,6,42,1,33.08,172.2,1774,282,0.867192268372,0,0,0,3,38,22,1,67.24,350.2,1083,242,0.529441356659,0,25,0,3,9,39,1,61.64,321.0,1465,993,0.716505527496,0,0,0,3,23,46,1,97.24,506.2,380,449,0.185943126678,0,0,0,3,16,45,1,-4.36,-22.8,512,274,0.250375270844,0,0,0,3,13,44,1,148.8,775.0,1071,502,0.523700237274,0,0,0,0,24,31,1,-609.24,-3201.6,284,547,0.278137683868,0,10,0,0,23,28,1,66.88,351.4,707,815,0.691882610321,0,2,0,0,25,44,1,480.08,2523.0,354,783,0.346789360046,0,0,0,5,7,37,1,-21.0,-110.4,230,646,0.225446224213,0,0,0,5,3,39,1,-53.04,-278.8,556,520,0.543995857239,0,2,0,1,129,44,1,-21.12,-111.0,588,390,0.575152873993,0,0,0
1,0,94468000,105250000,94454000,94468000,94468000,0.0,0.0,0.0,0,0.0,35,2,0,2,19,28,1,49.44,259.8,1677,793,0.640053272247,1,3,0,2,33,44,1,-183.04,-962.0,291,753,0.285176753998,0,0,0,2,21,41,1,422.88,2222.4,774,223,0.756811618805,0,0,0,5,2,34,1,-15.64,-82.2,464,363,0.453914642334,0,2,0,2,26,31,2,-550.08,-2890.6,1760,644,0.72104549408,1,14,0,2,29,40,1,-162.52,-854.0,2705,536,0.644696235657,2,0,0,0,32,35,1,183.04,961.8,275,794,0.269576072693,0,15,0,6,6,19,1,-28.6,-152.6,318,797,0.623833656311,0,29,0,6,23,16,2,279.44,1494.8,292,159,0.571732521057,0,30,0,3,39,45,1,-34.28,-178.6,990,218,0.483974933624,0,0,0,3,32,44,1,246.72,1284.8,152,41,0.074311256409,0,0,0,1,137,38,1,-20.96,-110.0,230,706,0.225502967834,0,0,0,0,28,41,1,515.04,2706.6,890,481,0.870450019836,0,0,0,1,128,37,1,-21.12,-111.0,987,322,0.965117454529,0,2,0,0,10,45,1,489.72,2573.6,298,388,0.291671276093,0,0,0,0,18,38,1,-558.96,-2937.2,976,678,0.954703807831,0,0,0,0,12,46,1,220.0,1156.0,176,362,0.172389507294,0,0,0,6,7,46,1,212.8,1139.0,250,635,0.490452289581,0,0,0,6,22,31,1,-172.92,-923.0,349,224,0.683403968811,0,18,0,6,16,27,1,-479.84,-2563.2,484,189,0.947523593903,0,22,0,6,10,29,1,742.88,3960.0,364,20,0.712368488312,0,18,0,6,21,38,1,-694.68,-3717.2,499,890,0.97821855545,0,2,0,6,9,46,1,237.12,1266.4,165,570,0.323986530304,0,0,0,3,6,43,1,32.64,170.0,1774,53,0.867083072662,0,0,0,3,38,21,1,67.4,351.0,1082,790,0.529213905334,0,25,0,3,9,39,1,61.16,318.4,1465,563,0.716300487518,0,0,0,3,23,45,1,97.2,506.2,379,792,0.185617923737,0,0,0,3,16,44,1,-4.8,-25.0,512,308,0.250391483307,0,0,0,3,13,42,1,148.56,773.6,1070,486,0.523203849792,0,0,0,0,24,23,1,-609.24,-3201.6,286,626,0.280168533325,0,25,0,0,23,27,1,66.76,350.8,707,592,0.691669940948,0,15,0,0,25,43,1,479.84,2521.6,353,130,0.345188140869,0,0,0,5,7,35,1,-20.88,-109.8,230,719,0.225515842438,0,0,0,5,3,39,1,-53.52,-281.2,556,704,0.544172286987,0,0,0,1,129,43,1,-21.8,-114.4,588,465,0.575224399567,0,0,0,,,,,,,,,,,,
1,0,94469000,105251000,94455000,94469000,94469000,0.0,0.0,0.0,0,0.0,35,2,0,2,19,29,1,49.28,259.0,1677,619,0.639887809753,1,3,0,2,33,46,1,-183.48,-964.2,292,369,0.28578710556,0,0,0,2,21,38,1,422.72,2221.4,772,794,0.755401611328,0,0,0,5,2,30,1,-15.32,-80.4,464,422,0.453970909119,0,15,0,2,26,35,2,-550.16,-2891.0,1762,518,0.72287940979,1,9,0,2,29,42,1,-162.76,-855.4,2706,80,0.645238399506,2,0,0,0,32,33,1,182.56,959.2,275,162,0.268972396851,0,20,0,6,6,16,1,-28.6,-152.6,318,847,0.623928546906,0,29,0,6,23,16,2,280.4,1500.0,291,697,0.570804595947,0,34,0,3,39,45,1,-34.8,-181.2,990,457,0.484089374542,0,0,0,3,32,40,1,246.12,1281.6,150,366,0.073488712311,0,0,0,1,137,41,1,-21.28,-111.8,230,779,0.225573062897,0,0,0,0,28,41,1,514.84,2705.6,888,729,0.868731975555,0,0,0,1,128,40,1,-21.56,-113.4,987,397,0.965188503265,0,0,0,0,10,43,1,489.32,2571.4,296,726,0.290038585663,0,0,0,0,18,40,1,-559.36,-2939.6,978,583,0.956568717957,0,0,0,0,12,44,1,219.88,1155.6,175,618,0.171656131744,0,0,0,6,7,42,1,212.08,1135.2,250,265,0.489743709564,0,0,0,6,22,37,2,-172.4,-920.2,349,533,0.683994293213,0,19,0,6,16,31,2,-480.84,-2568.6,485,4,0.949128627777,0,27,0,6,10,28,1,743.16,3961.4,362,777,0.709900379181,0,18,0,6,21,39,1,-694.44,-3716.0,501,56,0.980539321899,0,7,0,6,9,45,1,236.76,1264.4,165,156,0.323195934296,0,0,0,3,6,45,1,32.44,169.0,1773,849,0.86697435379,0,0,0,3,38,20,1,65.84,342.8,1082,334,0.528995990753,0,26,0,3,9,39,1,61.08,318.2,1465,135,0.716096401215,0,0,0,3,23,44,1,96.84,504.2,379,113,0.185293674469,0,0,0,3,16,45,1,-4.84,-25.2,512,341,0.250407218933,0,0,0,3,13,38,1,148.16,771.6,1069,472,0.522708415985,0,0,0,0,24,25,1,-610.6,-3208.6,288,716,0.282208919525,0,20,0,0,23,24,1,66.2,347.8,707,360,0.691448688507,0,25,0,0,25,44,1,479.76,2521.2,351,501,0.343587398529,0,0,0,5,7,37,1,-21.24,-111.6,230,792,0.2255859375,0,0,0,5,3,40,1,-53.56,-281.4,556,890,0.54434967041,0,0,0,1,129,45,1,-21.8,-114.6,588,540,0.575296401978,0,0,0,,,,,,,,,,,,
1,0,94470000,105252000,94456000,94470000,94470000,0.0,0.0,0.0,0,0.0,34,2,0,2,19,33,1,49.84,261.8,1677,446,0.63972234726,1,2,0,2,33,46,1,-182.72,-960.2,292,1008,0.28639793396,0,0,0,2,21,36,1,423.28,2224.4,771,338,0.753989219666,0,0,0,5,2,30,1,-16.92,-88.8,464,483,0.454030036926,0,15,0,2,26,38,1,-549.76,-2889.0,1764,391,0.7247133255,1,2,0,2,29,41,1,-162.36,-853.2,2706,649,0.645781040192,2,0,0,0,32,31,1,183.96,966.6,274,551,0.268366336823,0,14,0,6,23,17,2,278.52,1490.0,291,208,0.569870948792,0,30,0,3,39,46,1,-33.96,-177.0,990,696,0.48420381546,0,0,0,3,32,38,1,246.48,1283.6,148,692,0.072667121887,0,0,0,1,137,42,1,-20.56,-108.0,230,852,0.225643157959,0,0,0,0,28,39,1,515.68,2709.8,886,977,0.867013454437,0,0,0,1,128,41,1,-20.68,-108.6,987,471,0.965259075165,0,0,0,0,10,37,1,489.52,2572.4,295,40,0.288405895233,0,0,0,0,18,41,1,-558.68,-2935.8,980,488,0.958433628082,0,0,0,0,12,39,1,219.64,1154.4,174,875,0.170923233032,0,0,0,6,7,38,1,212.48,1137.4,249,915,0.489030361176,0,6,0,6,22,36,2,-171.16,-913.6,349,829,0.684559345245,0,20,0,6,16,25,2,-481.44,-2571.8,485,848,0.950740337372,0,27,0,6,10,35,1,742.92,3960.2,361,499,0.707413196564,0,16,0,6,21,35,1,-693.84,-3712.8,502,244,0.982854366302,0,17,0,6,9,42,1,237.0,1265.6,164,767,0.322405338287,0,0,0,3,6,43,1,33.08,172.2,1773,620,0.866865158081,0,0,0,3,38,20,1,65.96,343.4,1081,899,0.528777122498,0,26,0,3,9,39,1,61.48,320.0,1464,732,0.715891838074,0,0,0,3,23,44,1,97.28,506.6,378,459,0.184969902039,0,0,0,3,16,45,1,-4.4,-23.0,512,372,0.250422000885,0,0,0,3,13,39,1,148.64,774.0,1068,457,0.522212505341,0,0,0,0,24,25,1,-611.72,-3214.6,290,823,0.284266471863,0,19,0,0,23,24,1,66.88,351.6,707,125,0.691224575043,0,27,0,0,25,43,1,480.12,2523.0,349,872,0.341986179352,0,0,0,5,7,38,1,-20.56,-108.0,230,865,0.225655555725,0,0,0,5,3,42,1,-52.6,-276.4,557,51,0.544526100159,0,0,0,1,129,43,1,-21.2,-111.4,588,616,0.575368404388,0,0,0,,,,,,,,,,,,,,,,,,,,,,,,
1,0,94471000,105253000,94457000,94471000,94471000,0.0,0.0,0.0,0,0.0,35,2,0,2,19,29,1,48.2,253.2,1677,274,0.639558315277,1,3,0,2,33,44,1,-184.0,-967.0,293,625,0.287009716034,0,0,0,2,21,33,1,422.6,2220.8,769,909,0.752578735352,0,0,0,0,15,25,1,-415.52,-2183.6,774,617,0.757187843323,0,54,0,5,2,28,1,-15.84,-83.2,464,561,0.454103946686,0,21,0,2,30,16,2,-196.84,-1034.4,3819,882,0.733980178833,3,25,0,2,26,41,1,-550.76,-2894.4,1766,265,0.72654914856,1,0,0,2,29,41,1,-163.4,-858.6,2707,194,0.646324157715,2,0,0,0,32,40,1,182.2,957.4,273,920,0.267740249634,0,12,0,6,23,17,2,278.76,1491.2,290,744,0.56893825531,0,30,0,3,39,45,1,-35.16,-183.0,990,938,0.484318733215,0,0,0,3,32,36,1,245.4,1278.0,146,1020,0.071845531464,0,0,0,1,137,42,1,-21.68,-114.0,230,926,0.225713729858,0,0,0,0,28,34,1,514.4,2703.2,885,202,0.865295886993,0,1,0,1,128,39,1,-21.76,-114.4,987,545,0.965330123901,0,0,0,0,10,36,1,488.76,2568.4,293,378,0.286774158478,0,0,0,0,18,38,1,-559.56,-2940.6,982,394,0.960298538208,0,0,0,0,12,36,1,219.16,1151.8,174,108,0.170191287994,0,0,0,6,7,40,1,211.8,1133.6,249,543,0.488317966461,0,11,0,6,22,40,1,-173.44,-925.8,350,106,0.68513584137,0,17,0,6,16,23,2,-479.64,-2562.2,486,669,0.952355861664,0,28,0,6,10,36,1,742.24,3956.6,360,225,0.704932689667,0,15,0,6,21,25,1,-694.64,-3717.2,503,440,0.985186100006,0,18,0,6,9,42,1,235.76,1258.8,164,354,0.321616649628,0,0,0,3,6,42,1,32.08,167.0,1773,391,0.866755962372,0,0,0,3,38,18,1,66.52,346.4,1081,419,0.528548240662,0,28,0,3,9,36,1,60.52,315.2,1464,304,0.71568775177,0,0,0,3,23,43,1,95.84,499.0,377,806,0.184647083282,0,0,0,3,16,41,1,-5.84,-30.4,512,404,0.250437736511,0,0,0,3,13,40,1,147.48,768.0,1067,446,0.521718502045,0,0,0,0,24,25,1,-611.76,-3214.8,292,933,0.286325931549,0,26,0,0,25,40,1,479.24,2518.6,348,219,0.340385437012,0,0,0,5,7,39,1,-21.64,-113.8,230,939,0.225726127625,0,0,0,5,3,44,1,-53.64,-281.8,557,237,0.544703483582,0,0,0,1,129,42,1,-22.24,-116.8,588,691,0.575439929962,0,0,0,,,,,,,,,,,,
1,0,94472000,105254000,94458000,94472000,94472000,0.0,0.0,0.0,0,0.0,35,2,0,2,19,34,1,48.72,256.0,1677,106,0.639397621155,1,12,0,2,33,42,1,-184.08,-967.4,294,242,0.287621021271,0,0,0,2,21,35,1,422.2,2218.6,768,456,0.751169204712,0,1,0,0,15,27,1,-416.96,-2191.0,776,32,0.758584499359,0,44,0,5,2,26,1,-22.24,-116.8,464,629,0.454169273376,0,30,0,2,26,45,1,-550.84,-2894.6,1768,140,0.728384494781,1,1,0,2,29,44,1,-163.68,-860.0,2707,764,0.646868228912,2,0,0,0,32,38,1,181.6,954.4,273,281,0.267130851746,0,12,0,6,23,19,2,276.6,1479.8,290,258,0.568009376526,0,30,0,3,39,45,1,-35.36,-184.2,991,157,0.484435081482,0,0,0,3,32,41,1,245.32,1277.4,145,326,0.071025848389,0,0,0,1,137,42,1,-21.68,-113.8,230,1000,0.225784301758,0,0,0,0,28,33,1,515.2,2707.2,883,463,0.863590717316,0,11,0,1,128,39,1,-21.4,-112.4,987,621,0.965402603149,0,2,0,0,10,43,1,488.48,2567.0,291,718,0.285143852234,0,0,0,0,18,41,1,-560.0,-2943.0,984,301,0.962164402008,0,0,0,0,12,33,1,219.16,1151.6,173,365,0.169459819794,0,1,0,6,7,38,1,211.16,1130.4,249,172,0.487609863281,0,15,0,6,22,43,1,-173.68,-927.2,350,406,0.685708999634,0,14,0,6,16,22,2,-481.48,-2571.8,487,501,0.953992366791,0,30,0,6,10,38,1,742.24,3956.6,358,972,0.702446460724,0,15,0,6,21,37,2,-695.44,-3721.6,504,632,0.987510681152,0,19,0,6,9,45,1,235.64,1258.4,163,966,0.320828914642,0,0,0,3,6,39,1,31.88,166.0,1773,166,0.866648674011,0,0,0,3,38,19,1,66.72,347.6,1080,972,0.52832365036,0,25,0,3,9,39,1,60.44,314.8,1463,903,0.715484619141,0,0,0,3,23,45,1,95.84,499.0,377,132,0.184325218201,0,0,0,3,16,41,1,-5.88,-30.8,512,443,0.250455856323,0,0,0,3,13,39,1,147.36,767.4,1066,436,0.521224975586,0,0,0,0,24,23,1,-612.36,-3218.0,295,9,0.288376331329,0,27,0,0,23,21,1,67.24,353.4,706,696,0.690791606903,0,27,0,0,25,42,1,479.04,2517.4,346,591,0.338785171509,0,0,0,5,7,39,1,-21.6,-113.6,230,1014,0.225797176361,0,0,0,5,3,43,1,-53.84,-282.8,557,423,0.544881820679,0,0,0,1,129,40,1,-22.32,-117.2,588,767,0.575512886047,0,1,0,,,,,,,,,,,,
1,0,94473000,105255000,94459000,94473000,94473000,0.0,0.0,0.0,0,0.0,34,2,0,2,19,30,1,49.2,258.4,1676,961,0.639236927032,1,13,0,2,33,43,1,-182.84,-960.8,294,884,0.288234710693,0,3,0,2,21,32,1,423.2,2224.0,767,3,0.749758720398,0,1,0,0,15,27,1,-416.68,-2189.6,777,490,0.75999879837,0,38,0,5,2,25,1,-17.8,-93.6,464,695,0.454231739044,0,28,0,2,26,44,1,-549.84,-2889.4,1770,16,0.730220794678,1,2,0,2,29,43,1,-162.68,-854.8,2708,308,0.647411346436,2,1,0,0,32,35,1,182.8,960.6,272,671,0.266526222229,0,12,0,6,23,18,2,278.12,1487.6,289,800,0.567087173462,0,31,0,3,39,43,1,-34.2,-178.2,991,400,0.484550952911,0,0,0,3,32,37,1,246.68,1284.6,143,664,0.070209503174,0,11,0,1,137,41,1,-20.68,-108.6,231,50,0.225854873657,0,0,0,0,28,29,1,515.44,2708.8,881,703,0.861864089966,0,16,0,1,128,42,1,-20.56,-108.0,987,695,0.965473651886,0,1,0,0,10,38,1,489.48,2572.2,290,34,0.28351354599,0,2,0,0,18,42,1,-558.56,-2935.4,986,207,0.964030265808,0,2,0,0,12,29,1,219.2,1152.0,172,623,0.168728351593,0,2,0,6,7,28,1,213.2,1141.2,248,833,0.486915111542,0,17,0,6,22,39,1,-173.16,-924.4,350,703,0.686276435852,0,14,0,6,16,20,2,-478.76,-2557.4,488,320,0.955603122711,0,34,0,6,10,36,1,743.36,3962.6,357,703,0.699975013733,0,17,0,6,21,36,2,-694.4,-3715.8,505,824,0.989833831787,0,20,0,6,9,44,1,236.68,1264.0,163,554,0.320041656494,0,0,0,3,6,42,1,33.04,172.2,1772,965,0.866540908813,0,0,0,3,38,18,1,67.2,350.0,1080,514,0.528104782104,0,25,0,3,9,37,1,61.8,321.8,1463,476,0.715281009674,0,0,0,3,23,41,1,97.0,505.2,376,482,0.184003829956,0,0,0,3,16,44,1,-4.52,-23.4,512,479,0.250473022461,0,0,0,3,13,42,1,148.64,774.0,1065,425,0.52073097229,0,1,0,0,23,20,1,67.12,352.8,706,471,0.690577030182,0,27,0,0,25,42,1,480.04,2522.6,344,962,0.337184906006,0,1,0,5,7,37,1,-20.6,-108.2,231,63,0.225867271423,0,0,0,5,3,43,1,-52.72,-277.2,557,609,0.545059204102,0,0,0,1,129,43,1,-21.12,-111.0,588,843,0.575585365295,0,1,0,,,,,,,,,,,,,,,,,,,,,,,,
1,0,94474000,105256000,94460000,94474000,94474000,0.0,0.0,0.0,0,0.0,34,2,0,2,19,30,1,48.92,257.0,1676,782,0.639065265656,1,14,0,2,33,42,1,-183.4,-963.8,295,500,0.288845062256,0,0,0,2,21,32,1,423.44,2225.2,765,570,0.748345851898,0,0,0,0,15,26,1,-418.48,-2199.2,778,899,0.761366844177,0,34,0,5,2,23,1,-16.96,-89.2,464,781,0.454314231873,0,29,0,2,26,41,1,-549.76,-2889.0,1771,913,0.732055187225,1,0,0,2,29,35,1,-162.76,-855.4,2708,878,0.647954940796,2,0,0,0,32,41,1,182.0,956.4,272,35,0.265918731689,0,11,0,6,23,18,2,278.64,1490.6,289,312,0.566155910492,0,30,0,3,39,45,1,-34.52,-179.8,991,641,0.484665870667,0,0,0,3,32,36,1,245.64,1279.2,141,987,0.069386005402,0,8,0,1,137,40,1,-20.68,-108.8,231,122,0.225923538208,0,0,0,0,28,32,1,515.32,2708.0,879,968,0.860161781311,0,19,0,1,128,40,1,-21.04,-110.6,987,768,0.965543270111,0,0,0,0,10,42,1,488.88,2569.0,288,373,0.281881809235,0,0,0,0,18,43,1,-558.96,-2937.4,988,112,0.96589422226,0,0,0,0,12,29,1,219.6,1154.0,171,867,0.167983055115,0,12,0,6,7,37,1,212.04,1135.2,248,463,0.486207962036,0,17,0,6,22,42,1,-173.36,-925.4,350,1006,0.686854839325,0,9,0,6,16,22,2,-481.84,-2574.0,489,147,0.957228183746,0,33,0,6,10,38,1,743.44,3962.8,356,428,0.697491645813,0,11,0,6,21,35,1,-694.4,-3715.8,506,1002,0.992130756378,0,16,0,6,9,47,1,236.28,1261.6,163,141,0.319252967834,0,0,0,3,6,41,1,32.68,170.2,1772,735,0.866431236267,0,0,0,3,38,18,1,67.4,351.0,1080,67,0.527891635895,0,26,0,3,9,38,1,61.28,319.2,1463,46,0.715075969696,0,0,0,3,23,45,1,96.64,503.2,375,829,0.183680534363,0,0,0,3,16,43,1,-4.92,-25.6,512,509,0.250487804413,0,0,0,3,13,41,1,148.12,771.4,1064,413,0.52023601532,0,0,0,0,23,21,1,66.04,347.0,706,252,0.690368652344,0,28,0,0,25,42,1,480.32,2524.0,343,308,0.335583209991,0,0,0,5,7,37,1,-20.64,-108.4,231,135,0.225936412811,0,0,0,5,3,39,1,-52.4,-275.4,557,794,0.545235157013,0,0,0,1,129,40,1,-21.48,-112.8,588,917,0.575656414032,0,0,0,,,,,,,,,,,,,,,,,,,,,,,,
1,0,94475000,105257000,94461000,94475000,94475000,0.0,0.0,0.0,0,0.0,35,2,0,2,19,37,1,49.72,261.2,1676,610,0.638901233673,1,10,0,2,33,43,1,-182.84,-960.8,296,115,0.289455413818,0,0,0,2,21,32,1,423.48,2225.4,764,129,0.746947288513,0,8,0,0,15,25,1,-415.4,-2183.0,780,251,0.762702941895,0,33,0,5,2,25,1,-14.6,-76.6,464,843,0.454372882843,0,27,0,2,12,21,2,313.6,1648.0,421,303,0.411824703217,0,26,0,2,26,37,1,-549.44,-2887.2,1773,785,0.733887195587,1,0,0,2,29,19,2,-162.64,-854.8,2709,428,0.648502826691,2,23,0,0,32,45,1,182.68,960.0,271,414,0.265302658081,0,6,0,6,23,16,2,278.6,1490.4,288,854,0.565234184265,0,30,0,3,39,45,1,-34.12,-177.6,991,881,0.484780311584,0,0,0,3,32,40,1,246.52,1283.8,140,292,0.06856584549,0,3,0,1,137,40,1,-20.44,-107.4,231,194,0.225991725922,0,0,0,0,28,37,1,515.2,2707.4,878,175,0.858427524567,0,12,0,1,128,41,1,-20.72,-109.0,987,840,0.965612411499,0,0,0,0,10,42,1,489.44,2572.2,286,712,0.280250072479,0,0,0,0,18,45,1,-558.72,-2936.2,990,17,0.967758178711,0,0,0,0,12,28,1,219.68,1154.4,171,107,0.167257785797,0,15,0,6,7,37,1,211.96,1134.6,248,95,0.485505580902,0,15,0,6,22,42,1,-173.68,-927.0,351,284,0.687432289124,0,7,0,6,16,22,2,-481.44,-2571.8,489,998,0.958854675293,0,31,0,6,10,34,1,743.2,3961.8,355,153,0.695009231567,0,11,0,6,21,40,1,-693.8,-3712.6,508,164,0.994443416595,0,11,0,6,9,47,1,236.12,1261.0,162,753,0.318464756012,0,0,0,3,6,40,1,33.0,172.0,1772,506,0.866322040558,0,0,0,3,38,19,1,68.12,354.8,1079,629,0.527671337128,0,25,0,3,9,39,1,61.48,320.0,1462,639,0.714869976044,0,0,0,3,23,46,1,96.72,503.6,375,153,0.183357715607,0,0,0,3,16,43,1,-4.48,-23.4,512,541,0.250502586365,0,0,0,3,13,38,1,148.56,773.6,1063,399,0.51974105835,0,0,0,0,23,20,1,65.92,346.4,706,28,0.69015455246,0,28,0,0,25,43,1,480.08,2522.8,341,678,0.33398103714,0,0,0,5,7,37,1,-20.44,-107.4,231,207,0.226004600525,0,0,0,5,3,40,1,-52.56,-276.2,557,977,0.545410633087,0,0,0,1,129,44,1,-20.96,-110.0,588,991,0.575726509094,0,0,0,,,,,,,,,,,,
1,0,94476000,105258000,94462000,94476000,94476000,0.0,0.0,0.0,0,0.0,34,2,0,2,19,36,1,49.04,257.6,1676,442,0.638741016388,1,8,0,2,33,40,1,-183.84,-966.0,296,754,0.290065765381,0,0,0,2,21,30,2,422.84,2222.2,762,728,0.745563030243,0,12,0,0,15,25,2,-417.0,-2191.2,781,654,0.764065742493,0,33,0,2,12,20,2,313.04,1645.0,420,252,0.410798549652,0,25,0,2,26,42,2,-549.88,-2889.8,1775,659,0.735722064972,1,0,0,2,29,19,2,-164.24,-863.0,2709,1010,0.649058818817,2,25,0,0,32,41,1,182.16,957.2,270,799,0.264692783356,0,1,0,6,23,17,2,277.56,1484.8,288,372,0.564313411713,0,33,0,3,39,45,1,-34.72,-180.8,992,98,0.484895706177,0,0,0,3,32,40,1,246.0,1281.0,138,619,0.067744731903,0,1,0,1,137,41,1,-20.88,-109.6,231,266,0.226061344147,0,0,0,0,28,39,1,515.36,2708.2,876,433,0.856718540192,0,10,0,1,128,40,1,-20.8,-109.2,987,913,0.965681552887,0,0,0,0,10,41,1,488.68,2568.0,285,28,0.278619766235,0,0,0,0,18,45,1,-559.04,-2937.8,991,946,0.969623088837,0,0,0,0,12,29,1,219.08,1151.2,170,358,0.166520118713,0,15,0,6,7,33,1,212.2,1135.8,247,750,0.484799861908,0,15,0,6,22,44,1,-173.92,-928.4,351,587,0.688011169434,0,2,0,6,16,20,2,-482.08,-2575.2,490,815,0.960463047028,0,32,0,6,10,28,1,743.24,3961.8,353,903,0.692528247833,0,9,0,6,21,41,1,-694.16,-3714.6,509,352,0.996759414673,0,8,0,6,9,44,1,235.84,1259.2,162,341,0.317677497864,0,0,0,3,6,40,1,32.44,168.8,1772,279,0.866213798523,0,0,0,3,38,19,1,65.08,339.0,1079,169,0.527451515198,0,27,0,3,9,38,1,61.2,318.6,1462,209,0.714664936066,0,0,0,3,23,43,1,96.36,501.6,374,504,0.183036327362,0,0,0,3,16,44,1,-5.08,-26.6,512,576,0.250519752502,0,0,0,3,13,40,1,148.0,770.8,1062,387,0.519246578217,0,0,0,0,23,19,1,65.92,346.4,705,833,0.689945220947,0,28,0,0,25,41,1,479.88,2521.8,340,25,0.3323802948,0,0,0,5,7,39,1,-20.96,-110.0,231,279,0.226073741913,0,0,0,5,3,39,1,-52.72,-277.0,558,138,0.545586585999,0,0,0,1,129,40,1,-21.32,-112.0,589,42,0.575797557831,0,0,0,,,,,,,,,,,,,,,,,,,,,,,,
1,0,94477000,105259000,94463000,94477000,94477000,0.0,0.0,0.0,0,0.0,30,2,0,2,19,28,1,49.48,260.0,1676,257,0.638564109802,1,9,0,2,33,43,1,-183.24,-963.0,297,374,0.290679931641,0,0,0,0,15,24,2,-415.48,-2183.4,783,38,0.765432834625,0,33,0,2,26,40,1,-549.72,-2888.8,1777,531,0.737555503845,1,0,0,0,32,43,1,182.88,961.0,270,163,0.264085769653,0,0,0,6,23,16,2,279.32,1494.2,287,909,0.563381671906,0,32,0,3,39,43,1,-34.28,-178.6,992,339,0.485010623932,0,0,0,3,32,28,1,246.0,1281.0,136,940,0.066920280457,0,7,0,1,137,41,1,-20.6,-108.2,231,338,0.226130008698,0,0,0,0,28,34,1,515.48,2709.0,874,672,0.854991912842,0,9,0,1,128,38,1,-20.44,-107.4,987,986,0.965751171112,0,0,0,0,10,40,1,489.04,2569.8,283,367,0.276988506317,0,0,0,0,18,41,1,-558.84,-2936.6,993,852,0.971487998962,0,0,0,0,12,30,1,219.0,1151.0,169,621,0.165793895721,0,15,0,6,7,28,1,212.2,1135.8,247,375,0.484083175659,0,18,0,6,22,42,1,-173.4,-925.6,351,890,0.688590526581,0,0,0,6,16,20,2,-480.04,-2564.2,491,634,0.962074279785,0,33,0,6,10,22,1,743.88,3965.2,352,631,0.690052509308,0,20,0,6,21,39,1,-693.92,-3713.4,510,538,0.999072551727,0,10,0,6,9,45,1,235.8,1259.2,161,953,0.31689119339,0,0,0,3,6,40,1,32.8,170.8,1772,51,0.866104602814,0,0,0,3,38,21,1,67.8,353.0,1078,723,0.527227401733,0,26,0,3,9,37,1,61.6,320.8,1461,804,0.714460372925,0,0,0,3,23,44,1,96.52,502.6,373,854,0.182714939117,0,0,0,3,16,43,1,-4.68,-24.4,512,609,0.250535488129,0,0,0,3,13,41,1,148.36,772.6,1061,374,0.518751621246,0,0,0,0,25,45,1,480.04,2522.6,338,395,0.330778598785,0,0,0,5,7,37,1,-20.68,-108.6,231,352,0.226142406464,0,0,0,5,3,42,1,-52.52,-276.0,558,322,0.54576253891,0,0,0,1,129,41,1,-21.08,-110.6,589,115,0.57586812973,0,0,0,,,,,,,,,,,,,,,,,,,,,,,,,,,,,,,,,,,,,,,,,,,,,,,,,,,,,,,,,,,,,,,,,,,,,,,,
1,0,94478000,105260000,94464000,94478000,94478000,0.0,0.0,0.0,0,0.0,34,2,0,2,19,36,1,49.28,259.0,1676,91,0.638406276703,1,11,0,2,33,41,1,-183.4,-963.8,297,1013,0.291290283203,0,0,0,2,21,25,2,423.4,2225.0,759,832,0.742730617523,0,26,0,5,2,29,1,-15.6,-82.0,464,987,0.454510211945,0,17,0,2,12,21,2,312.44,1641.8,418,115,0.408712387085,0,25,0,2,26,39,1,-549.76,-2889.0,1779,403,0.739388465881,1,0,0,2,29,19,2,-161.96,-851.2,2711,125,0.650168895721,2,25,0,0,32,43,1,182.52,959.0,269,549,0.263476848602,0,0,0,6,23,16,2,278.6,1490.4,287,426,0.56245803833,0,33,0,3,39,43,1,-34.48,-179.6,992,579,0.48512506485,0,0,0,3,32,36,1,246.24,1282.4,135,248,0.066101074219,0,6,0,1,137,43,1,-20.6,-108.2,231,410,0.226198673248,0,0,0,0,28,39,1,515.32,2708.2,872,933,0.853286266327,0,15,0,1,128,40,1,-20.32,-106.8,988,34,0.965819835663,0,0,0,0,10,39,1,489.2,2570.8,281,707,0.275357723236,0,0,0,0,18,42,1,-559.0,-2937.6,995,756,0.973351955414,0,0,0,0,12,30,1,219.24,1152.0,168,886,0.165069580078,0,13,0,6,7,28,1,212.48,1137.4,247,4,0.483375549316,0,20,0,6,22,43,1,-173.76,-927.4,352,169,0.689169406891,0,0,0,6,16,19,2,-483.36,-2582.0,492,452,0.963682174683,0,32,0,6,10,30,1,743.28,3962.2,351,353,0.687564373016,0,18,0,6,21,43,1,-693.88,-3713.2,0,722,0.001381874084,0,7,0,6,9,47,1,235.68,1258.4,161,542,0.316104888916,0,0,0,3,6,40,1,32.76,170.6,1771,846,0.865995407104,0,0,0,3,38,24,1,66.68,347.2,1078,229,0.52699136734,0,22,0,3,9,38,1,61.4,319.6,1461,373,0.714254379272,0,0,0,3,23,46,1,96.28,501.4,373,181,0.182393550873,0,0,0,3,16,43,1,-4.64,-24.2,512,642,0.250551223755,0,0,0,3,13,39,1,148.32,772.4,1060,362,0.518257141113,0,0,0,0,23,19,1,66.32,348.4,705,375,0.689507961273,0,28,0,0,25,44,1,480.08,2522.8,336,766,0.329177379608,0,0,0,5,7,39,1,-20.64,-108.4,231,423,0.226211071014,0,0,0,5,3,43,1,-52.56,-276.2,558,506,0.545938014984,0,0,0,1,129,39,1,-20.96,-110.2,589,189,0.575938224792,0,0,0,,,,,,,,,,,,,,,,,,,,,,,,
1,0,94479000,105261000,94465000,94479000,94479000,0.0,0.0,0.0,0,0.0,32,2,0,2,19,38,1,49.0,257.4,1675,946,0.638244628906,1,6,0,2,33,42,1,-183.88,-966.2,298,630,0.291902542114,0,0,0,2,21,26,2,423.28,2224.4,758,451,0.74138879776,0,24,0,5,2,33,1,-15.32,-80.4,465,10,0.454555511475,0,17,0,2,12,25,2,311.28,1635.6,417,35,0.407658100128,0,23,0,2,26,42,1,-550.0,-2890.2,1781,277,0.741222381592,1,0,0,0,32,44,1,182.16,957.4,268,936,0.262868404388,0,0,0,6,23,16,2,279.28,1494.0,286,962,0.561526298523,0,30,0,3,39,46,1,-34.68,-180.6,992,820,0.485239982605,0,0,0,3,32,35,1,245.92,1280.6,133,571,0.065277576447,0,3,0,1,137,40,1,-20.6,-108.2,231,482,0.226267337799,0,0,0,1,128,41,1,-20.84,-109.6,988,106,0.965888977051,0,0,0,0,10,34,1,488.4,2566.6,280,23,0.273727416992,0,0,0,0,18,43,1,-559.04,-2937.8,997,661,0.975216388702,0,0,0,0,12,29,1,218.96,1150.6,168,123,0.164340496063,0,12,0,6,7,22,2,214.32,1147.2,246,657,0.482665061951,0,28,0,6,22,42,1,-174.2,-929.8,352,472,0.689749240875,0,0,0,6,16,20,2,-483.36,-2582.0,493,276,0.965302944183,0,31,0,6,10,32,1,743.76,3964.6,350,85,0.685094356537,0,16,0,6,21,44,1,-693.8,-3712.6,1,910,0.003697395325,0,2,0,6,9,48,1,235.36,1256.8,161,131,0.315319061279,0,0,0,3,6,40,1,32.44,169.0,1771,617,0.865886211395,0,0,0,3,38,31,1,66.4,345.8,1077,735,0.526743888855,0,14,0,3,9,40,1,61.56,320.6,1460,967,0.714048862457,0,0,0,3,23,48,1,96.04,500.0,372,534,0.182073116302,0,0,0,3,16,43,1,-4.88,-25.4,512,675,0.250566959381,0,0,0,3,13,37,1,147.8,769.6,1059,351,0.517763137817,0,0,0,0,23,20,1,64.88,341.0,705,151,0.689294338226,0,28,0,0,25,44,1,479.96,2522.2,335,113,0.327576637268,0,0,0,5,7,35,1,-20.56,-108.0,231,496,0.226280212402,0,0,0,5,3,45,1,-52.56,-276.2,558,690,0.546113491058,0,0,0,1,129,41,1,-21.28,-111.8,589,262,0.576007843018,0,0,0,,,,,,,,,,,,,,,,,,,,,,,,,,,,,,,,,,,,,,,,,,,,,,,,
1,0,94480000,105262000,94466000,94480000,94480000,0.0,0.0,0.0,0,0.0,33,2,0,2,19,36,1,49.44,259.8,1675,771,0.638078212738,1,1,0,2,33,41,1,-183.56,-964.6,299,247,0.292513847351,0,0,0,2,21,31,2,422.8,2222.0,757,31,0.740010738373,0,21,0,0,15,25,2,-416.12,-2186.8,787,261,0.769555091858,0,30,0,5,2,36,1,-15.56,-81.8,465,55,0.454598903656,0,12,0,2,12,30,2,311.6,1637.6,415,964,0.406589984894,0,19,0,2,26,39,1,-549.48,-2887.4,1783,150,0.743056297302,1,0,0,0,32,44,1,182.52,959.2,268,299,0.262260437012,0,0,0,6,23,16,2,277.92,1486.6,286,475,0.560595035553,0,31,0,3,39,44,1,-34.48,-179.4,993,39,0.485356330872,0,0,0,3,32,35,1,246.48,1283.4,131,902,0.064457893372,0,0,0,1,137,41,1,-20.6,-108.2,231,554,0.22633600235,0,0,0,1,128,40,1,-20.48,-107.6,988,179,0.965958118439,0,0,0,0,10,37,1,488.84,2569.0,278,363,0.272096633911,0,0,0,0,18,45,1,-558.96,-2937.4,999,566,0.977080821991,0,0,0,0,12,20,1,217.84,1144.8,167,414,0.163641452789,0,28,0,6,7,31,1,212.12,1135.4,246,284,0.481952190399,0,22,0,6,22,38,1,-174.2,-929.8,352,774,0.690324783325,0,12,0,6,16,20,2,-481.52,-2572.2,494,99,0.966921806335,0,31,0,6,10,40,1,743.04,3960.8,348,833,0.68261051178,0,14,0,6,21,43,1,-694.04,-3714.0,3,74,0.006012439728,0,0,0,6,9,47,1,235.32,1256.6,160,744,0.314534187317,0,0,0,3,6,41,1,32.76,170.6,1771,389,0.865777492523,0,0,0,3,38,39,1,66.84,348.0,1077,254,0.526514053345,0,7,0,3,9,39,1,61.52,320.4,1460,537,0.713843822479,0,0,0,3,23,48,1,96.04,500.0,371,888,0.181753635406,0,0,0,3,16,44,1,-4.64,-24.2,512,711,0.250584125519,0,0,0,3,13,33,1,148.28,772.0,1058,340,0.517269134521,0,0,0,0,23,22,1,66.04,347.2,704,944,0.689074039459,0,28,0,0,25,39,1,480.12,2523.2,333,484,0.325975894928,0,0,0,5,7,38,1,-20.6,-108.2,231,568,0.22634935379,0,0,0,5,3,43,1,-52.76,-277.2,558,874,0.54628944397,0,0,0,1,129,41,1,-21.12,-111.0,589,336,0.576078891754,0,0,0,,,,,,,,,,,,,,,,,,,,,,,,,,,,,,,,,,,,
1,0,94481000,105263000,94467000,94481000,94481000,0.0,0.0,0.0,0,0.0,35,2,0,2,19,39,1,49.36,259.4,1675,600,0.637914657593,1,0,0,2,7,22,2,-288.36,-1515.2,585,867,0.572675228119,0,26,0,2,33,42,1,-183.6,-964.8,299,889,0.293126583099,0,0,0,2,21,29,2,422.2,2218.8,755,570,0.738569736481,0,22,0,5,2,35,1,-15.44,-81.2,465,117,0.454657077789,0,9,0,2,12,29,2,311.44,1636.6,414,907,0.405558109283,0,17,0,2,26,41,1,-549.52,-2887.6,1785,23,0.744890213013,1,0,0,0,32,44,1,182.52,959.0,267,686,0.261651992798,0,0,0,6,23,17,2,279.44,1494.8,285,1014,0.559669494629,0,30,0,3,39,43,1,-34.68,-180.6,993,281,0.485471248627,0,0,0,3,32,35,1,246.32,1282.8,130,206,0.063637256622,0,0,0,1,137,43,1,-20.68,-108.6,231,627,0.226405143738,0,0,0,0,28,41,1,515.32,2708.0,867,630,0.848109722137,0,8,0,1,128,41,1,-20.4,-107.2,988,251,0.96602678299,0,0,0,0,10,39,1,488.92,2569.2,276,703,0.270466804504,0,0,0,0,18,41,1,-559.0,-2937.6,1001,471,0.97894525528,0,0,0,0,12,23,2,215.8,1134.0,166,862,0.163091182709,0,34,0,6,7,31,1,212.08,1135.2,245,945,0.481259346008,0,17,0,6,22,31,1,-173.8,-927.8,353,53,0.690904140472,0,14,0,6,16,21,2,-481.84,-2573.8,494,943,0.968535423279,0,31,0,6,10,41,1,743.64,3964.0,347,562,0.680134773254,0,12,0,6,21,44,1,-694.08,-3714.2,4,261,0.008327007294,0,0,0,6,9,46,1,235.2,1256.0,160,333,0.313749313354,0,0,0,3,6,41,1,32.52,169.2,1771,162,0.865668773651,0,0,0,3,38,42,1,66.68,347.2,1076,811,0.526291370392,0,1,0,3,9,39,1,61.44,320.0,1460,107,0.713638782501,0,0,0,3,23,46,1,95.92,499.4,371,218,0.181433677673,0,0,0,3,16,43,1,-4.76,-24.8,512,746,0.250600337982,0,0,0,3,13,27,1,148.0,770.6,1057,330,0.516775608063,0,0,0,0,24,17,1,-609.72,-3204.2,314,57,0.306995391846,0,32,0,0,23,25,2,65.4,343.6,704,712,0.688851833344,0,27,0,0,25,42,1,479.56,2520.0,331,855,0.324375152588,0,0,0,5,7,40,1,-20.68,-108.6,231,641,0.226418495178,0,0,0,5,3,46,1,-52.6,-276.4,559,34,0.546465396881,0,0,0,1,129,42,1,-20.92,-109.8,589,410,0.576148986816,0,0,0,,,,,,,,,,,,
1,0,94482000,105264000,94468000,94482000,94482000,0.0,0.0,0.0,0,0.0,34,2,0,2,19,39,1,49.08,257.8,1675,429,0.637751579285,1,0,0,2,7,22,2,-288.6,-1516.6,586,858,0.573644161224,0,25,0,2,33,41,1,-184.12,-967.6,300,506,0.29373884201,0,0,0,2,21,29,2,422.8,2221.8,754,135,0.737176895142,0,18,0,5,2,27,1,-15.4,-81.0,465,168,0.454706668854,0,17,0,2,12,29,1,311.08,1634.8,413,823,0.404500961304,0,16,0,2,26,44,1,-550.04,-2890.4,1786,920,0.746724128723,1,0,0,0,32,43,1,182.28,958.0,267,48,0.261044025421,0,0,0,6,23,17,2,277.92,1486.8,285,529,0.558741569519,0,30,0,3,39,43,1,-35.0,-182.2,993,523,0.485587120056,0,0,0,3,32,39,1,245.72,1279.4,128,534,0.062816619873,0,0,0,1,137,43,1,-20.96,-110.2,231,699,0.226474285126,0,0,0,0,28,34,1,514.12,2701.8,865,881,0.846394062042,0,9,0,1,128,40,1,-20.92,-110.0,988,323,0.96609544754,0,0,0,0,10,39,1,488.44,2566.8,275,20,0.268836975098,0,0,0,0,18,45,1,-559.36,-2939.4,1003,377,0.980810165405,0,0,0,0,12,22,2,219.12,1151.4,166,96,0.162359714508,0,33,0,6,7,37,1,211.76,1133.6,245,575,0.480551242828,0,17,0,6,22,39,1,-174.92,-933.8,353,362,0.691495895386,0,19,0,6,16,21,2,-482.64,-2578.0,495,764,0.970149040222,0,27,0,6,10,41,1,742.84,3959.8,346,289,0.67765712738,0,9,0,6,21,43,1,-693.92,-3713.4,5,448,0.01064157486,0,0,0,6,9,47,1,234.48,1252.0,159,947,0.312965393066,0,0,0,3,6,42,1,32.28,168.2,1770,957,0.865560054779,0,0,0,3,38,42,1,66.16,344.6,1076,346,0.526069641113,0,0,0,3,9,38,1,61.08,318.0,1459,702,0.713433742523,0,0,0,3,23,45,1,95.44,497.0,370,572,0.18111371994,0,0,0,3,16,44,1,-5.24,-27.2,512,779,0.250616550446,0,0,0,3,13,27,1,148.36,772.6,1056,321,0.516282081604,0,0,0,0,23,31,1,64.68,339.8,704,450,0.688601493835,0,19,0,0,25,39,1,479.48,2519.8,330,203,0.322774887085,0,0,0,5,7,40,1,-21.0,-110.4,231,713,0.226487636566,0,0,0,5,3,44,1,-53.0,-278.4,559,219,0.546641349792,0,0,0,1,129,42,1,-21.64,-113.8,589,483,0.576219558716,0,0,0,,,,,,,,,,,,,,,,,,,,,,,,
1,0,94483000,105265000,94469000,94483000,94483000,0.0,0.0,0.0,0,0.0,34,2,0,2,19,40,1,49.4,259.6,1675,257,0.637587070465,1,0,0,0,7,26,1,358.44,1883.6,845,348,0.826334953308,0,63,0,2,33,41,1,-183.88,-966.2,301,126,0.294353485107,0,0,0,2,21,28,2,422.36,2219.4,752,679,0.735741615295,0,22,0,5,2,31,1,-16.52,-86.8,465,229,0.45476436615,0,25,0,2,12,33,1,311.36,1636.2,412,768,0.403470993042,0,18,0,2,26,41,1,-549.56,-2888.0,1788,793,0.748558044434,1,0,0,0,32,41,1,182.52,959.2,266,436,0.260436058044,0,0,0,6,23,16,2,277.16,1482.6,285,47,0.557821273804,0,31,0,3,39,45,1,-34.52,-179.8,993,767,0.485703468323,0,0,0,3,32,41,1,246.12,1281.6,126,864,0.061995983124,0,0,0,1,137,43,1,-20.68,-108.8,231,771,0.226543426514,0,0,0,0,28,36,1,515.24,2707.6,864,104,0.84467458725,0,12,0,1,128,40,1,-20.6,-108.2,988,395,0.966165065765,0,0,0,0,10,42,1,488.68,2568.0,273,361,0.267207622528,0,0,0,0,18,45,1,-559.16,-2938.4,1005,284,0.982676029205,0,0,0,0,12,23,2,218.8,1149.8,165,362,0.161636352539,0,31,0,6,7,39,1,212.0,1134.8,245,204,0.479843616486,0,14,0,6,22,35,1,-173.84,-928.0,353,675,0.692092895508,0,18,0,6,16,20,2,-483.52,-2582.8,496,587,0.971767902374,0,28,0,6,10,39,1,743.08,3961.2,345,17,0.675180912018,0,7,0,6,21,39,1,-694.12,-3714.4,6,635,0.012956142426,0,0,0,6,9,46,1,234.76,1253.6,159,537,0.312181472778,0,0,0,3,6,42,1,32.68,170.2,1770,730,0.865451335907,0,0,0,3,38,42,1,66.56,346.6,1075,903,0.525846481323,0,0,0,3,9,36,1,61.36,319.6,1459,273,0.713229656219,0,0,0,3,23,45,1,95.64,498.0,369,928,0.180794715881,0,0,0,3,16,44,1,-4.84,-25.2,512,815,0.250633716583,0,0,0,3,13,27,1,148.4,772.8,1055,293,0.515780448914,0,11,0,0,23,33,1,65.16,342.4,704,200,0.688363552094,0,12,0,0,25,36,1,479.92,2522.0,328,576,0.321175575256,0,0,0,5,7,40,1,-20.68,-108.6,231,786,0.226556777954,0,0,0,5,3,46,1,-52.56,-276.2,559,403,0.546817779541,0,0,0,1,129,42,1,-21.08,-110.8,589,558,0.576290607452,0,0,0,,,,,,,,,,,,,,,,,,,,,,,,
1,0,94484000,105266000,94470000,94484000,94484000,0.0,0.0,0.0,0,0.0,32,2,0,2,19,39,1,49.04,257.8,1675,85,0.637423038483,1,0,0,2,33,43,1,-184.04,-967.2,301,769,0.29496717453,0,0,0,2,21,26,2,422.56,2220.6,751,262,0.734365940094,0,24,0,5,4,25,1,167.8,881.8,958,162,0.936616897583,0,63,0,2,26,41,1,-549.8,-2889.2,1790,666,0.750392436981,1,0,0,0,32,38,1,182.2,957.4,265,823,0.259828090668,0,0,0,6,23,15,2,277.0,1481.8,284,587,0.556896209717,0,32,0,3,39,43,1,-34.84,-181.4,993,1010,0.485819339752,0,0,0,3,32,32,1,245.64,1279.2,125,170,0.061176300049,0,0,0,1,137,42,1,-20.56,-108.2,231,844,0.226612567902,0,0,0,0,28,37,1,515.28,2708.0,862,362,0.842966079712,0,12,0,1,128,38,1,-20.84,-109.4,988,468,0.966233730316,0,0,0,0,10,41,1,488.4,2566.6,271,702,0.265577793121,0,0,0,0,18,45,1,-559.2,-2938.6,1007,190,0.984541893005,0,0,0,0,12,21,2,218.84,1150.0,164,607,0.160892486572,0,30,0,6,7,34,1,211.84,1134.0,244,857,0.479134559631,0,14,0,6,22,37,2,-172.88,-922.8,353,996,0.692707061768,0,19,0,6,16,18,2,-481.6,-2572.6,497,410,0.973386764526,0,34,0,6,10,40,1,743.0,3960.6,343,769,0.672704219818,0,5,0,6,21,42,1,-693.96,-3713.6,7,822,0.015271186829,0,0,0,6,9,47,1,234.24,1250.8,159,127,0.311398983002,0,0,0,3,6,41,1,32.44,168.8,1770,504,0.865343093872,0,0,0,3,38,43,1,66.4,345.8,1075,443,0.52562713623,0,0,0,3,9,38,1,61.32,319.4,1458,869,0.713025093079,0,0,0,3,23,46,1,95.6,497.8,369,261,0.180476665497,0,0,0,3,16,43,1,-5.0,-26.0,512,852,0.250651359558,0,0,0,3,13,26,1,147.92,770.2,1054,289,0.515289306641,0,12,0,0,23,38,1,64.88,340.8,703,988,0.688138008118,0,9,0,0,25,28,1,478.92,2516.8,326,948,0.319575786591,0,3,0,5,7,40,1,-20.68,-108.6,231,858,0.226625919342,0,0,0,5,3,43,1,-52.64,-276.8,559,588,0.546993255615,0,0,0,1,129,41,1,-21.32,-112.0,589,631,0.576360702515,0,0,0,,,,,,,,,,,,,,,,,,,,,,,,,,,,,,,,,,,,,,,,,,,,,,,,
1,0,94485000,105267000,94471000,94485000,94485000,0.0,0.0,0.0,0,0.0,33,2,0,2,19,37,1,49.04,257.6,1674,937,0.637258529663,1,0,0,2,33,39,1,-184.2,-967.8,302,388,0.295580863953,0,0,0,2,21,32,1,422.84,2222.2,749,805,0.732929706573,0,19,0,5,2,35,1,-15.48,-81.4,465,327,0.45485830307,0,10,0,2,12,33,1,310.92,1633.8,410,640,0.401393413544,0,17,0,2,26,41,1,-550.0,-2890.2,1792,539,0.752225399017,1,0,0,0,32,42,1,182.2,957.4,265,186,0.259219646454,0,5,0,6,23,16,2,277.48,1484.4,284,106,0.555976867676,0,32,0,3,39,43,1,-35.04,-182.4,994,228,0.485935211182,0,0,0,3,32,36,1,245.72,1279.6,123,499,0.0603556633,0,0,0,1,137,42,1,-20.88,-109.8,231,916,0.226681232452,0,0,0,0,28,38,1,514.52,2703.8,860,613,0.84124994278,0,9,0,1,128,41,1,-20.76,-109.0,988,539,0.966302394867,0,0,0,0,10,35,1,488.2,2565.4,270,19,0.263947963715,0,0,0,0,18,42,1,-559.52,-2940.4,1009,96,0.986407279968,0,0,0,0,12,21,2,216.2,1136.2,163,878,0.160173892975,0,31,0,6,7,37,1,211.84,1134.0,244,485,0.478422164917,0,12,0,6,22,40,2,-174.76,-933.0,354,270,0.693276882172,0,18,0,6,16,19,2,-482.28,-2576.4,498,231,0.975002765656,0,30,0,6,10,38,1,743.0,3960.6,342,496,0.670224666595,0,0,0,6,21,41,1,-694.24,-3715.0,8,1009,0.017585277557,0,0,0,6,9,43,1,234.6,1252.8,158,742,0.310616493225,0,0,0,3,6,39,1,32.32,168.2,1770,276,0.865234375,0,0,0,3,38,42,1,66.08,344.2,1074,1000,0.525404453278,0,0,0,3,9,40,1,60.96,317.6,1458,440,0.712820529938,0,0,0,3,23,47,1,95.08,495.0,368,617,0.180158138275,0,0,0,3,16,44,1,-5.24,-27.4,512,885,0.250667095184,0,0,0,3,13,24,1,147.04,765.8,1053,282,0.514797687531,0,25,0,0,23,42,1,64.72,340.2,703,758,0.687918663025,0,7,0,0,25,36,2,479.6,2520.4,325,339,0.31801700592,0,16,0,5,7,38,1,-20.88,-109.6,231,930,0.22669506073,0,0,0,5,3,45,1,-52.84,-277.6,559,772,0.547169685364,0,0,0,1,129,43,1,-21.16,-111.2,589,705,0.576431274414,0,0,0,,,,,,,,,,,,,,,,,,,,,,,,,,,,,,,,,,,,
1,0,94486000,105268000,94472000,94486000,94486000,0.0,0.0,0.0,0,0.0,33,2,0,2,19,36,1,49.4,259.6,1674,765,0.637094974518,1,0,0,2,33,42,1,-184.04,-967.2,303,8,0.296196460724,0,0,0,2,21,27,2,422.08,2218.0,748,345,0.731512546539,0,19,0,5,2,35,1,-15.68,-82.4,465,384,0.454912185669,0,9,0,2,12,30,1,311.32,1635.8,409,576,0.400354862213,0,15,0,2,26,43,1,-550.0,-2890.2,1794,412,0.754059314728,1,0,0,0,32,40,1,182.32,958.2,264,572,0.25861120224,0,0,0,6,23,16,2,276.28,1477.8,283,649,0.555057048798,0,31,0,3,39,43,1,-34.6,-180.2,994,470,0.486050605774,0,0,0,3,32,40,1,246.2,1282.0,121,829,0.059535503387,0,0,0,1,137,40,1,-20.68,-108.8,231,989,0.226750850677,0,0,0,0,28,43,1,514.84,2705.6,858,860,0.839530467987,0,8,0,1,128,38,1,-19.8,-104.0,988,611,0.966371059418,0,0,0,0,10,27,1,488.92,2569.2,268,358,0.262316703796,0,9,0,0,18,40,1,-559.16,-2938.4,1011,3,0.988272666931,0,0,0,0,12,20,2,216.6,1138.2,163,128,0.159457683563,0,30,0,6,7,37,1,212.32,1136.6,244,117,0.47772026062,0,11,0,6,22,38,1,-174.76,-933.0,354,566,0.693842411041,0,16,0,6,16,21,2,-483.76,-2584.2,499,59,0.976629734039,0,31,0,6,10,34,1,743.16,3961.4,341,223,0.667746543884,0,0,0,6,21,43,1,-693.64,-3711.8,10,172,0.019899845123,0,0,0,6,9,47,1,234.24,1250.8,158,333,0.30983543396,0,0,0,3,6,41,1,32.68,170.2,1770,48,0.865125656128,0,0,0,3,38,45,1,66.52,346.2,1074,536,0.525182723999,0,0,0,3,9,39,1,61.56,320.6,1458,12,0.712615966797,0,0,0,3,23,47,1,95.24,496.0,367,975,0.179840087891,0,0,0,3,16,44,1,-5.04,-26.2,512,919,0.250683307648,0,0,0,3,13,23,1,147.08,766.0,1052,286,0.514310836792,0,25,0,0,23,44,1,64.88,341.0,703,535,0.687705516815,0,2,0,0,25,36,2,478.8,2516.0,323,789,0.316492080688,0,14,0,5,7,38,1,-20.64,-108.6,231,1003,0.226764202118,0,0,0,5,3,43,1,-52.76,-277.2,559,957,0.547345638275,0,0,0,1,129,43,1,-20.84,-109.4,589,779,0.576501846313,0,0,0,,,,,,,,,,,,,,,,,,,,,,,,,,,,,,,,,,,,
1,0,94487000,105269000,94473000,94487000,94487000,0.0,0.0,0.0,0,0.0,32,2,0,2,19,31,1,48.84,256.6,1674,594,0.636930942535,1,0,0,2,33,40,1,-184.52,-969.8,303,652,0.296810150146,0,0,0,2,21,26,2,422.4,2219.8,746,889,0.730076789856,0,27,0,5,2,34,1,-15.96,-84.0,465,441,0.454967021942,0,15,0,2,12,32,1,310.84,1633.4,408,508,0.399312496185,0,14,0,2,26,41,1,-550.04,-2890.4,1796,286,0.755894184113,1,0,0,0,32,39,1,181.88,955.8,263,959,0.258002758026,0,13,0,6,23,13,2,276.28,1477.8,283,168,0.554137229919,0,30,0,3,39,44,1,-35.0,-182.2,994,714,0.486166954041,0,0,0,3,32,39,1,245.68,1279.2,120,134,0.058714866638,0,0,0,1,137,40,1,-21.0,-110.4,232,38,0.226820468903,0,0,0,0,28,40,1,514.68,2704.6,857,76,0.837805271149,0,7,0,1,128,40,1,-20.8,-109.2,988,684,0.966439723969,0,0,0,0,10,41,1,488.24,2565.6,266,701,0.260689258575,0,6,0,0,18,44,1,-559.28,-2939.0,1012,934,0.990139007568,0,0,0,0,12,21,2,217.04,1140.6,162,418,0.158757209778,0,31,0,6,7,39,1,211.64,1133.0,243,771,0.477011680603,0,9,0,6,22,38,2,-175.0,-934.2,354,873,0.694428920746,0,15,0,6,16,19,2,-485.16,-2591.8,499,908,0.978251934052,0,34,0,6,10,38,1,742.6,3958.4,339,975,0.66526889801,0,0,0,6,21,46,1,-693.88,-3713.0,11,360,0.022214412689,0,0,0,6,9,49,1,233.6,1247.6,157,949,0.309054851532,0,0,0,3,6,40,1,32.24,167.8,1769,846,0.86501789093,0,0,0,3,38,42,1,65.92,343.2,1074,72,0.52496099472,0,0,0,3,9,41,1,61.12,318.4,1457,608,0.712411403656,0,0,0,3,23,46,1,94.64,492.8,367,310,0.17952299118,0,0,0,3,16,44,1,-5.44,-28.4,512,956,0.250700950623,0,0,0,0,23,43,1,64.32,338.0,703,308,0.687489032745,0,0,0,0,25,33,2,478.36,2513.8,322,165,0.314918994904,0,13,0,5,7,37,1,-21.0,-110.4,232,52,0.226833820343,0,0,0,5,3,44,1,-52.96,-278.2,560,118,0.547523021698,0,0,0,1,129,42,1,-21.2,-111.4,589,853,0.576572418213,0,0,0,,,,,,,,,,,,,,,,,,,,,,,,,,,,,,,,,,,,,,,,,,,,,,,,
1,0,94488000,105270000,94474000,94488000,94488000,0.0,0.0,0.0,0,0.0,32,2,0,2,19,31,1,48.76,256.2,1674,423,0.63676738739,1,6,0,2,33,41,1,-184.52,-969.6,304,273,0.297425746918,0,0,0,2,21,31,2,422.2,2218.6,745,491,0.728719711304,0,25,0,0,15,24,1,-416.12,-2186.8,798,733,0.780758857727,0,62,0,5,2,28,1,-16.24,-85.4,465,479,0.455003261566,0,19,0,2,12,35,1,310.84,1633.4,407,448,0.398277282715,0,11,0,2,26,42,1,-550.08,-2890.6,1798,160,0.757729530334,1,0,0,0,32,31,1,181.92,956.0,263,328,0.257400512695,0,17,0,3,39,45,1,-35.0,-182.2,994,959,0.486283779144,0,0,0,3,32,43,1,245.84,1280.2,118,465,0.0578956604,0,0,0,1,137,43,1,-21.2,-111.4,232,111,0.226890563965,0,0,0,0,28,42,1,514.8,2705.2,855,327,0.836089611053,0,2,0,1,128,40,1,-20.76,-109.2,988,756,0.966509342194,0,0,0,0,10,44,1,488.24,2565.8,265,17,0.259058952332,0,2,0,0,18,44,1,-559.96,-2942.6,1014,841,0.992005825043,0,0,0,0,12,20,2,216.2,1136.2,161,687,0.158036708832,0,29,0,6,7,42,1,212.04,1135.0,243,399,0.476302146912,0,3,0,6,22,35,1,-174.44,-931.2,355,149,0.695001602173,0,17,0,6,16,20,2,-484.16,-2586.4,500,730,0.979869365692,0,30,0,6,10,37,1,742.6,3958.6,338,702,0.662791252136,0,0,0,6,21,43,1,-694.28,-3715.2,12,547,0.024528980255,0,0,0,6,9,47,1,233.72,1248.2,157,541,0.308274745941,0,0,0,3,6,41,1,32.24,167.8,1769,621,0.864910125732,0,0,0,3,38,43,1,66.04,344.0,1073,633,0.524740695953,0,0,0,3,9,42,1,61.2,318.6,1457,180,0.712207317352,0,0,0,3,23,46,1,94.8,493.6,366,671,0.17920589447,0,0,0,3,16,43,1,-5.32,-27.8,512,993,0.250718593597,0,0,0,0,23,44,1,64.36,338.2,703,85,0.687276363373,0,0,0,0,25,29,1,479.08,2517.6,320,524,0.313306331635,0,11,0,5,7,39,1,-21.24,-111.6,232,125,0.226903915405,0,0,0,5,3,42,1,-53.04,-278.6,560,304,0.547700405121,0,0,0,1,129,43,1,-21.16,-111.2,589,927,0.576643466949,0,0,0,,,,,,,,,,,,,,,,,,,,,,,,,,,,,,,,,,,,,,,,,,,,,,,,
1,0,94489000,105271000,94475000,94489000,94489000,0.0,0.0,0.0,0,0.0,32,2,0,2,19,30,1,48.68,255.8,1674,259,0.636611461639,1,8,0,2,33,41,1,-184.96,-971.8,304,917,0.298041343689,0,0,0,2,21,23,2,422.64,2221.0,744,32,0.727303981781,0,27,0,0,15,25,2,-417.12,-2192.0,800,49,0.782060623169,0,53,0,5,2,28,1,-17.36,-91.4,465,552,0.455072402954,0,19,0,2,12,32,1,310.52,1631.8,406,384,0.397239208221,0,12,0,2,26,39,1,-550.08,-2890.6,1800,34,0.759563446045,1,0,0,0,32,33,1,182.28,958.0,262,724,0.256801605225,0,24,0,3,39,45,1,-35.24,-183.4,995,180,0.486401081085,0,0,0,3,32,45,1,245.64,1279.2,116,795,0.057075977325,0,0,0,1,137,42,1,-21.0,-110.2,232,185,0.226960659027,0,0,0,0,28,41,1,514.28,2702.6,853,576,0.83437204361,0,1,0,1,128,44,1,-20.52,-107.8,988,828,0.966578006744,0,0,0,0,10,38,1,488.2,2565.4,263,358,0.257429122925,0,7,0,0,18,44,1,-559.84,-2942.0,1016,748,0.99387216568,0,0,0,0,12,21,2,215.88,1134.6,160,955,0.157315254211,0,30,0,6,7,44,1,211.8,1133.8,243,29,0.475594520569,0,0,0,6,22,33,2,-174.32,-930.4,355,473,0.695621013641,0,17,0,6,16,19,2,-481.92,-2574.4,501,552,0.981486797333,0,32,0,6,10,39,1,742.32,3957.0,337,430,0.660314083099,0,0,0,6,21,42,1,-694.2,-3714.8,13,734,0.026843070984,0,0,0,6,9,48,1,233.4,1246.2,157,133,0.307495594025,0,0,0,3,6,39,1,31.96,166.6,1769,394,0.864802360535,0,0,0,3,38,42,1,65.96,343.4,1073,172,0.524520397186,0,0,0,3,9,41,1,61.12,318.2,1456,777,0.712003231049,0,0,0,3,23,43,1,94.84,493.8,366,9,0.178890228271,0,0,0,3,16,43,1,-5.44,-28.4,513,5,0.250735759735,0,0,0,0,23,41,1,64.16,337.2,702,885,0.687062263489,0,0,0,0,25,28,2,479.2,2518.2,318,904,0.311713695526,0,26,0,5,7,39,1,-20.88,-109.8,232,199,0.226974010468,0,0,0,5,3,40,1,-53.2,-279.6,560,489,0.547877311707,0,0,0,1,129,44,1,-21.24,-111.6,589,1001,0.576714038849,0,0,0,,,,,,,,,,,,,,,,,,,,,,,,,,,,,,,,,,,,,,,,,,,,,,,,
1,0,94490000,105272000,94476000,94490000,94490000,0.0,0.0,0.0,0,0.0,30,2,0,2,19,33,1,48.68,256.0,1674,86,0.636446475983,1,12,0,2,33,42,1,-185.04,-972.4,305,539,0.298657894135,0,0,0,2,21,29,2,421.76,2216.4,742,585,0.725876331329,0,22,0,2,12,26,1,310.92,1634.0,405,324,0.396203994751,0,19,0,2,26,39,1,-550.72,-2894.0,1801,934,0.761400222778,1,0,0,0,32,34,1,180.24,947.0,262,91,0.256196498871,0,25,0,3,39,43,1,-35.56,-185.2,995,427,0.486518859863,0,0,0,3,32,43,1,245.4,1277.8,115,103,0.056256771088,0,0,0,1,137,41,1,-21.68,-114.0,232,258,0.227030754089,0,0,0,0,28,38,1,514.08,2701.6,851,827,0.832656860352,0,0,0,1,128,46,1,-20.76,-109.0,988,901,0.966647624969,0,0,0,0,10,38,1,487.28,2560.8,261,700,0.255801200867,0,6,0,0,18,45,1,-559.84,-2942.0,1018,656,0.995738983154,0,0,0,0,12,21,2,216.2,1136.0,160,212,0.156605243683,0,30,0,6,7,40,1,211.36,1131.6,242,684,0.474888801575,0,0,0,6,22,36,1,-175.2,-935.4,355,780,0.696208000183,0,15,0,6,16,18,2,-482.36,-2576.6,502,373,0.98310136795,0,32,0,6,10,39,1,741.96,3955.0,336,158,0.6578373909,0,0,0,6,21,46,1,-694.32,-3715.4,14,921,0.029158115387,0,0,0,6,9,45,1,232.84,1243.4,156,750,0.306717395782,0,0,0,3,6,40,1,31.96,166.6,1769,170,0.864695072174,0,0,0,3,38,44,1,65.44,340.8,1072,735,0.524300575256,0,0,0,3,9,39,1,60.88,317.2,1456,350,0.711799621582,0,0,0,3,23,44,1,94.04,489.6,365,374,0.178575515747,0,0,0,3,16,43,1,-5.76,-30.0,513,42,0.25075340271,0,0,0,0,23,42,1,63.52,333.8,702,661,0.686848640442,0,0,0,0,25,28,2,477.6,2509.8,317,254,0.310115814209,0,20,0,5,7,37,1,-21.52,-113.0,232,273,0.227045059204,0,0,0,5,3,40,1,-53.28,-280.0,560,675,0.548054695129,0,0,0,1,129,44,1,-21.4,-112.4,590,52,0.576785087585,0,0,0,,,,,,,,,,,,,,,,,,,,,,,,,,,,,,,,,,,,,,,,,,,,,,,,,,,,,,,,,,,,,,,,,,,,,,,,
1,0,94491000,105273000,94477000,94491000,94491000,0.0,0.0,0.0,0,0.0,30,2,0,2,19,33,1,48.96,257.4,1673,930,0.636273860931,1,18,0,2,33,41,2,-184.68,-970.4,306,159,0.299273014069,0,0,0,2,21,33,2,421.52,2215.0,741,111,0.724446296692,0,16,0,2,12,27,1,310.92,1634.0,404,267,0.395172595978,0,20,0,2,26,40,1,-550.24,-2891.6,1803,809,0.763236522675,1,0,0,0,32,30,1,182.6,959.6,261,466,0.255577087402,0,18,0,3,39,43,1,-35.44,-184.6,995,673,0.486636161804,0,0,0,3,32,43,1,245.52,1278.4,113,433,0.055436611176,0,0,0,1,137,41,1,-21.2,-111.4,232,332,0.227101325989,0,0,0,0,28,42,1,514.52,2703.8,850,53,0.830940723419,0,0,0,1,128,45,1,-20.76,-109.0,988,974,0.966716766357,0,0,0,0,10,44,1,488.0,2564.4,260,21,0.254175186157,0,3,0,0,18,44,1,-559.92,-2942.4,1020,564,0.997606277466,0,0,0,0,12,20,2,216.76,1139.0,159,480,0.155883789062,0,28,0,6,7,42,1,211.56,1132.6,242,314,0.474182128906,0,0,0,6,22,38,2,-175.64,-937.6,356,71,0.69680929184,0,17,0,6,16,18,2,-483.48,-2582.8,503,198,0.9847240448,0,32,0,6,10,39,1,742.56,3958.2,334,910,0.6553606987,0,0,0,6,21,45,1,-693.88,-3713.0,16,84,0.03147315979,0,0,0,6,9,46,1,233.0,1244.2,156,343,0.305940151215,0,0,0,3,6,40,1,32.04,166.8,1768,969,0.864587783813,0,0,0,3,38,42,1,65.72,342.2,1072,275,0.524080753326,0,0,0,3,9,42,1,60.96,317.6,1455,947,0.711596012115,0,0,0,3,23,46,1,93.92,489.2,364,739,0.17826128006,0,0,0,3,16,42,1,-5.68,-29.4,513,81,0.250772476196,0,0,0,0,23,43,1,63.72,334.8,702,438,0.686635494232,0,0,0,0,25,28,1,477.4,2508.8,315,606,0.308496952057,0,27,0,5,7,37,1,-21.12,-111.0,232,347,0.227115631104,0,0,0,5,3,40,1,-53.24,-279.8,560,862,0.548233032227,0,0,0,1,129,44,1,-21.08,-110.8,590,126,0.576855659485,0,0,0,,,,,,,,,,,,,,,,,,,,,,,,,,,,,,,,,,,,,,,,,,,,,,,,,,,,,,,,,,,,,,,,,,,,,,,,
1,0,94492000,105274000,94478000,94492000,94492000,0.0,0.0,0.0,0,0.0,30,2,0,2,19,28,1,49.32,259.2,1673,773,0.636124610901,1,17,0,2,33,42,1,-184.8,-971.0,306,806,0.299890518188,0,0,0,2,21,32,1,421.72,2216.0,739,673,0.723028182983,0,17,0,0,15,22,2,-415.92,-2185.8,804,287,0.786198616028,0,37,0,2,12,28,2,310.08,1629.4,403,220,0.394149780273,0,19,0,2,26,42,1,-550.56,-2893.2,1805,685,0.765072822571,1,0,0,0,32,35,1,182.44,958.8,260,877,0.254992008209,0,17,0,3,39,43,1,-35.36,-184.2,995,920,0.486753940582,0,0,0,3,32,44,1,245.72,1279.6,111,763,0.054616451263,0,0,0,1,137,42,1,-21.24,-111.6,232,407,0.227172851562,0,0,0,0,28,42,1,514.24,2702.4,848,304,0.829225540161,0,0,0,1,128,43,1,-20.68,-108.8,989,22,0.966785907745,0,0,0,0,10,45,1,488.08,2564.8,258,363,0.252545833588,0,0,0,0,18,44,1,-560.04,-2943.0,1022,472,0.999474048615,0,0,0,0,12,19,2,217.36,1142.4,158,746,0.155160903931,0,28,0,6,7,37,1,211.8,1133.8,241,969,0.473475933075,0,0,0,6,22,35,1,-174.48,-931.4,356,368,0.697376728058,0,17,0,6,16,19,2,-482.4,-2576.8,504,22,0.986344814301,0,33,0,6,10,39,1,742.16,3956.2,333,638,0.652884483337,0,0,0,6,21,45,1,-694.24,-3715.0,17,272,0.03378868103,0,0,0,6,9,47,1,232.6,1242.2,155,961,0.305163860321,0,0,0,3,6,41,1,32.04,166.8,1768,746,0.864481449127,0,0,0,3,38,42,1,65.72,342.2,1071,839,0.523860931396,0,0,0,3,9,40,1,60.96,317.4,1455,522,0.711392879486,0,0,0,3,23,47,1,93.92,489.0,364,81,0.177947044373,0,0,0,3,16,44,1,-5.48,-28.6,513,120,0.250790596008,0,0,0,0,23,43,1,63.72,335.0,702,216,0.686423301697,0,0,0,5,7,39,1,-21.36,-112.2,232,421,0.22718667984,0,0,0,5,3,42,1,-53.44,-280.8,561,25,0.548411369324,0,0,0,1,129,45,1,-21.32,-112.0,590,201,0.576927185059,0,0,0,,,,,,,,,,,,,,,,,,,,,,,,,,,,,,,,,,,,,,,,,,,,,,,,,,,,,,,,,,,,,,,,,,,,,,,,
1,0,94493000,105275000,94479000,94493000,94493000,0.0,0.0,0.0,0,0.0,29,2,0,2,19,29,1,48.88,256.8,1673,593,0.635952949524,1,17,0,2,33,42,1,-185.32,-973.8,307,432,0.300510406494,0,0,0,2,21,35,1,421.4,2214.4,738,246,0.721643447876,0,16,0,2,12,28,2,310.52,1631.8,402,164,0.393118858337,0,20,0,2,26,44,1,-550.68,-2894.0,1807,562,0.766910552979,1,0,0,0,32,33,1,182.76,960.4,260,251,0.254394054413,0,19,0,3,39,41,1,-35.64,-185.6,996,143,0.486872196198,0,0,0,3,32,43,1,245.68,1279.4,110,70,0.053797245026,0,0,0,1,137,43,1,-21.44,-112.6,232,482,0.227244377136,0,0,0,0,28,39,1,514.32,2702.8,846,556,0.82751083374,0,0,0,1,128,45,1,-20.76,-109.0,989,95,0.96685552597,0,0,0,0,10,38,1,487.52,2562.0,256,705,0.250917434692,0,3,0,0,18,44,1,-560.12,-2943.4,1,382,0.001342773438,0,0,0,6,7,32,1,212.2,1135.8,241,600,0.472771167755,0,8,0,6,22,38,1,-175.68,-937.8,356,667,0.697949409485,0,15,0,6,16,19,2,-484.96,-2590.6,504,871,0.987966060638,0,31,0,6,10,37,1,741.8,3954.2,332,367,0.650409221649,0,0,0,6,21,45,1,-694.36,-3715.6,18,460,0.036104679108,0,0,0,6,9,48,1,232.52,1241.8,155,555,0.304388046265,0,0,0,3,6,40,1,31.8,165.4,1768,523,0.864375114441,0,0,0,3,38,44,1,65.44,340.8,1071,380,0.523641586304,0,0,0,3,9,40,1,60.64,315.8,1455,97,0.711190223694,0,0,0,3,23,47,1,93.68,487.8,363,449,0.17763376236,0,0,0,3,16,43,1,-5.8,-30.2,513,158,0.250809192657,0,0,0,3,13,22,1,148.28,772.2,1045,250,0.510871887207,0,25,0,0,23,43,1,63.2,332.2,701,1018,0.686211585999,0,0,0,5,7,39,1,-21.52,-113.0,232,496,0.227258205414,0,0,0,5,3,41,1,-53.88,-283.0,561,212,0.548590183258,0,0,0,1,129,43,1,-21.84,-114.6,590,275,0.576998233795,0,0,0,,,,,,,,,,,,,,,,,,,,,,,,,,,,,,,,,,,,,,,,,,,,,,,,,,,,,,,,,,,,,,,,,,,,,,,,,,,,,,,,,,,,
1,0,94494000,105276000,94480000,94494000,94494000,0.0,0.0,0.0,0,0.0,29,2,0,2,19,21,1,48.6,255.4,1673,442,0.635808467865,1,16,0,2,33,42,1,-185.32,-973.8,308,53,0.301126003265,0,0,0,2,21,33,1,421.56,2215.4,736,833,0.720248699188,0,14,0,2,12,26,2,309.84,1628.2,401,116,0.392096042633,0,25,0,2,26,44,1,-550.92,-2895.2,1809,438,0.768746852875,1,0,0,0,32,38,1,183.0,961.8,259,643,0.253790855408,0,14,0,3,39,42,1,-35.56,-185.2,996,390,0.486989974976,0,0,0,3,32,43,1,245.44,1278.2,108,402,0.052978038788,0,0,0,1,137,41,1,-21.56,-113.2,232,556,0.227315425873,0,0,0,0,28,41,1,514.08,2701.4,844,808,0.825796604156,0,0,0,1,128,45,1,-20.88,-109.8,989,168,0.966924667358,0,0,0,0,10,41,1,487.92,2564.0,255,24,0.249290466309,0,0,0,0,18,45,1,-560.2,-2943.8,3,292,0.00321149826,0,0,0,6,7,37,1,211.72,1133.4,241,230,0.47206401825,0,14,0,6,22,33,1,-176.0,-939.4,356,971,0.698529243469,0,17,0,6,16,20,2,-486.36,-2598.0,505,697,0.989592075348,0,31,0,6,10,41,1,741.8,3954.2,331,96,0.647933959961,0,0,0,6,21,46,1,-694.44,-3716.0,19,647,0.038420200348,0,0,0,6,9,45,1,232.16,1239.6,155,149,0.303612232208,0,0,0,3,6,42,1,31.8,165.6,1768,301,0.864269256592,0,0,0,3,38,41,1,65.52,341.2,1070,945,0.523423194885,0,0,0,3,9,42,1,60.76,316.4,1454,695,0.710987091064,0,0,0,3,23,46,1,93.72,488.0,362,820,0.177321910858,0,0,0,3,16,43,1,-5.64,-29.4,513,200,0.250828742981,0,0,0,3,13,21,1,146.68,763.8,1044,254,0.510385513306,0,26,0,0,23,41,1,63.36,333.0,701,796,0.686000347137,0,0,0,5,7,38,1,-21.56,-113.2,232,571,0.22732925415,0,0,0,5,3,44,1,-53.84,-283.0,561,399,0.548768520355,0,0,0,1,129,45,1,-21.4,-112.4,590,350,0.577069759369,0,0,0,,,,,,,,,,,,,,,,,,,,,,,,,,,,,,,,,,,,,,,,,,,,,,,,,,,,,,,,,,,,,,,,,,,,,,,,,,,,,,,,,,,,
1,0,94495000,105277000,94481000,94495000,94495000,0.0,0.0,0.0,0,0.0,32,2,0,2,19,27,2,49.08,258.0,1673,272,0.635645866394,1,19,0,2,33,43,1,-185.04,-972.4,308,701,0.301745414734,0,0,0,2,21,33,1,421.72,2216.0,735,396,0.7188539505,0,12,0,5,4,27,1,169.76,892.2,957,909,0.936351776123,0,63,0,2,12,27,2,310.84,1633.4,400,41,0.391046524048,0,24,0,2,26,41,1,-550.68,-2893.8,1811,315,0.77058506012,1,0,0,0,32,35,1,183.08,962.0,258,1018,0.253171920776,0,12,0,3,39,39,1,-35.44,-184.4,996,638,0.487108230591,0,0,0,3,32,42,1,245.68,1279.2,106,734,0.05215883255,0,0,0,1,137,41,1,-21.32,-112.0,232,632,0.227387428284,0,0,0,0,28,43,1,513.96,2700.8,843,37,0.82408285141,0,0,0,1,128,43,1,-20.92,-110.0,989,241,0.966994762421,0,0,0,0,10,41,1,488.04,2564.6,253,368,0.247663497925,0,0,0,0,18,48,1,-560.28,-2944.2,5,202,0.005081176758,0,0,0,0,12,19,1,215.88,1134.4,156,570,0.153037071228,0,29,0,6,7,38,1,212.16,1135.6,240,886,0.471360683441,0,17,0,6,22,45,1,-175.56,-937.0,357,246,0.699101448059,0,17,0,6,16,20,2,-484.8,-2589.8,506,521,0.991212844849,0,31,0,6,10,32,1,741.92,3955.0,329,850,0.645461082458,0,11,0,6,21,43,1,-694.24,-3715.0,20,836,0.0407371521,0,0,0,6,9,44,1,232.24,1240.2,154,768,0.3028383255,0,0,0,3,6,42,1,31.84,165.8,1768,80,0.864163398743,0,0,0,3,38,44,1,65.68,342.0,1070,488,0.523204803467,0,0,0,3,9,39,1,60.72,316.2,1454,271,0.710784435272,0,0,0,3,23,33,1,93.6,487.4,362,165,0.17700958252,0,0,0,3,16,41,1,-5.76,-30.0,513,240,0.250847816467,0,0,0,3,13,20,1,148.32,772.4,1043,255,0.509897232056,0,25,0,0,23,42,1,63.32,332.8,701,575,0.685789108276,0,0,0,0,25,26,1,478.16,2512.6,309,54,0.302104949951,0,19,0,5,7,37,1,-21.44,-112.8,232,646,0.227401256561,0,0,0,5,3,44,1,-53.64,-281.8,561,587,0.548947811127,0,0,0,1,129,44,1,-21.44,-112.6,590,425,0.577141284943,0,0,0,,,,,,,,,,,,,,,,,,,,,,,,,,,,,,,,,,,,,,,,,,,,,,,,
1,0,94496000,105278000,94482000,94496000,94496000,0.0,0.0,0.0,0,0.0,30,2,0,2,19,28,2,49.4,259.6,1673,99,0.635480880737,1,20,0,2,33,43,2,-185.4,-974.2,309,327,0.302365779877,0,0,0,2,21,33,2,421.72,2216.2,733,992,0.717467784882,0,12,0,2,12,26,2,310.64,1632.4,398,1005,0.390011787415,0,21,0,2,26,41,2,-551.16,-2896.4,1813,191,0.772420883179,1,0,0,0,32,27,1,182.4,958.6,258,376,0.252559185028,0,14,0,3,39,41,1,-35.6,-185.4,996,886,0.487226486206,0,0,0,3,32,32,1,245.84,1280.2,105,40,0.051338672638,0,0,0,1,137,40,1,-21.6,-113.4,232,707,0.227459430695,0,0,0,0,28,42,1,513.88,2700.4,841,290,0.822369098663,0,0,0,1,128,40,1,-20.76,-109.0,989,314,0.967064380646,0,0,0,0,10,27,1,489.24,2571.0,251,711,0.246035575867,0,0,0,0,18,44,1,-560.68,-2946.4,7,114,0.006951332092,0,0,0,6,7,30,1,212.28,1136.4,240,515,0.470652580261,0,20,0,6,22,42,1,-176.0,-939.4,357,548,0.699678897858,0,12,0,6,16,20,2,-484.56,-2588.4,507,345,0.992831707001,0,30,0,6,10,39,1,741.48,3952.6,328,580,0.642988204956,0,12,0,6,21,46,1,-694.72,-3717.6,22,0,0.043054103851,0,0,0,6,9,43,1,231.92,1238.4,154,363,0.302063941956,0,0,0,3,6,38,1,31.8,165.6,1767,883,0.864058017731,0,0,0,3,38,44,1,65.52,341.2,1070,30,0.522985935211,0,0,0,3,9,42,1,60.48,315.0,1453,872,0.710582733154,0,0,0,3,23,40,1,93.6,487.4,361,536,0.176697731018,0,0,0,3,16,39,1,-5.68,-29.6,513,280,0.250866889954,0,0,0,3,13,18,1,146.04,760.6,1042,264,0.509412765503,0,27,0,0,23,44,1,63.28,332.4,701,354,0.685578346252,0,0,0,0,25,27,1,477.68,2510.2,307,448,0.300525665283,0,25,0,5,7,37,1,-21.6,-113.4,232,721,0.227472782135,0,0,0,5,3,45,1,-54.12,-284.4,561,775,0.549127578735,0,0,0,1,129,46,1,-21.56,-113.4,590,500,0.577212810516,0,0,0,,,,,,,,,,,,,,,,,,,,,,,,,,,,,,,,,,,,,,,,,,,,,,,,,,,,,,,,,,,,,,,,,,,,,,,,
1,0,94497000,105279000,94483000,94497000,94497000,0.0,0.0,0.0,0,0.0,29,2,0,2,19,36,2,49.0,257.4,1672,951,0.635316848755,1,17,0,2,33,43,1,-185.72,-976.0,309,975,0.302984237671,0,0,0,2,12,24,2,310.12,1629.6,397,905,0.388938426971,0,28,0,2,26,41,2,-551.52,-2898.2,1815,69,0.774260044098,1,0,0,0,32,41,1,182.28,958.0,257,750,0.251938819885,0,11,0,3,39,39,1,-35.72,-186.0,997,110,0.487345218658,0,0,0,3,32,39,1,245.88,1280.2,103,368,0.050518035889,0,0,0,1,137,37,1,-21.92,-115.2,232,783,0.227531909943,0,0,0,0,28,42,1,513.28,2697.4,839,543,0.820656299591,0,0,0,1,128,43,1,-21.08,-110.8,989,387,0.967134475708,0,0,0,0,10,35,1,487.88,2563.8,250,19,0.244397640228,0,9,0,0,18,43,1,-561.12,-2948.8,9,25,0.008822441101,0,0,0,6,7,33,1,211.88,1134.2,240,143,0.469941139221,0,16,0,6,22,45,1,-176.48,-942.2,357,861,0.70027589798,0,7,0,6,16,19,1,-484.8,-2589.8,508,166,0.994446754456,0,30,0,6,10,37,1,740.96,3949.6,327,314,0.640522956848,0,12,0,6,21,47,1,-695.08,-3719.6,23,189,0.04537153244,0,0,0,6,9,42,1,231.44,1235.8,153,982,0.301291465759,0,0,0,3,6,40,1,31.32,163.2,1767,663,0.863952636719,0,0,0,3,38,39,1,65.32,340.2,1069,596,0.522767543793,0,0,0,3,9,39,1,60.28,314.0,1453,451,0.710381507874,0,0,0,3,23,43,1,93.0,484.4,360,908,0.176386833191,0,0,0,3,16,39,1,-6.16,-32.0,513,323,0.250887393951,0,0,0,3,13,19,1,148.16,771.6,1041,273,0.50892829895,0,25,0,0,23,39,1,62.92,330.6,701,134,0.685367584229,0,0,0,0,25,24,1,476.92,2506.2,305,839,0.298943519592,0,28,0,5,7,32,1,-21.84,-114.8,232,797,0.227545261383,0,0,0,5,3,38,1,-54.6,-287.0,561,965,0.549308300018,0,0,0,1,129,42,1,-21.88,-115.0,590,576,0.577285289764,0,0,0,,,,,,,,,,,,,,,,,,,,,,,,,,,,,,,,,,,,,,,,,,,,,,,,,,,,,,,,,,,,,,,,,,,,,,,,,,,,,,,,,,,,
1,0,94498000,105280000,94484000,94498000,94498000,0.0,0.0,0.0,0,0.0,31,2,0,2,19,33,1,49.36,259.4,1672,759,0.635133743286,1,11,0,2,33,40,1,-185.6,-975.4,310,594,0.303597927094,0,0,0,2,21,27,2,421.72,2216.2,731,75,0.714636802673,0,20,0,2,12,33,2,310.72,1632.8,396,868,0.387925624847,0,27,0,2,26,40,2,-551.36,-2897.4,1816,973,0.776100158691,1,0,0,0,32,42,1,182.56,959.4,257,103,0.251320362091,0,8,0,3,39,43,1,-35.56,-185.2,997,360,0.487464427948,0,0,0,3,32,38,1,246.08,1281.4,101,698,0.049697875977,0,0,0,1,137,38,1,-21.8,-114.4,232,859,0.227604389191,0,0,0,0,28,42,1,513.28,2697.2,837,798,0.818943977356,0,0,0,1,128,45,1,-21.04,-110.4,989,461,0.967205047607,0,0,0,0,10,39,1,488.12,2565.2,248,363,0.242771148682,0,7,0,0,18,42,1,-561.16,-2949.0,10,962,0.01069355011,0,0,0,0,12,19,1,216.08,1135.6,154,342,0.150864601135,0,28,0,6,7,27,1,212.44,1137.2,239,789,0.469218730927,0,17,0,6,22,43,1,-176.48,-942.2,358,128,0.700833320618,0,9,0,6,16,20,2,-483.4,-2582.4,508,1016,0.996071338654,0,31,0,6,10,37,1,741.24,3951.4,326,49,0.638059616089,0,12,0,6,21,46,1,-694.92,-3718.6,24,378,0.047690391541,0,0,0,6,9,40,1,231.44,1236.0,153,579,0.3005194664,0,0,0,3,6,41,1,31.52,164.2,1767,444,0.863848209381,0,0,0,3,38,41,1,65.52,341.2,1069,138,0.522549152374,0,0,0,3,9,38,1,60.28,314.0,1453,29,0.710180282593,0,0,0,3,23,42,1,93.16,485.2,360,259,0.176076889038,0,0,0,3,16,43,1,-5.96,-31.2,513,366,0.250907897949,0,0,0,0,24,20,1,-613.96,-3226.4,349,712,0.341833591461,0,57,0,0,23,41,1,63.16,331.8,700,938,0.685157299042,0,0,0,0,25,23,1,478.04,2512.2,304,155,0.297313213348,0,28,0,5,7,34,1,-21.76,-114.4,232,873,0.227618217468,0,0,0,5,3,38,1,-54.12,-284.4,562,130,0.549489498138,0,0,0,1,129,42,1,-21.76,-114.4,590,651,0.577357292175,0,0,0,,,,,,,,,,,,,,,,,,,,,,,,,,,,,,,,,,,,,,,,,,,,,,,,,,,,,,,,,,,,
1,0,94499000,105281000,94485000,94499000,94499000,0.0,0.0,0.0,0,0.0,31,2,0,2,19,41,1,49.4,259.6,1672,589,0.634971141815,1,9,0,2,33,43,1,-185.68,-975.8,311,220,0.304218769073,0,0,0,2,21,28,2,421.88,2216.8,729,651,0.713231563568,0,19,0,2,12,36,1,310.68,1632.6,395,796,0.386879920959,0,17,0,2,26,42,2,-551.64,-2898.8,1818,852,0.777940273285,1,0,0,0,32,45,1,182.64,959.8,256,489,0.25071144104,0,6,0,3,39,42,1,-35.6,-185.2,997,608,0.487582683563,0,0,0,3,32,42,1,246.36,1283.0,100,0,0.048876285553,0,0,0,1,137,38,1,-21.68,-114.0,232,935,0.227677345276,0,0,0,0,28,43,1,513.08,2696.2,836,29,0.817232131958,0,0,0,1,128,43,1,-20.96,-110.2,989,535,0.967275619507,0,0,0,0,10,41,1,488.36,2566.4,246,722,0.24115896225,0,7,0,0,18,42,1,-561.4,-2950.2,12,875,0.012565612793,0,0,0,0,12,22,1,216.92,1139.8,153,635,0.150166511536,0,29,0,6,7,40,1,212.68,1138.6,239,425,0.468523979187,0,17,0,6,22,46,1,-176.44,-941.8,358,445,0.701437950134,0,5,0,6,16,19,2,-487.32,-2603.2,509,845,0.997702598572,0,34,0,6,10,37,2,740.88,3949.4,324,807,0.635592937469,0,12,0,6,21,42,1,-695.32,-3720.8,25,568,0.050009250641,0,0,0,6,9,41,1,231.12,1234.2,153,175,0.299748420715,0,0,0,3,6,42,1,31.48,164.0,1767,223,0.863743305206,0,0,0,3,38,38,1,65.6,341.6,1068,704,0.522330284119,0,0,0,3,9,43,1,60.24,313.6,1452,633,0.709979534149,0,0,0,3,23,43,1,92.92,484.0,359,631,0.175765514374,0,0,0,3,16,43,1,-6.04,-31.6,513,406,0.250926971436,0,0,0,3,13,20,1,148.24,771.8,1039,268,0.50794839859,0,25,0,0,23,40,1,63.08,331.4,700,717,0.684947013855,0,0,0,0,25,23,1,476.72,2505.2,302,526,0.295712947845,0,26,0,5,7,34,1,-21.76,-114.4,232,948,0.227689266205,0,11,0,5,3,42,1,-54.6,-286.8,562,320,0.549670696259,0,0,0,1,129,45,1,-21.68,-113.8,590,727,0.577429771423,0,0,0,,,,,,,,,,,,,,,,,,,,,,,,,,,,,,,,,,,,,,,,,,,,,,,,,,,,,,,,,,,,
1,0,94500000,105282000,94486000,94500000,94500000,0.0,0.0,0.0,0,0.0,29,2,0,2,19,39,1,47.52,249.8,1672,414,0.63480424881,1,6,0,2,33,46,1,-187.72,-986.4,311,872,0.304840564728,0,0,0,2,21,35,2,419.84,2206.4,728,202,0.711825847626,0,15,0,0,15,27,1,-418.16,-2197.4,815,610,0.79725933075,0,60,0,2,12,36,1,308.4,1620.8,394,748,0.385856628418,0,11,0,2,26,36,1,-553.48,-2908.6,1820,733,0.779781341553,1,0,0,0,32,47,1,180.96,951.0,255,874,0.250101566315,0,3,0,3,39,43,1,-37.52,-195.4,997,858,0.487701892853,0,0,0,3,32,45,1,244.52,1273.4,98,329,0.048055648804,0,0,0,1,137,40,1,-23.68,-124.4,232,1013,0.227751255035,0,0,0,0,28,38,1,511.04,2685.6,834,285,0.815521240234,0,0,0,1,128,44,1,-22.8,-119.8,989,610,0.967347145081,0,0,0,0,10,46,1,486.68,2557.4,245,32,0.239522457123,0,1,0,0,18,45,1,-563.16,-2959.4,14,789,0.014439105988,0,0,0,6,7,48,1,210.68,1127.8,239,56,0.46781873703,0,9,0,6,22,36,1,-178.44,-952.6,358,757,0.702033996582,0,7,0,6,16,19,2,-485.84,-2595.4,510,672,0.999327659607,0,31,0,6,10,35,1,739.04,3939.6,323,538,0.633122444153,0,12,0,6,21,44,1,-696.84,-3728.8,26,757,0.052329063416,0,0,0,6,9,40,1,229.24,1224.0,152,796,0.298977851868,0,0,0,3,6,43,1,29.56,154.0,1767,5,0.863638877869,0,0,0,3,38,42,1,63.68,331.6,1068,247,0.522112369537,0,0,0,3,9,42,1,58.32,303.6,1452,214,0.709780216217,0,0,0,3,23,43,1,91.16,474.6,358,1006,0.175456047058,0,0,0,3,16,43,1,-7.84,-40.8,513,450,0.250947952271,0,0,0,0,23,42,1,61.2,321.6,700,498,0.684737682343,0,0,0,5,7,37,1,-23.64,-124.2,232,1015,0.227753162384,0,9,0,5,3,36,1,-56.6,-297.4,562,512,0.549854278564,0,0,0,1,129,44,1,-23.52,-123.6,590,804,0.577502727509,0,0,0,,,,,,,,,,,,,,,,,,,,,,,,,,,,,,,,,,,,,,,,,,,,,,,,,,,,,,,,,,,,,,,,,,,,,,,,,,,,,,,,,,,,
1,0,94501000,105283000,94487000,94501000,94501000,0.0,0.0,0.0,0,0.0,29,2,0,2,19,34,1,48.24,253.4,1672,242,0.63463973999,1,12,0,2,33,45,1,-187.2,-983.8,312,501,0.305464744568,0,6,0,2,21,35,2,420.68,2210.6,726,770,0.710412502289,0,21,0,2,12,36,1,309.4,1626.0,393,675,0.384809494019,0,15,0,2,26,29,2,-552.8,-2905.0,1822,620,0.781628131866,1,19,0,0,32,42,1,181.52,953.8,255,232,0.249489307404,0,12,0,3,39,42,1,-37.12,-193.4,998,91,0.48782491684,0,8,0,3,32,43,1,245.44,1278.0,96,662,0.047236919403,0,6,0,1,137,41,1,-23.36,-122.8,233,68,0.227827072144,0,9,0,0,28,44,1,511.76,2689.4,832,543,0.813812732697,0,7,0,1,128,42,1,-22.44,-117.8,989,687,0.967420578003,0,6,0,0,10,47,1,487.12,2559.8,243,377,0.23789691925,0,9,0,0,18,41,1,-562.64,-2956.8,16,706,0.016314983368,0,6,0,6,7,46,1,211.48,1132.2,238,707,0.467105865479,0,12,0,6,22,45,1,-178.12,-950.8,359,42,0.702624797821,0,9,0,6,16,20,2,-484.36,-2587.4,0,498,0.000953197479,0,33,0,6,10,25,1,743.2,3961.8,322,271,0.630655765533,0,26,0,6,21,37,1,-695.96,-3724.2,27,948,0.054650306702,0,12,0,6,9,43,1,229.68,1226.6,152,394,0.298210144043,0,7,0,3,6,42,1,29.88,155.6,1766,818,0.863538265228,0,8,0,3,38,41,1,63.96,333.2,1067,818,0.521896362305,0,7,0,3,9,39,1,58.72,305.8,1451,827,0.709583282471,0,9,0,3,23,44,1,91.44,476.2,358,363,0.175148963928,0,9,0,3,16,39,1,-7.24,-37.6,513,498,0.250970840454,0,9,0,0,23,39,1,61.8,324.8,700,281,0.684530735016,0,9,0,0,25,29,1,477.2,2507.8,299,294,0.292558670044,0,27,0,5,7,38,1,-23.16,-121.8,233,83,0.227841377258,0,17,0,5,3,41,1,-55.8,-293.4,562,705,0.550038337708,0,9,0,1,129,43,1,-22.36,-117.6,590,884,0.577579021454,0,9,0,,,,,,,,,,,,,,,,,,,,,,,,,,,,,,,,,,,,,,,,,,,,,,,,,,,,,,,,,,,,,,,,,,,,,,,,,,,,,,,,,,,,
1,0,94502000,105284000,94488000,94502000,94502000,0.0,0.0,0.0,0,0.0,29,2,0,2,19,39,1,47.76,251.0,1672,73,0.634478569031,1,10,0,2,33,43,1,-187.8,-986.8,313,125,0.306083202362,0,1,0,2,21,26,2,421.44,2214.6,725,314,0.709000110626,0,20,0,0,15,22,1,-415.84,-2185.2,818,449,0.800038337708,0,62,0,2,12,36,1,308.92,1623.4,392,627,0.38378572464,0,11,0,2,26,38,2,-553.68,-2909.6,1824,491,0.783460140228,1,17,0,0,32,42,1,181.32,952.8,254,624,0.248885154724,0,8,0,3,39,44,1,-37.68,-196.2,998,339,0.487943172455,0,2,0,3,32,46,1,244.56,1273.4,94,988,0.046414852142,0,1,0,1,137,40,1,-24.32,-128.0,233,146,0.227900981903,0,3,0,0,28,41,1,511.2,2686.4,830,798,0.812101364136,0,2,0,1,128,43,1,-22.96,-120.6,989,761,0.967491149902,0,2,0,0,10,47,1,486.36,2555.8,241,718,0.236267566681,0,6,0,0,18,45,1,-563.6,-2961.6,18,620,0.018187522888,0,2,0,6,7,45,1,210.8,1128.4,238,336,0.466396808624,0,11,0,6,22,39,1,-178.16,-951.0,359,350,0.703213691711,0,3,0,6,16,21,2,-486.52,-2598.8,1,322,0.002572536469,0,30,0,6,10,32,1,738.92,3939.0,320,1019,0.628171443939,0,20,0,6,21,49,1,-696.96,-3729.6,29,113,0.056969165802,0,5,0,6,9,43,1,228.68,1221.2,151,1015,0.29744052887,0,3,0,3,6,40,1,29.48,153.4,1766,599,0.863433837891,0,2,0,3,38,44,1,63.32,329.8,1067,363,0.521678924561,0,2,0,3,9,42,1,58.32,303.6,1451,407,0.709383010864,0,2,0,3,23,44,1,90.52,471.4,357,740,0.17483997345,0,3,0,3,16,42,1,-8.04,-42.0,513,539,0.250990390778,0,2,0,0,23,44,1,60.84,319.8,700,62,0.684321403503,0,1,0,5,7,36,1,-24.2,-127.2,233,159,0.227913856506,0,12,0,5,3,42,1,-56.76,-298.2,562,896,0.550220489502,0,2,0,1,129,42,1,-23.4,-123.0,590,959,0.577651023865,0,2,0,,,,,,,,,,,,,,,,,,,,,,,,,,,,,,,,,,,,,,,,,,,,,,,,,,,,,,,,,,,,,,,,,,,,,,,,,,,,,,,,,,,,
1,0,94503000,105285000,94489000,94503000,94503000,0.0,0.0,0.0,0,0.0,30,2,0,2,19,37,1,49.4,259.6,1671,922,0.634311676025,1,8,0,2,7,25,1,-288.88,-1518.0,607,538,0.593867301941,0,22,0,2,33,44,1,-186.2,-978.4,313,776,0.306704521179,0,7,0,0,15,23,1,-415.84,-2185.2,819,882,0.801428794861,0,54,0,2,12,37,1,309.92,1628.6,391,562,0.382745742798,0,15,0,2,26,40,2,-552.4,-2903.0,1826,385,0.785314083099,1,16,0,0,32,42,1,183.28,963.2,253,1007,0.24827337265,0,9,0,3,39,42,1,-35.56,-185.2,998,590,0.488062858582,0,3,0,3,32,42,1,247.24,1287.4,93,291,0.045593738556,0,3,0,1,137,39,1,-22.4,-117.8,233,223,0.2279753685,0,3,0,0,28,43,1,513.76,2700.0,829,30,0.810390472412,0,5,0,1,128,43,1,-20.84,-109.6,989,834,0.967561244965,0,6,0,0,10,42,1,488.72,2568.4,240,35,0.234637737274,0,9,0,0,18,44,1,-561.72,-2951.8,20,535,0.020061016083,0,3,0,6,7,44,1,212.96,1140.0,237,991,0.46569108963,0,11,0,6,22,43,1,-176.64,-943.0,359,659,0.703803539276,0,6,0,6,16,21,2,-485.84,-2595.2,2,150,0.004200935364,0,29,0,6,10,35,1,740.24,3946.0,319,750,0.625700473785,0,17,0,6,21,47,1,-694.92,-3718.8,30,303,0.059288024902,0,5,0,6,9,43,1,230.4,1230.4,151,613,0.296672344208,0,5,0,3,6,43,1,31.52,164.0,1766,380,0.863329410553,0,3,0,3,38,45,1,65.28,340.0,1066,930,0.521461009979,0,3,0,3,9,39,1,60.96,317.4,1450,1011,0.709182739258,0,6,0,3,23,43,1,92.84,483.4,357,94,0.174531936646,0,5,0,3,16,41,1,-5.64,-29.4,513,583,0.25101184845,0,6,0,0,23,44,1,63.12,331.8,699,868,0.684113502502,0,3,0,0,25,25,2,475.6,2499.2,296,25,0.28936958313,0,27,0,5,7,35,1,-22.36,-117.4,233,239,0.227990627289,0,11,0,5,3,43,1,-54.24,-285.0,563,64,0.550404071808,0,3,0,1,129,40,1,-21.2,-111.4,591,11,0.577723503113,0,5,0,,,,,,,,,,,,,,,,,,,,,,,,,,,,,,,,,,,,,,,,,,,,,,,,,,,,,,,,,,,,,,,,,,,,,,,,
1,0,94504000,105286000,94490000,94504000,94504000,0.0,0.0,0.0,0,0.0,30,2,0,2,19,37,1,49.08,258.0,1671,748,0.634145736694,1,11,0,2,7,25,2,-288.88,-1518.2,608,524,0.594830989838,0,26,0,2,33,42,1,-186.56,-980.4,314,401,0.307323455811,0,9,0,2,21,28,2,421.72,2216.2,722,440,0.706188201904,0,26,0,0,15,23,1,-415.84,-2185.2,821,277,0.802806377411,0,47,0,2,12,35,1,309.92,1628.6,390,490,0.381699562073,0,16,0,2,26,41,1,-552.16,-2901.6,1828,241,0.787131786346,1,17,0,0,32,43,1,182.88,961.0,253,367,0.247662067413,0,11,0,3,39,43,1,-36.36,-189.4,998,839,0.488181591034,0,8,0,3,32,45,1,246.24,1282.4,91,616,0.044771671295,0,9,0,1,137,41,1,-22.48,-118.0,233,301,0.228049278259,0,11,0,0,28,43,1,512.88,2695.0,827,284,0.808678627014,0,11,0,1,128,45,1,-21.36,-112.2,989,907,0.96763086319,0,10,0,0,10,45,1,488.24,2565.6,238,376,0.233008861542,0,5,0,0,18,44,1,-561.88,-2952.8,22,449,0.021934509277,0,11,0,6,7,44,1,212.48,1137.4,237,618,0.464979171753,0,11,0,6,22,43,1,-177.08,-945.2,359,967,0.704392910004,0,9,0,6,16,20,2,-487.64,-2605.0,2,1003,0.005832195282,0,34,0,6,10,39,1,739.64,3942.8,318,478,0.623224258423,0,17,0,6,21,47,1,-695.24,-3720.4,31,492,0.061606407166,0,8,0,6,9,42,1,229.72,1226.6,151,212,0.29590511322,0,12,0,3,6,41,1,30.84,160.6,1766,161,0.863224983215,0,7,0,3,38,42,1,64.48,335.6,1066,475,0.521243572235,0,8,0,3,9,41,1,59.72,311.0,1450,591,0.708982467651,0,11,0,3,23,41,1,91.6,477.0,356,475,0.174224853516,0,11,0,3,16,44,1,-6.2,-32.2,513,627,0.251032829285,0,6,0,0,23,42,1,62.2,326.8,699,649,0.683905124664,0,9,0,5,7,37,1,-22.84,-120.0,233,320,0.228067398071,0,15,0,5,3,40,1,-55.08,-289.4,563,256,0.550586700439,0,11,0,1,129,41,1,-22.08,-116.0,591,86,0.577795028687,0,9,0,,,,,,,,,,,,,,,,,,,,,,,,,,,,,,,,,,,,,,,,,,,,,,,,,,,,,,,,,,,,,,,,,,,,,,,,
1,0,94505000,105287000,94491000,94505000,94505000,0.0,0.0,0.0,0,0.0,32,2,0,2,19,38,1,50.4,264.8,1671,573,0.633978366852,1,7,0,2,7,26,1,-287.72,-1511.8,609,511,0.595796585083,0,22,0,2,33,44,1,-185.16,-973.2,315,26,0.307942867279,0,6,0,2,21,32,2,421.96,2217.4,721,38,0.70482635498,0,24,0,0,15,23,2,-415.84,-2185.2,822,765,0.804249763489,0,42,0,2,12,32,1,310.76,1633.2,389,438,0.380672454834,0,17,0,2,26,42,1,-551.08,-2895.8,1830,132,0.788982391357,1,14,0,0,32,42,1,184.28,968.2,252,748,0.247049331665,0,5,0,3,39,44,1,-34.76,-181.0,999,59,0.488298416138,0,2,0,3,32,43,1,247.4,1288.4,89,938,0.043947219849,0,2,0,1,137,39,1,-20.88,-109.8,233,375,0.228120326996,0,5,0,0,28,44,1,514.44,2703.4,825,536,0.806963920593,0,5,0,1,128,44,1,-19.64,-103.2,989,977,0.967697620392,0,2,0,0,10,45,1,489.24,2571.0,236,716,0.231378078461,0,2,0,0,18,41,1,-560.56,-2945.8,24,360,0.023804664612,0,5,0,0,12,26,1,215.72,1133.6,149,304,0.14594078064,0,61,0,6,7,46,1,213.68,1143.8,237,244,0.464264392853,0,7,0,6,22,42,1,-175.84,-938.6,360,250,0.704979896545,0,3,0,6,16,20,2,-483.6,-2583.2,3,828,0.007454395294,0,31,0,6,10,37,1,741.32,3951.6,317,211,0.620756626129,0,17,0,6,21,45,1,-694.04,-3713.8,32,679,0.063921451569,0,5,0,6,9,39,1,231.16,1234.4,150,833,0.295134544373,0,5,0,3,6,41,1,32.52,169.4,1765,960,0.863117218018,0,2,0,3,38,43,1,66.16,344.6,1066,14,0.521023750305,0,2,0,3,9,37,1,61.28,319.2,1450,164,0.708778381348,0,5,0,3,23,38,1,93.2,485.2,355,848,0.173914432526,0,3,0,3,16,43,1,-5.12,-26.8,513,662,0.251049518585,0,3,0,0,23,42,1,63.16,331.8,699,429,0.683694839478,0,2,0,0,25,32,2,477.28,2508.2,292,766,0.286167144775,0,24,0,5,7,35,1,-20.88,-109.6,233,386,0.228130817413,0,11,0,5,3,41,1,-53.52,-281.2,563,444,0.550766944885,0,5,0,1,129,45,1,-20.36,-107.0,591,159,0.577864646912,0,3,0,,,,,,,,,,,,,,,,,,,,,,,,,,,,,,,,,,,,,,,,,,,,,,,,
1,0,94506000,105288000,94492000,94506000,94506000,0.0,0.0,0.0,0,0.0,33,2,0,2,19,37,1,49.56,260.4,1671,397,0.633810520172,1,5,0,2,7,31,1,-288.44,-1515.6,610,487,0.596751213074,0,18,0,2,33,41,1,-186.04,-977.6,315,670,0.30855846405,0,2,0,2,21,28,2,422.56,2220.6,719,602,0.703410148621,0,18,0,0,15,22,2,-415.84,-2185.2,824,180,0.805645942688,0,38,0,2,12,31,1,310.24,1630.4,388,397,0.37965631485,0,18,0,2,26,40,2,-551.64,-2898.8,1832,21,0.790832042694,1,11,0,0,32,37,1,183.56,964.6,252,106,0.246435642242,0,1,0,3,39,44,1,-35.68,-185.6,999,302,0.488414287567,0,0,0,3,32,41,1,246.32,1282.6,88,233,0.043122291565,0,0,0,1,137,39,1,-21.88,-115.0,233,448,0.228189945221,0,1,0,0,28,44,1,513.64,2699.2,823,787,0.805248260498,0,1,0,1,128,44,1,-20.04,-105.4,990,22,0.96776342392,0,1,0,0,10,42,1,487.88,2564.0,235,31,0.229746818542,0,1,0,0,18,45,1,-561.04,-2948.4,26,270,0.025673389435,0,0,0,0,12,25,2,215.72,1133.6,148,491,0.1451420784,0,53,0,6,7,41,1,212.68,1138.6,236,896,0.463551998138,0,2,0,6,22,43,1,-176.96,-944.6,360,557,0.705566883087,0,3,0,6,16,20,1,-485.0,-2590.8,4,651,0.009073257446,0,30,0,6,10,39,1,740.8,3949.0,315,968,0.618288993835,0,15,0,6,21,44,1,-694.4,-3716.0,33,866,0.06623506546,0,3,0,6,9,44,1,230.16,1229.0,150,429,0.294363498688,0,2,0,3,6,38,1,31.28,163.0,1765,733,0.863008975983,0,1,0,3,38,43,1,65.28,340.0,1065,575,0.520802974701,0,0,0,3,9,40,1,60.52,315.0,1449,759,0.708573818207,0,1,0,3,23,42,1,92.28,480.6,355,197,0.173603534698,0,2,0,3,16,41,1,-5.96,-31.0,513,696,0.251065731049,0,1,0,3,13,33,1,147.84,770.0,1032,148,0.504469394684,0,19,0,0,23,42,1,62.12,326.4,699,208,0.683483600616,0,1,0,0,25,32,2,477.28,2508.0,291,73,0.284527778625,0,17,0,5,7,37,1,-22.0,-115.6,233,460,0.228200912476,0,8,0,5,3,38,1,-54.28,-285.2,563,631,0.550944805145,0,1,0,1,129,46,1,-21.0,-110.4,591,230,0.577932834625,0,0,0,,,,,,,,,,,,,,,,,,,,,,,,,,,,,,,,,,,,
1,0,94507000,105289000,94493000,94507000,94507000,0.0,0.0,0.0,0,0.0,32,2,0,2,19,37,1,49.92,262.2,1671,220,0.633641242981,1,2,0,2,7,27,1,-288.0,-1513.4,611,466,0.59770822525,0,19,0,2,33,44,1,-185.6,-975.2,316,292,0.309175014496,0,1,0,0,15,20,1,-415.84,-2185.2,825,572,0.806998252869,0,36,0,2,12,31,1,310.76,1633.0,387,310,0.378595352173,0,18,0,2,26,38,1,-550.88,-2894.8,1833,900,0.79264831543,1,13,0,0,32,44,1,183.24,962.8,251,487,0.245822429657,0,0,0,3,39,44,1,-35.08,-182.6,999,543,0.488529205322,0,0,0,3,32,39,1,246.92,1285.8,86,554,0.042297840118,0,1,0,1,137,40,1,-21.12,-111.0,233,520,0.228258609772,0,1,0,0,28,39,1,513.56,2698.8,822,14,0.803532600403,0,2,0,1,128,38,1,-20.28,-106.6,990,90,0.967828273773,0,1,0,0,10,41,1,488.64,2567.8,233,370,0.228115081787,0,1,0,0,18,43,1,-560.76,-2946.8,28,179,0.027542114258,0,1,0,0,12,24,1,215.72,1133.6,147,767,0.144428253174,0,47,0,6,7,34,1,213.44,1142.6,236,523,0.462839126587,0,3,0,6,22,41,1,-176.72,-943.4,360,864,0.706153869629,0,0,0,6,16,21,2,-485.0,-2590.8,5,485,0.010713100433,0,31,0,6,10,31,1,741.88,3954.8,314,698,0.615815639496,0,17,0,6,21,42,1,-694.2,-3714.8,35,29,0.068548679352,0,2,0,6,9,32,1,230.6,1231.4,150,26,0.293592453003,0,2,0,3,6,42,1,31.96,166.4,1765,504,0.862899303436,0,1,0,3,38,43,1,65.84,342.8,1065,111,0.520580768585,0,0,0,3,9,42,1,60.84,316.8,1449,329,0.708368301392,0,1,0,3,23,43,1,92.8,483.2,354,568,0.173291683197,0,1,0,3,16,45,1,-5.44,-28.2,513,731,0.251082420349,0,0,0,3,13,32,1,148.08,771.2,1031,113,0.503963947296,0,11,0,0,23,43,1,62.84,330.2,698,1010,0.683271884918,0,0,0,0,25,28,2,477.48,2509.2,289,453,0.282935142517,0,16,0,5,7,37,1,-21.12,-111.0,233,532,0.228269577026,0,3,0,5,3,43,1,-53.84,-282.8,563,817,0.551122188568,0,0,0,1,129,44,1,-20.76,-109.2,591,301,0.578000068665,0,0,0,,,,,,,,,,,,,,,,,,,,,,,,,,,,,,,,,,,,,,,,,,,,,,,,
1,0,94508000,105290000,94494000,94508000,94508000,0.0,0.0,0.0,0,0.0,31,2,0,2,19,41,1,50.96,267.8,1671,42,0.63347196579,1,0,0,2,33,43,1,-184.68,-970.6,316,939,0.309792041779,0,0,0,2,21,28,2,422.8,2221.8,716,687,0.700559139252,0,20,0,2,12,35,1,311.28,1635.6,386,247,0.377557754517,0,14,0,2,26,35,1,-550.04,-2890.6,1835,769,0.79447889328,1,9,0,0,32,43,1,184.12,967.6,250,869,0.245209217072,0,0,0,3,39,44,1,-33.8,-176.0,999,783,0.48864364624,0,0,0,3,32,25,1,248.24,1292.8,84,873,0.041472434998,0,0,0,1,137,39,1,-19.88,-104.4,233,592,0.228326797485,0,0,0,0,28,32,1,513.96,2700.8,820,264,0.801816940308,0,0,0,1,128,43,1,-19.16,-100.6,990,158,0.967893600464,0,0,0,0,10,32,1,489.8,2574.0,231,709,0.226483345032,0,0,0,0,18,43,1,-559.76,-2941.6,30,88,0.029410362244,0,0,0,0,12,25,1,216.52,1137.8,146,965,0.143639564514,0,42,0,6,7,30,1,214.88,1150.2,236,149,0.462126255035,0,2,0,6,22,45,1,-176.56,-942.6,361,148,0.706741809845,0,0,0,6,16,21,2,-485.32,-2592.6,6,311,0.012337207794,0,29,0,6,10,32,1,742.16,3956.2,313,426,0.613338470459,0,14,0,6,21,42,1,-693.52,-3711.2,36,215,0.070862293243,0,0,0,6,9,43,1,231.8,1237.8,149,646,0.292819976807,0,0,0,3,6,41,1,33.28,173.2,1765,275,0.862790584564,0,0,0,3,38,43,1,67.04,349.0,1064,669,0.520358562469,0,0,0,3,9,43,1,61.76,321.6,1448,923,0.708163261414,0,0,0,3,23,44,1,93.96,489.2,353,939,0.172980308533,0,0,0,3,16,44,1,-4.48,-23.4,513,764,0.251098155975,0,0,0,3,13,33,1,149.64,779.2,1030,103,0.503470897675,0,8,0,0,23,41,1,64.0,336.4,698,788,0.683059692383,0,0,0,0,25,34,1,478.56,2514.8,287,823,0.281333446503,0,12,0,5,7,36,1,-19.92,-104.6,233,603,0.228337287903,0,0,0,5,3,29,1,-52.36,-275.2,563,1003,0.551299571991,0,0,0,1,129,42,1,-19.6,-103.0,591,371,0.578067779541,0,0,0,,,,,,,,,,,,,,,,,,,,,,,,,,,,,,,,,,,,,,,,,,,,,,,,,,,,,,,,,,,,
1,0,94509000,105291000,94495000,94509000,94509000,0.0,0.0,0.0,0,0.0,30,2,0,2,19,34,1,50.44,265.0,1670,890,0.633303642273,1,0,0,2,33,46,1,-185.24,-973.4,317,563,0.310410499573,0,0,0,2,21,27,2,422.52,2220.2,715,212,0.699127674103,0,20,0,2,12,31,1,311.2,1635.4,385,163,0.376500606537,0,16,0,2,26,35,2,-550.24,-2891.4,1837,651,0.796320915222,1,2,0,0,32,37,1,183.72,965.4,250,227,0.24459695816,0,0,0,3,39,43,1,-34.64,-180.4,1000,1,0.48875951767,0,0,0,3,32,22,1,248.04,1291.6,83,175,0.040650844574,0,25,0,1,137,43,1,-20.52,-107.8,233,663,0.228395462036,0,0,0,0,28,42,1,514.0,2701.2,818,517,0.800102710724,0,11,0,1,128,44,1,-19.68,-103.4,990,227,0.967959403992,0,0,0,0,10,26,1,487.96,2564.2,230,27,0.224855422974,0,12,0,0,18,47,1,-560.4,-2945.0,31,1023,0.031279563904,0,0,0,6,7,29,1,213.8,1144.6,235,801,0.461414337158,0,7,0,6,22,40,1,-176.64,-942.8,361,456,0.707330703735,0,0,0,6,16,22,2,-487.88,-2606.2,7,141,0.013969421387,0,33,0,6,10,28,2,741.4,3952.0,312,163,0.610880374908,0,18,0,6,21,46,1,-693.92,-3713.2,37,402,0.073176383972,0,0,0,6,9,43,1,231.0,1233.6,149,242,0.292048454285,0,0,0,3,6,40,1,32.56,169.6,1765,47,0.862681388855,0,0,0,3,38,41,1,66.36,345.6,1064,205,0.520136833191,0,0,0,3,9,43,1,61.36,319.4,1448,493,0.707958221436,0,0,0,3,23,46,1,93.24,485.6,353,287,0.172668933868,0,0,0,3,16,43,1,-5.04,-26.2,513,797,0.251113891602,0,0,0,3,13,33,1,148.84,775.0,1029,77,0.502969741821,0,8,0,0,23,42,1,63.08,331.4,698,567,0.682848930359,0,0,0,0,25,38,1,478.0,2512.0,286,165,0.279727458954,0,12,0,5,7,38,1,-20.56,-108.2,233,675,0.228405952454,0,0,0,5,3,28,1,-53.56,-281.4,564,169,0.551481723785,0,8,0,1,129,42,1,-20.16,-105.8,591,443,0.578135967255,0,0,0,,,,,,,,,,,,,,,,,,,,,,,,,,,,,,,,,,,,,,,,,,,,,,,,,,,,,,,,,,,,,,,,,,,,,,,,
1,0,94510000,105292000,94496000,94510000,94510000,0.0,0.0,0.0,0,0.0,30,2,0,2,19,37,1,50.28,264.2,1670,715,0.63313627243,1,0,0,2,33,45,1,-185.68,-975.8,318,188,0.311030387878,0,0,0,2,21,26,2,422.64,2221.0,713,837,0.697769165039,0,28,0,2,12,34,1,310.48,1631.4,384,136,0.375496864319,0,19,0,2,26,38,1,-550.84,-2894.6,1839,530,0.798160552979,1,0,0,0,32,39,1,183.36,963.6,249,610,0.243984699249,0,0,0,3,39,42,1,-34.96,-182.0,1000,243,0.488874912262,0,0,0,3,32,34,1,247.12,1286.8,81,499,0.039828300476,0,20,0,1,137,39,1,-21.0,-110.4,233,736,0.228464126587,0,0,0,0,28,41,1,513.48,2698.4,816,766,0.79838514328,0,8,0,1,128,44,1,-20.12,-105.8,990,296,0.96802520752,0,0,0,0,10,34,1,488.64,2567.8,228,367,0.22322511673,0,12,0,0,18,43,1,-560.88,-2947.4,33,933,0.033148765564,0,0,0,6,7,33,1,213.24,1141.6,235,427,0.460700035095,0,13,0,6,22,42,1,-177.2,-945.8,361,765,0.7079205513,0,0,0,6,16,22,2,-484.96,-2590.6,7,993,0.015598297119,0,28,0,6,10,38,2,741.56,3952.8,310,919,0.608410358429,0,16,0,6,21,44,1,-694.2,-3714.8,38,589,0.075490951538,0,0,0,6,9,47,1,230.52,1231.0,148,863,0.291277885437,0,0,0,3,6,42,1,32.12,167.2,1764,845,0.862573623657,0,0,0,3,38,42,1,66.2,344.6,1063,765,0.51991558075,0,0,0,3,9,38,1,60.88,317.0,1448,65,0.707753658295,0,0,0,3,23,47,1,92.76,483.0,352,660,0.172358512878,0,0,0,3,16,45,1,-5.4,-28.0,513,832,0.251130580902,0,0,0,3,13,36,1,148.56,773.6,1028,52,0.502468585968,0,7,0,0,23,43,1,62.76,329.8,698,347,0.682638645172,0,0,0,0,25,32,1,477.88,2511.2,284,550,0.278141021729,0,11,0,5,7,35,1,-20.84,-109.6,233,747,0.228475570679,0,0,0,5,3,36,1,-53.6,-281.6,564,341,0.551645278931,0,10,0,1,129,40,1,-20.72,-108.8,591,514,0.578204154968,0,0,0,,,,,,,,,,,,,,,,,,,,,,,,,,,,,,,,,,,,,,,,,,,,,,,,,,,,,,,,,,,,,,,,,,,,,,,,
1,0,94511000,105293000,94497000,94511000,94511000,0.0,0.0,0.0,0,0.0,30,2,0,2,19,24,2,50.36,264.6,1670,544,0.632973670959,1,16,0,2,33,43,1,-185.56,-975.2,318,837,0.311650276184,0,1,0,2,21,30,2,422.88,2222.2,712,300,0.696279525757,0,28,0,0,15,20,1,-415.84,-2185.2,831,223,0.812530517578,0,30,0,2,12,23,2,310.4,1631.2,383,103,0.374487876892,0,29,0,2,26,41,2,-550.6,-2893.4,1841,415,0.800005435944,1,1,0,0,32,42,1,183.56,964.6,248,995,0.243374347687,0,13,0,3,39,42,1,-34.76,-181.0,1000,492,0.488993644714,0,0,0,1,137,43,1,-20.68,-108.6,233,810,0.228535175323,0,1,0,0,28,40,1,513.8,2700.0,815,7,0.7966837883,0,10,0,1,128,47,1,-19.72,-103.6,990,368,0.968093395233,0,0,0,0,10,30,1,489.4,2572.0,226,694,0.221581459045,0,12,0,0,18,42,1,-560.6,-2945.8,35,846,0.035021305084,0,1,0,6,7,35,1,213.76,1144.2,235,57,0.45999288559,0,16,0,6,22,42,1,-176.96,-944.6,362,56,0.708522796631,0,13,0,6,16,24,2,-485.56,-2593.8,8,826,0.017234802246,0,25,0,6,10,37,1,741.68,3953.6,309,635,0.605911254883,0,19,0,6,21,45,1,-693.68,-3712.0,39,778,0.077808380127,0,0,0,6,9,43,1,230.72,1232.0,148,461,0.290509700775,0,1,0,3,6,43,1,32.32,168.4,1764,624,0.862468242645,0,0,0,3,38,45,1,66.32,345.4,1063,306,0.519696712494,0,0,0,3,9,35,1,61.28,319.2,1447,665,0.70755147934,0,0,0,3,23,48,1,92.84,483.6,352,15,0.172050476074,0,0,0,3,16,42,1,-5.2,-27.0,513,874,0.251150608063,0,0,0,3,13,36,1,148.6,773.8,1027,52,0.501980304718,0,7,0,0,23,45,1,62.84,330.2,698,129,0.682430744171,0,0,0,0,25,35,2,477.84,2511.2,282,957,0.276574134827,0,15,0,5,7,39,1,-20.64,-108.4,233,822,0.228546619415,0,2,0,5,3,42,1,-53.44,-280.8,564,542,0.551837444305,0,9,0,1,129,45,1,-20.32,-106.8,591,588,0.578274726868,0,0,0,,,,,,,,,,,,,,,,,,,,,,,,,,,,,,,,,,,,,,,,,,,,,,,,,,,,,,,,,,,,,,,,,,,,,,,,
1,0,94512000,105294000,94498000,94512000,94512000,0.0,0.0,0.0,0,0.0,31,2,0,2,19,32,2,49.76,261.6,1670,402,0.632837772369,1,17,0,2,33,46,1,-186.16,-978.2,319,463,0.312270641327,0,0,0,2,21,23,2,422.44,2219.8,710,857,0.69485616684,0,25,0,0,15,21,1,-416.28,-2187.6,832,659,0.813923358917,0,28,0,5,2,25,1,-14.2,-74.6,466,866,0.456350803375,0,62,0,2,26,45,2,-551.12,-2896.0,1843,293,0.801843643188,1,0,0,0,32,35,1,183.0,961.6,248,385,0.242792606354,0,12,0,3,39,42,1,-35.32,-183.8,1000,738,0.489110946655,0,0,0,3,32,29,1,246.44,1283.2,78,100,0.038170814514,0,17,0,1,137,42,1,-21.24,-111.8,233,883,0.228605270386,0,0,0,0,28,40,1,513.32,2697.6,813,251,0.794961452484,0,6,0,1,128,44,1,-20.16,-106.0,990,437,0.968159675598,0,0,0,0,10,31,1,488.4,2566.6,225,24,0.219964981079,0,9,0,0,18,44,1,-561.0,-2948.2,37,758,0.036892414093,0,0,0,6,7,27,1,212.72,1138.8,234,706,0.459276199341,0,17,0,6,22,39,1,-177.36,-946.8,362,365,0.709113121033,0,9,0,6,16,24,2,-486.4,-2598.4,9,652,0.018859386444,0,25,0,6,10,41,1,741.12,3950.6,308,364,0.603435993195,0,11,0,6,21,47,1,-694.4,-3716.0,40,965,0.08012342453,0,0,0,6,9,45,1,229.92,1227.8,148,58,0.289741039276,0,0,0,3,6,44,1,31.84,165.8,1764,399,0.862360477448,0,0,0,3,38,44,1,65.76,342.4,1062,868,0.519476413727,0,0,0,3,9,42,1,60.64,315.8,1447,240,0.70734834671,0,0,0,3,23,47,1,92.36,481.0,351,392,0.171741962433,0,0,0,3,16,44,1,-5.76,-30.0,513,911,0.251168251038,0,0,0,3,13,33,1,148.2,771.6,1026,43,0.501487255096,0,1,0,0,23,44,1,62.36,327.8,697,934,0.682221889496,0,0,0,0,25,40,2,477.52,2509.4,281,271,0.27494096756,0,10,0,5,7,39,1,-21.32,-112.0,233,895,0.228616714478,0,0,0,5,3,46,1,-53.84,-283.0,564,723,0.552010536194,0,6,0,1,129,45,1,-20.84,-109.6,591,661,0.578343868256,0,0,0,,,,,,,,,,,,,,,,,,,,,,,,,,,,,,,,,,,,,,,,,,,,,,,,,,,,,,,,,,,,
1,0,94513000,105295000,94499000,94513000,94513000,0.0,0.0,0.0,0,0.0,29,2,0,2,19,27,2,50.52,265.4,1670,210,0.632654666901,1,20,0,2,33,40,1,-185.52,-974.8,320,89,0.312890529633,0,1,0,2,21,29,2,422.04,2217.8,709,446,0.693485736847,0,23,0,2,26,42,1,-550.84,-2894.8,1845,171,0.803682804108,1,0,0,0,32,30,1,183.56,964.6,247,741,0.242155075073,0,11,0,3,39,43,1,-34.92,-182.0,1000,983,0.489228248596,0,0,0,3,32,33,1,247.16,1287.2,76,426,0.037349224091,0,12,0,1,137,41,1,-20.68,-108.6,233,957,0.228675365448,0,0,0,0,28,43,1,513.44,2698.0,811,500,0.793244361877,0,9,0,1,128,43,1,-19.76,-103.8,990,507,0.968225955963,0,0,0,0,10,37,1,488.52,2567.2,223,370,0.218339443207,0,10,0,0,18,42,1,-560.88,-2947.4,39,670,0.038763046265,0,0,0,6,7,28,1,213.48,1142.8,234,337,0.458570480347,0,20,0,6,22,40,1,-177.08,-945.2,362,674,0.709704875946,0,11,0,6,16,24,1,-485.8,-2595.2,10,479,0.020485877991,0,27,0,6,10,39,1,741.4,3952.0,307,89,0.600954532623,0,11,0,6,21,45,1,-693.8,-3712.6,42,129,0.08243894577,0,0,0,6,9,44,1,230.28,1229.8,147,681,0.288972854614,0,0,0,3,6,44,1,32.36,168.4,1764,175,0.862253665924,0,0,0,3,38,44,1,66.16,344.4,1062,409,0.519257068634,0,0,0,3,9,40,1,61.04,317.8,1446,839,0.707145690918,0,0,0,3,23,46,1,92.56,482.0,350,771,0.171433448792,0,0,0,3,16,43,1,-5.16,-26.8,513,950,0.251186847687,0,0,0,3,13,36,1,148.6,773.8,1025,29,0.500991821289,0,3,0,0,23,43,1,62.76,329.8,697,716,0.682013511658,0,0,0,0,25,44,1,477.56,2509.6,279,636,0.273334980011,0,10,0,5,7,38,1,-20.72,-109.0,233,968,0.228686332703,0,0,0,5,3,41,1,-53.44,-280.8,564,913,0.552191257477,0,5,0,1,129,43,1,-20.36,-107.0,591,733,0.578412532806,0,0,0,,,,,,,,,,,,,,,,,,,,,,,,,,,,,,,,,,,,,,,,,,,,,,,,,,,,,,,,,,,,,,,,,,,,,,,,,,,,,,,,,,,,
1,0,94514000,105296000,94500000,94514000,94514000,0.0,0.0,0.0,0,0.0,34,2,0,2,19,25,2,48.72,256.0,1670,42,0.632493972778,1,27,0,0,4,23,1,357.36,1877.8,327,888,0.320496082306,0,58,0,2,33,44,1,-186.12,-978.0,320,739,0.313510894775,0,0,0,2,21,30,2,422.56,2220.6,707,989,0.692049026489,0,20,0,0,15,20,1,-416.44,-2188.4,835,494,0.816698551178,0,28,0,5,2,24,2,-15.44,-81.2,467,56,0.456554889679,0,49,0,2,12,23,2,310.28,1630.6,379,974,0.371408939362,0,27,0,2,26,43,2,-550.88,-2894.8,1847,49,0.805521011353,1,0,0,0,32,30,1,183.2,962.6,247,119,0.241560935974,0,12,0,3,39,40,1,-34.96,-182.0,1001,203,0.489344596863,0,0,0,3,32,37,1,247.08,1286.6,74,782,0.036541461945,0,6,0,1,137,42,1,-20.76,-109.2,234,6,0.228744983673,0,0,0,0,28,39,1,513.88,2700.4,809,760,0.791537284851,0,3,0,1,128,43,1,-20.24,-106.4,990,577,0.968292713165,0,0,0,0,10,36,1,488.68,2568.0,221,707,0.21670627594,0,6,0,0,18,44,1,-560.84,-2947.2,41,583,0.040634632111,0,0,0,6,7,38,1,213.44,1142.6,233,984,0.457849979401,0,17,0,6,22,40,1,-177.2,-945.8,362,982,0.710292816162,0,10,0,6,16,22,2,-486.48,-2598.8,11,306,0.022112369537,0,27,0,6,10,40,1,741.28,3951.4,305,845,0.598484516144,0,11,0,6,21,46,1,-694.2,-3714.8,43,316,0.084753990173,0,0,0,6,9,47,1,230.08,1228.6,147,280,0.288206577301,0,0,0,3,6,44,1,32.08,167.0,1763,975,0.862147331238,0,0,0,3,38,41,1,66.24,345.0,1061,972,0.519037246704,0,0,0,3,9,38,1,60.8,316.6,1446,413,0.706942558289,0,0,0,3,23,44,1,92.52,481.8,350,123,0.171124458313,0,0,0,3,16,42,1,-5.28,-27.4,513,989,0.251205444336,0,0,0,3,13,37,1,148.4,772.8,1024,17,0.500496864319,0,0,0,0,24,17,1,-612.64,-3219.4,383,92,0.374477863312,0,28,0,0,23,43,1,62.52,328.6,697,498,0.681805610657,0,0,0,0,25,42,1,477.96,2511.8,277,1022,0.271748542786,0,11,0,5,7,38,1,-20.68,-108.6,234,18,0.228756427765,0,0,0,5,3,44,1,-53.36,-280.4,565,73,0.552367687225,0,2,0,1,129,39,1,-20.48,-107.6,591,805,0.578481197357,0,0,0,,,,,,,,,,,,,,,,,,,,,,,,
1,0,94515000,105297000,94501000,94515000,94515000,0.0,0.0,0.0,0,0.0,30,2,0,2,19,31,2,50.52,265.4,1669,890,0.632326602936,1,25,0,2,33,44,1,-185.4,-974.4,321,366,0.31413269043,0,0,0,2,21,36,2,423.16,2223.8,706,476,0.690581798553,0,21,0,2,12,23,2,311.2,1635.4,378,903,0.370364189148,0,29,0,2,26,43,1,-550.16,-2891.0,1848,950,0.807359218597,1,0,0,0,32,31,2,181.88,955.8,246,551,0.240995883942,0,16,0,3,39,43,1,-34.36,-179.0,1001,448,0.489461421967,0,0,0,3,32,35,1,247.52,1289.0,73,67,0.035711765289,0,7,0,1,137,42,1,-20.08,-105.6,234,78,0.228814125061,0,0,0,0,28,44,1,514.08,2701.4,807,1016,0.789826393127,0,2,0,1,128,41,1,-19.52,-102.6,990,646,0.968359470367,0,0,0,0,10,33,1,489.04,2570.0,220,23,0.215076446533,0,9,0,0,18,43,1,-560.16,-2943.6,43,495,0.042506217957,0,0,0,6,7,35,1,214.08,1146.0,233,611,0.457137107849,0,17,0,6,22,45,1,-177.0,-944.8,363,271,0.710891246796,0,11,0,6,16,22,2,-486.92,-2601.0,12,133,0.023738384247,0,27,0,6,10,41,1,742.2,3956.4,304,577,0.596014976501,0,9,0,6,21,45,1,-693.16,-3709.2,44,504,0.087069988251,0,1,0,6,9,46,1,230.48,1230.8,146,903,0.287440299988,0,0,0,3,6,41,1,32.84,171.0,1763,751,0.862040042877,0,0,0,3,38,43,1,66.8,347.8,1061,511,0.518816947937,0,0,0,3,9,40,1,61.64,321.0,1445,1011,0.706738948822,0,0,0,3,23,44,1,93.0,484.2,349,501,0.170815944672,0,0,0,3,16,44,1,-4.72,-24.6,514,4,0.251224040985,0,0,0,3,13,40,1,149.04,776.0,1023,4,0.500002384186,0,0,0,0,23,45,1,63.04,331.2,697,280,0.681597709656,0,0,0,0,25,44,1,478.56,2514.8,276,357,0.270135879517,0,10,0,5,7,38,1,-20.04,-105.4,234,91,0.22882604599,0,0,0,5,3,43,1,-52.88,-277.8,565,266,0.552551269531,0,2,0,1,129,43,1,-20.04,-105.2,591,877,0.578549861908,0,0,0,,,,,,,,,,,,,,,,,,,,,,,,,,,,,,,,,,,,,,,,,,,,,,,,,,,,,,,,,,,,,,,,,,,,,,,,
1,0,94516000,105298000,94502000,94516000,94516000,0.0,0.0,0.0,0,0.0,31,2,0,2,19,26,2,50.12,263.4,1669,705,0.63214969635,1,25,0,2,33,42,1,-186.08,-977.8,321,1017,0.314754009247,0,2,0,2,21,35,2,422.64,2221.0,704,1005,0.689131736755,0,23,0,0,15,20,1,-416.32,-2187.8,838,340,0.819484710693,0,28,0,2,12,25,2,310.44,1631.2,377,812,0.369299888611,0,23,0,2,26,42,1,-551.16,-2896.4,1850,828,0.809197425842,1,2,0,0,32,32,2,184.12,967.4,245,895,0.240346431732,0,18,0,3,39,43,1,-35.08,-182.8,1001,693,0.489578723907,0,0,0,3,32,35,1,247.16,1287.0,71,384,0.034885406494,0,7,0,1,137,43,1,-21.08,-110.8,234,151,0.228884220123,0,0,0,0,28,43,1,513.04,2696.0,806,245,0.788113594055,0,2,0,1,128,41,1,-20.12,-105.8,990,716,0.968425750732,0,2,0,0,10,36,1,488.48,2567.0,218,366,0.213449001312,0,9,0,0,18,43,1,-561.4,-2950.2,45,408,0.04437828064,0,0,0,6,7,35,1,213.6,1143.4,233,239,0.456426620483,0,16,0,6,22,45,1,-177.96,-950.0,363,579,0.711479187012,0,10,0,6,16,22,1,-484.76,-2589.4,12,981,0.025359153748,0,27,0,6,10,40,1,741.08,3950.2,303,307,0.593542575836,0,8,0,6,21,45,1,-694.28,-3715.2,45,692,0.089385509491,0,0,0,6,9,43,1,229.44,1225.2,146,502,0.286674976349,0,0,0,3,6,41,1,31.84,165.8,1763,527,0.861933231354,0,0,0,3,38,45,1,65.84,342.8,1061,49,0.51859664917,0,0,0,3,9,41,1,60.72,316.2,1445,586,0.70653629303,0,0,0,3,23,44,1,92.0,479.0,348,880,0.170507907867,0,0,0,3,16,41,1,-5.52,-28.6,514,41,0.25124168396,0,0,0,3,13,38,1,148.24,772.0,1021,1015,0.499506950378,0,1,0,0,23,44,1,62.08,326.2,697,63,0.681389808655,0,0,0,0,25,45,1,477.32,2508.2,274,746,0.268552303314,0,9,0,5,7,40,1,-21.08,-110.6,234,164,0.228896141052,0,1,0,5,3,42,1,-53.84,-282.8,565,452,0.552729129791,0,1,0,1,129,40,1,-20.64,-108.6,591,949,0.578619480133,0,0,0,,,,,,,,,,,,,,,,,,,,,,,,,,,,,,,,,,,,,,,,,,,,,,,,,,,,,,,,,,,,
1,0,94517000,105299000,94503000,94517000,94517000,0.0,0.0,0.0,0,0.0,31,2,0,2,19,29,2,50.4,264.8,1669,537,0.631989479065,1,21,0,2,33,43,1,-185.56,-975.2,322,643,0.31537437439,0,3,0,2,21,36,2,423.32,2224.4,703,569,0.687737941742,0,17,0,2,12,31,2,310.76,1633.0,376,756,0.368268966675,0,22,0,2,26,44,1,-550.4,-2892.4,1852,705,0.811035633087,1,3,0,0,32,41,1,183.88,966.4,245,225,0.239706993103,0,15,0,6,23,23,1,270.96,1449.4,269,149,0.526704788208,0,63,0,3,39,45,1,-34.4,-179.2,1001,938,0.489695549011,0,1,0,3,32,37,1,247.68,1289.6,69,704,0.03406047821,0,7,0,1,137,42,1,-20.16,-106.0,234,224,0.228952884674,0,1,0,0,28,40,1,513.96,2701.0,804,499,0.786400794983,0,2,0,1,128,40,1,-19.08,-100.2,990,785,0.968492031097,0,1,0,0,10,40,1,489.24,2570.8,216,706,0.211817741394,0,5,0,0,18,45,1,-560.4,-2945.0,47,320,0.046249389648,0,1,0,6,7,35,1,214.32,1147.2,232,902,0.455736160278,0,20,0,6,22,42,1,-177.24,-946.0,363,888,0.712069511414,0,9,0,6,16,22,1,-488.2,-2608.0,13,809,0.026987075806,0,28,0,6,10,42,1,741.88,3954.6,302,37,0.591070175171,0,3,0,6,21,46,1,-693.52,-3711.2,46,879,0.091700553894,0,2,0,6,9,42,1,230.2,1229.2,146,101,0.285908699036,0,2,0,3,6,42,1,32.72,170.4,1763,302,0.861825942993,0,1,0,3,38,43,1,66.8,348.0,1060,610,0.518375396729,0,1,0,3,9,39,1,61.6,320.8,1445,160,0.706332683563,0,1,0,3,23,44,1,92.88,483.8,348,234,0.170199871063,0,1,0,3,16,42,1,-4.72,-24.6,514,79,0.251259803772,0,1,0,3,13,41,1,149.16,776.6,1020,1000,0.499011039734,0,1,0,0,23,44,1,62.88,330.6,696,869,0.681181907654,0,1,0,0,25,43,1,478.16,2512.8,273,103,0.266961097717,0,6,0,5,7,38,1,-20.12,-105.8,234,236,0.22896528244,0,2,0,5,3,45,1,-52.96,-278.2,565,639,0.552907943726,0,1,0,1,129,42,1,-19.92,-104.6,591,1021,0.578687667847,0,2,0,,,,,,,,,,,,,,,,,,,,,,,,,,,,,,,,,,,,,,,,,,,,,,,,,,,,,,,,,,,,
1,0,94518000,105300000,94504000,94518000,94518000,0.0,0.0,0.0,0,0.0,32,2,0,2,19,36,2,50.28,264.2,1669,360,0.631820678711,1,20,0,2,33,44,1,-185.6,-975.4,323,267,0.315992832184,0,5,0,2,21,38,2,423.4,2225.0,702,99,0.686311721802,0,15,0,2,12,25,2,310.44,1631.4,375,682,0.367220401764,0,23,0,2,26,43,1,-550.4,-2892.4,1854,581,0.812871932983,1,2,0,0,32,35,1,184.36,968.8,244,602,0.239089012146,0,13,0,6,23,20,2,277.68,1485.2,268,694,0.525789260864,0,60,0,3,39,41,1,-34.44,-179.2,1002,156,0.489810466766,0,3,0,3,32,37,1,247.6,1289.2,67,1020,0.033234119415,0,7,0,1,137,39,1,-20.28,-106.4,234,295,0.229021072388,0,3,0,0,28,42,1,514.04,2701.2,802,752,0.784687042236,0,2,0,1,128,41,1,-19.12,-100.4,990,852,0.968555927277,0,6,0,0,10,33,1,489.32,2571.4,215,21,0.210186481476,0,5,0,0,18,44,1,-560.32,-2944.6,49,231,0.048119068146,0,2,0,0,12,26,2,215.32,1131.6,139,513,0.136365413666,0,36,0,6,7,23,1,214.28,1147.0,232,523,0.455011367798,0,23,0,6,22,41,1,-177.28,-946.2,364,175,0.712663650513,0,6,0,6,16,28,2,-486.0,-2596.0,14,637,0.028615951538,0,25,0,6,10,42,1,741.8,3954.2,300,791,0.588596343994,0,5,0,6,21,47,1,-693.36,-3710.2,48,42,0.094014167786,0,2,0,6,9,43,1,229.96,1227.8,145,724,0.285141468048,0,3,0,3,6,43,1,32.6,169.8,1763,75,0.861717700958,0,2,0,3,38,40,1,66.68,347.2,1060,145,0.51815366745,0,3,0,3,9,40,1,61.68,321.2,1444,755,0.706127643585,0,3,0,3,23,45,1,92.72,482.8,347,611,0.169891357422,0,2,0,3,16,42,1,-4.68,-24.4,514,114,0.251276493073,0,3,0,3,13,42,1,149.04,776.0,1019,983,0.498514652252,0,2,0,0,23,42,1,62.64,329.2,696,651,0.680974006653,0,2,0,0,25,44,1,478.08,2512.2,271,479,0.265365123749,0,5,0,5,7,36,1,-20.28,-106.4,234,308,0.229032993317,0,3,0,5,3,43,1,-52.8,-277.4,565,825,0.553085327148,0,2,0,1,129,43,1,-19.92,-104.6,592,67,0.578754425049,0,3,0,,,,,,,,,,,,,,,,,,,,,,,,,,,,,,,,,,,,,,,,,,,,,,,,
1,0,94519000,105301000,94505000,94519000,94519000,0.0,0.0,0.0,0,0.0,33,2,0,2,19,31,1,51.8,272.2,1669,166,0.631635189056,1,17,0,2,33,44,1,-185.12,-973.0,323,915,0.316612243652,0,0,0,2,21,39,1,423.56,2225.8,700,690,0.684921264648,0,14,0,5,2,23,2,-15.64,-82.2,467,276,0.456764221191,0,37,0,2,12,23,2,310.16,1629.8,374,606,0.366169929504,0,27,0,2,26,40,1,-549.84,-2889.4,1856,454,0.814705371857,1,0,0,2,29,25,3,-161.48,-848.6,2733,915,0.672428607941,2,19,0,0,32,29,1,184.24,968.2,243,1005,0.238496303558,0,12,0,6,23,20,2,271.44,1452.0,268,227,0.524896144867,0,53,0,3,39,43,1,-34.08,-177.4,1002,396,0.489925384521,0,0,0,3,32,35,1,248.08,1291.8,66,312,0.032407283783,0,2,0,1,137,42,1,-19.64,-103.2,234,365,0.229088306427,0,0,0,0,28,44,1,514.44,2703.4,800,1004,0.782972335815,0,0,0,1,128,41,1,-18.52,-97.4,990,919,0.968619823456,0,0,0,0,10,36,1,489.6,2572.8,213,360,0.208555698395,0,0,0,0,18,44,1,-560.04,-2943.0,51,141,0.049988269806,0,0,0,6,7,36,1,214.48,1148.2,232,146,0.454290866852,0,17,0,6,22,44,1,-177.24,-946.2,364,484,0.713254451752,0,0,0,6,16,25,2,-485.84,-2595.4,15,462,0.030239105225,0,27,0,6,10,37,1,742.6,3958.6,299,519,0.586120605469,0,1,0,6,21,45,1,-692.72,-3707.0,49,228,0.096326828003,0,0,0,6,9,48,1,230.24,1229.6,145,323,0.284375190735,0,0,0,3,6,40,1,33.0,172.0,1762,870,0.861608028412,0,0,0,3,38,43,1,67.0,348.8,1059,703,0.517930984497,0,0,0,3,9,41,1,62.0,322.8,1444,324,0.70592212677,0,0,0,3,23,45,1,92.92,483.8,346,987,0.169581890106,0,0,0,3,16,43,1,-4.48,-23.2,514,146,0.251291751862,0,0,0,3,13,40,1,149.28,777.4,1018,966,0.498017311096,0,0,0,0,23,43,1,62.96,330.8,696,433,0.680765151978,0,0,0,0,25,42,1,478.52,2514.6,269,856,0.263770103455,0,0,0,5,7,38,1,-19.6,-103.0,234,377,0.229099750519,0,0,0,5,3,40,1,-52.28,-274.8,565,1010,0.553261756897,0,0,0,1,129,42,1,-19.44,-102.0,592,136,0.578820705414,0,0,0,,,,,,,,,,,,,,,,,,,,,,,,,,,,,,,,,,,,
1,0,94520000,105302000,94506000,94520000,94520000,0.0,0.0,0.0,0,0.0,32,2,0,2,19,31,1,51.44,270.4,1668,1013,0.631465911865,1,18,0,2,33,44,1,-185.32,-974.0,324,539,0.317230224609,0,0,0,2,21,41,1,424.12,2228.8,699,201,0.683476924896,0,11,0,2,12,24,1,310.56,1632.0,373,514,0.365105628967,0,28,0,2,26,42,1,-549.72,-2888.8,1858,327,0.816539764404,1,0,0,2,29,24,2,-162.0,-851.4,2734,452,0.672963619232,2,26,0,0,32,29,1,183.08,962.0,243,371,0.237891197205,0,12,0,6,23,19,2,271.44,1452.0,267,779,0.523995399475,0,48,0,3,39,42,1,-33.96,-176.8,1002,635,0.490039348602,0,0,0,3,32,37,1,248.12,1292.0,64,627,0.031579971313,0,0,0,1,137,41,1,-19.52,-102.6,234,434,0.229153633118,0,0,0,0,28,41,1,514.36,2703.0,799,231,0.78125667572,0,0,0,1,128,43,1,-18.4,-96.6,990,984,0.968682289124,0,0,0,0,10,40,1,489.72,2573.4,211,698,0.206922531128,0,0,0,0,18,43,1,-559.84,-2942.0,53,50,0.051856517792,0,0,0,6,7,38,1,214.92,1150.4,231,794,0.453573703766,0,11,0,6,22,44,1,-177.2,-945.8,364,793,0.713845252991,0,0,0,6,16,25,2,-486.08,-2596.6,16,289,0.03186416626,0,27,0,6,10,39,1,742.36,3957.2,298,248,0.583644390106,0,0,0,6,21,41,1,-692.48,-3705.6,50,413,0.098637580872,0,0,0,6,9,43,1,230.28,1229.8,144,945,0.28360748291,0,0,0,3,6,42,1,33.32,173.6,1762,638,0.861497402191,0,0,0,3,38,43,1,67.08,349.2,1059,234,0.51770734787,0,0,0,3,9,40,1,62.2,324.0,1443,915,0.705715656281,0,0,0,3,23,44,1,93.08,484.8,346,338,0.169271945953,0,0,0,3,16,42,1,-4.08,-21.4,514,176,0.251306533813,0,0,0,3,13,41,1,149.48,778.4,1017,945,0.497519016266,0,0,0,0,23,41,1,63.04,331.2,696,213,0.680555343628,0,0,0,0,25,39,1,478.92,2516.8,268,208,0.262173652649,0,0,0,5,7,38,1,-19.56,-102.8,234,446,0.229165554047,0,0,0,5,3,42,1,-52.4,-275.4,566,170,0.553437232971,0,0,0,1,129,42,1,-19.08,-100.2,592,204,0.578885555267,0,0,0,,,,,,,,,,,,,,,,,,,,,,,,,,,,,,,,,,,,,,,,,,,,,,,,
1,0,94521000,105303000,94507000,94521000,94521000,0.0,0.0,0.0,0,0.0,34,2,0,2,19,30,2,51.12,268.6,1668,855,0.631315231323,1,15,0,2,7,25,2,-285.96,-1502.6,625,286,0.611221313477,0,26,0,2,33,41,1,-185.16,-973.0,325,161,0.317847251892,0,0,0,2,21,41,1,424.0,2228.2,697,781,0.682075500488,0,6,0,5,2,25,2,-15.56,-81.8,467,354,0.456838607788,0,35,0,2,12,23,2,309.8,1628.0,372,478,0.36409330368,0,28,0,2,26,43,1,-549.56,-2887.8,1860,201,0.818374156952,1,0,0,0,32,33,1,184.64,970.2,242,738,0.237264156342,0,12,0,6,23,21,2,271.44,1452.0,267,309,0.523097038269,0,43,0,3,39,42,1,-34.08,-177.6,1002,872,0.490152835846,0,0,0,3,32,37,1,248.04,1291.6,62,940,0.03075170517,0,0,0,1,137,40,1,-19.52,-102.6,234,502,0.229218959808,0,0,0,0,28,42,1,514.44,2703.4,797,481,0.779541015625,0,0,0,1,128,38,1,-18.56,-97.6,991,25,0.968743801117,0,0,0,0,10,41,1,489.56,2572.6,210,10,0.205288887024,0,0,0,0,18,42,1,-560.0,-2942.8,54,983,0.053725242615,0,0,0,0,12,24,2,216.24,1136.4,137,232,0.134141921997,0,30,0,6,7,39,1,214.68,1149.2,231,419,0.45285654068,0,11,0,6,22,46,1,-177.24,-946.2,365,78,0.714435577393,0,0,0,6,16,22,2,-486.16,-2597.0,17,111,0.033481121063,0,28,0,6,10,41,1,742.32,3957.0,296,1000,0.581168174744,0,0,0,6,21,45,1,-692.6,-3706.2,51,598,0.100948810577,0,0,0,6,9,47,1,230.12,1228.8,144,543,0.282839298248,0,0,0,3,6,42,1,32.96,171.8,1762,406,0.86138677597,0,0,0,3,38,42,1,67.16,349.6,1058,789,0.517483234406,0,0,0,3,9,41,1,62.04,323.2,1443,482,0.705508708954,0,0,0,3,23,45,1,92.84,483.4,345,712,0.168962001801,0,0,0,3,16,44,1,-4.24,-22.2,514,207,0.251320838928,0,0,0,3,13,41,1,149.52,778.6,1016,924,0.497020244598,0,0,0,0,23,41,1,62.92,330.6,695,1017,0.680345535278,0,0,0,0,25,43,1,478.56,2514.8,266,584,0.26057767868,0,0,0,5,7,37,1,-19.52,-102.6,234,515,0.229231357574,0,0,0,5,3,42,1,-52.48,-275.8,566,353,0.553612232208,0,0,0,1,129,42,1,-19.28,-101.2,592,272,0.578949928284,0,0,0,,,,,,,,,,,,,,,,,,,,,,,,
1,0,94522000,105304000,94508000,94522000,94522000,0.0,0.0,0.0,0,0.0,34,2,0,2,19,30,2,51.64,271.4,1668,659,0.63112783432,1,17,0,2,7,23,2,-285.88,-1502.4,626,258,0.61217212677,0,26,0,2,33,43,1,-185.32,-973.8,325,809,0.318465709686,0,0,0,2,21,40,1,424.0,2228.0,696,324,0.680662155151,0,3,0,2,12,24,2,312.16,1640.4,371,429,0.363069057465,0,27,0,2,26,42,1,-549.76,-2889.0,1862,74,0.820208072662,1,0,0,2,29,25,2,-160.76,-844.8,2735,574,0.67405796051,2,21,0,0,32,39,1,185.0,972.2,242,68,0.236624717712,0,8,0,6,23,20,2,274.68,1469.4,266,854,0.522181034088,0,41,0,3,39,45,1,-33.88,-176.4,1003,85,0.490265369415,0,0,0,3,32,38,1,248.36,1293.2,61,228,0.029923439026,0,0,0,1,137,41,1,-19.64,-103.2,234,571,0.229284286499,0,0,0,0,28,41,1,514.52,2704.0,795,731,0.777824878693,0,0,0,1,128,39,1,-18.52,-97.4,991,90,0.968805789948,0,0,0,0,10,38,1,489.92,2574.6,208,347,0.203655719757,0,0,0,0,18,43,1,-560.04,-2943.0,56,892,0.055593013763,0,0,0,0,12,30,2,216.04,1135.2,136,453,0.133375167847,0,21,0,6,7,30,1,215.32,1152.6,231,53,0.452157020569,0,13,0,6,22,42,1,-176.92,-944.4,365,387,0.715025901794,0,0,0,6,16,23,2,-487.52,-2604.2,17,966,0.035115718842,0,28,0,6,10,41,1,742.2,3956.4,295,728,0.578691005707,0,0,0,6,21,45,1,-692.88,-3707.8,52,783,0.103259563446,0,0,0,6,9,46,1,230.0,1228.2,144,141,0.282071113586,0,0,0,3,6,42,1,33.32,173.6,1762,174,0.861275672913,0,0,0,3,38,44,1,67.24,350.2,1058,319,0.517259120941,0,0,0,3,9,38,1,62.16,323.6,1443,48,0.705301761627,0,0,0,3,23,46,1,92.92,483.8,345,63,0.168652057648,0,0,0,3,16,44,1,-4.28,-22.4,514,238,0.25133562088,0,0,0,3,13,40,1,149.76,779.8,1015,903,0.496520996094,0,0,0,0,23,43,1,62.96,331.0,695,797,0.680135726929,0,0,0,0,25,43,1,478.56,2514.8,264,960,0.258981227875,0,0,0,5,7,38,1,-19.52,-102.6,234,584,0.229296684265,0,0,0,5,3,44,1,-52.48,-275.8,566,536,0.553786754608,0,0,0,1,129,43,1,-19.2,-101.0,592,339,0.5790143013,0,0,0,,,,,,,,,,,,,,,,,,,,,,,,
1,0,94523000,105305000,94509000,94523000,94523000,0.0,0.0,0.0,0,0.0,34,2,0,2,19,37,1,51.48,270.4,1668,479,0.630956172943,1,18,0,2,7,22,2,-285.16,-1498.6,627,231,0.613124370575,0,27,0,2,33,42,1,-185.16,-973.0,326,433,0.319084644318,0,0,0,2,21,42,1,424.04,2228.4,694,892,0.679249286652,0,2,0,2,12,30,1,311.08,1634.8,370,362,0.362027168274,0,22,0,2,26,44,1,-549.52,-2887.8,1863,971,0.822041988373,1,0,0,2,29,25,2,-160.88,-845.4,2736,106,0.674588680267,2,20,0,0,32,41,1,184.8,971.2,241,449,0.236010551453,0,11,0,6,23,21,2,273.08,1460.8,266,384,0.521282196045,0,36,0,3,39,44,1,-33.68,-175.4,1003,322,0.490378856659,0,0,0,3,32,36,1,248.64,1294.8,59,541,0.029095172882,0,0,0,1,137,39,1,-19.52,-102.6,234,639,0.22934961319,0,0,0,0,28,40,1,514.24,2702.4,793,983,0.776109695435,0,0,0,1,128,41,1,-18.36,-96.4,991,155,0.968867778778,0,0,0,0,10,41,1,489.92,2574.4,206,684,0.20202255249,0,0,0,0,18,46,1,-560.12,-2943.6,58,801,0.057461261749,0,0,0,0,12,24,2,215.48,1132.4,135,756,0.132687568665,0,26,0,6,7,34,1,214.92,1150.6,230,705,0.451446056366,0,17,0,6,22,43,1,-177.24,-946.0,365,696,0.715617656708,0,0,0,6,16,24,2,-486.04,-2596.4,18,789,0.036733150482,0,29,0,6,10,42,1,742.4,3957.4,294,456,0.576215267181,0,0,0,6,21,47,1,-692.76,-3707.0,53,969,0.105570316315,0,0,0,6,9,48,1,230.12,1228.8,143,764,0.281304836273,0,0,0,3,6,41,1,33.4,174.0,1761,966,0.861165046692,0,0,0,3,38,42,1,67.36,350.8,1057,874,0.517035484314,0,0,0,3,9,40,1,62.24,324.2,1442,638,0.705094814301,0,0,0,3,23,46,1,92.96,484.0,344,439,0.168342590332,0,0,0,3,16,43,1,-4.0,-21.0,514,268,0.251350402832,0,0,0,3,13,38,1,150.04,781.2,1014,883,0.496022701263,0,0,0,0,23,42,1,63.12,331.8,695,577,0.679925918579,0,0,0,0,25,44,1,478.6,2515.0,263,312,0.257385253906,0,0,0,5,7,37,1,-19.52,-102.6,234,653,0.229362487793,0,0,0,5,3,43,1,-52.36,-275.2,566,720,0.553962230682,0,0,0,1,129,41,1,-19.36,-101.8,592,406,0.579078197479,0,0,0,,,,,,,,,,,,,,,,,,,,,,,,
1,0,94524000,105306000,94510000,94524000,94524000,0.0,0.0,0.0,0,0.0,33,2,0,2,19,32,2,51.08,268.4,1668,313,0.630797863007,1,17,0,2,33,39,1,-185.68,-975.8,327,57,0.319703102112,0,0,0,2,21,40,1,423.96,2228.0,693,436,0.677836418152,0,0,0,2,12,29,1,311.16,1635.2,369,301,0.360991477966,0,18,0,2,26,40,1,-549.84,-2889.4,1865,845,0.823876857758,1,0,0,2,29,27,2,-160.92,-845.6,2736,672,0.675128936768,2,18,0,0,32,38,1,184.52,969.8,240,827,0.235394477844,0,9,0,6,23,21,2,272.8,1459.4,265,926,0.52036190033,0,35,0,3,39,44,1,-33.92,-176.6,1003,560,0.49049282074,0,0,0,3,32,38,1,248.44,1293.6,57,854,0.028266906738,0,0,0,1,137,42,1,-19.56,-102.8,234,708,0.229415416718,0,0,0,0,28,43,1,514.0,2701.2,792,211,0.774394989014,0,0,0,1,128,43,1,-18.68,-98.2,991,221,0.968930721283,0,0,0,0,10,36,1,489.76,2573.6,204,1022,0.200389385223,0,0,0,0,18,42,1,-560.32,-2944.6,60,711,0.059330940247,0,0,0,0,12,25,2,216.04,1135.4,135,81,0.13204240799,0,26,0,6,7,26,1,214.72,1149.4,230,333,0.450734615326,0,19,0,6,22,46,1,-177.6,-948.0,365,1006,0.716209411621,0,0,0,6,16,23,2,-486.2,-2597.2,19,616,0.038359642029,0,27,0,6,10,35,1,741.92,3954.8,293,185,0.573740005493,0,0,0,6,21,46,1,-692.92,-3708.0,55,131,0.107882976532,0,0,0,6,9,48,1,229.76,1226.8,143,363,0.280539035797,0,0,0,3,6,40,1,33.0,171.8,1761,736,0.861055374146,0,0,0,3,38,44,1,67.24,350.0,1057,406,0.516811847687,0,0,0,3,9,34,1,61.68,321.2,1442,206,0.704888343811,0,0,0,3,23,45,1,92.72,482.8,343,815,0.168033123016,0,0,0,3,16,42,1,-4.32,-22.4,514,298,0.25136423111,0,0,0,3,13,41,1,149.68,779.4,1013,861,0.495523452759,0,0,0,0,23,43,1,62.76,329.8,695,358,0.679717063904,0,0,0,0,25,44,1,478.4,2514.0,261,689,0.255789756775,0,0,0,5,7,38,1,-19.56,-102.8,234,721,0.229428291321,0,0,0,5,3,42,1,-52.52,-276.0,566,904,0.554138183594,0,0,0,1,129,41,1,-19.76,-103.8,592,474,0.579143047333,0,0,0,,,,,,,,,,,,,,,,,,,,,,,,,,,,,,,,,,,,
1,0,94525000,105307000,94511000,94525000,94525000,0.0,0.0,0.0,0,0.0,34,2,0,2,19,28,2,51.56,271.0,1668,119,0.630612850189,1,20,0,2,33,39,1,-185.36,-974.0,327,705,0.320321559906,0,0,0,2,21,41,1,423.84,2227.2,691,1005,0.676423549652,0,0,0,2,12,28,1,311.12,1635.0,368,237,0.359952926636,0,18,0,2,26,40,1,-549.48,-2887.6,1867,720,0.825711727142,1,0,0,2,29,27,2,-160.76,-844.8,2737,200,0.67565536499,2,17,0,0,32,33,1,185.12,972.8,240,188,0.234784126282,0,7,0,6,23,20,2,272.4,1457.2,265,449,0.51945066452,0,33,0,3,39,42,1,-33.76,-176.0,1003,800,0.490606784821,0,0,0,3,32,40,1,248.56,1294.4,56,144,0.027439594269,0,0,0,1,137,38,1,-19.4,-102.0,234,777,0.229481220245,0,0,0,0,28,41,1,514.16,2702.0,790,463,0.77268075943,0,0,0,1,128,43,1,-18.12,-95.4,991,286,0.968993186951,0,0,0,0,10,38,1,489.84,2574.2,203,336,0.198756694794,0,0,0,0,18,42,1,-560.24,-2944.0,62,621,0.06119966507,0,0,0,0,12,31,2,215.28,1131.2,134,310,0.131283760071,0,28,0,6,7,38,1,215.24,1152.2,229,978,0.450011253357,0,18,0,6,22,45,1,-177.64,-948.2,366,292,0.716802120209,0,0,0,6,16,23,2,-485.72,-2594.6,20,437,0.039974212646,0,27,0,6,10,37,1,742.6,3958.4,291,937,0.571264266968,0,0,0,6,21,44,1,-692.52,-3705.8,56,316,0.110194206238,0,0,0,6,9,45,1,229.72,1226.6,142,987,0.279773712158,0,0,0,3,6,38,1,33.48,174.2,1761,505,0.860945224762,0,0,0,3,38,43,1,67.32,350.6,1056,963,0.516588687897,0,0,0,3,9,42,1,62.28,324.4,1441,798,0.704681873322,0,0,0,3,23,46,1,92.72,482.8,343,171,0.167726039886,0,0,0,3,16,41,1,-4.28,-22.2,514,329,0.251379489899,0,0,0,3,13,39,1,149.8,780.0,1012,841,0.495025157928,0,0,0,0,24,22,1,-611.56,-3213.6,406,189,0.397052288055,0,62,0,0,23,42,1,62.8,330.0,695,140,0.679508686066,0,0,0,0,25,40,1,478.56,2515.0,260,41,0.254193782806,0,0,0,5,7,35,1,-19.4,-101.8,234,790,0.229494094849,0,0,0,5,3,39,1,-52.16,-274.2,567,64,0.554313182831,0,0,0,1,129,44,1,-18.92,-99.6,592,542,0.579207420349,0,0,0,,,,,,,,,,,,,,,,,,,,,,,,
1,0,94526000,105308000,94512000,94526000,94526000,0.0,0.0,0.0,0,0.0,33,2,0,2,19,32,2,51.92,272.8,1667,955,0.630433082581,1,16,0,2,33,43,1,-185.2,-973.2,328,329,0.3209400177,0,0,0,2,21,41,1,424.28,2229.6,690,546,0.675008296967,0,0,0,2,12,27,1,311.0,1634.4,367,180,0.358921051025,0,18,0,2,26,42,1,-549.2,-2886.0,1869,593,0.82754611969,1,0,0,2,29,31,2,-160.72,-844.6,2737,748,0.676179409027,2,19,0,0,32,32,1,184.92,971.8,239,549,0.234151363373,0,11,0,6,23,23,2,273.16,1461.2,264,997,0.518540859222,0,28,0,3,39,43,1,-33.44,-174.2,1004,12,0.49071931839,0,0,0,3,32,34,1,248.72,1295.2,54,456,0.026610851288,0,0,0,1,137,40,1,-19.08,-100.2,234,845,0.229546546936,0,0,0,0,28,42,1,514.76,2705.0,788,713,0.770965099335,0,0,0,1,128,41,1,-17.72,-93.2,991,350,0.969054222107,0,0,0,0,10,37,1,490.08,2575.4,201,672,0.19712305069,0,0,0,0,18,42,1,-559.72,-2941.2,64,530,0.063067913055,0,0,0,0,12,34,1,215.44,1132.0,133,496,0.130483627319,0,21,0,6,7,27,1,214.44,1147.8,229,594,0.449276447296,0,22,0,6,22,40,1,-176.88,-944.2,366,602,0.717393875122,0,0,0,6,16,23,2,-486.44,-2598.6,21,260,0.04159450531,0,27,0,6,10,40,1,742.68,3959.0,290,666,0.568787574768,0,0,0,6,21,44,1,-692.04,-3703.2,57,501,0.112504959106,0,0,0,6,9,45,1,229.8,1227.2,142,586,0.279007434845,0,0,0,3,6,38,1,33.8,176.0,1761,273,0.860834121704,0,0,0,3,38,43,1,67.52,351.6,1056,494,0.51636505127,0,0,0,3,9,40,1,62.72,326.6,1441,363,0.704474925995,0,0,0,3,23,47,1,92.92,484.0,342,545,0.167416095734,0,0,0,3,16,43,1,-3.8,-19.8,514,360,0.251394271851,0,0,0,3,13,42,1,150.04,781.2,1011,818,0.494525909424,0,0,0,0,23,41,1,62.88,330.4,694,945,0.67929983139,0,0,0,0,25,40,1,479.0,2517.2,258,417,0.252597808838,0,0,0,5,7,37,1,-19.16,-100.6,234,859,0.229558944702,0,0,0,5,3,40,1,-52.0,-273.2,567,246,0.554487705231,0,0,0,1,129,45,1,-18.56,-97.6,592,608,0.579271316528,0,0,0,,,,,,,,,,,,,,,,,,,,,,,,,,,,,,,,,,,,
1,0,94527000,105309000,94513000,94527000,94527000,0.0,0.0,0.0,0,0.0,34,2,0,2,19,29,1,51.76,272.0,1667,764,0.630250930786,1,14,0,2,7,25,2,-286.12,-1503.6,631,107,0.61691570282,0,26,0,2,33,39,1,-185.52,-974.8,328,976,0.321557998657,0,0,0,2,21,40,1,424.24,2229.4,689,88,0.673593521118,0,0,0,2,12,27,2,311.24,1635.6,366,113,0.357879161835,0,20,0,2,26,41,1,-549.68,-2888.6,1871,466,0.8293800354,1,0,0,2,29,31,2,-160.64,-844.2,2738,273,0.676702976227,2,20,0,0,32,41,1,185.04,972.4,238,934,0.233540534973,0,10,0,6,23,22,2,273.88,1465.0,264,522,0.517632484436,0,29,0,3,39,44,1,-33.72,-175.6,1004,249,0.490832328796,0,0,0,3,32,39,1,248.6,1294.6,52,766,0.025781154633,0,0,0,1,137,41,1,-19.4,-102.0,234,913,0.229610919952,0,0,0,0,28,41,1,514.44,2703.4,786,963,0.769248485565,0,0,0,1,128,46,1,-18.2,-95.6,991,414,0.969114780426,0,0,0,0,10,39,1,489.8,2574.0,199,1009,0.195488929749,0,0,0,0,18,43,1,-559.96,-2942.6,66,439,0.064935684204,0,0,0,0,12,37,1,215.44,1132.2,132,727,0.129726886749,0,22,0,6,7,31,2,215.52,1153.6,229,225,0.448571205139,0,20,0,6,22,41,1,-177.2,-946.0,366,911,0.717985153198,0,0,0,6,16,22,2,-485.6,-2594.0,22,83,0.043212890625,0,27,0,6,10,37,1,742.24,3956.4,289,394,0.566311359406,0,0,0,6,21,46,1,-692.44,-3705.4,58,686,0.114814758301,0,0,0,6,9,45,1,229.36,1224.8,142,185,0.278241634369,0,0,0,3,6,40,1,33.32,173.4,1761,39,0.860723018646,0,0,0,3,38,40,1,67.36,350.8,1056,23,0.516139984131,0,0,0,3,9,40,1,62.36,324.6,1440,951,0.704266548157,0,0,0,3,23,47,1,92.64,482.4,341,921,0.167106628418,0,0,0,3,16,42,1,-4.16,-21.6,514,390,0.251408100128,0,0,0,3,13,39,1,149.72,779.6,1010,796,0.494026184082,0,0,0,0,23,41,1,62.52,328.6,694,726,0.679090023041,0,0,0,0,25,43,1,478.44,2514.2,256,792,0.251001358032,0,0,0,5,7,39,1,-19.36,-101.6,234,926,0.229623794556,0,0,0,5,3,42,1,-52.32,-275.0,567,429,0.554661750793,0,0,0,1,129,43,1,-18.8,-98.8,592,674,0.579333782196,0,0,0,,,,,,,,,,,,,,,,,,,,,,,,
1,0,94528000,105310000,94514000,94528000,94528000,0.0,0.0,0.0,0,0.0,35,2,0,2,19,32,1,52.12,273.8,1667,590,0.630084514618,1,13,0,2,7,31,2,-285.32,-1499.4,632,34,0.617823600769,0,22,0,2,33,40,1,-185.2,-973.2,329,600,0.322175979614,0,0,0,2,21,43,1,424.04,2228.2,687,656,0.672181129456,0,0,0,2,12,33,1,311.44,1636.6,365,34,0.356826782227,0,18,0,2,27,25,2,148.48,780.2,380,984,0.372396469116,0,22,0,2,26,44,2,-549.68,-2888.6,1873,339,0.831213474274,1,0,0,2,29,35,1,-160.68,-844.4,2738,847,0.677250385284,2,16,0,0,32,43,1,185.44,974.6,238,292,0.232928276062,0,8,0,6,23,21,2,272.24,1456.4,264,47,0.51672410965,0,28,0,3,39,45,1,-33.6,-175.0,1004,484,0.490944862366,0,0,0,3,32,40,1,248.72,1295.0,51,52,0.024951934814,0,0,0,1,137,42,1,-19.24,-101.2,234,980,0.229674816132,0,0,0,0,28,42,1,514.6,2704.4,785,190,0.76753282547,0,0,0,1,128,42,1,-18.0,-94.6,991,477,0.969175338745,0,0,0,0,10,39,1,489.96,2574.8,198,322,0.193855762482,0,0,0,0,18,43,1,-559.88,-2942.2,68,348,0.06680393219,0,0,0,0,12,33,1,215.2,1130.8,131,1017,0.129025936127,0,20,0,6,7,31,1,216.32,1158.0,228,869,0.447845935822,0,21,0,6,22,43,1,-177.28,-946.4,367,197,0.718577384949,0,0,0,6,16,22,2,-486.32,-2597.8,22,932,0.044834136963,0,27,0,6,10,41,1,742.36,3957.2,288,122,0.563834667206,0,0,0,6,21,45,1,-692.36,-3705.0,59,871,0.117125034332,0,0,0,6,9,46,1,229.24,1224.2,141,809,0.277476787567,0,0,0,3,6,41,1,33.56,174.8,1760,832,0.860612392426,0,0,0,3,38,38,1,67.52,351.6,1055,577,0.515915870667,0,0,0,3,9,42,1,62.32,324.6,1440,515,0.704058647156,0,0,0,3,23,46,1,92.52,481.8,341,275,0.166798114777,0,0,0,3,16,43,1,-4.0,-20.8,514,417,0.251420974731,0,0,0,3,13,40,1,150.04,781.2,1009,773,0.49352645874,0,0,0,0,23,41,1,62.68,329.4,694,507,0.678881645203,0,0,0,0,25,43,1,478.36,2513.8,255,144,0.249404907227,0,0,0,5,7,39,1,-19.32,-101.6,234,994,0.229688167572,0,0,0,5,3,42,1,-52.52,-276.0,567,611,0.554836273193,0,0,0,1,129,45,1,-18.68,-98.2,592,740,0.579396724701,0,0,0,,,,,,,,,,,,
1,0,94529000,105311000,94515000,94529000,94529000,0.0,0.0,0.0,0,0.0,35,2,0,2,19,38,1,52.2,274.4,1667,405,0.629908561707,1,12,0,2,7,26,2,-285.88,-1502.2,633,23,0.618790626526,0,21,0,2,33,44,1,-184.92,-971.6,330,225,0.32279586792,0,0,0,2,21,43,1,424.48,2230.8,686,198,0.67076587677,0,0,0,2,12,38,1,311.36,1636.2,363,1002,0.355796337128,0,11,0,2,27,31,2,148.6,781.0,380,503,0.371937274933,0,19,0,2,26,41,1,-549.04,-2885.2,1875,210,0.833045959473,1,0,0,2,29,39,1,-160.28,-842.2,2739,372,0.677774906158,2,10,0,0,32,47,1,185.56,975.2,237,674,0.232316017151,0,8,0,6,23,20,2,272.84,1459.4,263,595,0.515815734863,0,28,0,3,39,42,1,-33.28,-173.4,1004,720,0.491057395935,0,0,0,3,32,41,1,249.12,1297.2,49,361,0.024121761322,0,0,0,1,137,40,1,-18.84,-99.0,235,23,0.229738712311,0,0,0,0,28,40,1,514.76,2705.2,783,440,0.7658162117,0,0,0,1,128,43,1,-17.56,-92.2,991,540,0.96923494339,0,0,0,0,10,42,1,490.2,2576.0,196,657,0.192221641541,0,0,0,0,18,45,1,-559.6,-2940.8,70,256,0.068671226501,0,0,0,0,12,36,1,215.64,1133.2,131,257,0.128300666809,0,16,0,6,7,37,1,215.92,1155.8,228,497,0.447134494781,0,14,0,6,22,44,1,-176.92,-944.4,367,507,0.719168663025,0,0,0,6,16,22,2,-487.16,-2602.2,23,751,0.046446323395,0,26,0,6,10,39,1,742.72,3959.0,286,874,0.561357975006,0,0,0,6,21,41,1,-691.96,-3702.8,61,31,0.119434356689,0,0,0,6,9,45,1,229.68,1226.6,141,409,0.276711940765,0,0,0,3,6,42,1,33.76,175.8,1760,597,0.860499858856,0,0,0,3,38,42,1,67.68,352.4,1055,105,0.515690803528,0,0,0,3,9,41,1,62.84,327.2,1440,78,0.70384979248,0,0,0,3,23,44,1,92.84,483.4,340,653,0.166490077972,0,0,0,3,16,41,1,-3.64,-18.8,514,445,0.251434326172,0,0,0,3,13,40,1,150.44,783.4,1008,748,0.493025779724,0,0,0,0,23,40,1,62.84,330.2,694,288,0.67867231369,0,0,0,0,25,41,1,478.8,2516.2,253,520,0.247808933258,0,0,0,5,7,37,1,-18.88,-99.4,235,37,0.229752540588,0,0,0,5,3,40,1,-51.88,-272.6,567,794,0.555010318756,0,0,0,1,129,45,1,-18.4,-96.8,592,805,0.579458713531,0,0,0,,,,,,,,,,,,
1,0,94530000,105312000,94516000,94530000,94530000,0.0,0.0,0.0,0,0.0,34,2,0,2,19,38,1,52.12,274.0,1667,228,0.629739284515,1,11,0,2,7,31,2,-285.56,-1500.8,633,1009,0.619731903076,0,20,0,2,33,45,1,-185.4,-974.2,330,873,0.323414802551,0,1,0,2,21,44,1,424.44,2230.6,684,764,0.669351577759,0,1,0,2,12,36,1,310.6,1632.2,362,945,0.35476398468,0,12,0,2,26,41,1,-549.36,-2886.8,1877,83,0.834879398346,1,1,0,2,29,41,1,-160.64,-844.2,2739,948,0.678324699402,2,10,0,0,32,42,1,185.24,973.6,237,25,0.231695652008,0,10,0,6,23,19,2,272.08,1455.6,263,121,0.514909744263,0,28,0,3,39,43,1,-33.84,-176.2,1004,957,0.491170883179,0,0,0,3,32,36,1,248.44,1293.6,47,673,0.023293018341,0,2,0,1,137,42,1,-19.24,-101.2,235,91,0.229804039001,0,1,0,0,28,44,1,514.56,2704.0,781,691,0.764101028442,0,1,0,1,128,44,1,-18.0,-94.6,991,603,0.969295978546,0,0,0,0,10,39,1,489.64,2573.2,194,994,0.190587997437,0,1,0,0,18,41,1,-560.24,-2944.2,72,166,0.070539951324,0,1,0,0,12,36,1,215.12,1130.4,130,523,0.127576351166,0,12,0,6,7,37,1,215.0,1151.0,228,117,0.44640827179,0,15,0,6,22,39,1,-177.8,-949.2,367,817,0.71976184845,0,3,0,6,16,21,2,-487.4,-2603.6,24,576,0.04806804657,0,28,0,6,10,37,1,742.16,3956.2,285,603,0.558882713318,0,2,0,6,21,47,1,-692.0,-3703.0,62,216,0.121744155884,0,2,0,6,9,44,1,229.0,1223.0,141,10,0.275949001312,0,1,0,3,6,42,1,33.32,173.4,1760,364,0.860388755798,0,0,0,3,38,43,1,67.28,350.4,1054,662,0.515467643738,0,0,0,3,9,38,1,62.2,323.8,1439,667,0.703642368317,0,1,0,3,23,42,1,92.16,480.0,340,9,0.166182518005,0,1,0,3,16,41,1,-4.44,-23.2,514,476,0.251449584961,0,0,0,3,13,41,1,149.84,780.2,1007,725,0.492526531219,0,0,0,0,23,43,1,62.4,328.0,694,71,0.678464889526,0,1,0,0,25,42,1,478.24,2513.2,251,897,0.246213436127,0,1,0,5,7,38,1,-19.24,-101.2,235,106,0.229817867279,0,2,0,5,3,43,1,-52.12,-273.8,567,977,0.555185317993,0,1,0,1,129,45,1,-18.76,-98.6,592,871,0.579522132874,0,0,0,,,,,,,,,,,,,,,,,,,,,,,,
1,0,94531000,105313000,94517000,94531000,94531000,0.0,0.0,0.0,0,0.0,35,2,0,2,19,38,1,52.32,275.0,1667,47,0.629566669464,1,11,0,2,7,26,2,-284.68,-1496.0,634,993,0.620694637299,0,20,0,2,33,45,1,-185.24,-973.4,331,496,0.324032306671,0,0,0,2,21,42,1,424.48,2230.8,683,305,0.667935848236,0,0,0,2,12,35,1,311.2,1635.4,361,879,0.353723526001,0,11,0,2,27,30,1,148.6,780.8,379,467,0.370925426483,0,53,0,2,26,40,1,-549.24,-2886.2,1878,977,0.836709976196,1,0,0,2,29,43,1,-160.44,-843.0,2740,480,0.678855895996,2,7,0,0,32,43,1,185.8,976.4,236,398,0.231073856354,0,7,0,6,23,20,2,273.48,1463.0,262,672,0.514006137848,0,28,0,3,39,45,1,-33.48,-174.4,1005,166,0.491281986237,0,0,0,3,32,39,1,249.04,1296.8,45,979,0.022461891174,0,0,0,1,137,39,1,-19.04,-100.2,235,157,0.229866981506,0,0,0,0,28,42,1,514.72,2704.8,779,940,0.762383460999,0,0,0,1,128,43,1,-17.64,-92.8,991,665,0.969354629517,0,0,0,0,10,41,1,490.0,2575.0,193,306,0.188952922821,0,0,0,0,18,45,1,-559.76,-2941.6,74,73,0.072406768799,0,0,0,0,12,36,1,215.4,1132.0,129,789,0.126853466034,0,9,0,6,7,39,1,215.68,1154.6,227,768,0.445694923401,0,12,0,6,22,43,1,-177.4,-947.0,368,102,0.720352649689,0,0,0,6,16,21,2,-484.32,-2587.2,25,399,0.049686431885,0,28,0,6,10,37,1,742.36,3957.4,284,331,0.556405544281,0,2,0,6,21,44,1,-691.92,-3702.6,63,400,0.124052524567,0,0,0,6,9,45,1,229.28,1224.4,140,633,0.275183677673,0,0,0,3,6,41,1,33.68,175.4,1760,128,0.860276222229,0,0,0,3,38,42,1,67.56,351.8,1054,188,0.515241622925,0,0,0,3,9,42,1,62.72,326.6,1439,228,0.703432559967,0,0,0,3,23,43,1,92.52,481.8,339,384,0.16587305069,0,0,0,3,16,43,1,-3.88,-20.2,514,503,0.251462459564,0,0,0,3,13,39,1,150.04,781.4,1006,699,0.492024898529,0,0,0,0,23,42,1,62.68,329.4,693,875,0.678255558014,0,0,0,0,25,39,1,478.64,2515.2,250,248,0.244616985321,0,0,0,5,7,37,1,-18.96,-99.6,235,172,0.229880809784,0,0,0,5,3,42,1,-51.96,-273.2,568,134,0.555358409882,0,0,0,1,129,45,1,-18.36,-96.4,592,935,0.57958316803,0,0,0,,,,,,,,,,,,
1,0,94532000,105314000,94518000,94532000,94532000,0.0,0.0,0.0,0,0.0,35,2,0,2,19,38,1,52.12,274.0,1666,890,0.629393577576,1,7,0,2,7,25,2,-285.52,-1500.4,635,952,0.621632575989,0,28,0,2,33,44,1,-185.12,-972.8,332,120,0.324650764465,0,0,0,2,21,41,1,424.6,2231.4,681,869,0.666519165039,0,0,0,5,2,34,2,-14.0,-73.6,467,749,0.45721578598,0,21,0,2,12,36,1,311.24,1635.6,360,815,0.352684497833,0,7,0,2,26,41,1,-549.16,-2886.0,1880,849,0.838542938232,1,0,0,2,29,43,1,-160.4,-843.0,2741,16,0.67939043045,2,2,0,0,32,43,1,185.96,977.4,235,774,0.230455875397,0,3,0,6,23,21,2,272.6,1458.2,262,201,0.513105869293,0,28,0,3,39,44,1,-33.2,-172.8,1005,400,0.491393089294,0,0,0,3,32,39,1,249.36,1298.6,44,262,0.021630764008,0,0,0,1,137,39,1,-18.8,-98.8,235,223,0.229929924011,0,0,0,0,28,43,1,514.8,2705.4,778,165,0.760665893555,0,0,0,1,128,43,1,-17.56,-92.2,991,726,0.96941280365,0,0,0,0,10,42,1,490.24,2576.2,191,641,0.187318325043,0,0,0,0,18,44,1,-559.68,-2941.0,75,1005,0.074273586273,0,0,0,0,12,28,1,215.6,1132.8,129,47,0.126144886017,0,15,0,6,7,37,1,215.92,1155.8,227,389,0.444972038269,0,12,0,6,22,45,1,-177.4,-947.0,368,412,0.720944404602,0,0,0,6,16,21,2,-487.64,-2604.8,26,222,0.051306724548,0,27,0,6,10,38,1,742.68,3959.0,283,58,0.553928375244,0,0,0,6,21,44,1,-691.88,-3702.4,64,583,0.126360416412,0,0,0,6,9,43,1,229.04,1223.0,140,234,0.274419784546,0,0,0,3,6,40,1,33.92,176.8,1759,914,0.860162734985,0,0,0,3,38,40,1,67.52,351.4,1053,740,0.515016078949,0,0,0,3,9,39,1,62.92,327.6,1438,812,0.703222751617,0,0,0,3,23,42,1,92.6,482.2,338,762,0.165564060211,0,0,0,3,16,43,1,-3.6,-18.8,514,529,0.25147485733,0,0,0,3,13,41,1,150.2,782.2,1005,674,0.491524219513,0,0,0,0,23,39,1,62.56,328.6,693,657,0.678046703339,0,0,0,0,25,42,1,478.92,2516.8,248,623,0.243019580841,0,0,0,5,7,37,1,-18.68,-98.2,235,238,0.229943752289,0,0,0,5,3,43,1,-51.64,-271.4,568,315,0.555530548096,0,0,0,1,129,45,1,-18.2,-95.6,592,999,0.579644203186,0,0,0,,,,,,,,,,,,
1,0,94533000,105315000,94519000,94533000,94533000,0.0,0.0,0.0,0,0.0,35,2,0,2,19,35,1,51.36,270.0,1666,713,0.629224777222,1,11,0,2,7,26,2,-286.48,-1505.4,636,926,0.622584819794,0,27,0,2,33,44,1,-186.04,-977.6,332,769,0.325270175934,0,1,0,2,21,43,1,424.0,2228.0,680,411,0.665104866028,0,1,0,5,2,40,1,-15.16,-79.8,467,802,0.457266807556,0,21,0,2,12,34,1,310.16,1629.8,359,749,0.351644515991,0,14,0,2,26,42,2,-549.64,-2888.4,1882,722,0.840376853943,1,6,0,2,29,44,1,-161.2,-847.2,2741,578,0.679926395416,2,9,0,0,32,44,1,184.72,970.6,235,128,0.229839324951,0,6,0,6,23,21,2,268.56,1436.6,261,753,0.51220369339,0,30,0,3,39,39,1,-34.32,-178.6,1005,637,0.491506576538,0,1,0,3,32,40,1,248.28,1292.8,42,575,0.020802497864,0,7,0,1,137,42,1,-19.36,-101.8,235,291,0.229994297028,0,5,0,0,28,42,1,513.92,2700.8,776,416,0.758950710297,0,5,0,1,128,44,1,-18.36,-96.4,991,789,0.969472885132,0,2,0,0,10,43,1,489.32,2571.2,189,979,0.185685634613,0,0,0,0,18,43,1,-560.28,-2944.2,77,915,0.076142787933,0,2,0,0,12,43,1,214.56,1127.6,128,305,0.125413417816,0,14,0,6,7,33,1,214.32,1147.4,227,15,0.444256305695,0,18,0,6,22,42,1,-178.44,-952.6,368,723,0.721539497375,0,2,0,6,16,23,2,-486.4,-2598.4,27,46,0.052926540375,0,28,0,6,10,41,1,742.08,3955.6,281,811,0.551452636719,0,9,0,6,21,45,1,-692.56,-3706.0,65,768,0.12866973877,0,2,0,6,9,46,1,228.28,1219.0,139,859,0.27365732193,0,1,0,3,6,42,1,33.04,172.2,1759,682,0.860052108765,0,5,0,3,38,43,1,67.08,349.2,1053,273,0.514792919159,0,1,0,3,9,41,1,62.2,323.8,1438,378,0.703015327454,0,6,0,3,23,43,1,91.68,477.2,338,119,0.165257453918,0,5,0,3,16,40,1,-4.32,-22.4,514,559,0.251489162445,0,5,0,3,13,39,1,148.64,774.0,1004,653,0.491025447845,0,3,0,0,23,42,1,61.64,324.0,693,440,0.677840232849,0,3,0,0,25,41,1,478.04,2512.2,246,1000,0.24142408371,0,3,0,5,7,39,1,-19.64,-103.2,235,306,0.230009078979,0,9,0,5,3,41,1,-52.16,-274.2,568,498,0.555705547333,0,2,0,1,129,42,1,-18.96,-99.6,593,41,0.579707145691,0,5,0,,,,,,,,,,,,
1,0,94534000,105316000,94520000,94534000,94534000,0.0,0.0,0.0,0,0.0,36,2,0,2,19,35,1,52.84,277.6,1666,528,0.629048347473,1,8,0,2,7,23,2,-285.0,-1497.8,637,904,0.623541355133,0,27,0,2,33,42,1,-184.84,-971.2,333,394,0.32589006424,0,2,0,2,21,43,1,425.16,2234.2,678,976,0.663688659668,0,2,0,5,2,38,1,-13.48,-70.8,467,850,0.457312583923,0,20,0,2,12,34,1,311.32,1635.8,358,685,0.350605010986,0,10,0,2,27,25,2,148.08,778.2,377,1001,0.369480133057,0,44,0,2,26,42,1,-548.72,-2883.4,1884,593,0.842208862305,1,3,0,2,29,41,1,-160.12,-841.4,2742,116,0.680463314056,2,7,0,0,32,44,1,185.52,974.8,234,504,0.229220867157,0,2,0,6,23,22,2,271.76,1453.8,261,282,0.511302471161,0,27,0,3,39,42,1,-33.08,-172.2,1005,873,0.491619110107,0,1,0,3,32,39,1,249.0,1296.6,40,886,0.019973278046,0,2,0,1,137,42,1,-18.48,-97.2,235,357,0.23005771637,0,2,0,0,28,40,1,515.04,2706.6,774,666,0.757234573364,0,2,0,1,128,44,1,-17.28,-90.8,991,851,0.969532489777,0,1,0,0,10,40,1,490.16,2575.8,188,292,0.184052467346,0,2,0,0,18,42,1,-559.48,-2940.2,79,824,0.078010559082,0,2,0,0,12,42,1,215.32,1131.6,127,568,0.124687671661,0,9,0,6,7,39,1,215.88,1155.6,226,664,0.443539619446,0,11,0,6,22,40,1,-177.48,-947.4,369,10,0.722133159637,0,3,0,6,16,22,2,-484.88,-2590.2,27,896,0.05455160141,0,27,0,6,10,38,1,743.08,3961.0,280,539,0.548976421356,0,5,0,6,21,48,1,-691.6,-3701.0,66,952,0.130978107452,0,2,0,6,9,46,1,229.16,1223.8,139,460,0.272894859314,0,1,0,3,6,42,1,34.12,177.8,1759,449,0.859941005707,0,1,0,3,38,43,1,67.92,353.8,1052,828,0.514569282532,0,1,0,3,9,40,1,63.04,328.2,1437,965,0.702806949615,0,2,0,3,23,42,1,92.64,482.4,337,500,0.164950370789,0,2,0,3,16,42,1,-3.48,-18.0,514,587,0.251502513885,0,2,0,3,13,40,1,150.48,783.6,1003,629,0.490525245667,0,1,0,0,23,43,1,62.64,329.2,693,223,0.677632808685,0,2,0,0,25,43,1,479.12,2517.8,245,352,0.239828109741,0,1,0,5,7,39,1,-18.56,-97.6,235,372,0.230072498322,0,5,0,5,3,43,1,-51.28,-269.6,568,680,0.555879116058,0,1,0,1,129,42,1,-18.0,-94.6,593,106,0.579769134521,0,1,0
1,0,94535000,105317000,94521000,94535000,94535000,0.0,0.0,0.0,0,0.0,36,2,0,2,19,37,1,52.44,275.6,1666,346,0.62887430191,1,5,0,2,7,23,2,-286.16,-1503.8,638,880,0.624496936798,0,29,0,2,33,44,1,-185.12,-972.8,334,17,0.326507568359,0,2,0,2,21,43,1,424.88,2232.8,677,517,0.662272930145,0,2,0,5,2,43,1,-13.68,-71.8,467,896,0.457355976105,0,15,0,2,12,36,1,311.0,1634.4,357,624,0.349569320679,0,5,0,2,27,25,2,147.84,777.0,377,472,0.368974685669,0,39,0,2,26,43,1,-548.88,-2884.2,1886,465,0.844041347504,1,2,0,2,29,41,1,-160.32,-842.4,2742,677,0.680998802185,2,2,0,0,32,43,1,185.44,974.6,233,880,0.228601932526,0,0,0,6,23,22,2,272.68,1458.8,260,832,0.510397911072,0,27,0,3,39,43,1,-33.36,-173.8,1006,84,0.49173116684,0,0,0,3,32,37,1,248.88,1296.0,39,170,0.019143104553,0,1,0,1,137,41,1,-18.72,-98.2,235,423,0.230121135712,0,0,0,0,28,42,1,514.72,2704.8,772,916,0.755517959595,0,1,0,1,128,45,1,-17.44,-91.6,991,912,0.96959066391,0,0,0,0,10,41,1,490.08,2575.4,186,628,0.182417869568,0,0,0,0,18,42,1,-559.52,-2940.4,81,732,0.079878330231,0,0,0,0,12,40,1,215.08,1130.2,126,848,0.123977661133,0,7,0,6,7,37,1,215.68,1154.6,226,287,0.442819595337,0,7,0,6,22,39,1,-177.76,-948.8,369,320,0.722725868225,0,1,0,6,16,21,2,-486.36,-2598.2,28,722,0.056176185608,0,27,0,6,10,40,1,742.84,3959.8,279,267,0.546498775482,0,3,0,6,21,44,1,-691.48,-3700.2,68,111,0.133286476135,0,1,0,6,9,41,1,229.0,1223.0,139,60,0.272131919861,0,1,0,3,6,41,1,33.8,176.0,1759,214,0.859828948975,0,0,0,3,38,41,1,67.64,352.2,1052,357,0.514344215393,0,0,0,3,9,39,1,62.92,327.6,1437,528,0.70259809494,0,1,0,3,23,42,1,92.32,480.8,336,879,0.164642810822,0,0,0,3,16,41,1,-3.6,-18.8,514,616,0.251515865326,0,0,0,3,13,39,1,150.16,782.0,1002,604,0.49002456665,0,0,0,0,23,43,1,62.12,326.4,693,6,0.677425384521,0,1,0,0,25,41,1,478.84,2516.4,243,728,0.238232135773,0,0,0,5,7,37,1,-18.6,-97.6,235,438,0.230135440826,0,1,0,5,3,43,1,-51.68,-271.4,568,861,0.556052207947,0,0,0,1,129,43,1,-18.2,-95.8,593,170,0.579830169678,0,0,0
1,0,94536000,105318000,94522000,94536000,94536000,0.0,0.0,0.0,0,0.0,35,2,0,2,19,39,1,52.48,275.8,1666,164,0.628700733185,1,2,0,2,33,41,1,-185.36,-974.0,334,665,0.327126026154,0,2,0,2,21,40,1,424.88,2232.8,676,57,0.660856246948,0,2,0,5,2,41,1,-13.64,-71.6,467,940,0.457398891449,0,9,0,2,12,36,1,311.04,1634.6,356,564,0.348535060883,0,3,0,2,27,25,2,147.56,775.4,376,341,0.367872714996,0,35,0,2,26,42,1,-549.04,-2885.2,1888,336,0.845873832703,1,2,0,2,29,42,1,-160.24,-842.0,2743,215,0.681535243988,2,2,0,0,32,45,1,185.6,975.2,233,231,0.227982521057,0,1,0,6,23,21,2,271.72,1453.6,260,357,0.509490013123,0,27,0,3,39,43,1,-33.44,-174.2,1006,318,0.491843223572,0,0,0,3,32,39,1,249.08,1297.0,37,479,0.018312931061,0,1,0,1,137,43,1,-18.64,-98.0,235,489,0.230184078217,0,1,0,0,28,43,1,514.88,2705.6,771,142,0.753801822662,0,1,0,1,128,44,1,-17.36,-91.4,991,973,0.96964931488,0,0,0,0,10,41,1,490.16,2575.8,184,964,0.180783748627,0,1,0,0,18,42,1,-559.72,-2941.4,83,640,0.081745624542,0,1,0,0,12,42,1,215.24,1131.2,126,92,0.123255729675,0,9,0,6,7,42,1,215.96,1156.2,225,935,0.442100524902,0,5,0,6,22,44,1,-177.88,-949.6,369,630,0.72331905365,0,1,0,6,16,28,2,-485.6,-2594.0,29,550,0.057802677155,0,28,0,6,10,38,1,742.64,3958.8,277,1018,0.544021606445,0,3,0,6,21,46,1,-691.72,-3701.4,69,295,0.135594844818,0,1,0,6,9,45,1,228.68,1221.0,138,686,0.271369934082,0,1,0,3,6,42,1,33.84,176.2,1758,1002,0.859715938568,0,0,0,3,38,40,1,67.68,352.4,1051,909,0.514119625092,0,1,0,3,9,38,1,62.68,326.4,1437,90,0.702389240265,0,1,0,3,23,44,1,92.24,480.4,336,234,0.164334774017,0,0,0,3,16,41,1,-3.84,-20.0,514,643,0.251528739929,0,1,0,3,13,40,1,150.32,782.8,1001,578,0.489523410797,0,0,0,0,23,42,1,62.4,327.8,692,813,0.677217960358,0,0,0,0,25,38,1,478.68,2515.6,242,79,0.23663520813,0,1,0,5,7,38,1,-18.64,-98.0,235,504,0.230198383331,0,2,0,5,3,44,1,-51.56,-270.8,569,18,0.556225299835,0,0,0,1,129,42,1,-18.12,-95.4,593,234,0.579891204834,0,0,0,,,,,,,,,,,,
1,0,94537000,105319000,94523000,94537000,94537000,0.0,0.0,0.0,0,0.0,36,2,0,2,19,37,1,51.8,272.2,1665,1007,0.628527641296,1,5,0,2,33,44,1,-185.96,-977.2,335,289,0.327744483948,0,3,0,2,21,43,1,424.04,2228.2,674,621,0.659439563751,0,3,0,5,2,44,1,-14.04,-73.8,467,991,0.457446575165,0,11,0,2,12,33,1,310.08,1629.6,355,504,0.347499847412,0,9,0,2,27,27,2,146.6,770.4,375,892,0.367421150208,0,29,0,2,26,41,1,-549.72,-2888.8,1890,207,0.847705364227,1,3,0,2,29,40,1,-160.84,-845.2,2743,776,0.682071208954,2,3,0,0,32,43,1,185.36,974.0,232,607,0.227364063263,0,3,0,6,23,28,2,271.36,1451.6,259,911,0.508591175079,0,24,0,3,39,44,1,-33.52,-174.4,1006,552,0.491954803467,0,3,0,3,32,39,1,249.04,1296.8,35,788,0.017482757568,0,6,0,1,137,39,1,-18.88,-99.2,235,556,0.230247497559,0,5,0,0,28,41,1,514.44,2703.4,769,392,0.752085208893,0,3,0,1,128,42,1,-17.52,-92.0,992,11,0.969707965851,0,3,0,0,10,40,1,490.0,2575.0,183,277,0.179150104523,0,5,0,0,18,44,1,-560.08,-2943.4,85,549,0.083613395691,0,5,0,0,12,40,1,214.84,1129.0,125,364,0.122537612915,0,9,0,6,7,38,1,215.44,1153.2,225,559,0.441381931305,0,9,0,6,22,40,1,-178.24,-951.4,369,941,0.723913669586,0,5,0,6,16,22,2,-486.52,-2598.8,30,381,0.05943775177,0,28,0,6,10,39,1,742.68,3958.8,276,746,0.541544914246,0,6,0,6,21,42,1,-691.92,-3702.8,70,479,0.137902736664,0,5,0,6,9,43,1,228.32,1219.2,138,287,0.27060842514,0,3,0,3,6,42,1,33.68,175.4,1758,768,0.859604358673,0,3,0,3,38,42,1,67.52,351.6,1051,438,0.513894557953,0,3,0,3,9,42,1,62.56,325.8,1436,677,0.702180862427,0,3,0,3,23,43,1,92.04,479.2,335,615,0.164028167725,0,5,0,3,16,44,1,-3.96,-20.6,514,669,0.251541614532,0,3,0,3,13,40,1,150.0,781.0,1000,554,0.489023208618,0,5,0,0,24,19,1,-611.68,-3214.4,431,95,0.421401023865,0,62,0,0,23,41,1,62.08,326.2,692,596,0.677011013031,0,3,0,0,25,41,1,478.56,2514.8,240,456,0.235039710999,0,5,0,5,7,37,1,-18.84,-99.0,235,570,0.230261325836,0,5,0,5,3,42,1,-51.84,-272.4,569,200,0.556398391724,0,3,0,1,129,44,1,-18.32,-96.4,593,298,0.57995223999,0,3,0
1,0,94538000,105320000,94524000,94538000,94538000,0.0,0.0,0.0,0,0.0,35,2,0,2,19,35,1,52.24,274.6,1665,824,0.628353118896,1,1,0,2,33,44,1,-185.6,-975.4,335,940,0.328366279602,0,1,0,2,21,37,1,424.8,2232.2,673,161,0.658022880554,0,2,0,5,2,41,1,-13.72,-72.2,468,16,0.457493305206,0,7,0,2,12,34,1,310.8,1633.4,354,442,0.346463680267,0,3,0,2,27,26,2,149.32,784.8,375,388,0.366939544678,0,28,0,2,26,41,1,-549.16,-2885.8,1892,78,0.849536895752,1,1,0,2,29,43,1,-160.16,-841.6,2744,313,0.682606220245,2,1,0,0,32,44,1,185.6,975.4,231,982,0.226744651794,0,0,0,6,23,27,2,271.04,1449.8,259,443,0.507697105408,0,24,0,3,39,45,1,-33.44,-174.2,1006,785,0.492065906525,0,0,0,3,32,41,1,248.92,1296.2,34,71,0.016652107239,0,1,0,1,137,42,1,-18.76,-98.6,235,622,0.230310440063,0,0,0,0,28,41,1,514.68,2704.8,767,642,0.75036907196,0,0,0,1,128,42,1,-17.44,-91.6,992,72,0.969766139984,0,0,0,0,10,40,1,489.8,2573.8,181,613,0.177515983582,0,1,0,0,18,40,1,-559.84,-2942.0,87,457,0.08548116684,0,0,0,0,12,29,1,214.92,1129.6,124,635,0.12181854248,0,8,0,6,7,37,1,215.72,1154.8,225,182,0.440661907196,0,1,0,6,22,40,1,-178.44,-952.4,370,228,0.724507808685,0,5,0,6,16,22,2,-486.6,-2599.2,31,213,0.061073303223,0,27,0,6,10,39,1,742.72,3959.2,275,474,0.539068222046,0,2,0,6,21,43,1,-691.72,-3701.6,71,662,0.140210151672,0,1,0,6,9,46,1,228.24,1218.8,137,913,0.269846916199,0,1,0,3,6,42,1,33.68,175.4,1758,533,0.859491825104,0,0,0,3,38,43,1,67.44,351.2,1050,991,0.513669490814,0,1,0,3,9,39,1,62.64,326.2,1436,238,0.701971054077,0,0,0,3,23,45,1,92.0,479.0,334,996,0.163720607758,0,0,0,3,16,43,1,-3.96,-20.6,514,695,0.251554012299,0,0,0,3,13,41,1,150.2,782.2,999,528,0.488522052765,0,0,0,0,23,42,1,61.96,325.6,692,379,0.676804065704,0,0,0,0,25,42,1,478.48,2514.4,238,832,0.23344373703,0,1,0,5,7,37,1,-18.8,-98.8,235,636,0.230323791504,0,0,0,5,3,42,1,-51.72,-271.8,569,381,0.556571006775,0,0,0,1,129,41,1,-18.24,-95.8,593,362,0.580013275146,0,0,0,,,,,,,,,,,,
1,0,94539000,105321000,94525000,94539000,94539000,0.0,0.0,0.0,0,0.0,35,2,0,2,19,37,1,52.84,277.6,1665,640,0.628177165985,1,1,0,2,33,44,1,-185.32,-973.8,336,564,0.328984737396,0,0,0,2,21,40,1,424.88,2232.6,671,724,0.65660572052,0,1,0,5,2,41,1,-13.6,-71.4,468,65,0.457540512085,0,5,0,2,12,35,1,311.0,1634.2,353,380,0.345427036285,0,2,0,2,27,25,2,145.64,765.2,374,912,0.366462230682,0,27,0,2,26,39,1,-548.8,-2884.0,1893,972,0.851367950439,1,0,0,2,29,42,1,-160.08,-841.2,2744,873,0.683141231537,2,1,0,0,32,42,1,186.0,977.6,231,333,0.226124763489,0,0,0,6,23,16,2,270.84,1448.8,258,1004,0.506811618805,0,30,0,3,39,44,1,-33.24,-173.2,1006,1020,0.492177963257,0,0,0,3,32,42,1,249.44,1298.8,32,377,0.015820503235,0,0,0,1,137,41,1,-18.56,-97.6,235,687,0.230373382568,0,0,0,0,28,39,1,515.04,2706.6,765,892,0.748652458191,0,0,0,1,128,42,1,-16.84,-88.4,992,132,0.96982383728,0,0,0,0,10,43,1,490.08,2575.4,179,948,0.175881385803,0,0,0,0,18,44,1,-559.72,-2941.4,89,365,0.087347984314,0,0,0,0,12,38,1,214.88,1129.2,123,911,0.121105194092,0,5,0,6,7,42,1,216.24,1157.6,224,829,0.439942359924,0,0,0,6,22,45,1,-177.84,-949.4,370,539,0.725101470947,0,2,0,6,16,22,2,-485.32,-2592.6,32,39,0.062698364258,0,27,0,6,10,39,1,742.8,3959.6,274,202,0.536591053009,0,2,0,6,21,43,1,-691.44,-3700.2,72,846,0.142517566681,0,0,0,6,9,43,1,228.48,1220.0,137,514,0.269085407257,0,1,0,3,6,42,1,34.04,177.2,1758,296,0.859379291534,0,0,0,3,38,42,1,67.76,352.8,1050,518,0.513443946838,0,0,0,3,9,40,1,63.04,328.2,1435,823,0.701761722565,0,0,0,3,23,44,1,92.08,479.4,334,354,0.163414478302,0,0,0,3,16,44,1,-3.6,-18.8,514,722,0.251566886902,0,0,0,3,13,41,1,150.48,783.6,998,504,0.488021850586,0,0,0,0,23,43,1,62.32,327.4,692,162,0.676597118378,0,0,0,0,25,41,1,478.84,2516.4,237,184,0.231847286224,0,0,0,5,7,38,1,-18.56,-97.4,235,701,0.230385780334,0,0,0,5,3,41,1,-51.4,-270.2,569,562,0.556744098663,0,0,0,1,129,44,1,-17.84,-93.8,593,425,0.580073833466,0,0,0,,,,,,,,,,,,
1,0,94540000,105322000,94526000,94540000,94540000,0.0,0.0,0.0,0,0.0,37,2,0,2,19,38,1,52.12,273.8,1665,457,0.628002643585,1,0,0,2,7,26,2,-286.16,-1503.8,643,779,0.629288196564,0,26,0,2,33,44,1,-185.96,-977.2,337,188,0.329603672028,0,0,0,2,21,40,1,424.92,2233.0,670,265,0.65518951416,0,0,0,5,2,37,1,-13.88,-72.8,468,111,0.457584381104,0,0,0,2,12,34,1,310.4,1631.2,352,319,0.344391345978,0,0,0,2,27,26,2,146.88,772.0,374,394,0.365968704224,0,25,0,2,26,41,1,-549.12,-2885.6,1895,842,0.853199481964,1,0,0,2,29,42,1,-160.4,-842.8,2745,410,0.683676719666,2,0,0,0,32,43,1,185.72,976.0,230,708,0.225504875183,0,0,0,6,23,26,2,272.2,1456.0,258,532,0.505909442902,0,28,0,3,39,42,1,-33.6,-174.8,1007,230,0.492289543152,0,0,0,3,32,41,1,249.0,1296.6,30,684,0.014989376068,0,0,0,1,137,43,1,-18.72,-98.4,235,753,0.230435848236,0,0,0,0,28,41,1,514.32,2702.8,764,118,0.746935844421,0,0,0,1,128,41,1,-17.44,-91.6,992,193,0.969881057739,0,0,0,0,10,42,1,489.72,2573.4,178,260,0.174246311188,0,0,0,0,18,42,1,-559.96,-2942.6,91,274,0.089215755463,0,0,0,0,12,38,1,215.0,1129.8,123,161,0.12038898468,0,0,0,6,7,38,1,215.96,1156.2,224,453,0.439221858978,0,0,0,6,22,46,1,-178.44,-952.4,370,850,0.725696086884,0,0,0,6,16,24,2,-487.44,-2604.0,32,893,0.064329624176,0,27,0,6,10,40,1,742.8,3959.6,272,954,0.534113883972,0,0,0,6,21,44,1,-691.44,-3700.2,74,5,0.144824504852,0,0,0,6,9,45,1,227.92,1217.0,137,116,0.268323898315,0,0,0,3,6,44,1,33.68,175.4,1758,61,0.859267234802,0,0,0,3,38,43,1,67.56,351.8,1050,45,0.513218402863,0,0,0,3,9,40,1,62.72,326.6,1435,384,0.701551914215,0,0,0,3,23,44,1,91.84,478.4,333,736,0.163108348846,0,0,0,3,16,40,1,-4.16,-21.6,514,750,0.251580238342,0,0,0,3,13,39,1,149.92,780.6,997,477,0.487520217896,0,0,0,0,24,20,2,-611.68,-3214.4,437,327,0.427487373352,0,43,0,0,23,43,1,61.92,325.4,691,970,0.676390647888,0,0,0,0,25,41,1,478.76,2515.8,235,560,0.230251312256,0,0,0,5,7,38,1,-18.76,-98.6,235,766,0.230448722839,0,0,0,5,3,43,1,-51.56,-271.0,569,742,0.556916236877,0,0,0
1,0,94541000,105323000,94527000,94541000,94541000,0.0,0.0,0.0,0,0.0,36,2,0,2,19,38,1,52.2,274.4,1665,275,0.62782907486,1,3,0,2,7,24,2,-285.36,-1499.6,644,762,0.630249023438,0,26,0,2,33,44,1,-185.88,-976.8,337,839,0.330224990845,0,0,0,2,21,40,1,424.64,2231.4,668,830,0.653773784637,0,2,0,5,2,38,1,-14.0,-73.6,468,160,0.457631587982,0,1,0,2,12,36,1,310.76,1633.2,351,258,0.34335565567,0,1,0,2,27,25,2,146.52,770.0,373,898,0.365471839905,0,22,0,2,26,44,1,-549.32,-2886.6,1897,716,0.855033397675,1,1,0,2,29,42,1,-160.48,-843.2,2745,972,0.684213161469,2,2,0,0,32,43,1,185.88,976.8,230,59,0.224885463715,0,0,0,6,23,26,2,273.92,1465.4,258,59,0.505006313324,0,30,0,3,39,43,1,-33.52,-174.6,1007,464,0.492401599884,0,0,0,3,32,40,1,249.12,1297.2,28,991,0.014158725739,0,0,0,1,137,40,1,-18.96,-99.6,235,819,0.230498790741,0,0,0,0,28,43,1,514.56,2704.0,762,369,0.745220661163,0,0,0,1,128,42,1,-17.32,-91.0,992,254,0.969939231873,0,0,0,0,10,40,1,490.04,2575.0,176,596,0.172612667084,0,0,0,0,18,41,1,-559.96,-2942.8,93,183,0.091084480286,0,0,0,0,12,36,1,214.6,1127.8,122,437,0.11967420578,0,6,0,6,7,35,1,215.68,1154.4,224,77,0.438503742218,0,13,0,6,22,41,1,-178.16,-951.0,371,138,0.726291656494,0,2,0,6,10,40,1,742.4,3957.4,271,682,0.53163766861,0,1,0,6,21,43,1,-691.64,-3701.2,75,189,0.147132396698,0,0,0,6,9,41,1,227.64,1215.6,136,742,0.267564296722,0,0,0,3,6,42,1,33.64,175.2,1757,850,0.85915517807,0,0,0,3,38,43,1,67.28,350.4,1049,599,0.512993812561,0,0,0,3,9,37,1,62.6,326.0,1434,971,0.701343536377,0,0,0,3,23,42,1,91.56,476.8,333,97,0.162803173065,0,0,0,3,16,42,1,-4.04,-21.0,514,779,0.25159406662,0,0,0,3,13,39,1,150.0,781.0,996,452,0.487019538879,0,0,0,0,24,20,1,-611.68,-3214.4,439,462,0.429571628571,0,39,0,0,23,42,1,61.56,323.6,691,754,0.676184654236,0,0,0,0,25,42,1,478.16,2512.8,233,937,0.228656291962,0,0,0,5,7,36,1,-18.84,-99.0,235,833,0.230511665344,0,1,0,5,3,43,1,-51.84,-272.4,569,924,0.557089805603,0,0,0,1,129,43,1,-18.16,-95.6,593,552,0.580195426941,0,0,0
1,0,94542000,105324000,94528000,94542000,94542000,0.0,0.0,0.0,0,0.0,34,2,0,2,19,40,1,52.56,276.2,1665,92,0.627654075623,1,0,0,2,33,45,1,-185.92,-977.0,338,464,0.330843925476,0,0,0,2,21,38,1,424.8,2232.2,667,369,0.652356624603,0,0,0,5,2,40,1,-13.6,-71.4,468,209,0.457677841187,0,0,0,2,12,36,1,310.76,1633.0,350,197,0.342319011688,0,0,0,2,27,24,2,148.48,780.2,373,385,0.364982128143,0,24,0,2,26,43,1,-549.16,-2885.8,1899,587,0.856865882874,1,0,0,2,29,39,1,-160.16,-841.6,2746,507,0.684746742249,2,1,0,0,32,45,1,185.6,975.4,229,433,0.224265098572,0,0,0,6,23,32,2,271.24,1450.8,257,621,0.504124164581,0,27,0,3,39,43,1,-33.4,-174.0,1007,698,0.492513179779,0,0,0,3,32,40,1,249.36,1298.6,27,272,0.013326644897,0,0,0,1,137,41,1,-18.52,-97.4,235,884,0.230561256409,0,0,0,0,28,42,1,514.2,2702.2,760,619,0.743505001068,0,0,0,1,128,41,1,-17.28,-90.8,992,314,0.969996929169,0,0,0,0,10,42,1,490.08,2575.4,174,932,0.170978069305,0,0,0,0,18,44,1,-560.32,-2944.4,95,93,0.092953205109,0,0,0,0,12,33,1,214.84,1129.0,121,710,0.118957996368,0,5,0,6,7,35,1,215.8,1155.2,223,724,0.437783241272,0,7,0,6,22,44,1,-178.8,-954.6,371,450,0.726888179779,0,9,0,6,10,36,1,742.24,3956.6,270,411,0.529161453247,0,2,0,6,21,45,1,-691.96,-3702.8,76,372,0.149439811707,0,0,0,6,9,43,1,228.04,1217.6,136,345,0.266804695129,0,0,0,3,6,43,1,33.68,175.4,1757,614,0.859042167664,0,0,0,3,38,43,1,67.68,352.4,1049,126,0.512768268585,0,0,0,3,9,39,1,62.48,325.4,1434,534,0.701134681702,0,0,0,3,23,43,1,91.68,477.4,332,480,0.16249704361,0,0,0,3,16,41,1,-3.76,-19.6,514,804,0.251605987549,0,0,0,3,13,38,1,150.56,784.0,995,425,0.486517906189,0,0,0,0,23,44,1,61.92,325.4,691,538,0.675978660583,0,0,0,0,25,43,1,478.44,2514.2,232,290,0.22706079483,0,0,0,5,7,38,1,-18.52,-97.4,235,898,0.230574131012,0,0,0,5,3,42,1,-51.6,-271.2,570,81,0.557262897491,0,0,0,1,129,41,1,-18.12,-95.4,593,616,0.580255508423,0,0,0,,,,,,,,,,,,,,,,,,,,,,,,
1,0,94543000,105325000,94529000,94543000,94543000,0.0,0.0,0.0,0,0.0,35,2,0,2,19,41,1,52.16,274.2,1664,933,0.627479553223,1,0,0,2,33,43,1,-186.28,-978.8,339,90,0.331464767456,0,0,0,2,21,35,1,424.32,2229.8,665,933,0.650939941406,0,0,0,5,2,39,1,-14.16,-74.4,468,257,0.457724094391,0,0,0,2,12,37,1,310.64,1632.4,349,135,0.341282844543,0,0,0,2,26,41,1,-549.4,-2887.2,1901,458,0.858697891235,1,0,0,2,29,40,1,-160.4,-842.8,2747,43,0.685281276703,2,0,0,0,32,44,1,185.8,976.4,228,808,0.223645687103,0,0,0,6,23,27,2,270.92,1449.4,257,152,0.503227233887,0,22,0,3,39,44,1,-33.84,-176.2,1007,933,0.492625713348,0,0,0,3,32,40,1,249.12,1297.4,25,579,0.012495517731,0,0,0,1,137,42,1,-18.92,-99.4,235,950,0.230623722076,0,0,0,0,28,38,1,514.16,2702.0,758,870,0.741789340973,0,0,0,1,128,39,1,-17.4,-91.4,992,374,0.970055103302,0,0,0,0,10,42,1,489.76,2573.8,173,244,0.169343471527,0,0,0,0,18,44,1,-560.48,-2945.4,97,2,0.094821453094,0,0,0,0,12,36,1,214.32,1126.4,120,984,0.118242263794,0,0,0,6,7,37,1,216.16,1157.0,223,347,0.437062740326,0,1,0,6,22,46,2,-178.84,-954.8,371,767,0.727494716644,0,9,0,6,16,23,2,-487.08,-2601.8,35,378,0.069217205048,0,27,0,6,10,37,1,742.04,3955.4,269,139,0.526684761047,0,0,0,6,21,45,1,-691.92,-3702.6,77,555,0.151747226715,0,0,0,6,9,44,1,227.36,1214.0,135,972,0.266045570374,0,0,0,3,6,42,1,33.32,173.6,1757,379,0.858930110931,0,0,0,3,38,43,1,67.28,350.4,1048,678,0.512542724609,0,0,0,3,9,41,1,62.48,325.2,1434,96,0.700925827026,0,0,0,3,23,42,1,91.16,474.6,331,864,0.162191867828,0,0,0,3,16,43,1,-4.24,-22.2,514,831,0.251618385315,0,0,0,3,13,41,1,150.08,781.6,994,399,0.486016750336,0,0,0,0,24,21,2,-611.68,-3214.4,443,598,0.433610916138,0,35,0,0,23,42,1,61.44,322.8,691,323,0.675772666931,0,0,0,0,25,42,1,478.08,2512.4,230,666,0.225465774536,0,0,0,5,7,38,1,-18.88,-99.2,235,964,0.230637073517,0,0,0,5,3,42,1,-52.0,-273.2,570,263,0.55743598938,0,0,0,1,129,42,1,-18.4,-96.6,593,679,0.580316543579,0,0,0,,,,,,,,,,,,
1,0,94544000,105326000,94530000,94544000,94544000,0.0,0.0,0.0,0,0.0,34,2,0,2,19,39,1,52.08,273.8,1664,750,0.627305030823,1,0,0,2,33,45,1,-186.48,-980.0,339,740,0.332085132599,0,0,0,2,21,41,1,424.32,2229.8,664,473,0.649523258209,0,0,0,5,2,40,1,-14.0,-73.6,468,306,0.457770347595,0,0,0,2,12,38,1,310.32,1630.6,348,74,0.340246677399,0,0,0,2,27,26,2,146.4,769.2,372,388,0.364006996155,0,21,0,2,26,42,1,-549.76,-2889.0,1903,329,0.860529899597,1,0,0,2,29,38,1,-160.44,-843.0,2747,602,0.685814857483,2,0,0,0,32,43,1,185.72,975.8,228,158,0.22302532196,0,0,0,6,23,27,2,270.64,1447.8,256,711,0.50233745575,0,23,0,3,39,42,1,-33.84,-176.2,1008,144,0.492737770081,0,0,0,3,32,40,1,249.2,1297.6,23,886,0.011664390564,0,0,0,1,137,41,1,-19.32,-101.4,235,1016,0.230686664581,0,0,0,0,28,40,1,513.96,2701.0,757,98,0.740074157715,0,0,0,1,128,40,1,-17.56,-92.2,992,435,0.970112800598,0,0,0,0,10,43,1,489.76,2573.8,171,580,0.167709350586,0,0,0,0,18,43,1,-560.48,-2945.2,98,935,0.09668970108,0,0,0,0,12,38,1,213.96,1124.4,120,236,0.117527961731,0,0,0,6,7,37,1,215.6,1154.0,222,994,0.43634223938,0,0,0,6,22,46,1,-179.24,-956.8,372,53,0.728086948395,0,7,0,6,10,39,1,741.64,3953.2,267,891,0.524209022522,0,0,0,6,21,42,1,-692.08,-3703.4,78,739,0.154055118561,0,0,0,6,9,43,1,227.0,1212.2,135,575,0.265286922455,0,0,0,3,6,42,1,33.28,173.4,1757,145,0.858818054199,0,0,0,3,38,43,1,67.2,349.8,1048,207,0.512318134308,0,0,0,3,9,40,1,62.36,324.6,1433,682,0.700716972351,0,0,0,3,23,45,1,91.12,474.4,331,226,0.161887168884,0,0,0,3,16,43,1,-4.2,-22.0,514,859,0.251631736755,0,0,0,3,13,40,1,150.04,781.2,993,374,0.48551607132,0,0,0,0,23,41,1,61.2,321.6,691,107,0.675567150116,0,0,0,0,25,39,1,477.92,2511.4,229,20,0.223870754242,0,0,0,5,7,36,1,-19.24,-101.2,236,5,0.230699539185,0,0,0,5,3,42,1,-52.24,-274.4,570,444,0.557609081268,0,0,0,1,129,43,1,-18.32,-96.4,593,742,0.580376625061,0,0,0,,,,,,,,,,,,,,,,,,,,,,,,
1,0,94545000,105327000,94531000,94545000,94545000,0.0,0.0,0.0,0,0.0,35,2,0,2,19,40,1,52.52,276.0,1664,567,0.627130031586,1,0,0,2,33,45,1,-185.96,-977.2,340,366,0.332705497742,0,0,0,2,21,41,1,424.48,2230.6,663,15,0.648108482361,0,0,0,5,2,43,1,-14.16,-74.4,468,355,0.457817077637,0,0,0,2,12,39,1,310.64,1632.4,347,12,0.339210510254,0,0,0,2,27,27,2,146.2,768.4,371,903,0.363521099091,0,19,0,2,26,42,1,-549.52,-2887.8,1905,202,0.86236333847,1,0,0,2,29,37,1,-160.24,-842.0,2748,137,0.686348438263,2,0,0,0,32,40,1,186.16,978.4,227,533,0.222405433655,0,0,0,6,23,24,2,271.84,1454.2,256,245,0.501447677612,0,28,0,3,39,43,1,-33.48,-174.2,1008,380,0.49285030365,0,0,0,3,32,41,1,249.16,1297.4,22,168,0.010833263397,0,0,0,1,137,41,1,-18.84,-99.0,236,58,0.230749607086,0,0,0,0,28,43,1,514.36,2703.0,755,350,0.738359451294,0,0,0,1,128,44,1,-17.12,-90.0,992,496,0.970171451569,0,0,0,0,10,42,1,490.04,2575.2,169,916,0.166075229645,0,0,0,0,18,43,1,-560.32,-2944.4,100,846,0.098559379578,0,0,0,0,12,31,1,214.12,1125.2,119,512,0.116814136505,0,3,0,6,7,37,1,216.28,1157.8,222,616,0.435621261597,0,0,0,6,22,43,1,-178.96,-955.4,372,360,0.728673458099,0,5,0,6,10,36,1,741.64,3953.4,266,620,0.521733760834,0,0,0,6,21,46,1,-691.88,-3702.2,79,923,0.156363487244,0,0,0,6,9,43,1,227.08,1212.6,135,178,0.264529705048,0,0,0,3,6,41,1,33.6,175.0,1756,934,0.858706474304,0,0,0,3,38,43,1,67.2,349.8,1047,762,0.512094020844,0,0,0,3,9,42,1,62.88,327.4,1433,246,0.700508594513,0,0,0,3,23,42,1,91.16,474.6,330,613,0.161582946777,0,0,0,3,16,42,1,-3.84,-20.0,514,888,0.25164604187,0,0,0,3,13,40,1,150.08,781.6,992,348,0.485014915466,0,0,0,0,24,20,2,-611.68,-3214.4,447,744,0.437660694122,0,32,0,0,23,44,1,61.36,322.4,690,917,0.675362586975,0,0,0,0,25,43,1,478.0,2511.8,227,397,0.222275733948,0,0,0,5,7,38,1,-18.8,-98.8,236,71,0.230762481689,0,0,0,5,3,43,1,-51.8,-272.2,570,626,0.557782649994,0,0,0,1,129,45,1,-18.08,-95.0,593,806,0.58043718338,0,0,0,,,,,,,,,,,,
1,0,94546000,105328000,94532000,94546000,94546000,0.0,0.0,0.0,0,0.0,36,2,0,2,19,37,1,52.28,274.8,1664,384,0.626955509186,1,0,0,2,33,43,1,-186.48,-979.8,340,1016,0.333326339722,0,0,0,2,21,42,1,424.52,2230.8,661,579,0.646692276001,0,0,0,5,2,43,1,-13.92,-73.0,468,404,0.457863807678,0,0,0,2,12,40,1,310.4,1631.0,345,975,0.338174343109,0,0,0,2,27,27,2,146.2,768.2,371,391,0.363032817841,0,21,0,2,26,42,1,-549.68,-2888.6,1907,74,0.864196300507,1,0,0,2,29,38,1,-160.32,-842.6,2748,697,0.68688249588,2,0,0,0,32,41,1,185.72,976.0,226,907,0.221785545349,0,0,0,6,23,24,1,270.88,1449.0,255,794,0.500539779663,0,27,0,3,39,43,1,-33.76,-175.8,1008,615,0.492962360382,0,0,0,3,32,42,1,249.16,1297.4,20,473,0.010001182556,0,0,0,1,137,40,1,-18.84,-99.0,236,123,0.230812072754,0,0,0,0,28,42,1,513.96,2701.0,753,601,0.73664522171,0,0,0,1,128,43,1,-17.56,-92.4,992,557,0.970229625702,0,0,0,0,10,42,1,489.72,2573.6,168,228,0.164440631866,0,0,0,0,18,45,1,-560.52,-2945.6,102,756,0.100429058075,0,0,0,0,12,37,1,214.2,1125.6,118,788,0.116099834442,0,0,0,6,7,40,1,215.96,1156.2,222,239,0.434899806976,0,0,0,6,22,40,1,-179.4,-957.6,372,665,0.729257106781,0,9,0,6,16,25,2,-488.52,-2609.6,37,870,0.074070930481,0,26,0,6,10,42,1,742.16,3956.0,265,349,0.519258499146,0,2,0,6,21,46,1,-692.08,-3703.4,81,83,0.158671855927,0,0,0,6,9,42,1,226.8,1211.2,134,806,0.263772010803,0,0,0,3,6,42,1,33.36,173.8,1756,701,0.858594894409,0,0,0,3,38,43,1,67.24,350.0,1047,290,0.511868953705,0,0,0,3,9,39,1,62.32,324.6,1432,834,0.700300693512,0,0,0,3,23,41,1,90.84,473.2,329,999,0.16127872467,0,0,0,3,16,41,1,-4.28,-22.4,514,916,0.251659393311,0,0,0,3,13,41,1,150.28,782.6,991,323,0.484513759613,0,0,0,0,24,21,2,-611.68,-3214.4,449,799,0.439668178558,0,30,0,0,23,44,1,61.2,321.6,690,702,0.67515707016,0,0,0,0,25,43,1,478.0,2512.0,225,774,0.220681190491,0,0,0,5,7,37,1,-18.88,-99.2,236,137,0.230824947357,0,0,0,5,3,39,1,-52.6,-276.4,570,808,0.557956218719,0,0,0,1,129,40,1,-18.32,-96.2,593,869,0.580498218536,0,0,0
1,0,94547000,105329000,94533000,94547000,94547000,0.0,0.0,0.0,0,0.0,35,2,0,2,19,39,1,52.48,275.8,1664,200,0.626780509949,1,0,0,2,33,44,1,-186.32,-979.0,341,644,0.333948612213,0,0,0,2,21,39,1,424.36,2230.0,660,120,0.645276546478,0,0,0,5,2,40,1,-14.16,-74.4,468,452,0.457910060883,0,0,0,2,12,38,1,310.56,1632.0,344,915,0.337139606476,0,0,0,2,27,27,2,146.52,770.0,370,901,0.362542152405,0,21,0,2,26,43,1,-549.52,-2887.8,1908,971,0.86602973938,1,0,0,2,29,38,1,-159.72,-839.2,2749,232,0.687416553497,2,0,0,0,32,46,1,185.96,977.2,226,258,0.221165657043,0,0,0,6,23,22,2,270.0,1444.2,255,328,0.499649524689,0,29,0,3,39,43,1,-33.56,-174.8,1008,850,0.493074417114,0,0,0,3,32,41,1,249.48,1299.0,18,779,0.009169578552,0,0,0,1,137,41,1,-18.88,-99.2,236,189,0.230875015259,0,0,0,0,28,42,1,513.84,2700.2,751,854,0.734930515289,0,0,0,1,128,42,1,-17.32,-91.0,992,618,0.970287322998,0,0,0,0,10,40,1,489.96,2574.8,166,564,0.162806034088,0,0,0,0,18,42,1,-560.72,-2946.6,104,666,0.102298259735,0,0,0,0,12,31,1,214.56,1127.6,118,46,0.115390777588,0,16,0,6,7,39,1,216.44,1158.6,221,885,0.434177875519,0,6,0,6,22,38,1,-179.12,-956.0,372,980,0.7298579216,0,9,0,6,16,24,2,-487.36,-2603.4,38,696,0.075695991516,0,23,0,6,10,35,1,741.56,3953.0,264,78,0.516783714294,0,0,0,6,21,41,1,-691.92,-3702.6,82,267,0.160980701447,0,0,0,6,9,44,1,226.96,1212.0,134,410,0.263014316559,0,0,0,3,6,40,1,33.48,174.4,1756,467,0.858483314514,0,0,0,3,38,43,1,67.6,352.0,1046,843,0.511643886566,0,0,0,3,9,39,1,62.68,326.4,1432,398,0.700092792511,0,0,0,3,23,44,1,91.2,474.8,329,363,0.160974979401,0,0,0,3,16,43,1,-4.0,-20.8,514,942,0.251671791077,0,0,0,3,13,39,1,150.44,783.4,990,295,0.484012126923,0,0,0,0,23,43,1,61.36,322.4,690,487,0.674952030182,0,0,0,0,25,43,1,478.12,2512.6,224,128,0.219086170197,0,0,0,5,7,36,1,-19.0,-100.0,236,203,0.230887889862,0,0,0,5,3,37,1,-52.56,-276.2,570,990,0.558129787445,0,0,0,1,129,41,1,-18.0,-94.6,593,932,0.580558300018,0,0,0,,,,,,,,,,,,
1,0,94548000,105330000,94534000,94548000,94548000,0.0,0.0,0.0,0,0.0,35,2,0,2,19,35,1,52.48,275.8,1664,18,0.626605987549,1,0,0,2,33,44,1,-186.36,-979.2,342,272,0.334571361542,0,0,0,2,21,38,2,424.52,2230.8,658,685,0.643860816956,0,0,0,5,2,40,1,-14.0,-73.6,468,502,0.457957744598,0,0,0,2,12,36,1,310.4,1631.2,343,855,0.336104869843,0,0,0,2,27,33,1,146.32,769.0,370,370,0.362034797668,0,17,0,2,26,41,1,-549.64,-2888.4,1910,843,0.867863178253,1,0,0,2,29,40,1,-159.84,-839.8,2749,792,0.687951087952,2,0,0,0,32,38,1,186.16,978.2,225,633,0.220545768738,0,0,0,6,23,24,2,269.88,1443.6,254,882,0.498751163483,0,32,0,3,39,44,1,-33.56,-174.6,1009,61,0.493186950684,0,0,0,3,32,41,1,249.6,1299.6,17,61,0.008337974548,0,0,0,1,137,39,1,-18.72,-98.4,236,255,0.230938434601,0,0,0,0,28,39,1,513.68,2699.4,750,82,0.73321723938,0,0,0,1,128,42,1,-17.44,-91.6,992,680,0.970346450806,0,0,0,0,10,43,1,489.92,2574.6,164,900,0.161172389984,0,0,0,0,18,41,1,-560.84,-2947.2,106,578,0.104168891907,0,0,0,0,12,31,1,213.92,1124.2,117,335,0.114690303802,0,11,0,6,7,37,1,216.24,1157.4,221,510,0.433460235596,0,14,0,6,22,41,1,-179.6,-958.8,373,270,0.730459213257,0,11,0,6,16,24,2,-488.6,-2610.0,39,523,0.077322006226,0,27,0,6,10,40,1,741.64,3953.4,262,831,0.514309406281,0,0,0,6,21,44,1,-692.16,-3704.0,83,451,0.163289070129,0,0,0,6,9,42,1,227.0,1212.0,134,14,0.262258052826,0,0,0,3,6,41,1,33.44,174.2,1756,234,0.858372211456,0,0,0,3,38,43,1,67.64,352.2,1046,373,0.511419773102,0,0,0,3,9,38,1,62.48,325.4,1431,988,0.69988489151,0,0,0,3,23,42,1,91.16,474.8,328,751,0.160671234131,0,0,0,3,16,43,1,-3.92,-20.4,514,971,0.251685619354,0,0,0,3,13,40,1,150.48,783.6,989,270,0.483511447906,0,0,0,0,23,45,1,61.4,322.6,690,274,0.674748897552,0,0,0,0,25,44,1,477.84,2511.0,222,506,0.217492580414,0,0,0,5,7,36,1,-18.64,-98.0,236,269,0.230950832367,0,0,0,5,3,41,1,-52.44,-275.6,571,148,0.558303833008,0,0,0,1,129,42,1,-18.24,-95.8,593,996,0.580619335175,0,0,0,,,,,,,,,,,,
1,0,94549000,105331000,94535000,94549000,94549000,0.0,0.0,0.0,0,0.0,35,2,0,2,19,38,1,52.08,273.8,1663,859,0.626431941986,1,0,0,2,33,45,1,-186.84,-982.0,342,925,0.33519411087,0,0,0,2,21,40,1,424.4,2230.2,657,227,0.64244556427,0,0,0,5,2,42,1,-14.08,-74.0,468,552,0.458004951477,0,0,0,2,12,34,1,310.08,1629.6,342,794,0.335069656372,0,0,0,2,27,36,1,146.28,768.8,369,881,0.361545085907,0,12,0,2,26,43,1,-549.88,-2889.6,1912,717,0.869697570801,1,0,0,2,29,38,1,-159.8,-839.8,2750,328,0.688485622406,2,0,0,0,32,38,1,185.84,976.6,224,1007,0.219925880432,0,0,0,6,23,24,2,265.24,1418.8,254,426,0.497880458832,0,31,0,3,39,43,1,-33.88,-176.6,1009,298,0.49329996109,0,0,0,3,32,40,1,249.4,1298.6,15,366,0.007506370544,0,0,0,1,137,41,1,-19.08,-100.4,236,322,0.231001377106,0,0,0,0,28,43,1,513.28,2697.4,748,335,0.731503486633,0,0,0,1,128,42,1,-17.64,-92.8,992,741,0.970405101776,0,0,0,0,10,44,1,489.76,2573.6,163,213,0.15953874588,0,0,0,0,18,42,1,-560.92,-2947.6,108,489,0.106039524078,0,0,0,0,12,41,1,214.08,1125.0,116,612,0.113976478577,0,10,0,6,7,39,1,216.12,1157.0,221,126,0.432727813721,0,9,0,6,22,42,1,-179.64,-959.0,373,584,0.731058120728,0,2,0,6,16,24,2,-489.64,-2615.6,40,352,0.078952312469,0,27,0,6,10,41,1,741.56,3953.0,261,560,0.511835098267,0,0,0,6,21,43,1,-692.4,-3705.2,84,635,0.165597915649,0,0,0,6,9,44,1,226.56,1209.8,133,643,0.261502742767,0,0,0,3,6,41,1,33.12,172.6,1756,2,0.858261108398,0,0,0,3,38,45,1,67.36,350.8,1045,927,0.511195659637,0,0,0,3,9,41,1,62.08,323.2,1431,553,0.699677944183,0,0,0,3,23,44,1,90.76,472.6,328,116,0.160368442535,0,0,0,3,16,44,1,-4.28,-22.4,514,1003,0.251700878143,0,0,0,3,13,42,1,150.28,782.6,988,245,0.48301076889,0,0,0,0,23,45,1,61.08,321.0,690,60,0.674544811249,0,0,0,0,25,40,1,477.84,2511.0,220,885,0.215898990631,0,0,0,5,7,38,1,-19.16,-100.6,236,335,0.231014251709,0,0,0,5,3,39,1,-52.32,-275.0,571,330,0.558478355408,0,0,0,1,129,45,1,-18.6,-97.8,594,37,0.580680847168,0,0,0,,,,,,,,,,,,
1,0,94550000,105332000,94536000,94550000,94550000,0.0,0.0,0.0,0,0.0,36,2,0,2,19,36,1,52.52,276.0,1663,676,0.626256942749,1,0,0,2,33,45,1,-186.76,-981.4,343,554,0.335817813873,0,0,0,2,21,42,1,424.32,2229.8,655,792,0.641030311584,0,0,0,5,2,40,1,-13.96,-73.4,468,602,0.45805311203,0,0,0,2,12,29,1,310.48,1631.4,341,734,0.334034919739,0,0,0,2,27,31,1,146.0,767.4,369,374,0.361060619354,0,19,0,2,26,43,1,-550.04,-2890.6,1914,592,0.87153339386,1,0,0,2,29,40,1,-159.96,-840.6,2750,887,0.689019203186,2,0,0,0,32,45,1,186.08,977.8,224,358,0.219306468964,0,0,0,6,23,23,2,271.16,1450.6,253,986,0.496992588043,0,31,0,3,39,44,1,-33.64,-175.2,1009,535,0.493412971497,0,0,0,3,32,45,1,249.72,1300.2,13,672,0.006674766541,0,0,0,1,137,41,1,-18.96,-99.6,236,388,0.231065273285,0,0,0,0,28,44,1,513.52,2698.4,746,590,0.729791641235,0,0,0,1,128,44,1,-17.52,-92.0,992,803,0.970464229584,0,0,0,0,10,44,1,490.04,2575.0,161,549,0.157904148102,0,0,0,0,18,40,1,-560.52,-2945.6,110,402,0.107911586761,0,0,0,0,12,36,1,213.76,1123.4,115,887,0.113262176514,0,11,0,6,7,47,1,216.6,1159.6,220,772,0.432004928589,0,7,0,6,22,43,1,-179.6,-958.8,373,898,0.731658935547,0,0,0,6,16,24,2,-488.4,-2609.0,41,185,0.080590248108,0,27,0,6,10,41,1,741.36,3951.8,260,291,0.509362220764,0,0,0,6,21,45,1,-692.44,-3705.4,85,820,0.167907714844,0,0,0,6,9,44,1,226.48,1209.4,133,248,0.260747909546,0,0,0,3,6,41,1,33.28,173.4,1755,795,0.858150959015,0,0,0,3,38,44,1,67.48,351.4,1045,457,0.510971069336,0,0,0,3,9,41,1,62.28,324.4,1431,121,0.699471473694,0,0,0,3,23,41,1,90.88,473.2,327,507,0.160066604614,0,0,0,3,16,43,1,-4.2,-22.0,515,10,0.251715660095,0,0,0,3,13,42,1,150.52,783.8,987,219,0.4825091362,0,0,0,0,24,24,2,-613.84,-3225.6,458,120,0.447818279266,0,27,0,0,23,44,1,61.08,321.0,689,871,0.674341201782,0,0,0,0,25,43,1,477.6,2509.8,219,241,0.21430683136,0,0,0,5,7,38,1,-19.0,-99.8,236,402,0.231078147888,0,0,0,5,3,42,1,-52.24,-274.6,571,514,0.558653831482,0,0,0,1,129,42,1,-18.44,-96.8,594,102,0.580742835999,0,0,0
1,0,94551000,105333000,94537000,94551000,94551000,0.0,0.0,0.0,0,0.0,36,2,0,2,19,36,1,52.28,274.8,1663,493,0.626082420349,1,0,0,2,33,47,1,-186.84,-982.0,344,183,0.336441516876,0,0,0,2,21,38,1,424.4,2230.2,654,333,0.639614582062,0,0,0,5,2,41,1,-13.96,-73.2,468,651,0.458099842072,0,0,0,2,12,21,1,310.28,1630.6,340,674,0.332999229431,0,17,0,2,27,35,1,146.44,769.6,368,891,0.360577583313,0,20,0,2,26,42,1,-549.92,-2889.8,1916,466,0.873368263245,1,0,0,2,29,39,1,-159.8,-839.8,2751,421,0.689552307129,2,0,0,0,32,45,1,185.76,976.2,223,733,0.218686580658,0,0,0,6,23,23,2,269.44,1441.2,253,511,0.496085166931,0,29,0,3,39,42,1,-33.84,-176.2,1009,770,0.493525028229,0,0,0,3,32,43,1,249.52,1299.4,11,976,0.005842208862,0,0,0,1,137,41,1,-19.04,-100.0,236,455,0.23112821579,0,0,0,0,28,44,1,513.36,2697.6,744,844,0.728079319,0,0,0,1,128,43,1,-17.76,-93.2,992,864,0.970522880554,0,0,0,0,10,47,1,489.96,2574.8,159,884,0.156269550323,0,0,0,0,18,42,1,-561.12,-2948.8,112,315,0.109783172607,0,0,0,0,12,37,1,213.68,1123.0,115,135,0.112544059753,0,8,0,6,7,41,1,216.4,1158.4,220,398,0.431289672852,0,3,0,6,22,41,1,-179.92,-960.4,374,188,0.732259273529,0,0,0,6,16,24,2,-488.56,-2609.8,42,15,0.082221508026,0,27,0,6,10,40,1,741.64,3953.4,259,20,0.506888389587,0,0,0,6,21,45,1,-692.32,-3704.8,86,1004,0.170217037201,0,0,0,6,9,43,1,226.32,1208.6,132,876,0.259992599487,0,0,0,3,6,42,1,33.24,173.0,1755,561,0.85803937912,0,0,0,3,38,43,1,67.32,350.6,1044,1009,0.510746002197,0,0,0,3,9,36,1,61.96,322.6,1430,710,0.699263572693,0,0,0,3,23,43,1,90.72,472.4,326,896,0.159763336182,0,0,0,3,16,42,1,-4.32,-22.4,515,39,0.251729488373,0,0,0,3,13,42,1,150.48,783.6,986,191,0.482007026672,0,0,0,0,24,30,2,-612.16,-3217.0,460,196,0.449845314026,0,26,0,0,23,43,1,61.04,320.8,689,657,0.674137592316,0,0,0,0,25,42,1,477.48,2509.2,217,620,0.212713718414,0,0,0,5,7,37,1,-19.04,-100.2,236,468,0.231141090393,0,0,0,5,3,43,1,-52.36,-275.2,571,697,0.558827877045,0,0,0,1,129,43,1,-18.48,-97.2,594,166,0.580803871155,0,0,0
1,0,94552000,105334000,94538000,94552000,94552000,0.0,0.0,0.0,0,0.0,35,2,0,2,19,36,1,52.6,276.6,1663,310,0.625907421112,1,0,0,2,33,43,1,-186.8,-981.6,344,838,0.337066173553,0,0,0,2,21,40,1,424.12,2228.8,652,900,0.638200759888,0,0,0,5,2,40,1,-14.08,-74.0,468,701,0.45814704895,0,0,0,2,27,33,1,145.96,767.0,368,371,0.360080718994,0,17,0,2,26,44,1,-550.04,-2890.4,1918,342,0.875205039978,1,0,0,2,29,40,1,-159.68,-839.0,2751,980,0.690085887909,2,0,0,0,32,45,1,186.12,978.0,223,83,0.218066215515,0,0,0,6,23,23,1,269.4,1441.0,253,43,0.49519109726,0,28,0,3,39,41,1,-33.36,-173.8,1009,1006,0.493637561798,0,0,0,3,32,43,1,249.68,1300.2,10,255,0.005009174347,0,0,0,1,137,38,1,-18.8,-98.8,236,521,0.231192111969,0,0,0,0,28,42,1,513.44,2698.2,743,75,0.726366996765,0,0,0,1,128,45,1,-17.56,-92.2,992,926,0.970581531525,0,0,0,0,10,45,1,490.04,2575.2,158,196,0.154634952545,0,0,0,0,18,43,1,-561.52,-2950.8,114,228,0.111655235291,0,0,0,0,12,37,1,213.72,1123.0,114,407,0.11182641983,0,7,0,6,7,45,1,216.56,1159.4,220,17,0.430562973022,0,3,0,6,22,41,1,-179.72,-959.4,374,503,0.732860088348,0,0,0,6,16,25,2,-488.24,-2608.2,42,869,0.083854198456,0,27,0,6,10,40,1,741.52,3952.8,257,774,0.504415035248,0,1,0,6,21,41,1,-692.44,-3705.4,88,165,0.172526836395,0,0,0,6,9,42,1,226.12,1207.6,132,482,0.259238243103,0,0,0,3,6,41,1,33.36,173.8,1755,330,0.857928752899,0,0,0,3,38,43,1,67.48,351.4,1044,538,0.510520935059,0,0,0,3,9,36,1,62.16,323.8,1430,275,0.699056148529,0,0,0,3,23,43,1,90.72,472.2,326,263,0.159461021423,0,0,0,3,16,40,1,-4.12,-21.4,515,67,0.251742839813,0,0,0,3,13,41,1,150.6,784.2,985,163,0.481504917145,0,0,0,0,24,31,2,-612.44,-3218.4,462,237,0.451839447021,0,25,0,0,23,43,1,61.12,321.2,689,445,0.673934459686,0,0,0,0,25,41,1,477.44,2509.0,215,1000,0.211121082306,0,0,0,5,7,35,1,-18.88,-99.2,236,534,0.231204509735,0,0,0,5,3,41,1,-52.4,-275.4,571,880,0.559002876282,0,0,0,1,129,42,1,-18.32,-96.2,594,231,0.580865859985,0,0,0,,,,,,,,,,,,
1,0,94553000,105335000,94539000,94553000,94553000,0.0,0.0,0.0,0,0.0,35,2,0,2,19,39,1,52.4,275.4,1663,127,0.625732898712,1,0,0,2,33,44,1,-187.16,-983.4,345,466,0.337688922882,0,0,0,2,21,40,1,423.92,2227.6,651,442,0.636785507202,0,0,0,5,2,37,1,-14.36,-75.4,468,751,0.458195209503,0,0,0,2,27,29,2,146.16,768.0,367,894,0.359602451324,0,20,0,2,26,43,1,-550.28,-2891.6,1920,217,0.8770403862,1,0,0,2,29,41,1,-159.84,-840.0,2752,514,0.690618515015,2,0,0,0,32,44,1,185.96,977.2,222,457,0.217445373535,0,0,0,6,23,22,1,269.72,1443.0,252,595,0.494289398193,0,27,0,3,39,43,1,-34.08,-177.4,1010,218,0.493750572205,0,0,0,3,32,45,1,249.64,1300.0,8,557,0.004176139832,0,0,0,1,137,40,1,-19.08,-100.2,236,588,0.231256008148,0,0,0,0,28,41,1,512.84,2695.0,741,329,0.72465467453,0,0,0,1,128,43,1,-17.76,-93.4,992,988,0.970640659332,0,0,0,0,10,46,1,490.0,2575.0,156,532,0.153000831604,0,0,0,0,18,45,1,-561.44,-2950.4,116,141,0.113527297974,0,0,0,0,12,39,1,213.08,1119.8,113,682,0.111110687256,0,2,0,6,7,44,1,216.52,1159.0,219,662,0.429837703705,0,2,0,6,22,45,1,-180.16,-961.8,374,817,0.733461380005,0,0,0,6,16,26,2,-488.56,-2609.8,43,696,0.085480213165,0,25,0,6,10,39,1,741.12,3950.6,256,504,0.501942157745,0,0,0,6,21,42,1,-692.44,-3705.2,89,349,0.174836158752,0,0,0,6,9,45,1,225.92,1206.4,132,87,0.258484840393,0,0,0,3,6,42,1,33.04,172.0,1755,98,0.857818126678,0,0,0,3,38,45,1,67.24,350.2,1044,67,0.51029586792,0,0,0,3,9,41,1,61.84,322.0,1429,866,0.69884967804,0,0,0,3,23,42,1,90.24,470.0,325,656,0.159159660339,0,0,0,3,16,42,1,-4.4,-22.8,515,99,0.251758098602,0,0,0,3,13,42,1,150.36,783.0,984,135,0.481003284454,0,0,0,0,24,31,1,-612.36,-3218.0,464,267,0.453823566437,0,20,0,0,23,42,1,60.44,317.6,689,233,0.673731803894,0,0,0,0,25,40,1,477.24,2508.0,214,356,0.209528923035,0,0,0,5,7,37,1,-19.0,-99.8,236,601,0.231268405914,0,0,0,5,3,41,1,-52.44,-275.6,572,40,0.559178352356,0,0,0,1,129,41,1,-18.56,-97.6,594,296,0.580927848816,0,0,0,,,,,,,,,,,,
1,0,94554000,105336000,94540000,94554000,94554000,0.0,0.0,0.0,0,0.0,36,2,0,2,19,37,1,52.52,276.0,1662,968,0.625557899475,1,0,0,2,33,38,1,-187.04,-983.0,346,96,0.338312625885,0,0,0,2,21,38,1,423.88,2227.4,649,1010,0.635372638702,0,0,0,0,15,20,1,-412.76,-2169.0,892,180,0.872117519379,0,62,0,5,2,28,1,-14.52,-76.2,468,814,0.458255290985,0,17,0,2,27,39,2,145.92,766.8,367,374,0.359106063843,0,17,0,2,26,45,1,-550.12,-2890.8,1922,92,0.878876209259,1,0,0,2,29,42,1,-159.68,-839.2,2753,50,0.691152572632,2,0,0,0,32,41,1,186.04,977.8,221,832,0.216825485229,0,0,0,6,23,21,2,269.44,1441.4,252,127,0.493394851685,0,27,0,3,39,41,1,-33.8,-176.0,1010,456,0.493863582611,0,0,0,3,32,44,1,249.84,1301.0,6,860,0.003343582153,0,0,0,1,137,38,1,-19.2,-101.0,236,655,0.231319904327,0,0,0,0,28,41,1,512.96,2695.8,739,585,0.722943782806,0,0,0,1,128,41,1,-17.6,-92.6,993,26,0.97069978714,0,0,0,0,10,47,1,490.12,2575.6,154,868,0.1513671875,0,0,0,0,18,46,1,-561.32,-2949.6,118,55,0.115400314331,0,0,0,0,12,31,1,218.6,1148.8,112,958,0.110397338867,0,19,0,6,7,45,1,216.8,1160.6,219,284,0.42911529541,0,0,0,6,22,44,1,-180.0,-960.8,375,108,0.734062671661,0,0,0,6,16,26,2,-489.2,-2613.2,44,516,0.08709192276,0,25,0,6,10,37,1,740.32,3946.4,255,235,0.499470710754,0,2,0,6,21,40,1,-692.28,-3704.4,90,534,0.177146911621,0,0,0,6,9,41,1,225.96,1206.6,131,717,0.25773191452,0,0,0,3,6,42,1,33.16,172.6,1754,891,0.857707977295,0,0,0,3,38,43,1,67.56,351.8,1043,620,0.510071277618,0,0,0,3,9,39,1,62.12,323.4,1429,433,0.698642730713,0,0,0,3,23,43,1,90.44,470.8,325,25,0.158858776093,0,0,0,3,16,41,1,-4.24,-22.0,515,130,0.251773357391,0,0,0,3,13,43,1,150.52,783.8,983,107,0.48050069809,0,0,0,0,24,35,1,-612.24,-3217.4,466,359,0.455865859985,0,18,0,0,23,42,1,60.84,319.8,689,20,0.673529148102,0,0,0,0,25,37,1,477.52,2509.4,212,736,0.207936763763,0,0,0,5,7,34,1,-19.28,-101.4,236,668,0.231332302094,0,1,0,5,3,44,1,-52.32,-275.0,572,224,0.559354305267,0,0,0,1,129,41,1,-18.32,-96.4,594,360,0.580989837646,0,0,0
1,0,94555000,105337000,94541000,94555000,94555000,0.0,0.0,0.0,0,0.0,36,2,0,2,19,40,1,52.64,276.6,1662,785,0.625383377075,1,0,0,2,33,37,1,-187.04,-983.0,346,750,0.338937282562,0,0,0,2,21,35,1,424.16,2229.0,648,553,0.633959293365,0,0,0,0,15,22,1,-412.76,-2169.0,893,573,0.873470306396,0,54,0,5,2,35,1,-13.4,-70.4,468,862,0.458301544189,0,12,0,2,27,39,1,145.8,766.2,366,891,0.358622074127,0,12,0,2,26,44,2,-550.12,-2891.0,1923,991,0.880712032318,1,1,0,2,29,40,1,-159.68,-839.2,2753,608,0.691685676575,2,0,0,0,32,25,1,185.56,975.0,221,181,0.21620464325,0,0,0,6,23,20,2,269.4,1441.0,251,681,0.492496013641,0,27,0,3,39,43,1,-33.72,-175.6,1010,691,0.49397611618,0,0,0,3,32,41,1,249.8,1300.8,5,139,0.002510070801,0,0,0,1,137,40,1,-18.64,-98.0,236,722,0.231383323669,0,0,0,0,28,36,1,513.32,2697.6,737,840,0.721232414246,0,0,0,1,128,44,1,-17.36,-91.4,993,88,0.970758914948,0,0,0,0,10,44,1,489.96,2574.8,153,180,0.149733066559,0,0,0,0,18,46,1,-560.8,-2947.0,119,993,0.117272853851,0,0,0,0,12,36,1,213.68,1122.8,112,216,0.10968875885,0,18,0,6,7,43,1,216.8,1160.4,218,930,0.428391933441,0,0,0,6,22,41,1,-180.08,-961.2,375,423,0.734664440155,0,0,0,6,16,27,2,-489.08,-2612.6,45,338,0.088708877563,0,23,0,6,10,37,1,741.24,3951.2,253,989,0.496998310089,0,3,0,6,21,36,1,-692.48,-3705.6,91,719,0.179456710815,0,0,0,6,9,39,1,225.44,1203.8,131,324,0.256979465485,0,0,0,3,6,42,1,33.32,173.6,1754,659,0.857597351074,0,0,0,3,38,44,1,67.44,351.2,1043,150,0.509847164154,0,0,0,3,9,40,1,62.04,323.2,1429,0,0.698436260223,0,0,0,3,23,42,1,90.24,469.8,324,419,0.158557891846,0,0,0,3,16,43,1,-4.12,-21.4,515,159,0.251787185669,0,0,0,3,13,42,1,150.48,783.4,982,79,0.479998588562,0,0,0,0,24,36,1,-612.04,-3216.4,468,433,0.457891941071,0,17,0,0,23,42,1,60.72,319.2,688,833,0.673327445984,0,0,0,0,25,34,1,477.68,2510.2,211,92,0.206344604492,0,1,0,5,7,37,1,-18.68,-98.0,236,736,0.23139667511,0,1,0,5,3,42,1,-52.56,-276.2,572,408,0.559529781342,0,0,0,1,129,45,1,-18.28,-96.0,594,425,0.58105134964,0,0,0
1,0,94556000,105338000,94542000,94556000,94556000,0.0,0.0,0.0,0,0.0,35,2,0,2,19,29,1,52.44,275.6,1662,601,0.625207424164,1,0,0,2,33,34,1,-187.28,-984.0,347,380,0.33956193924,0,0,0,2,21,37,1,424.12,2228.8,647,95,0.632544994354,0,0,0,0,15,34,1,-412.72,-2169.0,894,982,0.874837875366,0,42,0,5,2,26,1,-14.88,-78.2,468,909,0.458346366882,0,14,0,2,27,37,1,145.72,765.8,366,381,0.358135223389,0,9,0,2,26,45,1,-550.04,-2890.6,1925,866,0.882547855377,1,1,0,2,29,42,1,-159.76,-839.6,2754,143,0.692218780518,2,0,0,6,23,20,2,270.0,1444.4,251,214,0.491603851318,0,29,0,3,39,43,1,-33.76,-175.8,1010,928,0.494089126587,0,0,0,3,32,43,1,249.88,1301.2,3,441,0.001677036285,0,0,0,1,137,37,1,-19.16,-100.8,236,788,0.231447219849,0,0,0,0,28,35,1,513.28,2697.2,736,71,0.719521045685,0,0,0,1,128,43,1,-17.48,-91.8,993,149,0.970817565918,0,0,0,0,10,44,1,490.0,2575.0,151,517,0.148098945618,0,0,0,0,18,47,1,-560.96,-2948.0,121,908,0.119146347046,0,0,0,0,12,37,1,212.72,1117.8,111,503,0.108985424042,0,14,0,6,7,31,1,216.92,1161.2,218,551,0.427669048309,0,0,0,6,22,38,1,-181.04,-966.4,375,738,0.735266208649,0,0,0,6,16,32,2,-488.92,-2611.8,46,142,0.090292453766,0,22,0,6,10,39,1,741.0,3949.8,252,719,0.494526386261,0,5,0,6,21,45,1,-692.24,-3704.4,92,904,0.181766986847,0,0,0,6,9,44,1,225.64,1204.8,130,954,0.256226539612,0,0,0,3,6,41,1,33.16,172.6,1754,428,0.857487201691,0,0,0,3,38,43,1,67.28,350.4,1042,704,0.509622573853,0,0,0,3,9,40,1,62.0,322.8,1428,591,0.698229312897,0,0,0,3,23,43,1,89.88,468.0,323,813,0.158257484436,0,0,0,3,16,43,1,-4.36,-22.6,515,189,0.251801490784,0,0,0,3,13,42,1,150.56,784.0,981,51,0.479496955872,0,0,0,0,24,34,1,-612.12,-3216.8,470,563,0.459971427917,0,22,0,0,23,43,1,60.56,318.2,688,621,0.673125267029,0,0,0,0,25,35,1,477.48,2509.2,209,473,0.204752922058,0,0,0,5,7,34,1,-19.08,-100.4,236,802,0.231460571289,0,0,0,5,3,44,1,-52.08,-273.8,572,592,0.559705257416,0,0,0,1,129,42,1,-18.28,-96.0,594,489,0.581112861633,0,0,0,,,,,,,,,,,,
1,0,94557000,105339000,94543000,94557000,94557000,0.0,0.0,0.0,0,0.0,36,2,0,2,19,34,1,52.56,276.2,1662,418,0.625032901764,1,0,0,2,33,33,1,-187.4,-984.8,348,11,0.340187072754,0,0,0,2,21,36,1,423.68,2226.4,645,662,0.63113117218,0,0,0,0,15,25,1,-413.6,-2173.4,896,381,0.876219749451,0,35,0,5,2,31,1,-13.32,-70.0,468,964,0.45839881897,0,19,0,2,27,37,1,145.84,766.4,365,890,0.357644081116,0,9,0,2,26,42,1,-550.88,-2895.0,1927,741,0.884382724762,1,0,0,2,29,39,1,-159.44,-838.0,2754,700,0.692750930786,2,0,0,0,32,32,1,185.8,976.4,219,952,0.214985370636,0,15,0,6,23,20,2,269.6,1442.2,250,766,0.490702152252,0,28,0,3,39,44,1,-33.8,-176.0,1011,142,0.494202613831,0,0,0,3,32,38,1,249.84,1301.0,1,744,0.00084400177,0,0,0,1,137,38,1,-18.92,-99.6,236,855,0.231511116028,0,0,0,0,28,34,1,512.48,2693.2,734,328,0.717810630798,0,0,0,1,128,40,1,-17.72,-93.0,993,212,0.970876693726,0,0,0,0,10,41,1,490.0,2575.0,149,853,0.146464824677,0,0,0,0,18,45,1,-561.52,-2950.8,123,822,0.12101984024,0,0,0,0,12,34,1,213.44,1121.8,110,781,0.108273506165,0,16,0,6,7,34,1,216.96,1161.4,218,172,0.426944255829,0,14,0,6,22,38,2,-180.92,-965.8,376,37,0.735883235931,0,11,0,6,16,26,2,-489.44,-2614.4,46,991,0.091914176941,0,20,0,6,10,42,1,741.4,3952.0,251,450,0.492054462433,0,1,0,6,21,46,1,-692.56,-3706.0,94,65,0.184077739716,0,0,0,6,9,41,1,225.04,1201.6,130,561,0.255475521088,0,0,0,3,6,43,1,33.0,171.8,1754,199,0.857377529144,0,0,0,3,38,44,1,67.44,351.2,1042,234,0.509398460388,0,0,0,3,9,39,1,61.76,321.6,1428,159,0.698023319244,0,0,0,3,23,43,1,89.88,468.0,323,185,0.157957553864,0,0,0,3,16,42,1,-4.4,-23.0,515,221,0.251816272736,0,0,0,3,13,44,1,150.6,784.2,980,24,0.478995323181,0,0,0,0,24,29,1,-613.04,-3221.6,472,650,0.462009429932,0,19,0,0,23,43,1,60.4,317.4,688,410,0.672924041748,0,0,0,0,25,31,1,478.12,2512.6,207,863,0.203170776367,0,15,0,5,7,35,1,-18.84,-99.0,236,869,0.231524467468,0,0,0,5,3,41,1,-53.0,-278.6,572,777,0.559881687164,0,0,0,1,129,43,1,-18.6,-97.8,594,554,0.581174850464,0,0,0
1,0,94558000,105340000,94544000,94558000,94558000,0.0,0.0,0.0,0,0.0,36,2,0,2,19,29,1,52.44,275.6,1662,237,0.624859809875,1,3,0,2,33,27,2,-187.96,-987.6,348,672,0.340817928314,0,12,0,2,21,21,2,423.32,2224.6,644,232,0.629742622375,0,25,0,5,2,35,1,-14.16,-74.4,468,1018,0.45845079422,0,17,0,2,27,41,1,145.8,766.2,365,381,0.357158184052,0,9,0,2,26,42,1,-551.16,-2896.4,1929,616,0.886219024658,1,1,0,2,29,42,1,-159.92,-840.4,2755,235,0.693284034729,2,0,0,0,32,35,1,185.36,974.0,219,298,0.214360713959,0,11,0,6,23,19,2,270.8,1448.6,250,298,0.489806652069,0,33,0,6,6,23,2,-30.44,-162.4,323,339,0.632742881775,0,63,0,3,39,44,1,-34.32,-178.8,1011,381,0.494317054749,0,0,0,3,32,36,1,249.52,1299.2,0,24,1.1920929e-05,0,0,0,1,137,38,1,-19.24,-101.2,236,923,0.231575965881,0,0,0,0,28,30,1,511.76,2689.4,732,585,0.716101646423,0,3,0,1,128,37,1,-18.32,-96.2,993,275,0.970937728882,0,0,0,0,10,38,1,489.72,2573.6,148,166,0.144831180573,0,0,0,0,18,47,1,-561.68,-2951.6,125,738,0.122894763947,0,0,0,0,12,39,1,212.56,1117.0,110,31,0.107556819916,0,12,0,6,7,34,1,216.72,1160.0,217,819,0.426223754883,0,17,0,6,22,27,2,-180.96,-966.0,376,359,0.736498355865,0,25,0,6,16,35,2,-489.52,-2615.0,47,812,0.093529224396,0,19,0,6,10,35,1,740.36,3946.4,250,181,0.489583492279,0,8,0,6,21,42,1,-693.24,-3709.8,95,250,0.186389446259,0,1,0,6,9,42,1,224.64,1199.6,130,168,0.254725456238,0,0,0,3,6,43,1,32.52,169.4,1753,995,0.857268810272,0,0,0,3,38,43,1,66.84,348.2,1041,790,0.509174823761,0,0,0,3,9,40,1,61.2,318.6,1427,753,0.697818279266,0,0,0,3,23,44,1,89.52,466.0,322,584,0.157659053802,0,0,0,3,16,42,1,-5.04,-26.2,515,255,0.251832962036,0,0,0,3,13,41,1,150.12,781.8,978,1023,0.478494167328,0,0,0,0,24,34,1,-613.0,-3221.4,474,729,0.464039325714,0,17,0,0,23,44,1,59.96,315.2,688,200,0.672723770142,0,0,0,0,25,31,1,477.84,2511.0,206,222,0.201580524445,0,15,0,5,7,35,1,-19.32,-101.6,236,937,0.231588840485,0,2,0,5,3,40,1,-52.96,-278.2,572,962,0.560059070587,0,2,0,1,129,44,1,-19.08,-100.2,594,620,0.581237792969,0,0,0
1,0,94559000,105341000,94545000,94559000,94559000,0.0,0.0,0.0,0,0.0,36,2,0,2,19,25,2,52.72,277.2,1662,48,0.624680042267,1,23,0,2,33,26,2,-187.84,-987.2,349,302,0.341442108154,0,15,0,2,21,24,2,423.72,2226.6,642,805,0.628334999084,0,22,0,0,15,25,1,-413.84,-2174.6,899,175,0.878955364227,0,32,0,5,2,33,1,-14.6,-76.6,469,47,0.458500862122,0,15,0,2,27,35,1,145.6,765.2,364,904,0.356679916382,0,9,0,2,26,42,1,-551.12,-2896.2,1931,494,0.88805770874,1,1,0,2,29,43,1,-159.48,-838.0,2755,793,0.693817138672,2,0,0,6,23,19,2,266.96,1428.2,249,855,0.48891544342,0,30,0,6,6,24,2,-28.88,-154.0,323,429,0.632914543152,0,57,0,3,39,42,1,-34.24,-178.2,1011,621,0.494431495667,0,0,0,3,32,33,1,249.08,1297.2,2044,331,0.999180793762,0,1,0,1,137,39,1,-19.2,-100.8,236,991,0.231640338898,0,0,0,0,28,24,1,510.96,2685.2,730,857,0.714406013489,0,25,0,1,128,35,1,-18.28,-96.0,993,338,0.970998287201,0,0,0,0,10,33,1,489.8,2574.0,146,503,0.143198013306,0,0,0,0,18,44,1,-562.68,-2957.0,127,655,0.12477016449,0,0,0,0,12,39,1,212.76,1118.0,109,306,0.106841564178,0,8,0,6,7,29,1,216.44,1158.6,217,442,0.425502300262,0,17,0,6,22,28,2,-181.64,-969.6,376,685,0.737121582031,0,22,0,6,16,42,2,-490.0,-2617.6,48,606,0.095093250275,0,19,0,6,10,38,1,740.24,3946.0,248,935,0.487110614777,0,14,0,6,21,43,1,-693.52,-3711.2,96,436,0.188701629639,0,0,0,6,9,44,1,225.04,1201.8,129,800,0.253975868225,0,0,0,3,6,45,1,32.64,170.0,1753,767,0.8571600914,0,0,0,3,38,44,1,67.24,350.0,1041,321,0.508951187134,0,0,0,3,9,39,1,61.4,319.8,1427,325,0.697613716125,0,0,0,3,23,44,1,89.72,467.2,321,982,0.157360553741,0,0,0,3,16,44,1,-4.76,-24.8,515,289,0.251848697662,0,0,0,3,13,42,1,150.4,783.2,977,996,0.477992534637,0,0,0,0,24,40,1,-612.52,-3218.8,476,808,0.466070175171,0,14,0,0,23,45,1,60.12,316.0,687,1015,0.672523498535,0,0,0,0,25,35,1,476.72,2505.2,204,597,0.199984073639,0,12,0,5,7,35,1,-19.36,-101.6,236,1005,0.231653690338,0,1,0,5,3,36,1,-53.2,-279.6,573,124,0.56023645401,0,1,0,1,129,44,1,-18.84,-99.0,594,687,0.581301212311,0,0,0
1,0,94560000,105342000,94546000,94560000,94560000,0.0,0.0,0.0,0,0.0,36,2,0,2,19,23,2,50.84,267.2,1661,893,0.624509334564,1,25,0,2,33,26,1,-188.44,-990.2,349,958,0.34206867218,0,17,0,2,21,31,2,423.92,2227.6,641,331,0.626904964447,0,20,0,0,15,26,1,-413.44,-2172.6,900,572,0.880311965942,0,26,0,5,2,37,1,-14.48,-76.2,469,97,0.458549022675,0,14,0,2,27,35,1,145.48,764.4,364,380,0.356178760529,0,9,0,2,26,31,2,-550.12,-2890.8,1933,393,0.889916419983,1,8,0,2,29,39,1,-159.84,-840.0,2756,326,0.694348812103,2,0,0,6,23,21,1,268.72,1437.4,249,388,0.488021850586,0,29,0,6,6,35,2,-29.56,-157.8,323,525,0.633097648621,0,45,0,3,39,43,1,-34.6,-180.2,1011,860,0.494545459747,0,0,0,3,32,29,1,249.2,1297.6,2042,674,0.998366832733,0,15,0,1,137,38,1,-19.92,-104.8,237,34,0.231704711914,0,0,0,0,28,23,1,511.8,2689.6,729,106,0.712711334229,0,28,0,1,128,31,1,-19.24,-101.2,993,402,0.971059322357,0,1,0,0,10,28,1,490.2,2576.0,144,844,0.141568660736,0,10,0,0,18,44,1,-562.28,-2954.8,129,571,0.126645565033,0,0,0,0,12,39,1,213.2,1120.4,108,589,0.106134414673,0,6,0,6,7,30,1,216.6,1159.6,217,64,0.424781799316,0,18,0,6,22,31,2,-181.28,-967.6,376,1017,0.737756729126,0,20,0,6,16,46,2,-490.2,-2618.6,49,404,0.096664428711,0,12,0,6,10,28,1,741.8,3954.2,247,677,0.484660148621,0,19,0,6,21,34,1,-693.48,-3711.0,97,622,0.191014289856,0,1,0,6,9,45,1,224.28,1197.8,129,408,0.253225803375,0,0,0,3,6,43,1,32.4,168.6,1753,540,0.857051849365,0,0,0,3,38,44,1,67.16,349.8,1040,876,0.508727550507,0,0,0,3,9,42,1,61.16,318.6,1426,920,0.697408676147,0,0,0,3,23,46,1,89.44,465.8,321,357,0.15706205368,0,0,0,3,16,45,1,-5.0,-26.0,515,321,0.251864433289,0,0,0,3,13,41,1,150.28,782.4,976,969,0.477490901947,0,0,0,0,24,41,1,-612.6,-3219.2,478,908,0.468120098114,0,11,0,0,23,45,1,59.84,314.6,687,805,0.672323226929,0,0,0,0,25,37,1,477.12,2507.2,202,980,0.198393821716,0,11,0,5,7,34,1,-20.12,-105.6,237,48,0.231718063354,0,0,0,5,3,35,1,-54.16,-284.8,573,311,0.560414791107,0,1,0,1,129,44,1,-19.24,-101.0,594,753,0.581364631653,0,0,0
1,0,94561000,105343000,94547000,94561000,94561000,0.0,0.0,0.0,0,0.0,37,2,0,2,19,21,2,52.36,275.2,1661,717,0.624341011047,1,25,0,0,7,15,1,7.28,38.4,142,467,0.13925409317,0,63,0,2,33,25,2,-189.0,-993.2,350,609,0.342712879181,0,26,0,2,21,39,2,423.52,2225.6,639,887,0.625481128693,0,17,0,0,15,29,1,-413.24,-2171.6,901,997,0.881695270538,0,21,0,5,2,41,1,-14.04,-73.6,469,149,0.458598136902,0,14,0,2,27,36,1,145.32,763.6,363,910,0.355708122253,0,17,0,2,26,35,2,-551.0,-2895.4,1935,287,0.891769886017,1,17,0,2,29,33,1,-159.6,-838.8,2756,885,0.694882392883,2,0,0,0,32,32,1,184.64,970.2,217,381,0.212485313416,0,9,0,6,23,22,2,267.56,1431.4,248,941,0.487121582031,0,28,0,6,6,33,2,-29.72,-158.6,323,598,0.633237361908,0,30,0,3,39,44,1,-34.6,-180.2,1012,78,0.494661331177,0,0,0,3,32,33,1,249.0,1296.6,2040,1010,0.997549533844,0,15,0,1,137,39,1,-19.56,-102.8,237,102,0.231769561768,0,0,0,0,28,23,1,512.52,2693.4,727,388,0.711025714874,0,29,0,0,10,29,1,489.56,2572.6,143,161,0.139938831329,0,11,0,0,18,34,1,-563.04,-2958.8,131,490,0.128522872925,0,1,0,0,12,39,1,212.44,1116.4,107,871,0.105426311493,0,8,0,6,7,29,1,215.72,1154.8,216,711,0.424060821533,0,19,0,6,22,27,2,-181.88,-971.0,377,308,0.738358974457,0,21,0,6,16,48,1,-490.4,-2619.6,50,227,0.098282337189,0,10,0,6,10,27,1,740.52,3947.4,246,416,0.48220539093,0,20,0,6,21,35,2,-693.84,-3712.8,98,809,0.193328380585,0,17,0,6,9,47,1,224.44,1198.6,129,16,0.252477169037,0,1,0,3,6,40,1,32.08,167.2,1753,316,0.856944561005,0,0,0,3,38,42,1,67.0,348.8,1040,408,0.508503913879,0,0,0,3,9,41,1,60.76,316.4,1426,493,0.697205543518,0,0,0,3,23,47,1,89.28,464.8,320,756,0.156763553619,0,0,0,3,16,42,1,-5.36,-27.8,515,358,0.251881599426,0,0,0,3,13,38,1,149.88,780.6,975,943,0.476990222931,0,0,0,0,24,44,1,-612.76,-3220.0,480,1001,0.470163822174,0,7,0,0,23,41,1,59.92,315.0,687,595,0.672122955322,0,0,0,0,25,40,1,476.52,2504.2,201,335,0.196801185608,0,10,0,5,7,37,1,-19.68,-103.4,237,116,0.231782913208,0,1,0,5,3,33,1,-53.48,-281.0,573,497,0.56059217453,0,0,0
1,0,94562000,105344000,94548000,94562000,94562000,0.0,0.0,0.0,0,0.0,37,2,0,2,19,23,2,51.64,271.4,1661,528,0.624160766602,1,20,0,2,7,19,2,-284.44,-1494.6,665,206,0.650245666504,0,26,0,2,33,23,2,-187.92,-987.4,351,249,0.343346118927,0,25,0,2,21,36,1,423.52,2225.8,638,427,0.624063968658,0,13,0,0,15,33,1,-414.12,-2176.4,903,392,0.883072853088,0,17,0,5,2,42,2,-14.44,-75.8,469,230,0.458675384521,0,17,0,2,27,39,2,145.76,766.0,363,432,0.355251312256,0,17,0,2,26,32,2,-551.08,-2895.8,1937,150,0.893594741821,1,19,0,2,29,27,1,-160.8,-845.0,2757,455,0.695448875427,2,11,0,0,32,33,1,186.04,977.6,216,761,0.211870193481,0,25,0,6,23,21,2,268.44,1436.0,248,469,0.486219882965,0,28,0,6,6,29,1,-29.88,-159.4,323,660,0.633355617523,0,20,0,3,39,46,1,-34.44,-179.4,1012,321,0.494777202606,0,0,0,3,32,27,1,249.64,1300.0,2039,275,0.996710300446,0,15,0,1,137,37,1,-19.48,-102.4,237,171,0.231835365295,0,0,0,0,28,24,2,511.32,2687.0,725,684,0.709352970123,0,30,0,1,128,29,1,-13.28,-69.8,993,457,0.971111774445,0,55,0,0,18,41,1,-562.44,-2955.6,133,417,0.130407810211,0,14,0,0,12,30,1,212.84,1118.6,107,137,0.10472536087,0,18,0,6,7,33,1,216.44,1158.6,216,334,0.423340320587,0,19,0,6,22,35,2,-182.0,-971.6,377,626,0.738966941833,0,20,0,6,16,39,1,-489.8,-2616.4,51,59,0.099916934967,0,11,0,6,10,28,2,740.16,3945.4,245,154,0.479747772217,0,19,0,6,21,27,2,-692.68,-3706.6,99,1000,0.195649147034,0,19,0,6,9,46,1,224.64,1199.6,128,649,0.251729488373,0,0,0,3,6,29,1,31.52,164.0,1753,92,0.856838226318,0,1,0,3,38,44,1,67.4,351.0,1039,964,0.508280277252,0,0,0,3,9,39,1,60.92,317.2,1426,70,0.697003364563,0,0,0,3,23,40,1,89.24,464.8,320,132,0.156466007233,0,0,0,3,16,42,1,-5.16,-27.0,515,397,0.251900196075,0,0,0,3,13,30,1,149.56,778.8,974,934,0.476496696472,0,11,0,0,24,28,1,-612.16,-3217.0,483,67,0.472205162048,0,8,0,0,23,42,1,59.84,314.4,687,387,0.671924114227,0,0,0,0,25,38,1,476.48,2504.0,199,714,0.195208072662,0,9,0,5,7,34,1,-19.24,-101.2,237,185,0.231848239899,0,2,0,5,3,37,1,-52.68,-276.8,573,688,0.560774326324,0,9,0
1,0,94563000,105345000,94549000,94563000,94563000,0.0,0.0,0.0,0,0.0,37,2,0,2,19,24,2,51.04,268.2,1661,364,0.624003887177,1,27,0,2,33,22,2,-190.24,-999.8,351,923,0.343989849091,0,26,0,2,21,34,1,423.36,2224.6,636,1006,0.622661590576,0,15,0,0,15,28,1,-414.56,-2178.4,904,818,0.884457111359,0,17,0,5,2,31,2,-14.36,-75.4,469,307,0.458748817444,0,21,0,2,27,42,1,145.4,764.0,362,922,0.354741573334,0,14,0,2,26,36,2,-551.48,-2898.0,1939,32,0.895436763763,1,21,0,2,29,26,1,-160.68,-844.4,2757,1004,0.695973873138,2,22,0,0,32,35,1,184.48,969.6,216,114,0.211253166199,0,17,0,6,23,20,1,267.96,1433.4,248,2,0.485328197479,0,27,0,6,6,26,1,-28.76,-153.4,323,712,0.633456230164,0,30,0,3,39,38,1,-35.8,-186.4,1012,565,0.494893550873,0,3,0,3,32,27,1,248.76,1295.4,2037,580,0.995878219604,0,16,0,1,137,41,1,-20.36,-107.0,237,240,0.23190164566,0,6,0,0,28,24,2,510.76,2684.2,723,961,0.707663059235,0,31,0,1,128,27,1,-26.52,-139.4,993,537,0.971187591553,0,36,0,0,10,36,1,488.6,2567.6,139,854,0.136691093445,0,25,0,0,18,41,1,-563.8,-2962.8,135,331,0.132280826569,0,12,0,0,12,43,1,212.32,1115.8,106,412,0.104010105133,0,15,0,6,7,37,1,216.44,1158.6,215,987,0.422630786896,0,20,0,6,22,31,2,-183.84,-981.4,377,943,0.73957157135,0,27,0,6,16,42,1,-491.4,-2624.8,51,913,0.101551055908,0,13,0,6,10,32,2,739.2,3940.4,243,915,0.477288246155,0,22,0,6,21,26,1,-693.4,-3710.6,101,166,0.197969436646,0,24,0,6,9,45,1,223.48,1193.4,128,258,0.250982761383,0,3,0,3,6,43,1,31.16,162.2,1752,895,0.856732368469,0,3,0,3,38,45,1,66.16,344.4,1039,498,0.508058071136,0,2,0,3,9,42,1,59.84,311.6,1425,673,0.696802139282,0,3,0,3,23,45,1,88.4,460.4,319,536,0.156169891357,0,3,0,3,16,44,1,-6.24,-32.6,515,435,0.251918792725,0,2,0,3,13,25,1,148.52,773.4,973,947,0.476014137268,0,18,0,0,24,29,1,-613.32,-3223.0,485,172,0.4742603302,0,12,0,0,23,46,1,58.92,309.6,687,179,0.671726226807,0,3,0,0,25,39,1,476.0,2501.4,198,77,0.193622112274,0,10,0,5,7,37,1,-20.28,-106.6,237,255,0.231915473938,0,11,0,5,3,40,1,-53.76,-282.4,573,879,0.560957431793,0,12,0
1,0,94564000,105346000,94550000,94564000,94564000,0.0,0.0,0.0,0,0.0,34,2,0,2,19,23,2,50.88,267.4,1661,188,0.62383556366,1,26,0,2,21,30,1,423.64,2226.2,635,518,0.621218204498,0,14,0,5,2,31,2,-14.16,-74.6,469,340,0.458780288696,0,20,0,2,27,41,1,146.28,768.6,362,404,0.354247093201,0,11,0,2,26,39,1,-551.16,-2896.4,1940,904,0.897246837616,1,14,0,2,29,32,1,-160.24,-842.0,2758,536,0.696504592896,2,20,0,0,32,31,1,181.2,952.2,215,491,0.210635662079,0,20,0,6,23,28,1,268.24,1434.8,247,558,0.484434127808,0,28,0,6,6,26,1,-29.92,-159.8,323,767,0.633560657501,0,27,0,3,39,38,1,-34.88,-181.6,1012,808,0.495009422302,0,0,0,3,32,27,1,248.88,1296.0,2035,887,0.995047092438,0,16,0,1,137,39,1,-19.4,-102.0,237,307,0.231965065002,0,0,0,0,28,25,2,510.96,2685.2,722,239,0.705995559692,0,33,0,0,10,29,1,488.76,2568.4,138,183,0.135073184967,0,20,0,0,18,44,1,-563.0,-2958.4,137,247,0.134155750275,0,9,0,0,12,44,1,213.04,1119.4,105,688,0.103296279907,0,6,0,6,7,37,1,216.32,1158.0,215,607,0.421904563904,0,16,0,6,22,39,2,-182.88,-976.2,378,248,0.740201473236,0,20,0,6,16,32,1,-487.84,-2606.0,52,746,0.103187084198,0,22,0,6,10,32,2,740.04,3944.8,242,644,0.474812984467,0,18,0,6,21,31,2,-692.84,-3707.4,102,353,0.200284957886,0,20,0,6,9,45,1,224.28,1197.6,127,890,0.250234127045,0,0,0,3,6,39,1,31.84,165.8,1752,671,0.856625556946,0,0,0,3,38,45,1,66.92,348.6,1039,29,0.507833957672,0,0,0,3,9,39,1,60.6,315.4,1425,248,0.69659948349,0,0,0,3,23,44,1,89.08,464.0,318,936,0.155872344971,0,0,0,3,16,41,1,-5.36,-28.0,515,472,0.251936435699,0,0,0,3,13,25,1,149.76,779.8,972,926,0.475515365601,0,25,0,0,24,23,1,-613.64,-3224.8,487,272,0.47631072998,0,16,0,0,23,42,1,59.64,313.4,686,994,0.671526432037,0,0,0,0,25,36,1,476.64,2504.6,196,460,0.192033290863,0,3,0,5,7,35,1,-19.36,-101.8,237,322,0.231979370117,0,1,0,5,3,38,1,-53.6,-281.6,574,34,0.561127662659,0,8,0,1,129,34,1,-19.72,-103.6,595,3,0.581625938416,0,0,0,,,,,,,,,,,,,,,,,,,,,,,,
1,0,94565000,105347000,94551000,94565000,94565000,0.0,0.0,0.0,0,0.0,35,2,0,2,19,24,2,51.68,271.6,1661,5,0.623661518097,1,26,0,2,21,34,2,424.24,2229.4,634,93,0.61983537674,0,14,0,0,15,20,1,-415.32,-2182.4,907,661,0.887239456177,0,27,0,5,2,36,1,-13.52,-71.0,469,355,0.458795547485,0,14,0,2,27,39,1,146.12,768.0,361,909,0.353751659393,0,10,0,2,26,35,1,-551.04,-2895.8,1942,778,0.899081707001,1,10,0,2,29,27,1,-159.68,-839.2,2759,52,0.697019577026,2,21,0,0,32,33,1,184.76,970.8,214,874,0.210023403168,0,14,0,6,23,22,2,266.52,1425.6,247,87,0.483533382416,0,28,0,6,6,23,1,-29.2,-155.8,323,821,0.633663654327,0,27,0,3,39,37,1,-34.92,-181.8,1013,25,0.495124816895,0,0,0,3,32,35,1,249.2,1297.6,2034,131,0.994197845459,0,12,0,1,137,39,1,-19.12,-100.4,237,373,0.232028484344,0,0,0,0,28,24,2,511.2,2686.4,720,510,0.704299926758,0,31,0,0,10,31,1,488.88,2569.2,136,520,0.133439064026,0,17,0,0,18,44,1,-562.96,-2958.4,139,161,0.136029243469,0,2,0,0,12,46,1,213.36,1121.2,104,962,0.102580547333,0,1,0,6,7,34,1,216.28,1157.8,215,229,0.421181678772,0,20,0,6,22,29,2,-183.08,-977.4,378,556,0.740790367126,0,19,0,6,16,38,1,-491.08,-2623.4,53,581,0.104828834534,0,17,0,6,10,32,1,740.0,3944.6,241,373,0.472338676453,0,18,0,6,21,34,1,-694.0,-3713.8,103,540,0.202598571777,0,17,0,6,9,43,1,224.4,1198.2,127,498,0.249485492706,0,0,0,3,6,41,1,32.0,166.6,1752,447,0.856518745422,0,0,0,3,38,45,1,67.24,350.0,1038,582,0.507609367371,0,0,0,3,9,42,1,60.64,315.8,1424,847,0.696396827698,0,0,0,3,23,45,1,89.16,464.4,318,311,0.15557384491,0,0,0,3,16,41,1,-5.44,-28.4,515,509,0.251954078674,0,0,0,3,13,25,1,149.76,779.8,971,926,0.475026607513,0,26,0,0,24,31,1,-613.24,-3222.6,489,365,0.478354454041,0,19,0,0,23,44,1,59.56,313.0,686,785,0.671326637268,0,0,0,0,25,35,1,477.52,2509.4,194,843,0.19044303894,0,0,0,5,7,37,1,-19.08,-100.2,237,388,0.232042312622,0,0,0,5,3,38,1,-53.24,-279.8,574,214,0.561299800873,0,9,0,1,129,37,1,-19.64,-103.2,595,70,0.581689834595,0,0,0,,,,,,,,,,,,
1,0,94566000,105348000,94552000,94566000,94566000,0.0,0.0,0.0,0,0.0,37,2,0,2,19,23,2,51.68,271.6,1660,848,0.623488426208,1,20,0,2,7,18,2,-286.16,-1503.8,669,70,0.654026508331,0,27,0,2,33,20,2,-188.88,-992.6,353,881,0.345905303955,0,25,0,2,21,29,2,424.12,2228.8,632,651,0.618412971497,0,17,0,0,15,21,1,-412.8,-2169.4,909,37,0.888599395752,0,29,0,5,2,41,1,-14.08,-74.0,469,384,0.458822250366,0,10,0,2,27,40,1,146.08,767.6,361,404,0.353269577026,0,8,0,2,26,37,1,-551.28,-2897.0,1944,668,0.900931835175,1,14,0,2,29,30,1,-160.16,-841.6,2759,643,0.697583675385,2,19,0,0,32,30,1,184.0,967.0,214,229,0.209407806396,0,12,0,6,23,22,1,268.4,1435.8,246,645,0.48264169693,0,27,0,6,6,21,1,-28.12,-150.0,323,874,0.633764266968,0,27,0,3,39,37,1,-34.36,-178.8,1013,267,0.495240211487,0,0,0,3,32,26,1,249.76,1300.6,2032,452,0.993373394012,0,14,0,1,137,39,1,-19.24,-101.0,237,440,0.232092380524,0,0,0,0,28,24,2,509.0,2674.8,718,787,0.702609062195,0,34,0,0,10,30,1,489.6,2573.0,134,838,0.131788253784,0,18,0,0,18,43,1,-562.96,-2958.4,141,81,0.137907505035,0,2,0,0,12,46,1,213.0,1119.4,104,225,0.101877212524,0,0,0,6,7,25,1,216.04,1156.6,214,873,0.42045545578,0,21,0,6,22,29,2,-182.56,-974.4,378,882,0.741412639618,0,20,0,6,16,30,1,-490.8,-2621.6,54,410,0.106459617615,0,17,0,6,10,27,2,740.32,3946.4,240,104,0.469867229462,0,22,0,6,21,38,1,-693.68,-3712.0,104,727,0.20491361618,0,15,0,6,9,43,1,224.32,1197.8,127,107,0.248737335205,0,0,0,3,6,41,1,32.28,168.2,1752,224,0.856411933899,0,0,0,3,38,46,1,67.4,351.0,1038,111,0.507384777069,0,0,0,3,9,42,1,60.8,316.6,1424,423,0.696194648743,0,0,0,3,23,43,1,89.2,464.4,317,712,0.155276298523,0,0,0,3,16,42,1,-5.2,-27.2,515,547,0.251972198486,0,0,0,3,13,26,1,149.6,779.0,970,917,0.474533557892,0,24,0,0,24,26,1,-612.84,-3220.4,491,461,0.480401515961,0,18,0,0,23,44,1,59.8,314.2,686,577,0.671127796173,0,0,0,0,25,36,1,477.04,2507.0,193,200,0.188852310181,0,1,0,5,7,36,1,-19.16,-100.6,237,454,0.232105731964,0,0,0,5,3,32,1,-53.2,-279.6,574,403,0.561480522156,0,7,0
1,0,94567000,105349000,94553000,94567000,94567000,0.0,0.0,0.0,0,0.0,34,2,0,2,19,22,2,51.24,269.4,1660,678,0.623326301575,1,18,0,2,21,23,1,423.96,2228.0,631,207,0.617011070251,0,19,0,5,2,36,1,-14.0,-73.6,469,438,0.458873748779,0,11,0,2,12,17,2,306.32,1609.8,323,765,0.316468238831,0,29,0,2,27,38,1,146.24,768.4,360,917,0.352782249451,0,3,0,2,26,35,1,-550.88,-2894.8,1946,553,0.90277671814,1,9,0,2,29,30,2,-161.08,-846.4,2760,168,0.698108673096,2,18,0,0,32,31,1,185.44,974.4,213,607,0.208791732788,0,14,0,6,23,21,1,269.2,1440.0,246,174,0.481741905212,0,27,0,6,6,21,1,-29.52,-157.6,323,926,0.633864402771,0,27,0,3,39,37,1,-34.64,-180.4,1013,510,0.495356082916,0,0,0,1,137,38,1,-19.08,-100.2,237,507,0.232156276703,0,0,0,0,28,23,2,513.04,2696.0,717,49,0.700926780701,0,31,0,0,10,34,1,489.36,2571.6,133,165,0.130167961121,0,18,0,0,18,40,1,-562.56,-2956.2,143,1,0.139786720276,0,3,0,0,12,44,1,213.24,1120.6,103,502,0.101163864136,0,1,0,6,7,26,1,215.92,1155.8,214,496,0.419735908508,0,23,0,6,22,34,2,-181.8,-970.6,379,183,0.742034435272,0,23,0,6,16,37,1,-490.16,-2618.4,55,242,0.108096122742,0,16,0,6,10,26,2,740.84,3949.2,238,860,0.467397212982,0,27,0,6,21,29,1,-694.12,-3714.4,105,914,0.207227706909,0,19,0,6,9,42,1,224.32,1198.0,126,740,0.247990131378,0,0,0,3,6,41,1,32.08,167.0,1751,1023,0.856304645538,0,0,0,3,38,45,1,67.44,351.0,1037,666,0.507160663605,0,0,0,3,9,43,1,60.76,316.4,1424,0,0.695992469788,0,0,0,3,23,44,1,89.52,466.2,317,88,0.154978752136,0,0,0,3,16,43,1,-5.16,-27.0,515,583,0.251989364624,0,0,0,3,13,26,1,150.2,782.0,969,865,0.474020004272,0,26,0,0,24,26,1,-613.52,-3224.2,493,555,0.482445716858,0,17,0,0,23,42,1,59.6,313.2,686,368,0.670928955078,0,0,0,0,25,35,1,477.4,2508.6,191,582,0.187262058258,0,1,0,5,7,36,1,-19.04,-100.2,237,522,0.23217010498,0,0,0,5,3,36,1,-52.84,-277.8,574,587,0.56165599823,0,6,0,1,129,41,1,-19.36,-101.8,595,207,0.581820487976,0,0,0,,,,,,,,,,,,,,,,,,,,,,,,
1,0,94568000,105350000,94554000,94568000,94568000,0.0,0.0,0.0,0,0.0,37,2,0,2,19,21,2,51.72,271.8,1660,501,0.623157024384,1,26,0,2,7,20,2,-285.44,-1500.0,671,5,0.655919075012,0,25,0,2,33,18,2,-187.76,-986.8,355,170,0.34718132019,0,26,0,2,21,31,1,424.28,2229.6,629,757,0.615581512451,0,20,0,5,2,43,1,-14.04,-73.8,469,484,0.458918094635,0,11,0,2,12,20,2,309.16,1624.6,322,719,0.315446853638,0,25,0,2,27,36,1,146.12,768.0,360,403,0.352291107178,0,3,0,2,26,34,1,-550.96,-2895.2,1948,409,0.90459394455,1,13,0,2,29,28,2,-159.4,-837.6,2760,718,0.698633670807,2,19,0,0,32,30,1,184.92,971.6,212,1020,0.208207607269,0,27,0,6,23,21,1,267.4,1430.4,245,724,0.480836868286,0,27,0,6,6,22,1,-28.76,-153.4,323,978,0.633964538574,0,27,0,3,39,37,1,-34.64,-180.4,1013,751,0.495471000671,0,0,0,3,32,27,1,248.84,1295.8,2029,37,0.99170923233,0,14,0,1,137,38,1,-19.12,-100.4,237,573,0.232219219208,0,0,0,0,28,21,2,512.08,2691.0,715,335,0.699244976044,0,31,0,0,10,22,1,490.12,2575.6,131,500,0.128532409668,0,26,0,0,18,44,1,-562.68,-2956.8,144,943,0.141663074493,0,0,0,0,12,43,1,212.96,1119.0,102,779,0.100451469421,0,0,0,6,7,28,1,217.04,1161.8,214,116,0.419009208679,0,22,0,6,22,27,2,-183.16,-977.8,379,509,0.742656230927,0,23,0,6,16,36,1,-490.6,-2620.8,56,72,0.109726905823,0,15,0,6,10,25,2,739.72,3943.0,237,593,0.4649310112,0,27,0,6,21,38,1,-693.64,-3711.8,107,74,0.209535121918,0,14,0,6,9,43,1,223.84,1195.4,126,348,0.247241973877,0,0,0,3,6,42,1,32.04,166.8,1751,799,0.856197834015,0,0,0,3,38,45,1,67.4,351.0,1037,194,0.506935596466,0,0,0,3,9,42,1,60.8,316.6,1423,599,0.695789337158,0,0,0,3,23,46,1,89.28,464.8,316,488,0.15468120575,0,0,0,3,16,43,1,-5.2,-27.2,515,621,0.252007007599,0,0,0,3,13,24,1,150.08,781.6,968,826,0.473512649536,0,26,0,0,24,26,1,-612.48,-3218.6,495,655,0.484497070312,0,25,0,0,23,46,1,59.44,312.4,686,159,0.670729637146,0,0,0,0,25,40,1,476.92,2506.2,189,963,0.185670852661,0,0,0,5,7,33,1,-19.16,-100.6,237,588,0.232233047485,0,0,0,5,3,37,1,-53.0,-278.6,574,773,0.561833381653,0,5,0
1,0,94569000,105351000,94555000,94569000,94569000,0.0,0.0,0.0,0,0.0,38,2,0,2,19,22,2,51.36,270.0,1660,324,0.62298822403,1,27,0,2,7,22,2,-284.84,-1496.8,671,992,0.6568608284,0,26,0,2,33,18,2,-188.6,-991.0,355,840,0.347821235657,0,26,0,2,21,25,2,423.68,2226.6,628,334,0.614200115204,0,24,0,5,2,37,1,-13.88,-72.8,469,526,0.458957672119,0,9,0,5,4,18,1,112.64,592.0,930,1015,0.910059928894,0,61,0,2,12,22,2,308.64,1621.8,321,668,0.314421653748,0,25,0,2,27,37,1,145.96,767.0,359,919,0.351806163788,0,0,0,2,26,31,1,-550.88,-2895.0,1950,287,0.906432628632,1,11,0,2,29,27,2,-160.84,-845.2,2761,262,0.699175357819,2,27,0,0,32,29,1,185.36,974.2,212,399,0.207615375519,0,23,0,6,23,21,1,266.48,1425.6,245,256,0.479942321777,0,27,0,6,6,23,1,-29.56,-157.6,324,7,0.634065151215,0,27,0,3,39,39,1,-34.6,-180.2,1013,994,0.495586872101,0,0,0,3,32,32,1,249.32,1298.2,2027,334,0.990873336792,0,25,0,1,137,40,1,-18.92,-99.4,237,640,0.232283115387,0,0,0,0,28,22,2,510.96,2685.0,713,605,0.69754743576,0,30,0,0,10,33,1,489.24,2571.0,129,831,0.126893997192,0,20,0,0,18,45,1,-563.08,-2959.0,146,862,0.14354133606,0,0,0,0,12,45,1,213.04,1119.6,102,34,0.099739551544,0,0,0,6,7,32,1,216.52,1159.0,213,760,0.418283939362,0,18,0,6,22,31,2,-183.08,-977.4,379,826,0.743261814117,0,22,0,6,16,38,1,-491.0,-2622.8,56,928,0.11136341095,0,14,0,6,10,25,1,739.68,3942.8,236,327,0.462466239929,0,22,0,6,21,34,1,-693.6,-3711.6,108,252,0.211833000183,0,16,0,6,9,43,1,223.96,1195.8,125,982,0.246495723724,0,0,0,3,6,41,1,32.16,167.6,1751,575,0.856091022491,0,0,0,3,38,45,1,67.4,351.0,1036,747,0.506710529327,0,0,0,3,9,41,1,60.72,316.2,1423,175,0.695587158203,0,0,0,3,23,43,1,89.16,464.2,315,891,0.1543841362,0,0,0,3,16,43,1,-5.32,-27.6,515,659,0.252025604248,0,0,0,3,13,23,1,149.92,780.6,967,796,0.473009586334,0,26,0,0,24,27,1,-613.24,-3222.6,497,753,0.486545085907,0,18,0,0,23,45,1,59.6,313.2,685,976,0.670531749725,0,0,0,0,25,33,1,477.4,2508.8,188,321,0.184080123901,0,0,0,5,7,36,1,-18.88,-99.2,237,654,0.232296466827,0,0,0
1,0,94570000,105352000,94556000,94570000,94570000,0.0,0.0,0.0,0,0.0,39,2,0,2,19,22,2,51.04,268.2,1660,157,0.622828483582,1,27,0,2,7,20,2,-285.8,-1501.8,672,965,0.657813549042,0,26,0,2,33,19,2,-189.48,-995.6,356,483,0.348457813263,0,28,0,2,21,25,2,424.2,2229.2,626,888,0.612773418427,0,23,0,0,15,21,1,-414.56,-2178.6,914,659,0.894079685211,0,31,0,5,2,41,1,-13.8,-72.6,469,576,0.459005355835,0,9,0,5,4,16,1,112.64,592.0,930,642,0.909704685211,0,53,0,2,12,21,2,307.76,1617.2,320,620,0.313398361206,0,25,0,2,27,36,1,145.72,765.6,359,409,0.351319313049,0,0,0,2,26,35,1,-551.2,-2896.6,1952,169,0.908275127411,1,8,0,2,29,27,2,-160.32,-842.4,2761,790,0.699679851532,2,26,0,0,32,38,1,184.8,971.2,211,739,0.206962108612,0,18,0,6,23,19,1,269.08,1439.4,244,815,0.479054450989,0,29,0,6,6,23,1,-28.84,-154.0,324,58,0.634162425995,0,26,0,3,39,42,1,-34.88,-181.6,1014,214,0.495703697205,0,0,0,3,32,27,1,249.32,1298.2,2025,634,0.990039348602,0,17,0,1,137,38,1,-19.32,-101.6,237,707,0.232346534729,0,0,0,0,28,21,2,511.48,2687.8,711,871,0.695847034454,0,28,0,0,10,22,1,488.68,2568.0,128,144,0.125259876251,0,19,0,0,18,43,1,-563.32,-2960.4,148,783,0.145420074463,0,0,0,0,12,39,1,212.8,1118.2,101,315,0.099030017853,0,0,0,6,7,30,1,216.28,1157.8,213,373,0.417542934418,0,17,0,6,22,26,2,-183.76,-981.0,380,122,0.743874073029,0,23,0,6,16,40,1,-491.0,-2622.8,57,755,0.112990379333,0,12,0,6,10,31,1,739.4,3941.4,235,55,0.459987640381,0,19,0,6,21,30,1,-693.32,-3710.0,109,441,0.214150428772,0,15,0,6,9,47,1,223.48,1193.4,125,592,0.245749950409,0,0,0,3,6,42,1,31.72,165.2,1751,353,0.855984687805,0,0,0,3,38,41,1,67.24,350.2,1036,278,0.5064868927,0,0,0,3,9,39,1,60.28,313.8,1422,776,0.695385456085,0,0,0,3,23,47,1,88.8,462.4,315,270,0.154088020325,0,0,0,3,16,45,1,-5.6,-29.0,515,696,0.252043247223,0,0,0,3,13,23,1,149.72,779.6,966,778,0.472512245178,0,26,0,0,24,32,1,-612.6,-3219.4,499,829,0.488573074341,0,17,0,0,23,45,1,59.08,310.4,685,769,0.670333385468,0,0,0,0,25,39,1,476.52,2504.2,186,707,0.182494163513,0,8,0
1,0,94571000,105353000,94557000,94571000,94571000,0.0,0.0,0.0,0,0.0,37,2,0,2,19,21,2,49.8,261.8,1660,15,0.622693061829,1,27,0,2,7,21,2,-285.2,-1498.8,673,937,0.658763885498,0,26,0,2,33,19,2,-189.12,-994.0,357,128,0.349096298218,0,26,0,2,21,28,2,424.4,2230.2,625,404,0.611334323883,0,19,0,5,2,38,1,-14.0,-73.6,469,620,0.459047794342,0,2,0,5,4,16,1,112.64,592.0,930,274,0.909353256226,0,46,0,2,12,23,2,307.88,1618.0,319,576,0.312378406525,0,25,0,2,27,33,1,145.68,765.6,358,924,0.350833892822,0,0,0,2,26,37,1,-551.32,-2897.2,1954,47,0.91011428833,1,1,0,2,29,31,2,-159.28,-837.0,2762,337,0.700224876404,2,22,0,0,32,34,1,184.2,968.0,211,70,0.206323623657,0,13,0,6,23,21,2,266.52,1425.8,244,346,0.478157997131,0,28,0,6,6,27,1,-29.52,-157.4,324,109,0.634260654449,0,23,0,3,39,46,1,-35.28,-183.6,1014,458,0.495820045471,0,0,0,3,32,28,1,248.72,1295.2,2023,951,0.98921251297,0,14,0,1,137,40,1,-19.56,-102.8,237,774,0.232410430908,0,0,0,0,28,21,2,510.52,2682.8,710,108,0.694140911102,0,29,0,0,10,22,1,489.0,2569.6,126,495,0.123640060425,0,26,0,0,18,44,1,-563.52,-2961.4,150,703,0.147299289703,0,0,0,0,12,45,1,212.48,1116.6,100,595,0.098320484161,0,0,0,6,7,29,1,216.08,1156.8,212,1023,0.416829109192,0,17,0,6,22,26,2,-183.28,-978.4,380,446,0.744493484497,0,22,0,6,16,43,1,-491.32,-2624.6,58,590,0.114631175995,0,9,0,6,10,29,1,740.4,3946.8,233,815,0.457528114319,0,22,0,6,21,34,1,-694.2,-3714.8,110,623,0.216456413269,0,19,0,6,9,45,1,223.16,1191.8,125,202,0.245004653931,0,0,0,3,6,42,1,31.52,164.2,1751,130,0.855878829956,0,0,0,3,38,42,1,66.68,347.2,1035,834,0.50626373291,0,0,0,3,9,39,1,60.32,314.2,1422,353,0.69518327713,0,0,0,3,23,45,1,88.4,460.2,314,673,0.153791904449,0,0,0,3,16,45,1,-5.88,-30.6,515,734,0.252061367035,0,0,0,0,24,37,1,-612.88,-3220.8,501,898,0.490593910217,0,11,0,0,23,41,1,58.76,308.8,685,562,0.670136451721,0,0,0,0,25,37,1,476.24,2502.6,185,61,0.180899620056,0,8,0,5,7,36,1,-19.52,-102.6,237,788,0.232423782349,0,0,0,5,3,37,1,-52.84,-277.6,575,306,0.562365055084,0,2,0
1,0,94572000,105354000,94558000,94572000,94572000,0.0,0.0,0.0,0,0.0,38,2,0,2,19,22,2,51.52,270.8,1659,838,0.622501373291,1,27,0,2,7,22,2,-285.0,-1497.6,674,913,0.659718036652,0,26,0,2,33,20,2,-189.0,-993.2,357,795,0.349732875824,0,26,0,2,21,34,1,424.52,2231.0,623,952,0.609902381897,0,14,0,5,2,44,1,-13.64,-71.6,469,668,0.459094047546,0,0,0,5,4,15,1,111.68,586.8,929,910,0.908982753754,0,42,0,2,12,24,2,307.48,1616.0,318,529,0.31135559082,0,19,0,2,27,28,1,145.64,765.4,358,413,0.350346088409,0,11,0,2,26,37,1,-550.92,-2895.2,1955,951,0.911954402924,1,0,0,2,29,26,2,-158.8,-834.6,2762,874,0.700737476349,2,28,0,0,32,34,1,184.16,967.8,210,451,0.205709457397,0,9,0,6,23,21,1,267.04,1428.6,243,905,0.477268218994,0,28,0,6,6,32,1,-29.04,-155.0,324,163,0.634363174438,0,17,0,3,39,45,1,-34.6,-180.0,1014,702,0.495936393738,0,0,0,3,32,28,1,249.88,1301.0,2022,251,0.988389492035,0,14,0,1,137,40,1,-18.68,-98.2,237,841,0.232474803925,0,0,0,0,28,23,2,511.68,2689.0,708,360,0.692426204681,0,26,0,1,128,27,1,-19.88,-104.4,996,130,0.973731994629,0,63,0,0,10,28,1,488.8,2568.8,124,835,0.122010231018,0,19,0,0,18,42,1,-562.88,-2957.8,152,624,0.149178504944,0,0,0,0,12,42,1,212.96,1119.0,99,876,0.09761095047,0,0,0,6,7,22,1,216.0,1156.4,212,650,0.416115283966,0,26,0,6,22,34,2,-182.96,-976.6,380,776,0.745124340057,0,19,0,6,16,46,1,-490.88,-2622.2,59,424,0.116271495819,0,5,0,6,10,34,1,739.88,3944.0,232,548,0.455059528351,0,17,0,6,21,35,1,-693.72,-3712.2,111,822,0.21879196167,0,19,0,6,9,45,1,223.68,1194.4,124,836,0.24425983429,0,0,0,3,6,39,1,32.16,167.6,1750,934,0.855773448944,0,0,0,3,38,42,1,67.48,351.4,1035,365,0.506039619446,0,0,0,3,9,42,1,60.8,316.6,1421,955,0.694982051849,0,0,0,3,23,40,1,89.32,465.0,314,54,0.153495788574,0,0,0,3,16,42,1,-5.08,-26.4,515,775,0.252080917358,0,0,0,0,24,39,1,-612.6,-3219.2,503,984,0.492630958557,0,8,0,0,23,41,1,59.44,312.4,685,356,0.669939517975,0,0,0,0,25,37,1,476.92,2506.2,183,445,0.179311275482,0,7,0,5,7,36,1,-18.64,-98.0,237,855,0.232488155365,0,1,0
1,0,94573000,105355000,94559000,94573000,94573000,0.0,0.0,0.0,0,0.0,38,2,0,2,19,22,2,50.84,267.2,1659,658,0.622329235077,1,28,0,2,7,21,2,-284.48,-1494.8,675,882,0.660666942596,0,27,0,2,33,21,2,-187.2,-983.6,358,440,0.350371837616,0,28,0,2,21,34,1,423.96,2228.0,622,515,0.608508110046,0,12,0,0,15,21,2,-414.96,-2180.6,918,905,0.898225307465,0,30,0,5,2,40,1,-13.76,-72.2,469,716,0.459139823914,0,0,0,5,4,15,1,111.68,586.8,929,524,0.90861415863,0,38,0,2,12,25,1,307.52,1616.0,317,473,0.310325145721,0,17,0,2,27,26,1,145.52,764.6,357,934,0.349865436554,0,15,0,2,26,38,1,-551.24,-2896.8,1957,830,0.91379404068,1,1,0,2,29,31,1,-159.56,-838.4,2763,407,0.70126914978,2,19,0,0,32,31,1,184.44,969.4,209,844,0.205107688904,0,17,0,6,23,19,1,268.16,1434.6,243,439,0.476377487183,0,29,0,6,6,34,1,-29.2,-155.8,324,220,0.634472370148,0,14,0,3,39,43,1,-34.88,-181.6,1014,946,0.496052742004,0,0,0,1,137,39,1,-19.2,-101.0,237,908,0.232538700104,0,0,0,0,28,24,2,511.08,2685.8,706,608,0.6907081604,0,26,0,0,10,30,1,489.08,2570.2,123,143,0.120371341705,0,14,0,0,18,39,1,-563.24,-2959.8,154,545,0.151058197021,0,0,0,0,12,39,1,212.68,1117.8,99,133,0.096901416779,0,0,0,6,7,29,1,216.16,1157.2,212,273,0.415395736694,0,22,0,6,22,29,2,-183.12,-977.4,381,81,0.745751857758,0,22,0,6,16,47,1,-491.24,-2624.2,60,257,0.117909431458,0,0,0,6,10,30,2,739.24,3940.4,231,281,0.452593326569,0,23,0,6,21,35,1,-693.8,-3712.6,112,1012,0.221113681793,0,18,0,6,9,40,1,223.2,1191.8,124,446,0.243515491486,0,0,0,3,6,42,1,31.8,165.6,1750,712,0.855667591095,0,0,0,3,38,42,1,67.28,350.4,1034,920,0.505815982819,0,0,0,3,9,42,1,60.48,315.0,1421,534,0.694780826569,0,0,0,3,23,46,1,88.6,461.4,313,458,0.153200626373,0,0,0,3,16,43,1,-5.52,-28.6,515,814,0.252099514008,0,0,0,3,13,37,1,150.04,781.2,963,656,0.470987796783,0,9,0,0,24,42,1,-612.76,-3220.0,506,55,0.494676113129,0,6,0,0,23,44,1,58.88,309.4,685,150,0.669742584229,0,0,0,0,25,37,1,476.48,2504.0,181,815,0.177708625793,0,7,0,5,7,36,1,-19.04,-100.2,237,922,0.232552051544,0,0,0
1,0,94574000,105356000,94560000,94574000,94574000,0.0,0.0,0.0,0,0.0,37,2,0,2,19,22,2,51.12,268.6,1659,476,0.622155189514,1,26,0,2,7,22,2,-285.2,-1498.6,676,848,0.661612033844,0,26,0,2,33,22,2,-189.52,-996.0,359,85,0.351010322571,0,26,0,2,21,29,2,423.96,2228.0,621,60,0.607095718384,0,18,0,5,2,42,1,-13.68,-71.8,469,765,0.459186553955,0,0,0,5,4,15,1,111.68,586.8,929,145,0.908252239227,0,36,0,2,12,25,1,307.28,1614.8,316,428,0.309304237366,0,14,0,2,27,24,1,146.2,768.2,357,425,0.349380016327,0,25,0,2,26,36,1,-551.08,-2895.8,1959,696,0.915620803833,1,15,0,2,29,37,1,-159.6,-838.6,2763,959,0.701795578003,2,15,0,0,32,30,1,183.76,965.6,209,200,0.204492092133,0,17,0,6,6,34,1,-29.44,-157.0,324,274,0.6345744133,0,13,0,3,39,43,1,-35.16,-183.0,1015,167,0.496170043945,0,0,0,3,32,28,1,248.96,1296.4,2018,863,0.986727237701,0,18,0,1,137,35,1,-19.44,-102.2,237,975,0.232602596283,0,0,0,0,28,25,2,510.68,2683.8,704,857,0.688991069794,0,28,0,0,10,33,1,488.56,2567.4,121,480,0.118738174438,0,14,0,0,18,44,1,-563.56,-2961.4,156,466,0.152937889099,0,0,0,0,12,45,1,212.36,1115.8,98,415,0.096193313599,0,0,0,6,7,34,1,216.6,1159.4,211,917,0.414669513702,0,18,0,6,22,32,2,-183.04,-977.2,381,398,0.746357917786,0,22,0,6,16,47,1,-491.52,-2625.6,61,92,0.119549751282,0,0,0,6,10,30,2,739.52,3942.2,230,12,0.450121879578,0,22,0,6,21,41,1,-694.08,-3714.2,114,175,0.223427772522,0,13,0,6,9,45,1,222.84,1190.0,124,57,0.242772102356,0,0,0,3,6,42,1,31.6,164.4,1750,491,0.855562210083,0,0,0,3,38,42,1,66.76,347.6,1034,451,0.505591869354,0,0,0,3,9,38,1,60.32,314.0,1421,113,0.694580078125,0,0,0,3,23,46,1,88.24,459.6,312,865,0.15290594101,0,0,0,3,16,44,1,-5.8,-30.2,515,854,0.252118587494,0,0,0,3,13,37,1,149.76,779.8,962,619,0.470481872559,0,5,0,0,24,42,1,-612.96,-3221.2,508,139,0.496712207794,0,6,0,0,23,41,1,58.56,307.8,684,968,0.669546127319,0,0,0,0,25,38,1,476.4,2503.4,180,178,0.176123142242,0,6,0,5,7,32,1,-19.36,-101.6,237,989,0.232615947723,0,0,0,5,3,39,1,-52.8,-277.4,575,861,0.56289434433,0,9,0
1,0,94575000,105357000,94561000,94575000,94575000,0.0,0.0,0.0,0,0.0,38,2,0,2,19,22,2,52.72,277.0,1659,300,0.621987819672,1,26,0,2,7,22,2,-285.04,-1498.0,677,820,0.662562847137,0,26,0,2,33,23,2,-188.6,-991.2,359,751,0.351645946503,0,27,0,2,21,28,2,424.84,2232.6,619,637,0.605691432953,0,20,0,5,2,42,1,-13.72,-72.0,469,813,0.459232330322,0,0,0,5,4,17,1,111.68,586.8,928,783,0.907883644104,0,34,0,2,12,26,1,307.16,1614.2,315,383,0.308284282684,0,14,0,2,27,24,2,145.16,762.8,356,948,0.34890127182,0,25,0,2,26,40,1,-551.32,-2897.2,1961,601,0.917485237122,1,14,0,2,29,37,1,-159.48,-838.0,2764,497,0.702332019806,2,10,0,0,32,32,1,184.48,969.4,208,570,0.203867912292,0,14,0,6,6,34,1,-29.24,-156.0,324,322,0.634667873383,0,11,0,3,39,44,1,-34.96,-182.2,1015,411,0.496286392212,0,0,0,3,32,26,1,248.8,1295.6,2017,132,0.985888957977,0,12,0,1,137,43,1,-19.04,-100.2,238,17,0.232666015625,0,0,0,0,28,24,2,510.96,2685.2,703,92,0.687283039093,0,29,0,1,128,27,1,-21.88,-114.8,994,364,0.972000598907,0,57,0,0,10,27,1,488.0,2564.4,119,823,0.11711025238,0,15,0,0,18,42,1,-563.6,-2961.8,158,387,0.15481710434,0,0,0,0,12,38,1,212.44,1116.4,97,696,0.095484733582,0,0,0,6,7,27,1,216.2,1157.4,211,536,0.413941860199,0,19,0,6,22,27,2,-183.88,-981.6,381,716,0.746965885162,0,21,0,6,16,46,1,-491.52,-2625.6,61,950,0.121190071106,0,0,0,6,10,23,1,739.8,3943.6,228,764,0.447644233704,0,27,0,6,21,41,1,-694.28,-3715.4,115,364,0.225746154785,0,11,0,6,9,44,1,222.92,1190.4,123,692,0.242028236389,0,0,0,3,6,40,1,31.68,165.0,1750,269,0.855456352234,0,0,0,3,38,41,1,67.24,350.2,1033,1006,0.50536775589,0,0,0,3,9,37,1,60.36,314.2,1420,715,0.694378852844,0,0,0,3,23,45,1,88.28,459.8,312,248,0.152611255646,0,0,0,3,16,43,1,-5.52,-28.8,515,893,0.252137184143,0,0,0,3,13,37,1,150.16,782.0,961,602,0.469984531403,0,1,0,0,24,43,1,-612.76,-3220.0,510,238,0.498761177063,0,2,0,0,23,42,1,58.72,308.6,684,762,0.669350147247,0,0,0,0,25,39,1,476.32,2503.0,178,566,0.174539089203,0,6,0,5,7,40,1,-19.08,-100.2,238,32,0.232679843903,0,0,0
1,0,94576000,105358000,94562000,94576000,94576000,0.0,0.0,0.0,0,0.0,39,2,0,2,19,22,2,52.24,274.6,1659,128,0.621823310852,1,26,0,2,7,21,2,-284.16,-1493.2,678,797,0.663517951965,0,25,0,2,33,23,2,-187.96,-987.6,360,381,0.352270126343,0,23,0,2,21,32,2,424.48,2230.8,618,175,0.604273319244,0,18,0,5,2,41,1,-13.4,-70.4,469,878,0.459293842316,0,13,0,5,4,16,1,111.68,586.8,928,399,0.907517433167,0,34,0,2,12,24,2,307.48,1615.8,314,333,0.307259082794,0,25,0,2,27,24,2,145.76,765.8,356,444,0.348420143127,0,22,0,2,26,29,1,-551.08,-2896.0,1963,456,0.919301509857,1,14,0,2,29,37,1,-159.0,-835.4,2765,33,0.70286655426,2,8,0,0,32,31,1,185.04,972.4,207,942,0.203246116638,0,14,0,6,23,19,2,266.12,1423.4,242,66,0.473709106445,0,31,0,6,6,33,1,-28.88,-154.2,324,374,0.634765625,0,11,0,3,39,42,1,-34.52,-179.6,1015,654,0.496402263641,0,0,0,3,32,27,1,248.76,1295.4,2015,440,0.985058307648,0,25,0,1,137,40,1,-18.68,-98.0,238,84,0.232730388641,0,0,0,0,28,24,2,510.44,2682.4,701,350,0.685574054718,0,29,0,1,128,28,1,-22.2,-116.6,994,437,0.972070217133,0,36,0,0,10,34,1,489.4,2571.8,118,134,0.115475654602,0,14,0,0,18,38,1,-563.24,-2959.8,160,308,0.156696796417,0,0,0,0,12,42,1,212.56,1117.0,96,979,0.094776630402,0,0,0,6,7,30,1,217.6,1164.8,211,161,0.413224697113,0,18,0,6,22,27,2,-183.08,-977.4,382,14,0.747582435608,0,23,0,6,16,45,1,-491.24,-2624.2,62,784,0.12283039093,0,0,0,6,10,31,1,740.48,3947.2,227,495,0.445173740387,0,20,0,6,21,33,1,-693.8,-3712.6,116,551,0.228059768677,0,15,0,6,9,44,1,223.2,1191.8,123,304,0.241285800934,0,0,0,3,6,39,1,32.2,167.6,1750,47,0.855350017548,0,0,0,3,38,42,1,67.52,351.6,1033,536,0.505144119263,0,0,0,3,9,38,1,60.8,316.6,1420,294,0.694177627563,0,0,0,3,23,46,1,88.52,461.0,311,656,0.152317047119,0,0,0,3,16,42,1,-5.12,-26.6,515,933,0.252156257629,0,0,0,3,13,38,1,150.72,784.8,960,575,0.469482898712,0,2,0,0,24,41,1,-612.32,-3217.8,512,326,0.500800132751,0,0,0,0,23,43,1,59.28,311.4,684,557,0.669154167175,0,0,0,0,25,37,1,476.76,2505.4,176,946,0.172946453094,0,5,0
1,0,94577000,105359000,94563000,94577000,94577000,0.0,0.0,0.0,0,0.0,36,2,0,2,19,22,2,51.8,272.2,1658,964,0.621643543243,1,25,0,2,7,21,2,-283.92,-1492.0,679,774,0.664474010468,0,27,0,2,33,23,2,-188.32,-989.6,360,1023,0.352883338928,0,26,0,2,21,27,1,424.24,2229.4,616,719,0.602837085724,0,20,0,5,2,31,1,-14.52,-76.2,469,938,0.459351539612,0,14,0,5,4,13,1,113.64,597.2,928,1,0.907137393951,0,34,0,2,12,22,2,307.0,1613.4,313,288,0.306237697601,0,27,0,2,27,23,2,145.08,762.4,355,963,0.347938537598,0,25,0,2,26,35,1,-551.44,-2897.8,1965,344,0.92115020752,1,10,0,2,29,37,1,-159.28,-837.0,2765,581,0.703389644623,2,6,0,6,23,19,1,265.28,1419.2,241,628,0.472825050354,0,31,0,6,6,32,1,-28.88,-154.0,324,424,0.634862422943,0,12,0,3,39,44,1,-34.92,-181.8,1015,898,0.496518611908,0,0,0,3,32,32,1,249.4,1298.8,2013,748,0.984228134155,0,18,0,1,137,42,1,-19.0,-99.8,238,151,0.232793807983,0,0,0,1,128,29,1,-18.32,-96.4,994,505,0.972135066986,0,28,0,0,10,31,1,488.88,2569.2,116,473,0.113843917847,0,13,0,0,18,45,1,-563.68,-2962.2,162,229,0.158576488495,0,0,0,0,12,44,1,212.4,1116.0,96,237,0.094068050385,0,0,0,6,7,29,1,217.0,1161.6,210,812,0.412510871887,0,22,0,6,16,43,1,-491.36,-2624.8,63,618,0.124470233917,0,0,0,6,10,34,1,739.48,3941.8,226,223,0.442697525024,0,16,0,6,21,38,1,-694.08,-3714.0,117,740,0.23037815094,0,17,0,6,9,44,1,222.68,1189.0,122,939,0.240542888641,0,0,0,3,6,40,1,31.72,165.2,1749,847,0.855243206024,0,0,0,3,38,43,1,67.28,350.4,1033,67,0.504920005798,0,0,0,3,9,40,1,60.36,314.2,1419,895,0.693975925446,0,0,0,3,23,45,1,88.28,459.6,311,39,0.152022838593,0,0,0,3,16,42,1,-5.56,-29.0,515,971,0.252174377441,0,0,0,3,13,41,1,150.24,782.2,959,554,0.468984127045,0,1,0,0,24,43,1,-612.4,-3218.2,514,418,0.502843379974,0,0,0,0,23,44,1,58.84,309.2,684,352,0.668958187103,0,0,0,0,25,39,1,476.8,2505.6,175,308,0.171360015869,0,0,0,5,7,38,1,-18.96,-99.8,238,165,0.232806682587,0,0,0,5,3,37,1,-53.0,-278.6,576,398,0.563430309296,0,7,0,1,129,39,1,-19.68,-103.4,595,891,0.58247423172,0,0,0
1,0,94578000,105360000,94564000,94578000,94578000,0.0,0.0,0.0,0,0.0,36,2,0,2,19,23,2,51.2,269.2,1658,774,0.621462345123,1,26,0,2,7,23,2,-284.6,-1495.4,680,745,0.66542339325,0,25,0,2,33,25,2,-190.84,-1002.8,361,654,0.353508472443,0,26,0,2,21,26,2,424.08,2228.6,615,272,0.601432800293,0,22,0,5,2,44,1,-13.76,-72.2,469,960,0.459372997284,0,11,0,2,12,22,2,307.2,1614.2,312,237,0.305212020874,0,25,0,2,27,22,2,145.68,765.6,355,452,0.347450733185,0,26,0,2,26,37,1,-551.28,-2897.0,1967,219,0.922985553741,1,10,0,2,29,41,1,-159.52,-838.2,2766,118,0.703925132751,2,3,0,6,23,21,2,265.36,1419.6,241,159,0.471929073334,0,28,0,6,6,32,1,-29.4,-157.0,324,476,0.634961128235,0,9,0,3,39,44,1,-35.0,-182.2,1016,117,0.496634960175,0,0,0,3,32,30,1,249.12,1297.2,2012,30,0.983397006989,0,12,0,1,137,37,1,-18.88,-99.2,238,217,0.232856273651,0,0,0,0,28,23,2,509.6,2678.0,697,858,0.682148933411,0,28,0,1,128,27,1,-18.88,-99.2,994,575,0.972201347351,0,25,0,0,10,31,1,488.36,2566.4,114,808,0.112208843231,0,10,0,0,18,43,1,-563.44,-2961.0,164,149,0.160455703735,0,0,0,0,12,46,1,212.12,1114.6,95,519,0.093359947205,0,0,0,6,7,23,1,216.44,1158.6,210,438,0.411796569824,0,20,0,6,16,42,1,-491.84,-2627.4,64,453,0.126111507416,0,0,0,6,10,34,1,739.76,3943.4,224,981,0.440231323242,0,13,0,6,21,37,1,-694.0,-3713.6,118,925,0.232688426971,0,15,0,6,9,44,1,222.32,1187.2,122,550,0.239799976349,0,0,0,3,6,41,1,31.64,164.8,1749,624,0.855136871338,0,0,0,3,38,43,1,67.08,349.4,1032,622,0.504695892334,0,0,0,3,9,39,1,60.4,314.6,1419,472,0.693774223328,0,0,0,3,23,44,1,87.96,458.0,310,447,0.151728630066,0,0,0,3,16,43,1,-5.6,-29.2,515,1010,0.252192974091,0,0,0,3,13,41,1,150.0,781.0,958,526,0.468482017517,0,0,0,0,24,45,1,-612.88,-3220.8,516,512,0.504888534546,0,0,0,0,23,45,1,58.4,307.0,684,148,0.668763160706,0,0,0,0,25,34,1,476.44,2503.8,173,691,0.169770240784,0,0,0,5,7,35,1,-18.88,-99.2,238,231,0.232870101929,0,0,0,5,3,39,1,-53.28,-280.0,576,582,0.563606262207,0,5,0,1,129,42,1,-19.52,-102.4,595,960,0.582539081573,0,0,0
1,0,94579000,105361000,94565000,94579000,94579000,0.0,0.0,0.0,0,0.0,35,2,0,2,19,23,2,51.48,270.4,1658,593,0.621289730072,1,26,0,2,7,24,2,-285.24,-1499.0,681,716,0.666372776031,0,26,0,2,33,26,2,-189.68,-996.6,362,291,0.354139328003,0,23,0,2,21,26,2,424.12,2228.8,613,832,0.600012779236,0,22,0,5,2,43,1,-13.48,-71.0,469,1010,0.459420204163,0,10,0,2,12,22,2,307.32,1615.0,311,190,0.30418920517,0,25,0,2,27,23,2,144.56,759.6,354,967,0.346964836121,0,25,0,2,26,34,1,-551.48,-2898.0,1969,115,0.924840927124,1,9,0,2,29,44,1,-159.32,-837.4,2766,677,0.704459190369,2,0,0,0,32,32,1,184.84,971.4,206,84,0.201449394226,0,25,0,6,23,20,2,266.28,1424.4,240,720,0.471045017242,0,28,0,6,6,32,1,-29.24,-156.0,324,527,0.635058879852,0,3,0,3,39,39,1,-34.92,-181.8,1016,362,0.496751785278,0,0,0,3,32,29,1,249.2,1297.6,2010,337,0.982565879822,0,17,0,1,137,39,1,-19.12,-100.4,238,284,0.23292016983,0,0,0,0,28,24,2,512.08,2691.0,696,87,0.680435180664,0,27,0,0,10,31,1,488.92,2569.4,113,130,0.110584259033,0,11,0,0,18,42,1,-563.56,-2961.6,166,72,0.162336826324,0,0,0,0,12,49,1,212.2,1115.0,94,802,0.092652797699,0,0,0,6,7,31,1,216.56,1159.2,210,55,0.411065101624,0,17,0,6,16,45,1,-491.88,-2627.6,65,288,0.127752780914,0,0,0,6,21,27,2,-692.24,-3704.2,120,96,0.235018253326,0,20,0,6,9,46,1,222.44,1187.8,122,162,0.239058017731,0,0,0,3,6,38,1,31.88,166.0,1749,403,0.855031490326,0,0,0,3,38,42,1,67.16,349.8,1032,154,0.504472732544,0,0,0,3,9,36,1,60.48,315.0,1419,52,0.693573474884,0,0,0,3,23,43,1,88.12,458.8,309,855,0.151434898376,0,0,0,3,16,40,1,-5.52,-28.6,516,27,0.252212524414,0,0,0,3,13,40,1,150.28,782.6,957,497,0.467979431152,0,0,0,0,24,43,1,-612.56,-3219.0,518,606,0.506932735443,0,0,0,0,23,44,1,58.48,307.4,683,967,0.668568134308,0,0,0,0,25,37,1,476.16,2502.4,172,51,0.168181419373,0,0,0,5,7,35,1,-19.04,-100.0,238,298,0.232933998108,0,0,0,5,3,40,1,-53.16,-279.4,576,769,0.563784599304,0,3,0,1,129,41,1,-19.28,-101.4,596,4,0.582604885101,0,0,0,,,,,,,,,,,,
1,0,94580000,105362000,94566000,94580000,94580000,0.0,0.0,0.0,0,0.0,35,2,0,2,19,25,2,51.24,269.4,1658,413,0.621118068695,1,20,0,2,7,30,2,-285.72,-1501.6,682,676,0.667312145233,0,25,0,2,33,25,2,-189.36,-995.2,362,966,0.354784011841,0,22,0,2,21,31,2,423.76,2227.0,612,414,0.598635673523,0,25,0,5,2,42,1,-14.0,-73.6,470,29,0.459461688995,0,10,0,2,12,21,2,307.44,1615.6,310,149,0.303172588348,0,25,0,2,27,22,2,142.92,751.2,354,455,0.346475601196,0,28,0,2,26,34,1,-551.92,-2900.4,1970,1001,0.926664352417,1,12,0,2,29,45,1,-159.72,-839.2,2767,209,0.704989910126,2,0,0,6,23,20,2,266.56,1426.0,240,255,0.470154762268,0,28,0,6,6,32,1,-29.68,-158.4,324,578,0.635157108307,0,2,0,3,39,44,1,-35.48,-184.8,1016,608,0.496869087219,0,0,0,3,32,30,1,249.4,1298.6,2008,635,0.981730461121,0,12,0,1,137,39,1,-19.52,-102.6,238,351,0.232984542847,0,0,0,0,28,25,2,511.2,2686.2,694,340,0.678721904755,0,29,0,0,10,34,1,488.28,2566.0,111,468,0.108951568604,0,12,0,0,18,42,1,-564.4,-2966.0,167,1018,0.164217472076,0,0,0,0,12,36,1,211.48,1111.4,94,62,0.091946601868,0,0,0,6,7,30,1,216.36,1158.2,209,699,0.410338401794,0,17,0,6,16,41,1,-492.52,-2631.0,66,123,0.129395008087,0,0,0,6,10,34,1,739.04,3939.4,222,443,0.435289859772,0,20,0,6,21,37,1,-694.72,-3717.6,121,281,0.237328529358,0,17,0,6,9,46,1,221.56,1183.2,121,799,0.238317489624,0,0,0,3,6,41,1,31.2,162.4,1749,184,0.854927062988,0,0,0,3,38,42,1,66.64,347.0,1031,712,0.504250049591,0,0,0,3,9,38,1,59.8,311.4,1418,656,0.693373203278,0,0,0,3,23,45,1,87.4,455.2,309,243,0.151142597198,0,0,0,3,16,42,1,-6.08,-31.8,516,68,0.252232074738,0,0,0,3,13,43,1,149.88,780.4,956,473,0.467479228973,0,0,0,0,24,44,1,-613.04,-3221.6,520,700,0.508977413177,0,0,0,0,23,45,1,58.0,304.8,683,764,0.668374061584,0,0,0,0,25,41,1,476.0,2501.4,170,436,0.166594028473,0,0,0,5,7,34,1,-19.56,-102.8,238,365,0.232997894287,0,0,0,5,3,36,1,-54.16,-284.6,576,954,0.563960552216,0,7,0,1,129,42,1,-20.08,-105.4,596,74,0.582670688629,0,0,0,,,,,,,,,,,,
1,0,94581000,105363000,94567000,94581000,94581000,0.0,0.0,0.0,0,0.0,35,2,0,2,19,26,2,50.88,267.4,1658,231,0.620944023132,1,17,0,2,7,23,2,-284.88,-1497.0,683,650,0.668264865875,0,25,0,2,33,26,2,-189.36,-995.0,363,615,0.355425834656,0,21,0,2,21,35,2,423.72,2226.6,610,950,0.597192764282,0,19,0,5,2,44,1,-14.2,-74.6,470,76,0.459506034851,0,3,0,2,27,23,2,145.68,765.6,353,973,0.345993041992,0,25,0,2,26,41,1,-551.72,-2899.2,1972,882,0.928506374359,1,9,0,2,29,44,1,-159.56,-838.4,2767,766,0.705522060394,2,0,0,0,32,31,2,185.28,973.8,204,869,0.20024394989,0,59,0,6,23,18,2,265.92,1422.4,239,809,0.469257831573,0,30,0,6,6,31,1,-29.64,-158.2,324,630,0.635256290436,0,3,0,3,39,43,1,-35.24,-183.4,1016,855,0.496986865997,0,0,0,3,32,33,1,249.16,1297.4,2006,938,0.980897903442,0,11,0,1,137,41,1,-19.56,-102.8,238,419,0.2330493927,0,0,0,0,28,25,2,510.32,2681.8,692,597,0.677012443542,0,29,0,0,10,31,1,488.4,2566.4,109,806,0.107319355011,0,14,0,0,18,34,1,-564.32,-2965.4,169,941,0.16609954834,0,0,0,0,12,35,1,211.72,1112.6,93,347,0.091240406036,0,0,0,6,7,30,1,216.68,1159.8,209,316,0.409606456757,0,20,0,6,16,43,1,-492.56,-2631.2,66,983,0.131037712097,0,0,0,6,10,35,1,738.96,3939.0,221,181,0.432832241058,0,15,0,6,21,37,1,-694.72,-3717.6,122,465,0.239637374878,0,14,0,6,9,46,1,221.48,1182.6,121,412,0.237578392029,0,0,0,3,6,39,1,31.24,162.8,1748,989,0.854822635651,0,0,0,3,38,41,1,66.6,346.8,1031,245,0.504027366638,0,0,0,3,9,40,1,59.8,311.4,1418,237,0.693172931671,0,0,0,3,23,46,1,87.4,455.2,308,654,0.150850296021,0,0,0,3,16,42,1,-6.04,-31.4,516,109,0.252251625061,0,0,0,3,13,43,1,149.88,780.4,955,449,0.466979026794,0,0,0,0,24,43,1,-613.08,-3221.8,522,794,0.511022567749,0,0,0,0,23,45,1,57.76,303.6,683,561,0.668179988861,0,0,0,0,25,41,1,475.64,2499.6,168,822,0.165007591248,0,0,0,5,7,37,1,-19.6,-103.0,238,433,0.233063220978,0,0,0,5,3,40,1,-53.44,-281.0,577,117,0.56413936615,0,3,0,1,129,43,1,-19.84,-104.2,596,143,0.582737445831,0,0,0,,,,,,,,,,,,
1,0,94582000,105364000,94568000,94582000,94582000,0.0,0.0,0.0,0,0.0,35,2,0,2,19,25,1,50.8,266.8,1658,51,0.620772361755,1,19,0,2,7,22,2,-285.32,-1499.4,684,618,0.669212341309,0,25,0,2,33,31,2,-190.88,-1003.0,364,208,0.356015205383,0,21,0,2,21,26,2,424.4,2230.2,609,496,0.595782279968,0,17,0,5,2,38,1,-14.6,-76.8,470,126,0.459554195404,0,5,0,2,12,20,2,307.56,1616.2,308,57,0.3011302948,0,27,0,2,27,22,2,145.68,765.6,353,464,0.345507144928,0,26,0,2,26,37,1,-552.16,-2901.6,1974,766,0.93035030365,1,8,0,2,29,42,1,-159.64,-838.8,2768,300,0.706054210663,2,0,0,0,32,31,1,184.64,970.2,204,169,0.199575424194,0,45,0,6,23,19,2,265.64,1421.0,239,340,0.468360900879,0,30,0,6,6,32,1,-29.64,-158.2,324,682,0.635354995728,0,2,0,3,39,42,1,-35.28,-183.8,1017,79,0.497105121613,0,0,0,3,32,28,1,248.4,1293.4,2005,231,0.980071544647,0,15,0,1,137,37,1,-19.36,-101.6,238,487,0.233114719391,0,0,0,0,28,30,2,509.0,2674.8,690,831,0.675280570984,0,23,0,0,10,34,1,488.28,2565.8,108,124,0.105690956116,0,9,0,0,18,37,1,-564.4,-2966.0,171,865,0.16798210144,0,0,0,0,12,46,1,211.6,1112.0,92,632,0.090535640717,0,0,0,6,7,31,1,216.28,1157.8,208,964,0.408887863159,0,17,0,6,16,46,1,-492.6,-2631.4,67,819,0.132681846619,0,0,0,6,21,32,1,-694.84,-3718.2,123,649,0.241946220398,0,17,0,6,9,45,1,221.52,1183.0,121,25,0.236839771271,0,0,0,3,6,39,1,31.28,162.8,1748,771,0.854718208313,0,0,0,3,38,43,1,66.8,348.0,1030,805,0.50380563736,0,0,0,3,9,39,1,59.96,312.4,1417,843,0.692973136902,0,0,0,3,23,45,1,87.36,454.8,308,45,0.150559425354,0,0,0,3,16,42,1,-5.92,-31.0,516,153,0.252272605896,0,0,0,3,13,41,1,150.0,781.0,954,427,0.46647977829,0,0,0,0,24,46,1,-613.16,-3222.2,524,889,0.513068199158,0,0,0,0,23,40,1,57.92,304.4,683,359,0.667987346649,0,0,0,0,25,35,1,475.84,2500.4,167,184,0.163421154022,0,0,0,5,7,34,1,-19.32,-101.6,238,501,0.233128070831,0,0,0,5,3,39,1,-53.64,-281.8,577,305,0.564319133759,0,1,0,1,129,44,1,-19.8,-104.0,596,213,0.582804203033,0,0,0,,,,,,,,,,,,
1,0,94583000,105365000,94569000,94583000,94583000,0.0,0.0,0.0,0,0.0,36,2,0,2,19,26,1,50.72,266.6,1657,888,0.620593547821,1,17,0,2,7,21,2,-283.8,-1491.4,685,593,0.670165538788,0,30,0,2,33,36,2,-191.4,-1005.8,364,845,0.35662317276,0,15,0,2,21,26,1,424.64,2231.6,608,38,0.59436750412,0,16,0,5,2,39,1,-13.8,-72.4,470,180,0.459604740143,0,2,0,2,12,19,2,307.08,1613.8,307,12,0.300109386444,0,25,0,2,27,21,2,143.88,756.0,352,987,0.345028877258,0,25,0,2,26,35,1,-552.56,-2903.8,1976,640,0.932185173035,1,5,0,2,29,41,1,-159.72,-839.2,2768,859,0.70658826828,2,0,0,0,32,34,1,184.68,970.4,203,533,0.198945045471,0,35,0,6,23,19,2,267.48,1430.8,238,897,0.467468738556,0,33,0,6,6,34,1,-29.64,-158.2,324,734,0.635455131531,0,1,0,3,39,42,1,-35.64,-185.6,1017,327,0.497223854065,0,0,0,3,32,28,1,248.72,1295.2,2003,541,0.979241847992,0,12,0,1,137,39,1,-19.68,-103.4,238,556,0.233180046082,0,0,0,0,10,31,1,488.04,2564.6,106,462,0.104057788849,0,13,0,0,18,40,1,-564.52,-2966.6,173,790,0.169864654541,0,0,0,0,12,45,1,211.2,1109.8,91,918,0.089830875397,0,0,0,6,7,35,1,216.4,1158.4,208,596,0.408184528351,0,17,0,6,22,37,2,-184.56,-985.2,384,243,0.751933574677,0,20,0,6,16,45,1,-492.84,-2632.6,68,655,0.13432598114,0,0,0,6,10,27,1,739.08,3939.6,218,676,0.427907466888,0,15,0,6,21,31,1,-694.96,-3719.0,124,844,0.244274616241,0,25,0,6,9,44,1,221.08,1180.6,120,663,0.236102104187,0,0,0,3,6,40,1,30.96,161.2,1748,554,0.85461473465,0,0,0,3,38,43,1,66.56,346.6,1030,338,0.503582954407,0,0,0,3,9,39,1,59.52,309.8,1417,425,0.69277381897,0,0,0,3,23,44,1,87.0,453.0,307,459,0.15026807785,0,0,0,3,16,43,1,-6.4,-33.2,516,195,0.252292633057,0,0,0,3,13,43,1,149.6,779.0,953,405,0.465980529785,0,0,0,0,24,44,1,-613.24,-3222.6,526,985,0.515114307404,0,0,0,0,23,45,1,57.6,302.8,683,158,0.667795658112,0,0,0,0,25,35,1,475.68,2499.6,165,574,0.161839008331,0,8,0,5,7,34,1,-19.72,-103.6,238,570,0.233193397522,0,0,0,5,3,40,1,-53.72,-282.2,577,494,0.564499378204,0,2,0,1,129,44,1,-20.04,-105.4,596,283,0.582870483398,0,0,0
1,0,94584000,105366000,94570000,94584000,94584000,0.0,0.0,0.0,0,0.0,35,2,0,2,19,26,1,51.04,268.2,1657,712,0.620426177979,1,15,0,2,7,20,2,-286.04,-1503.2,686,567,0.67111825943,0,25,0,2,33,36,1,-191.04,-1003.8,365,503,0.357274055481,0,13,0,2,21,32,1,424.12,2228.8,606,601,0.592948913574,0,18,0,5,2,43,1,-14.12,-74.4,470,229,0.459651947021,0,0,0,2,12,19,2,306.32,1609.6,305,994,0.299091815948,0,25,0,2,27,19,2,145.28,763.6,352,488,0.344552516937,0,25,0,2,26,37,1,-551.48,-2898.2,1978,523,0.934028148651,1,1,0,2,29,45,1,-159.68,-839.2,2769,394,0.70712184906,2,0,0,0,32,33,1,184.48,969.6,202,953,0.198368549347,0,27,0,6,23,20,2,264.32,1413.8,238,424,0.466565132141,0,30,0,6,6,28,1,-30.12,-160.8,324,786,0.63555431366,0,3,0,3,39,42,1,-35.04,-182.4,1017,573,0.497341156006,0,0,0,3,32,28,1,249.0,1296.6,2001,826,0.978400230408,0,11,0,1,137,39,1,-18.96,-99.6,238,623,0.233244419098,0,0,0,0,28,29,2,510.56,2683.0,687,316,0.671856880188,0,18,0,0,10,31,1,488.4,2566.4,104,821,0.102446079254,0,15,0,0,18,40,1,-563.6,-2961.8,175,713,0.171746730804,0,0,0,0,12,46,1,211.32,1110.6,91,180,0.089126110077,0,0,0,6,7,30,1,216.4,1158.4,208,214,0.407454490662,0,17,0,6,16,40,1,-492.96,-2633.4,69,492,0.135970115662,0,0,0,6,21,32,1,-694.28,-3715.2,126,5,0.246585845947,0,24,0,6,9,44,1,221.72,1184.0,120,277,0.235363483429,0,0,0,3,6,41,1,31.6,164.6,1748,334,0.854509830475,0,0,0,3,38,43,1,66.88,348.2,1029,895,0.503359794617,0,0,0,3,9,41,1,60.12,313.2,1417,5,0.692573547363,0,0,0,3,23,46,1,87.32,454.8,306,873,0.149977207184,0,0,0,3,16,42,1,-5.76,-30.0,516,236,0.252312660217,0,0,0,3,13,43,1,149.88,780.4,952,381,0.465480327606,0,0,0,0,24,41,1,-613.48,-3223.8,529,56,0.517160415649,0,0,0,0,23,43,1,57.84,304.0,682,980,0.6676030159,0,0,0,0,25,37,1,475.68,2499.8,163,956,0.160248279572,0,10,0,5,7,35,1,-18.96,-99.6,238,637,0.233257293701,0,0,0,5,3,38,1,-53.8,-282.6,577,687,0.564683437347,0,18,0,1,129,41,1,-19.32,-101.4,596,352,0.582936763763,0,0,0,,,,,,,,,,,,
1,0,94585000,105367000,94571000,94585000,94585000,0.0,0.0,0.0,0,0.0,35,2,0,2,19,26,1,50.68,266.4,1657,535,0.620257377625,1,15,0,2,7,21,2,-281.88,-1481.4,687,539,0.672069072723,0,27,0,2,33,42,2,-190.8,-1002.6,366,159,0.35792350769,0,15,0,2,21,41,1,423.96,2228.0,605,139,0.591531276703,0,13,0,5,2,43,1,-13.76,-72.4,470,277,0.459698200226,0,0,0,2,12,20,2,305.12,1603.4,304,945,0.29806804657,0,26,0,2,26,39,1,-551.6,-2898.6,1980,405,0.93587064743,1,1,0,2,29,42,1,-159.92,-840.4,2769,952,0.707654476166,2,0,0,0,32,31,1,184.52,969.8,202,271,0.197717666626,0,20,0,6,23,19,2,266.4,1425.0,237,981,0.465672969818,0,31,0,6,6,32,1,-29.8,-159.0,324,839,0.635654449463,0,13,0,3,39,44,1,-35.44,-184.6,1017,820,0.497459411621,0,0,0,3,32,40,1,248.92,1296.2,2000,111,0.977570056915,0,7,0,1,137,40,1,-18.88,-99.2,238,690,0.233308315277,0,0,0,0,28,28,1,509.16,2675.8,685,574,0.670147418976,0,22,0,0,10,44,1,488.0,2564.4,103,131,0.100809574127,0,9,0,0,18,40,1,-563.96,-2963.6,177,637,0.173628807068,0,0,0,0,12,42,1,211.68,1112.4,90,465,0.088420391083,0,0,0,6,7,34,1,216.4,1158.4,207,856,0.40672492981,0,15,0,6,16,43,1,-492.92,-2633.2,70,328,0.13761472702,0,0,0,6,10,28,1,739.6,3942.6,216,144,0.422976493835,0,18,0,6,21,38,1,-694.28,-3715.2,127,196,0.248908042908,0,17,0,6,9,45,1,221.36,1182.2,119,915,0.234625816345,0,0,0,3,6,42,1,31.36,163.2,1748,115,0.854405403137,0,0,0,3,38,43,1,66.68,347.2,1029,428,0.503137111664,0,0,0,3,9,35,1,60.08,313.0,1416,610,0.692373752594,0,0,0,3,23,46,1,87.2,454.2,306,264,0.149686336517,0,0,0,3,16,45,1,-6.0,-31.2,516,280,0.252333164215,0,0,0,3,13,43,1,149.84,780.2,951,358,0.464980602264,0,0,0,0,24,41,1,-613.28,-3222.8,531,151,0.519206523895,0,0,0,0,23,40,1,57.72,303.4,682,779,0.667410850525,0,0,0,0,25,42,1,476.2,2502.4,162,317,0.158660411835,0,7,0,5,7,35,1,-18.92,-99.4,238,704,0.23332118988,0,0,0,5,3,38,2,-53.72,-282.4,577,889,0.564876079559,0,17,0,1,129,41,1,-19.68,-103.4,596,421,0.583002090454,0,0,0,,,,,,,,,,,,
1,0,94586000,105368000,94572000,94586000,94586000,0.0,0.0,0.0,0,0.0,35,2,0,2,19,34,1,50.48,265.2,1657,337,0.620067596436,1,13,0,2,33,40,2,-191.24,-1005.0,366,810,0.358544826508,0,17,0,2,21,38,1,424.0,2228.2,603,704,0.59011554718,0,9,0,5,2,43,1,-13.56,-71.2,470,326,0.45974445343,0,0,0,2,12,20,2,307.52,1616.0,303,900,0.297047615051,0,25,0,2,26,37,1,-551.72,-2899.4,1982,285,0.937711238861,1,0,0,2,29,40,1,-159.88,-840.2,2770,485,0.708186149597,2,0,0,0,32,32,1,183.96,966.6,201,639,0.1970911026,0,14,0,6,23,19,2,265.16,1418.4,237,515,0.464782238007,0,31,0,6,6,29,1,-29.76,-158.8,324,892,0.635756492615,0,14,0,3,39,45,1,-35.48,-184.6,1018,44,0.497577190399,0,0,0,3,32,44,1,248.8,1295.6,1998,426,0.976742744446,0,1,0,1,137,38,1,-19.36,-101.8,238,757,0.233372211456,0,0,0,0,28,32,1,508.72,2673.4,683,840,0.668446540833,0,20,0,0,10,46,1,487.76,2563.2,101,462,0.099171161652,0,3,0,0,18,41,1,-564.32,-2965.4,179,560,0.175510883331,0,0,0,0,12,45,1,211.24,1110.0,89,750,0.087715625763,0,0,0,6,7,40,1,216.44,1158.6,207,480,0.406005859375,0,11,0,6,22,32,2,-184.6,-985.4,385,200,0.753808021545,0,22,0,6,16,46,1,-493.2,-2634.6,71,165,0.139259815216,0,0,0,6,10,28,1,739.4,3941.4,214,901,0.420510292053,0,18,0,6,21,39,1,-694.8,-3718.0,128,382,0.251221179962,0,12,0,6,9,47,1,221.08,1180.4,119,529,0.233888626099,0,0,0,3,6,43,1,31.24,162.8,1747,920,0.854300498962,0,0,0,3,38,43,1,66.52,346.4,1028,986,0.502914428711,0,0,0,3,9,40,1,59.84,311.6,1416,191,0.692173480988,0,0,0,3,23,45,1,87.08,453.4,305,680,0.149395942688,0,0,0,3,16,45,1,-6.12,-32.0,516,321,0.252353191376,0,0,0,3,13,44,1,149.64,779.2,950,336,0.46448135376,0,0,0,0,24,43,1,-613.4,-3223.4,533,247,0.521252632141,0,0,0,0,23,42,1,57.28,301.0,682,578,0.667219161987,0,0,0,0,25,43,1,475.84,2500.6,160,703,0.157074928284,0,3,0,5,7,35,1,-19.6,-103.0,238,771,0.23338508606,0,0,0,5,3,39,2,-53.08,-278.8,578,51,0.565053939819,0,15,0,1,129,41,1,-19.92,-104.6,596,490,0.583068370819,0,0,0,,,,,,,,,,,,
1,0,94587000,105369000,94573000,94587000,94587000,0.0,0.0,0.0,0,0.0,36,2,0,2,19,37,1,50.88,267.4,1657,159,0.619898319244,1,10,0,2,7,21,2,-285.96,-1502.8,689,482,0.673969268799,0,27,0,2,33,43,1,-191.36,-1005.8,367,454,0.359182357788,0,11,0,2,21,40,1,424.0,2228.2,602,250,0.588704586029,0,8,0,5,2,43,1,-14.0,-73.6,470,374,0.459791183472,0,0,0,2,12,22,2,306.84,1612.4,302,861,0.296031951904,0,26,0,2,26,39,1,-551.84,-2900.0,1984,165,0.939552307129,1,0,0,2,29,42,1,-159.44,-837.8,2771,20,0.70871925354,2,0,0,0,32,35,1,184.36,968.8,200,1022,0.196479320526,0,9,0,6,23,21,2,263.92,1411.8,237,47,0.463886737823,0,32,0,6,6,29,1,-29.52,-157.4,324,941,0.635849475861,0,14,0,3,39,45,1,-35.4,-184.4,1018,290,0.497694969177,0,0,0,3,32,45,1,249.08,1297.0,1996,737,0.975914001465,0,1,0,1,137,37,1,-19.32,-101.6,238,824,0.233436107635,0,0,0,0,28,32,1,509.76,2678.8,682,84,0.666747570038,0,19,0,1,128,33,1,-18.68,-98.0,995,75,0.972701072693,0,63,0,0,10,47,1,488.12,2565.2,99,811,0.097548484802,0,1,0,0,18,43,1,-564.12,-2964.6,181,484,0.177392959595,0,0,0,0,12,40,1,211.28,1110.2,89,12,0.087010860443,0,0,0,6,7,41,1,216.56,1159.2,207,101,0.405281543732,0,8,0,6,16,40,1,-493.2,-2634.6,72,2,0.140905380249,0,0,0,6,10,33,1,739.28,3940.8,213,634,0.418042182922,0,17,0,6,21,34,1,-694.56,-3716.6,129,571,0.253537654877,0,17,0,6,9,48,1,220.92,1179.8,119,144,0.233151912689,0,0,0,3,6,41,1,31.24,162.6,1747,702,0.854196548462,0,0,0,3,38,42,1,66.88,348.2,1028,518,0.502691268921,0,0,0,3,9,40,1,60.08,312.8,1415,796,0.691973686218,0,0,0,3,23,45,1,87.0,453.0,305,70,0.149105072021,0,0,0,3,16,44,1,-6.04,-31.4,516,362,0.252372264862,0,0,0,3,13,43,1,149.84,780.4,949,313,0.463981628418,0,0,0,0,24,45,1,-613.28,-3222.8,535,342,0.52329826355,0,0,0,0,23,43,1,57.56,302.6,682,377,0.66702747345,0,0,0,0,25,43,1,475.92,2501.0,159,67,0.155489444733,0,6,0,5,7,32,1,-19.36,-101.6,238,838,0.233449459076,0,0,0,5,3,33,2,-53.28,-280.0,578,244,0.5652384758,0,17,0,1,129,43,1,-19.76,-104.0,596,559,0.583134174347,0,0,0
1,0,94588000,105370000,94574000,94588000,94588000,0.0,0.0,0.0,0,0.0,36,2,0,2,19,39,1,50.68,266.2,1656,1010,0.61973285675,1,8,0,2,33,40,2,-191.56,-1006.6,368,101,0.359822750092,0,11,0,2,21,39,1,423.96,2227.8,600,817,0.587290287018,0,7,0,5,2,43,1,-13.72,-72.0,470,423,0.459837436676,0,0,0,2,12,23,2,306.36,1610.0,301,817,0.295013427734,0,26,0,2,26,38,1,-551.8,-2899.8,1986,47,0.941394329071,1,0,0,2,29,44,1,-159.76,-839.6,2771,578,0.709252357483,2,0,0,0,32,38,1,183.96,966.6,200,376,0.195863246918,0,8,0,6,23,19,2,264.68,1415.8,236,607,0.463001251221,0,30,0,6,6,30,1,-29.72,-158.6,324,997,0.635957241058,0,15,0,3,39,43,1,-35.56,-185.2,1018,539,0.49781370163,0,0,0,3,32,45,1,248.64,1294.8,1995,10,0.975078582764,0,0,0,1,137,40,1,-19.36,-101.6,238,892,0.233500957489,0,0,0,0,28,35,1,509.12,2675.4,680,340,0.665036678314,0,15,0,1,128,29,1,-15.04,-79.0,995,158,0.972780704498,0,52,0,0,10,47,1,487.72,2563.0,98,126,0.095917224884,0,0,0,0,18,41,1,-564.44,-2966.2,183,409,0.17927646637,0,0,0,0,12,41,1,211.4,1110.8,88,298,0.08630657196,0,0,0,6,7,43,1,216.16,1157.0,206,748,0.404561519623,0,2,0,6,22,30,2,-185.84,-992.0,385,838,0.755026340485,0,18,0,6,16,40,1,-493.48,-2636.0,72,863,0.142550945282,0,0,0,6,10,33,1,738.72,3937.8,212,371,0.415583610535,0,14,0,6,21,34,1,-694.76,-3717.8,130,755,0.255847454071,0,19,0,6,9,46,1,220.72,1178.6,118,783,0.232416152954,0,0,0,3,6,40,1,31.12,162.0,1747,485,0.854093074799,0,0,0,3,38,42,1,66.6,346.8,1028,53,0.502469539642,0,0,0,3,9,38,1,59.88,311.8,1415,380,0.69177532196,0,0,0,3,23,44,1,86.8,452.0,304,488,0.148816108704,0,0,0,3,16,43,1,-6.2,-32.2,516,408,0.252394199371,0,0,0,3,13,42,1,149.52,778.6,948,292,0.46348285675,0,0,0,0,24,41,1,-613.56,-3224.2,537,438,0.525344848633,0,0,0,0,23,44,1,57.24,300.6,682,177,0.666836261749,0,0,0,0,25,40,1,475.72,2500.0,157,449,0.153899669647,0,5,0,5,7,35,1,-19.32,-101.4,238,906,0.233514308929,0,0,0,5,3,36,1,-53.8,-282.6,578,413,0.565399169922,0,14,0,1,129,41,1,-19.88,-104.4,596,629,0.583201408386,0,0,0
1,0,94589000,105371000,94575000,94589000,94589000,0.0,0.0,0.0,0,0.0,36,2,0,2,19,40,1,50.68,266.4,1656,830,0.619561195374,1,6,0,2,7,21,2,-285.08,-1498.2,691,425,0.675870418549,0,25,0,2,33,41,1,-191.92,-1008.4,368,770,0.360461711884,0,7,0,2,21,32,1,423.92,2227.6,599,363,0.585880279541,0,9,0,5,2,46,1,-14.16,-74.4,470,472,0.459884166718,0,0,0,2,12,23,2,306.2,1609.2,300,762,0.293983459473,0,26,0,2,26,36,1,-552.24,-2902.0,1987,952,0.943235874176,1,0,0,2,29,42,1,-159.64,-839.0,2772,112,0.709784984589,2,0,0,0,32,41,1,184.0,966.8,199,752,0.195244312286,0,6,0,6,23,20,2,264.88,1417.0,236,144,0.462115764618,0,29,0,6,6,28,1,-29.68,-158.4,325,23,0.636053562164,0,17,0,3,39,45,1,-35.68,-185.8,1018,789,0.497932910919,0,0,0,3,32,44,1,248.92,1296.2,1993,327,0.974251747131,0,0,0,1,137,40,1,-19.6,-103.0,238,960,0.233565807343,0,0,0,0,28,39,1,508.84,2674.0,678,602,0.663331985474,0,9,0,1,128,30,1,-19.6,-103.0,995,239,0.972857952118,0,34,0,0,10,44,1,488.08,2564.8,96,469,0.0942902565,0,0,0,0,18,40,1,-564.84,-2968.2,185,334,0.181159973145,0,0,0,0,12,38,1,210.92,1108.4,87,585,0.085602760315,0,0,0,6,7,45,1,216.64,1159.6,206,371,0.40384054184,0,0,0,6,16,38,1,-493.4,-2635.8,73,701,0.144197463989,0,0,0,6,10,33,1,738.52,3936.8,211,106,0.413119316101,0,14,0,6,21,37,1,-694.92,-3718.6,131,949,0.25817489624,0,17,0,6,9,47,1,220.24,1176.2,118,398,0.231680870056,0,0,0,3,6,41,1,30.92,161.0,1747,268,0.853989124298,0,0,0,3,38,38,1,66.52,346.4,1027,613,0.502247810364,0,0,0,3,9,43,1,59.48,309.6,1414,987,0.691576004028,0,0,0,3,23,46,1,86.48,450.4,303,906,0.148526668549,0,0,0,3,16,45,1,-6.4,-33.4,516,451,0.252414703369,0,0,0,3,13,42,1,149.72,779.6,947,270,0.462983131409,0,0,0,0,24,43,1,-613.32,-3223.0,539,533,0.527391433716,0,0,0,0,23,45,1,57.16,300.2,681,1002,0.666646003723,0,0,0,0,25,39,1,475.56,2499.0,155,836,0.152314186096,0,1,0,5,7,36,1,-19.64,-103.2,238,974,0.233579158783,0,0,0,5,3,37,1,-54.2,-284.8,578,595,0.565573692322,0,11,0,1,129,42,1,-20.0,-105.0,596,699,0.583267688751,0,0,0
1,0,94590000,105372000,94576000,94590000,94590000,0.0,0.0,0.0,0,0.0,36,2,0,2,19,39,1,50.28,264.2,1656,653,0.619391918182,1,3,0,2,33,41,1,-192.12,-1009.6,369,415,0.361100196838,0,5,0,2,21,32,1,423.4,2225.0,597,924,0.584460258484,0,8,0,5,2,43,1,-14.48,-76.0,470,522,0.459931850433,0,0,0,2,12,26,2,305.52,1605.6,299,711,0.292957305908,0,25,0,2,26,36,1,-552.52,-2903.6,1989,834,0.945077896118,1,0,0,2,29,38,1,-159.6,-838.8,2772,671,0.710318088531,2,0,0,0,32,43,1,183.84,966.0,199,109,0.194630622864,0,2,0,6,23,20,2,263.08,1407.2,235,707,0.461235523224,0,28,0,6,6,28,1,-29.8,-159.0,325,78,0.636157035828,0,16,0,3,39,44,1,-36.08,-188.0,1019,15,0.498052597046,0,0,0,3,32,44,1,248.64,1294.6,1991,639,0.973423480988,0,0,0,1,137,38,1,-19.76,-103.8,239,5,0.23363161087,0,0,0,0,28,37,1,508.24,2670.8,676,866,0.661629199982,0,8,0,1,128,30,1,-20.16,-106.0,995,323,0.97293806076,0,26,0,0,10,46,1,487.68,2562.8,94,813,0.092663288116,0,0,0,0,18,43,1,-565.32,-2970.8,187,260,0.183043956757,0,0,0,0,12,41,1,210.72,1107.2,86,873,0.084899902344,0,0,0,6,7,46,1,216.24,1157.6,205,1017,0.403119087219,0,0,0,6,22,37,2,-187.76,-1002.4,386,444,0.756230354309,0,20,0,6,16,36,1,-493.8,-2637.8,74,539,0.145844936371,0,0,0,6,10,29,1,737.92,3933.6,209,862,0.410650253296,0,19,0,6,21,37,1,-695.4,-3721.2,133,110,0.260484218597,0,17,0,6,9,47,1,219.88,1174.2,118,14,0.230946540833,0,0,0,3,6,43,1,30.56,159.0,1747,52,0.853886604309,0,0,0,3,38,33,1,66.32,345.4,1027,148,0.502026081085,0,0,0,3,9,42,1,59.08,307.8,1414,572,0.691378116608,0,0,0,3,23,46,1,86.16,448.8,303,301,0.148237705231,0,0,0,3,16,44,1,-6.68,-34.8,516,496,0.252436637878,0,0,0,3,13,42,1,149.4,778.0,946,249,0.462484359741,0,0,0,0,24,43,1,-613.6,-3224.6,541,629,0.529438018799,0,0,0,0,23,42,1,56.72,298.2,681,803,0.666456222534,0,0,0,0,25,39,1,475.16,2497.0,154,202,0.150731086731,0,1,0,5,7,33,1,-19.72,-103.6,239,18,0.233644485474,0,0,0,5,3,35,1,-54.16,-284.6,578,780,0.56575012207,0,12,0,1,129,41,1,-20.48,-107.6,596,770,0.583335399628,0,0,0
1,0,94591000,105373000,94577000,94591000,94591000,0.0,0.0,0.0,0,0.0,36,2,0,2,19,39,1,50.44,265.0,1656,480,0.619226455688,1,5,0,2,33,42,2,-192.12,-1009.6,370,62,0.361740589142,0,3,0,2,21,38,1,423.32,2224.6,596,468,0.583047389984,0,2,0,5,2,41,1,-14.28,-75.0,470,572,0.459979534149,0,0,0,2,12,35,1,305.68,1606.4,298,632,0.291903972626,0,16,0,2,26,40,1,-552.32,-2902.4,1991,715,0.94691991806,1,0,0,2,29,40,1,-159.88,-840.2,2773,204,0.710850715637,2,0,0,0,32,45,1,183.88,966.4,198,494,0.194020748138,0,0,0,6,23,19,2,263.28,1408.4,235,245,0.46035194397,0,28,0,6,6,27,1,-30.04,-160.2,325,134,0.636264801025,0,15,0,3,39,44,1,-36.16,-188.2,1019,265,0.498171806335,0,0,0,3,32,44,1,248.52,1294.2,1989,948,0.972593307495,0,0,0,1,137,40,1,-19.88,-104.6,239,73,0.233696937561,0,0,0,0,28,34,1,507.92,2669.2,675,119,0.659937858582,0,10,0,1,128,32,1,-19.72,-103.6,995,401,0.973012924194,0,17,0,0,10,47,1,487.64,2562.6,93,133,0.091036319733,0,0,0,0,18,43,1,-565.24,-2970.2,189,186,0.184928417206,0,0,0,0,12,39,1,210.76,1107.6,86,137,0.08419752121,0,0,0,6,7,45,1,216.52,1159.0,205,640,0.402398109436,0,0,0,6,22,38,2,-187.6,-1001.4,386,752,0.756819248199,0,18,0,6,16,36,1,-494.08,-2639.2,75,377,0.147492408752,0,0,0,6,10,33,1,738.08,3934.4,208,597,0.408186435699,0,17,0,6,21,37,1,-694.84,-3718.4,134,293,0.262791633606,0,15,0,6,9,46,1,219.84,1173.8,117,653,0.230212688446,0,0,0,3,6,41,1,30.52,158.8,1746,862,0.85378408432,0,0,0,3,38,33,1,66.04,343.8,1026,709,0.501805305481,0,0,0,3,9,39,1,59.04,307.6,1414,156,0.691179275513,0,0,0,3,23,43,1,86.12,448.4,302,723,0.147950172424,0,0,0,3,16,43,1,-6.84,-35.6,516,543,0.252459049225,0,0,0,3,13,41,1,149.44,778.2,945,229,0.461986064911,0,0,0,0,24,45,1,-613.68,-3225.0,543,726,0.531485557556,0,0,0,0,23,40,1,56.6,297.6,681,605,0.666266918182,0,0,0,0,25,40,1,475.04,2496.4,152,589,0.149145126343,0,0,0,5,7,36,1,-20.0,-105.0,239,87,0.233709812164,0,0,0,5,3,37,1,-53.8,-282.8,578,967,0.565928936005,0,11,0,1,129,41,1,-20.36,-107.0,596,840,0.583402633667,0,0,0
1,0,94592000,105374000,94578000,94592000,94592000,0.0,0.0,0.0,0,0.0,37,2,0,2,19,39,1,50.6,265.8,1656,302,0.619057178497,1,1,0,2,7,22,2,-285.96,-1502.6,694,344,0.678725719452,0,26,0,2,33,43,1,-192.08,-1009.4,370,733,0.362381458282,0,2,0,2,21,36,1,423.44,2225.2,595,13,0.581634998322,0,0,0,5,2,42,1,-14.48,-76.0,470,621,0.460026741028,0,0,0,2,12,38,1,305.68,1606.4,297,588,0.290884017944,0,9,0,2,26,35,1,-552.04,-2901.0,1993,600,0.948765277863,1,8,0,2,29,41,1,-160.04,-841.0,2773,763,0.71138381958,2,0,0,0,32,41,1,183.96,966.8,197,875,0.193407058716,0,0,0,6,23,19,2,262.72,1405.4,234,811,0.459476947784,0,30,0,6,6,24,1,-30.8,-164.4,325,185,0.636362075806,0,17,0,3,39,42,1,-35.88,-186.8,1019,517,0.498291969299,0,0,0,3,32,43,1,248.6,1294.4,1988,234,0.971764087677,0,0,0,1,137,40,1,-19.6,-103.0,239,142,0.233762264252,0,0,0,0,28,42,1,508.64,2673.0,673,387,0.658239364624,0,7,0,1,128,29,1,-21.0,-110.4,995,475,0.973083972931,0,23,0,0,10,45,1,487.36,2561.0,91,478,0.089410305023,0,0,0,0,18,38,1,-564.96,-2969.0,191,112,0.186813831329,0,0,0,0,12,36,1,210.28,1105.0,85,425,0.083495616913,0,0,0,6,7,42,1,216.36,1158.2,205,263,0.401677131653,0,0,0,6,22,31,1,-187.64,-1001.6,387,55,0.757444381714,0,18,0,6,16,33,1,-494.28,-2640.2,76,215,0.149140834808,0,0,0,6,10,30,1,739.2,3940.4,207,334,0.405726909637,0,19,0,6,21,39,1,-694.88,-3718.6,135,488,0.265121459961,0,17,0,6,9,47,1,219.56,1172.6,117,270,0.229479789734,0,0,0,3,6,43,1,30.6,159.4,1746,648,0.853682041168,0,0,0,3,38,27,1,66.6,346.8,1026,247,0.501584529877,0,1,0,3,9,42,1,59.28,308.8,1413,766,0.690981864929,0,0,0,3,23,46,1,85.96,447.6,302,121,0.147663116455,0,0,0,3,16,43,1,-6.64,-34.6,516,588,0.252480506897,0,0,0,3,13,42,1,149.36,777.8,944,209,0.461487770081,0,0,0,0,24,42,1,-614.0,-3226.6,545,823,0.533533096313,0,0,0,0,23,36,1,56.64,297.6,681,407,0.666078090668,0,0,0,0,25,39,1,475.0,2496.2,150,976,0.147560119629,0,0,0,5,7,36,1,-19.68,-103.4,239,155,0.233775615692,0,0,0,5,3,38,1,-54.48,-286.2,579,136,0.566112995148,0,12,0
1,0,94593000,105375000,94579000,94593000,94593000,0.0,0.0,0.0,0,0.0,37,2,0,2,19,39,1,50.56,265.8,1656,127,0.618890285492,1,0,0,2,7,20,2,-284.92,-1497.2,695,313,0.67967414856,0,25,0,2,33,39,1,-192.12,-1009.6,371,378,0.363020420074,0,0,0,2,21,40,1,423.84,2227.4,593,581,0.580223083496,0,0,0,5,2,40,1,-14.36,-75.4,470,671,0.460074424744,0,0,0,2,12,37,1,305.64,1606.2,296,552,0.289872646332,0,9,0,2,26,34,1,-552.16,-2901.6,1995,478,0.950603485107,1,12,0,2,29,42,1,-159.84,-839.8,2774,298,0.71191740036,2,0,0,0,32,43,1,184.2,968.0,197,233,0.192793369293,0,0,0,6,23,18,2,264.4,1414.4,234,350,0.458595275879,0,31,0,6,6,22,1,-29.88,-159.4,325,236,0.636459827423,0,27,0,3,39,45,1,-35.68,-185.8,1019,768,0.498412132263,0,0,0,3,32,44,1,248.8,1295.6,1986,544,0.970934391022,0,0,0,1,137,41,1,-19.52,-102.6,239,211,0.23382806778,0,0,0,0,28,41,1,508.92,2674.4,671,657,0.656541824341,0,3,0,1,128,33,1,-19.68,-103.4,995,551,0.973155975342,0,15,0,0,10,44,1,487.64,2562.6,89,823,0.087784767151,0,0,0,0,18,41,1,-564.8,-2968.0,193,39,0.188698768616,0,0,0,0,12,42,1,210.44,1106.0,84,714,0.082793235779,0,0,0,6,7,45,1,216.12,1157.0,204,910,0.400956630707,0,0,0,6,22,32,2,-188.64,-1007.0,387,390,0.758085250854,0,19,0,6,16,23,1,-494.6,-2642.0,77,54,0.150789260864,0,17,0,6,10,29,1,738.2,3935.0,206,76,0.403277397156,0,22,0,6,21,38,1,-694.76,-3717.8,136,675,0.26743555069,0,12,0,6,9,48,1,219.72,1173.4,116,911,0.228747367859,0,0,0,3,6,42,1,31.0,161.4,1746,436,0.853580474854,0,0,0,3,38,28,1,66.0,343.6,1025,810,0.50136423111,0,1,0,3,9,42,1,59.68,310.8,1413,352,0.690783977509,0,0,0,3,23,46,1,86.2,449.0,301,545,0.147376537323,0,0,0,3,16,45,1,-6.16,-32.2,516,635,0.252502441406,0,0,0,3,13,43,1,149.6,779.0,943,190,0.460989952087,0,0,0,0,24,40,1,-614.0,-3226.6,547,920,0.535580635071,0,0,0,0,23,31,1,56.8,298.4,681,210,0.665890216827,0,0,0,0,25,42,1,475.4,2498.4,149,340,0.145975112915,0,0,0,5,7,37,1,-19.52,-102.6,239,224,0.233840942383,0,0,0,5,3,35,1,-53.72,-282.4,579,317,0.566285133362,0,9,0
1,0,94594000,105376000,94580000,94594000,94594000,0.0,0.0,0.0,0,0.0,36,2,0,2,19,37,1,50.28,264.2,1655,975,0.618721485138,1,0,0,2,33,41,1,-192.6,-1012.0,372,26,0.363661289215,0,0,0,2,21,38,1,423.8,2227.0,592,124,0.578808784485,0,0,0,5,2,34,1,-14.08,-74.0,470,720,0.460121154785,0,0,0,2,12,34,1,305.44,1605.2,295,503,0.288847923279,0,9,0,2,26,34,2,-552.36,-2902.8,1997,346,0.952432155609,1,18,0,2,29,42,1,-160.0,-840.8,2774,856,0.712450027466,2,0,0,0,32,43,1,183.92,966.4,196,614,0.192180156708,0,0,0,6,23,18,2,263.92,1411.8,233,910,0.457707881927,0,31,0,6,6,20,1,-31.36,-167.4,325,287,0.636558055878,0,31,0,3,39,45,1,-36.04,-187.6,1019,1021,0.498532295227,0,0,0,3,32,43,1,248.44,1293.6,1984,855,0.970105171204,0,0,0,1,137,41,1,-19.44,-102.2,239,279,0.233892917633,0,0,0,0,28,44,1,508.44,2671.8,669,926,0.654843330383,0,0,0,1,128,36,1,-18.88,-99.4,995,621,0.973222732544,0,14,0,0,10,44,1,487.16,2560.2,88,144,0.086159229279,0,0,0,0,18,39,1,-565.4,-2971.2,194,990,0.190583229065,0,0,0,0,12,43,1,210.44,1105.8,83,1002,0.082091331482,0,0,0,6,7,47,1,216.2,1157.2,204,532,0.400235176086,0,0,0,6,22,38,2,-187.96,-1003.4,387,716,0.758707523346,0,19,0,6,16,33,2,-494.32,-2640.6,77,925,0.152453422546,0,26,0,6,10,34,1,738.4,3936.2,204,839,0.400822162628,0,19,0,6,21,43,1,-694.64,-3717.2,137,862,0.269750118256,0,12,0,6,9,47,1,219.64,1172.8,116,527,0.228014469147,0,0,0,3,6,42,1,30.52,158.8,1746,221,0.853478431702,0,0,0,3,38,25,1,61.16,318.4,1025,372,0.501154899597,0,25,0,3,9,41,1,59.2,308.2,1412,962,0.690586566925,0,0,0,3,23,46,1,85.96,447.6,300,968,0.147089958191,0,0,0,3,16,44,1,-6.84,-35.6,516,682,0.252524852753,0,0,0,3,13,42,1,149.24,777.2,942,170,0.460492134094,0,0,0,0,24,34,1,-613.92,-3226.2,549,1017,0.537628173828,0,0,0,0,23,31,1,56.24,295.6,681,13,0.66570186615,0,0,0,0,25,42,1,475.16,2497.0,147,728,0.144390106201,0,0,0,5,7,37,1,-19.4,-102.0,239,292,0.233905792236,0,0,0,5,3,38,1,-54.0,-283.6,579,507,0.566466808319,0,7,0,1,129,45,1,-20.2,-106.2,597,29,0.583605766296,0,0,0
1,0,94595000,105377000,94581000,94595000,94595000,0.0,0.0,0.0,0,0.0,36,2,0,2,19,35,1,50.0,262.8,1655,800,0.618554592133,1,0,0,2,33,45,1,-192.52,-1011.8,372,698,0.36430311203,0,0,0,2,21,42,1,423.64,2226.2,590,692,0.577395915985,0,0,0,5,2,34,1,-13.76,-72.4,470,770,0.460168361664,0,0,0,2,12,34,1,305.2,1603.8,294,459,0.287828445435,0,11,0,2,26,37,2,-552.44,-2903.2,1999,243,0.95428943634,1,19,0,2,29,42,1,-160.16,-841.8,2775,391,0.712983608246,2,0,0,0,32,41,1,183.52,964.4,195,996,0.191566944122,0,0,0,6,23,17,2,262.88,1406.4,233,447,0.456823825836,0,32,0,6,6,18,1,-30.28,-161.6,325,342,0.636662006378,0,29,0,3,39,43,1,-36.2,-188.6,1020,248,0.498652458191,0,0,0,3,32,44,1,248.44,1293.6,1983,141,0.969275951385,0,0,0,1,137,41,1,-19.72,-103.8,239,347,0.233957767487,0,0,0,0,28,46,1,508.24,2670.8,668,175,0.653148651123,0,0,0,1,128,34,1,-20.08,-105.6,995,690,0.973288536072,0,7,0,0,10,44,1,487.0,2559.2,86,489,0.084533691406,0,0,0,0,18,32,1,-565.12,-2969.6,196,916,0.192468643188,0,0,0,0,12,47,1,210.2,1104.6,83,267,0.081389427185,0,0,0,6,7,46,1,215.8,1155.2,204,155,0.399514198303,0,0,0,6,22,37,2,-188.24,-1004.8,388,14,0.759323596954,0,18,0,6,16,28,1,-494.76,-2643.0,78,767,0.154108047485,0,20,0,6,10,30,1,738.48,3936.4,203,572,0.398355007172,0,22,0,6,21,43,1,-694.88,-3718.4,139,26,0.27206659317,0,11,0,6,9,45,1,219.12,1170.2,116,144,0.227283000946,0,0,0,3,6,42,1,30.32,158.0,1746,7,0.853375911713,0,0,0,3,38,24,1,65.76,342.4,1024,936,0.500935554504,0,25,0,3,9,39,1,59.08,307.6,1412,547,0.690388679504,0,0,0,3,23,48,1,85.68,446.2,300,368,0.146803379059,0,0,0,3,16,42,1,-7.16,-37.2,516,728,0.252547264099,0,0,0,3,13,41,1,149.08,776.2,941,150,0.459993362427,0,0,0,0,24,33,1,-614.0,-3226.6,552,90,0.539676189423,0,1,0,0,23,31,1,56.16,295.2,680,839,0.665513515472,0,0,0,0,25,42,1,474.92,2495.8,146,91,0.142805099487,0,0,0,5,7,37,1,-19.76,-103.8,239,360,0.233971118927,0,0,0,5,3,40,1,-54.08,-284.2,579,701,0.566651821136,0,6,0,1,129,42,1,-20.36,-107.0,597,99,0.583673000336,0,0,0
1,0,94596000,105378000,94582000,94596000,94596000,0.0,0.0,0.0,0,0.0,36,2,0,2,19,35,1,50.52,265.4,1655,624,0.618386745453,1,0,0,2,33,43,1,-192.24,-1010.2,373,347,0.364945411682,0,0,0,2,21,43,1,423.96,2227.8,589,236,0.575983524323,0,0,0,5,2,34,1,-13.56,-71.4,470,820,0.46021604538,0,0,0,2,12,33,1,305.24,1604.0,293,421,0.286814689636,0,8,0,2,26,31,2,-551.92,-2900.4,2001,137,0.956142902374,1,18,0,2,29,45,1,-159.76,-839.4,2775,950,0.713517189026,2,0,0,0,32,42,1,184.04,967.2,195,354,0.190954208374,0,0,0,6,23,17,2,262.08,1401.8,232,1010,0.455942153931,0,33,0,6,6,17,1,-30.88,-164.8,325,396,0.636765480042,0,30,0,3,39,45,1,-35.68,-185.8,1020,499,0.498772144318,0,0,0,3,32,42,1,248.64,1294.8,1981,453,0.968447208405,0,0,0,1,137,41,1,-19.44,-102.2,239,415,0.234023094177,0,0,0,0,28,40,1,508.48,2672.0,666,447,0.651453495026,0,0,0,1,128,36,1,-19.84,-104.2,995,759,0.9733543396,0,3,0,0,10,44,1,487.4,2561.2,84,834,0.082908630371,0,0,0,0,18,39,1,-564.8,-2968.2,198,843,0.194354057312,0,0,0,0,12,41,1,210.52,1106.2,82,556,0.080687999725,0,0,0,6,7,44,1,215.96,1156.2,203,802,0.398794174194,0,0,0,6,22,40,1,-187.96,-1003.4,388,337,0.7599401474,0,19,0,6,16,27,2,-495.28,-2645.6,79,614,0.155773639679,0,27,0,6,10,28,1,738.24,3935.2,202,304,0.395885944366,0,19,0,6,21,35,1,-694.64,-3717.2,140,218,0.274390697479,0,13,0,6,9,48,1,219.4,1171.6,115,786,0.226551532745,0,0,0,3,6,43,1,30.8,160.4,1745,817,0.853273868561,0,0,0,3,38,22,1,67.2,350.0,1024,500,0.500727653503,0,27,0,3,9,38,1,59.48,309.6,1412,133,0.690191268921,0,0,0,3,23,45,1,86.08,448.2,299,792,0.146516799927,0,0,0,3,16,45,1,-6.4,-33.4,516,775,0.252569675446,0,0,0,3,13,42,1,149.52,778.6,940,131,0.459496021271,0,0,0,0,24,21,1,-612.56,-3219.0,554,196,0.541731834412,0,25,0,0,23,21,1,56.08,294.8,680,643,0.665326118469,0,22,0,0,25,44,1,475.08,2496.6,144,479,0.141220092773,0,0,0,5,7,37,1,-19.36,-101.8,239,429,0.234036445618,0,0,0,5,3,40,1,-53.76,-282.4,579,884,0.566826820374,0,3,0,1,129,40,1,-19.92,-104.8,597,170,0.583740234375,0,0,0
1,0,94597000,105379000,94583000,94597000,94597000,0.0,0.0,0.0,0,0.0,34,2,0,2,19,31,1,49.52,260.2,1655,449,0.618219852448,1,0,0,2,33,42,1,-192.84,-1013.4,373,1021,0.365588665009,0,0,0,2,21,41,1,423.8,2227.0,587,804,0.574570655823,0,0,0,5,2,34,1,-14.32,-75.2,470,870,0.460263729095,0,0,0,2,12,28,1,304.52,1600.2,292,383,0.285800933838,0,9,0,2,26,34,2,-552.48,-2903.4,2003,2,0.95796918869,1,17,0,2,29,43,1,-160.44,-843.2,2776,486,0.71405172348,2,0,0,0,32,37,1,182.96,961.4,194,737,0.190341949463,0,0,0,6,23,17,2,262.08,1401.8,232,554,0.455071926117,0,31,0,6,6,16,1,-33.84,-180.6,325,451,0.636869907379,0,34,0,3,39,44,1,-36.48,-190.0,1020,752,0.498893260956,0,0,0,3,32,42,1,247.68,1289.8,1979,767,0.967619419098,0,0,0,1,137,39,1,-19.72,-103.8,239,483,0.234088420868,0,0,0,0,28,39,1,508.08,2670.0,664,719,0.649758338928,0,0,0,1,128,42,1,-19.68,-103.4,995,829,0.973421096802,0,0,0,0,10,47,1,486.64,2557.4,83,157,0.08128452301,0,0,0,0,18,39,1,-565.36,-2970.8,200,770,0.196239471436,0,0,0,0,12,45,1,210.04,1103.8,81,846,0.079987049103,0,0,0,6,7,40,1,215.48,1153.4,203,426,0.398074626923,0,0,0,6,22,33,1,-190.08,-1014.6,388,671,0.760578632355,0,19,0,6,16,26,2,-495.08,-2644.8,80,454,0.157424926758,0,27,0,6,21,34,1,-694.84,-3718.2,141,408,0.27670955658,0,14,0,6,9,46,1,218.84,1168.6,115,403,0.225821018219,0,0,0,3,6,42,1,30.28,157.8,1745,605,0.853172302246,0,0,0,3,38,20,1,66.4,345.8,1024,22,0.500499248505,0,25,0,3,9,39,1,59.0,307.2,1411,744,0.6899933815,0,0,0,3,23,47,1,85.48,445.2,299,193,0.146231174469,0,0,0,3,16,44,1,-7.08,-37.0,516,824,0.252593040466,0,0,0,3,13,41,1,148.84,775.2,939,114,0.458998680115,0,0,0,0,23,21,1,54.64,287.2,680,453,0.665144443512,0,28,0,0,25,43,1,474.96,2496.0,142,867,0.139636039734,0,0,0,5,7,34,1,-19.72,-103.6,239,498,0.234102249146,0,0,0,5,3,42,1,-54.16,-284.6,580,50,0.567007541656,0,0,0,1,129,43,1,-20.4,-107.2,597,241,0.583808422089,0,0,0,,,,,,,,,,,,,,,,,,,,,,,,
1,0,94598000,105380000,94584000,94598000,94598000,0.0,0.0,0.0,0,0.0,36,2,0,2,19,32,1,49.2,258.6,1655,277,0.618055343628,1,5,0,2,7,24,2,-284.2,-1493.4,700,158,0.684412956238,0,23,0,2,33,43,1,-193.6,-1017.4,374,671,0.366231918335,0,0,0,2,21,40,1,423.6,2226.2,586,348,0.573157310486,0,0,0,5,2,24,1,-15.36,-80.6,470,920,0.460311889648,0,9,0,2,12,26,1,305.8,1607.0,291,350,0.284791469574,0,19,0,2,26,39,2,-552.48,-2903.2,2004,907,0.959810733795,1,17,0,2,29,42,1,-161.08,-846.6,2777,23,0.714587688446,2,0,0,0,32,30,1,183.6,964.8,194,98,0.189732074738,0,14,0,6,23,16,2,260.84,1395.4,232,97,0.454197406769,0,34,0,6,6,15,2,-30.32,-161.8,325,507,0.636978149414,0,34,0,3,39,45,1,-36.88,-192.0,1020,1007,0.499014854431,0,0,0,3,32,45,1,247.36,1288.0,1978,58,0.966792106628,0,0,0,1,137,43,1,-20.0,-105.2,239,552,0.234154224396,0,0,0,0,28,34,1,507.56,2667.2,662,992,0.648064136505,0,0,0,1,128,37,1,-20.52,-108.0,995,899,0.973487854004,0,0,0,0,10,44,1,486.12,2554.6,81,505,0.079661369324,0,0,0,0,18,37,1,-565.4,-2971.2,202,698,0.198125362396,0,0,0,0,12,43,1,209.52,1101.0,81,113,0.079287052155,0,0,0,6,7,43,1,214.76,1149.8,203,50,0.397356033325,0,0,0,6,22,36,2,-189.32,-1010.6,388,1000,0.761207103729,0,19,0,6,16,25,2,-497.48,-2657.6,81,297,0.159081459045,0,28,0,6,10,32,1,737.8,3933.0,199,802,0.390965461731,0,18,0,6,21,33,1,-695.36,-3721.0,142,597,0.27902841568,0,15,0,6,9,47,1,218.36,1166.0,115,22,0.22509098053,0,0,0,3,6,40,1,29.76,155.0,1745,393,0.853071212769,0,0,0,3,38,18,1,66.68,347.2,1023,594,0.500284194946,0,25,0,3,9,34,1,58.48,304.4,1411,331,0.689796447754,0,0,0,3,23,44,1,84.92,442.2,298,621,0.145946502686,0,0,0,3,16,44,1,-7.6,-39.6,516,873,0.252616405487,0,0,0,3,13,41,1,148.16,771.6,938,98,0.45850276947,0,0,0,0,23,23,1,55.88,293.6,680,265,0.66496515274,0,27,0,0,25,43,1,474.6,2494.0,141,232,0.138051509857,0,0,0,5,7,39,1,-20.08,-105.4,239,567,0.234168052673,0,0,0,5,3,41,1,-53.96,-283.4,580,239,0.567188262939,0,0,0,1,129,38,1,-20.96,-110.2,597,313,0.583877086639,0,0,0
1,0,94599000,105381000,94585000,94599000,94599000,0.0,0.0,0.0,0,0.0,36,2,0,2,19,35,1,49.56,260.6,1655,106,0.61789226532,1,10,0,2,7,24,2,-284.68,-1496.0,701,145,0.685378074646,0,21,0,2,33,42,1,-193.12,-1014.8,375,322,0.36687707901,0,1,0,2,21,38,1,424.48,2230.6,584,917,0.571745872498,0,1,0,5,2,25,1,-14.2,-74.8,470,990,0.460378646851,0,20,0,2,12,25,2,303.72,1596.0,290,327,0.283792495728,0,25,0,2,26,42,1,-552.04,-2901.0,2006,785,0.96164894104,1,13,0,2,29,43,1,-160.56,-843.8,2777,585,0.715124130249,2,1,0,0,32,37,1,182.92,961.2,193,489,0.189127922058,0,18,0,6,23,17,2,263.76,1411.0,231,663,0.453323364258,0,31,0,6,6,14,2,-30.92,-165.0,325,563,0.637084007263,0,30,0,3,39,45,1,-36.32,-189.2,1021,241,0.499137401581,0,0,0,3,32,42,1,247.56,1289.2,1976,375,0.96596622467,0,0,0,1,137,43,1,-19.52,-102.6,239,622,0.234220504761,0,0,0,0,28,31,1,507.8,2668.6,661,242,0.646370410919,0,3,0,1,128,38,1,-20.04,-105.2,995,970,0.97355556488,0,0,0,0,10,42,1,486.24,2555.4,79,854,0.078039169312,0,0,0,0,18,39,1,-565.32,-2970.8,204,626,0.200011730194,0,2,0,0,12,38,1,210.16,1104.4,80,404,0.078587532043,0,0,0,6,7,41,1,215.2,1152.0,202,698,0.396638393402,0,2,0,6,22,40,1,-187.48,-1000.8,389,304,0.761835098267,0,19,0,6,16,25,2,-496.12,-2650.2,82,146,0.160749912262,0,29,0,6,10,39,1,738.32,3935.6,198,536,0.38850069046,0,15,0,6,21,34,1,-693.32,-3710.2,143,793,0.281360626221,0,17,0,6,9,46,1,218.72,1168.0,114,664,0.224362373352,0,0,0,3,6,40,1,30.36,158.0,1745,183,0.852971076965,0,0,0,3,38,18,1,63.88,332.8,1023,143,0.500068187714,0,25,0,3,9,36,1,59.16,308.0,1410,944,0.689599990845,0,1,0,3,23,44,1,85.2,443.8,298,26,0.145662784576,0,0,0,3,16,42,1,-7.28,-38.0,516,925,0.252641201019,0,0,0,3,13,41,1,148.48,773.2,937,86,0.458008289337,0,0,0,0,23,22,1,55.68,292.6,680,80,0.664788722992,0,28,0,0,25,42,1,475.28,2497.6,139,620,0.136467456818,0,0,0,5,7,39,1,-19.48,-102.4,239,636,0.234234333038,0,0,0,5,3,45,1,-53.76,-282.4,580,428,0.567368984222,0,0,0,1,129,38,1,-20.44,-107.4,597,385,0.58394575119,0,1,0
1,0,94600000,105382000,94586000,94600000,94600000,0.0,0.0,0.0,0,0.0,36,2,0,2,19,31,1,49.76,261.4,1654,955,0.617725372314,1,2,0,2,7,23,2,-284.72,-1496.2,702,133,0.686344146729,0,26,0,2,33,40,1,-192.84,-1013.2,375,995,0.367519855499,0,1,0,2,21,32,1,424.28,2229.6,583,457,0.570329666138,0,0,0,5,2,23,1,-14.0,-73.6,471,34,0.460443496704,0,28,0,2,12,24,2,304.12,1598.2,289,306,0.282794952393,0,26,0,2,26,41,1,-551.76,-2899.4,2008,663,0.963487625122,1,10,0,2,29,44,1,-160.6,-843.8,2778,123,0.715660095215,2,0,0,0,32,37,1,183.24,963.0,192,858,0.188502311707,0,11,0,6,23,18,2,261.4,1398.4,231,205,0.452446937561,0,32,0,6,6,13,1,-29.68,-158.4,325,614,0.637182712555,0,31,0,3,39,45,1,-36.52,-190.2,1021,496,0.499259471893,0,0,0,3,32,35,1,247.76,1290.0,1974,693,0.965140342712,0,0,0,1,137,42,1,-19.44,-102.2,239,690,0.234285831451,0,0,0,0,28,31,1,508.36,2671.4,659,514,0.644675254822,0,2,0,1,128,37,1,-19.4,-102.0,996,15,0.973621845245,0,0,0,0,10,41,1,486.64,2557.2,78,178,0.076416969299,0,0,0,0,18,34,1,-565.12,-2969.8,206,552,0.201896190643,0,0,0,0,12,34,1,209.68,1101.8,79,695,0.077888011932,0,0,0,6,7,39,1,215.28,1152.4,202,323,0.395921230316,0,0,0,6,22,42,1,-189.0,-1008.8,389,626,0.762448787689,0,14,0,6,16,23,2,-496.08,-2650.0,82,1018,0.162415981293,0,32,0,6,10,36,1,738.28,3935.4,197,269,0.386033535004,0,13,0,6,21,32,1,-693.8,-3712.6,144,988,0.283688545227,0,23,0,6,9,48,1,218.56,1167.2,114,283,0.223633289337,0,0,0,3,6,41,1,30.44,158.6,1744,995,0.852869987488,0,0,0,3,38,18,1,65.8,342.8,1022,704,0.499847412109,0,27,0,3,9,39,1,59.44,309.4,1410,530,0.689402580261,0,0,0,3,23,45,1,85.36,444.4,297,454,0.14537858963,0,0,0,3,16,44,1,-6.92,-36.0,516,973,0.252664089203,0,0,0,3,13,38,1,148.8,775.0,936,72,0.457512378693,0,0,0,0,23,21,1,56.56,297.4,679,921,0.664614200592,0,27,0,0,25,41,1,475.12,2496.8,137,1008,0.134882926941,0,0,0,5,7,38,1,-19.32,-101.6,239,704,0.234299659729,0,0,0,5,3,42,1,-53.6,-281.6,580,616,0.567548274994,0,0,0,1,129,38,1,-20.24,-106.4,597,456,0.584013462067,0,0,0
1,0,94601000,105383000,94587000,94601000,94601000,0.0,0.0,0.0,0,0.0,36,2,0,2,19,32,1,50.0,262.8,1654,781,0.617559432983,1,1,0,2,7,22,2,-284.84,-1496.8,703,103,0.687293052673,0,26,0,2,33,40,1,-192.88,-1013.6,376,646,0.3681640625,0,1,0,2,21,31,1,424.44,2230.4,581,1022,0.568913936615,0,0,0,0,15,26,1,-415.2,-2181.8,958,656,0.937088489532,0,57,0,5,2,30,1,-14.16,-74.4,471,91,0.46049785614,0,24,0,2,12,24,2,304.72,1601.4,288,264,0.281777858734,0,26,0,2,26,42,1,-551.16,-2896.4,2010,562,0.965346336365,1,9,0,2,29,34,1,-160.32,-842.6,2778,685,0.716197013855,2,0,0,0,32,29,1,183.36,963.4,192,237,0.187910079956,0,12,0,6,23,18,2,264.2,1413.4,230,771,0.451571941376,0,30,0,3,39,45,1,-35.96,-187.2,1021,750,0.499381065369,0,0,0,3,32,39,1,248.04,1291.6,1972,1010,0.964314460754,0,0,0,1,137,42,1,-18.68,-98.2,239,758,0.234350681305,0,0,0,0,28,31,1,509.8,2679.0,657,792,0.642984867096,0,10,0,1,128,40,1,-19.12,-100.4,996,84,0.973687648773,0,0,0,0,10,40,1,486.6,2557.2,76,527,0.074794769287,0,0,0,0,18,39,1,-564.36,-2965.6,208,479,0.20378112793,0,0,0,0,12,31,1,210.0,1103.6,78,986,0.077188014984,0,0,0,6,7,39,1,215.52,1153.6,201,971,0.395203113556,0,2,0,6,22,41,1,-188.92,-1008.4,389,951,0.763071537018,0,9,0,6,16,19,2,-496.28,-2651.2,83,862,0.164074897766,0,32,0,6,10,35,1,739.12,3940.0,195,1021,0.383557796478,0,12,0,6,21,41,1,-693.88,-3713.2,146,150,0.286002635956,0,18,0,6,9,45,1,218.88,1168.8,113,925,0.222904205322,0,0,0,3,6,40,1,31.2,162.6,1744,783,0.85276889801,0,0,0,3,38,19,1,66.84,348.0,1022,247,0.499629497528,0,25,0,3,9,37,1,59.92,312.0,1410,115,0.689204692841,0,0,0,3,23,46,1,85.64,445.8,296,883,0.145094394684,0,0,0,3,16,42,1,-6.52,-34.0,516,1022,0.252687454224,0,0,0,3,13,42,1,148.88,775.2,935,58,0.457017421722,0,0,0,0,23,21,1,53.28,280.0,679,730,0.66443157196,0,27,0,0,25,42,1,475.96,2501.2,136,372,0.133297920227,0,0,0,5,7,38,1,-18.56,-97.6,239,772,0.234364032745,0,0,0,5,3,40,1,-52.84,-277.6,580,803,0.567727088928,0,0,0,1,129,39,1,-19.36,-101.8,597,526,0.584080696106,0,0,0
1,0,94602000,105384000,94588000,94602000,94602000,0.0,0.0,0.0,0,0.0,36,2,0,2,19,33,1,49.6,260.6,1654,608,0.61739397049,1,0,0,2,7,20,2,-286.88,-1507.6,704,88,0.688256263733,0,26,0,2,33,39,1,-193.12,-1015.0,377,296,0.368806838989,0,0,0,2,21,31,1,424.28,2229.6,580,559,0.567493915558,0,5,0,0,15,25,1,-415.2,-2181.8,960,31,0.938446044922,0,50,0,5,2,29,1,-14.08,-74.0,471,150,0.460554599762,0,19,0,2,12,25,2,304.76,1601.6,287,225,0.280762672424,0,25,0,2,26,38,1,-551.96,-2900.6,2012,410,0.96715593338,1,9,0,2,29,24,1,-161.24,-847.4,2779,223,0.716732978821,2,2,0,0,32,30,1,183.84,966.0,191,621,0.187299251556,0,18,0,6,23,17,2,260.4,1392.8,230,313,0.450696468353,0,32,0,3,39,43,1,-36.56,-190.4,1021,1004,0.49950170517,0,0,0,3,32,39,1,247.36,1288.0,1971,303,0.963488101959,0,0,0,1,137,40,1,-19.64,-103.2,239,825,0.234415054321,0,0,0,0,28,30,1,508.68,2673.0,656,61,0.641309738159,0,17,0,1,128,41,1,-19.52,-102.4,996,152,0.973752498627,0,0,0,0,10,42,1,486.04,2554.2,74,875,0.073172092438,0,0,0,0,18,43,1,-565.08,-2969.6,210,405,0.205665588379,0,0,0,0,12,28,1,209.24,1099.6,78,253,0.076488494873,0,3,0,6,7,39,1,214.84,1150.0,201,595,0.394484996796,0,0,0,6,22,42,1,-189.08,-1009.2,390,257,0.763701915741,0,7,0,6,16,18,2,-495.88,-2649.0,84,708,0.165738105774,0,30,0,6,10,35,1,738.52,3936.6,194,752,0.38108587265,0,13,0,6,21,43,1,-694.08,-3714.2,147,331,0.288304805756,0,12,0,6,9,45,1,218.0,1164.0,113,544,0.222175598145,0,0,0,3,6,41,1,30.4,158.2,1744,569,0.852666854858,0,0,0,3,38,20,1,66.48,346.2,1021,825,0.499416351318,0,27,0,3,9,39,1,59.2,308.4,1409,725,0.689007282257,0,0,0,3,23,46,1,84.76,441.4,296,288,0.144810199738,0,0,0,3,16,43,1,-7.16,-37.2,517,47,0.252711296082,0,0,0,3,13,39,1,148.12,771.4,934,44,0.456521987915,0,0,0,0,23,19,1,55.36,291.0,679,543,0.664253234863,0,27,0,0,25,42,1,475.0,2496.2,134,759,0.131712913513,0,0,0,5,7,37,1,-19.8,-104.0,239,840,0.234428882599,0,0,0,5,3,42,1,-53.68,-282.0,580,990,0.567905426025,0,0,0,1,129,42,1,-20.04,-105.4,597,596,0.584146976471,0,0,0
1,0,94603000,105385000,94589000,94603000,94603000,0.0,0.0,0.0,0,0.0,35,2,0,2,19,36,1,49.6,260.6,1654,434,0.617228031158,1,0,0,2,33,43,1,-193.28,-1015.8,377,972,0.369452476501,0,0,0,2,21,33,2,423.96,2227.8,579,106,0.566083908081,0,5,0,0,15,24,2,-415.2,-2181.8,961,400,0.939776420593,0,44,0,5,2,27,1,-14.4,-75.6,471,211,0.460612773895,0,20,0,2,12,23,2,303.0,1592.2,286,195,0.279756546021,0,26,0,2,26,42,1,-552.0,-2900.8,2014,322,0.969027519226,1,6,0,2,29,22,2,-159.08,-836.0,2779,794,0.71727848053,2,26,0,0,32,33,1,181.52,953.8,190,998,0.186681747437,0,18,0,6,23,17,2,262.4,1403.6,229,881,0.449825286865,0,31,0,3,39,43,1,-36.76,-191.4,1022,235,0.499623298645,0,0,0,3,32,39,1,247.36,1288.0,1969,621,0.962662220001,0,0,0,1,137,42,1,-19.64,-103.2,239,893,0.234479427338,0,0,0,0,28,34,1,507.68,2668.0,654,328,0.63960981369,0,15,0,1,128,39,1,-19.36,-101.6,996,220,0.973817825317,0,0,0,0,10,42,1,486.12,2554.4,73,201,0.0715508461,0,0,0,0,18,44,1,-565.04,-2969.4,212,331,0.207550048828,0,0,0,0,12,28,1,209.2,1099.4,77,554,0.075798034668,0,13,0,6,7,41,1,214.96,1150.6,201,220,0.393767356873,0,0,0,6,22,47,1,-188.72,-1007.4,390,588,0.764334201813,0,6,0,6,16,18,2,-497.76,-2658.8,85,554,0.16739988327,0,31,0,6,10,27,1,738.12,3934.6,193,484,0.378617763519,0,15,0,6,21,42,1,-694.48,-3716.4,148,515,0.290613651276,0,11,0,6,9,48,1,217.88,1163.4,113,164,0.221448421478,0,0,0,3,6,38,1,30.2,157.4,1744,357,0.852565288544,0,0,0,3,38,22,1,66.04,343.8,1021,367,0.4991979599,0,25,0,3,9,38,1,59.36,309.2,1409,311,0.688809394836,0,0,0,3,23,46,1,84.56,440.4,295,720,0.144527435303,0,0,0,3,16,41,1,-7.16,-37.2,517,96,0.252734184265,0,0,0,3,13,44,1,148.24,772.0,933,31,0.456026554108,0,0,0,0,23,19,1,55.92,293.8,679,356,0.664074420929,0,28,0,0,25,42,1,474.76,2494.8,133,123,0.130127906799,0,0,0,5,7,37,1,-19.76,-104.0,239,907,0.234493255615,0,0,0,5,3,39,1,-53.64,-281.8,581,153,0.56808423996,0,0,0,1,129,40,1,-20.12,-105.8,597,666,0.58421421051,0,0,0,,,,,,,,,,,,
1,0,94604000,105386000,94590000,94604000,94604000,0.0,0.0,0.0,0,0.0,36,2,0,2,19,36,1,49.64,261.0,1654,262,0.617063522339,1,0,0,2,33,42,1,-193.32,-1015.8,378,624,0.370097637177,0,0,0,2,21,28,2,423.56,2225.8,577,689,0.564685821533,0,13,0,0,15,23,2,-415.56,-2183.8,962,800,0.941135883331,0,39,0,5,2,33,1,-14.84,-78.0,471,268,0.460666656494,0,14,0,2,12,24,2,305.04,1603.0,285,149,0.27873468399,0,25,0,2,26,41,1,-552.36,-2902.8,2016,182,0.970848560333,1,9,0,2,29,22,2,-161.96,-851.2,2780,339,0.717821598053,2,25,0,0,32,36,1,182.8,960.6,190,350,0.186062812805,0,15,0,6,23,16,2,262.16,1402.4,229,427,0.448957920074,0,30,0,3,39,45,1,-36.68,-191.0,1022,492,0.499746322632,0,0,0,3,32,37,1,247.56,1289.0,1967,942,0.961837768555,0,0,0,1,137,39,1,-19.56,-102.8,239,962,0.234545230865,0,0,0,0,28,34,1,507.52,2667.0,652,599,0.637913227081,0,12,0,1,128,39,1,-19.68,-103.4,996,290,0.973884105682,0,0,0,0,10,42,1,486.04,2554.0,71,552,0.069930553436,0,0,0,0,18,43,1,-565.36,-2971.0,214,259,0.209435939789,0,0,0,0,12,27,1,208.76,1097.0,76,844,0.075097560883,0,12,0,6,7,26,1,216.36,1158.2,200,868,0.393049240112,0,11,0,6,22,39,1,-189.96,-1014.0,390,919,0.764966964722,0,3,0,6,16,20,2,-499.04,-2665.8,86,404,0.169069766998,0,31,0,6,10,36,1,738.16,3934.8,192,223,0.376160621643,0,14,0,6,21,43,1,-694.6,-3717.0,149,700,0.29292345047,0,11,0,6,9,46,1,217.72,1162.6,112,808,0.220722675323,0,0,0,3,6,41,1,30.2,157.2,1744,148,0.852465629578,0,0,0,3,38,31,1,65.16,339.2,1020,910,0.49896812439,0,19,0,3,9,36,1,58.96,307.0,1408,922,0.68861246109,0,0,0,3,23,44,1,84.6,440.6,295,130,0.144246101379,0,0,0,3,16,42,1,-7.28,-37.8,517,147,0.25275850296,0,0,0,3,13,42,1,148.4,772.8,932,20,0.455532550812,0,0,0,0,24,20,1,-596.12,-3132.6,573,931,0.561007022858,0,63,0,0,23,18,1,56.08,294.6,679,163,0.663889884949,0,27,0,0,25,41,1,474.76,2494.8,131,513,0.128544807434,0,0,0,5,7,37,1,-19.56,-102.8,239,976,0.234558582306,0,0,0,5,3,44,1,-54.16,-284.6,581,341,0.568263530731,0,0,0,1,129,40,1,-20.44,-107.4,597,737,0.58428144455,0,0,0
1,0,94605000,105387000,94591000,94605000,94605000,0.0,0.0,0.0,0,0.0,35,2,0,2,19,36,1,49.08,257.8,1654,89,0.616899013519,1,0,0,2,33,44,1,-193.76,-1018.2,379,276,0.370743274689,0,0,0,2,21,27,2,422.84,2222.0,576,278,0.563315868378,0,20,0,5,2,32,1,-14.84,-78.0,471,306,0.460703372955,0,8,0,5,4,21,1,149.2,784.0,921,31,0.900323390961,0,62,0,2,12,30,2,303.48,1594.8,284,96,0.277706623077,0,22,0,2,26,38,1,-552.28,-2902.2,2018,70,0.972696304321,1,3,0,2,29,21,2,-161.6,-849.2,2780,909,0.71836566925,2,25,0,0,32,44,1,182.44,958.8,189,739,0.18545627594,0,7,0,6,23,17,2,260.76,1395.0,228,995,0.448086738586,0,31,0,3,39,43,1,-37.12,-193.2,1022,750,0.499869823456,0,0,0,3,32,39,1,246.76,1285.0,1966,240,0.961013793945,0,0,0,1,137,42,1,-19.96,-104.8,240,7,0.23461151123,0,0,0,0,28,31,1,508.12,2670.2,650,870,0.63621711731,0,14,0,1,128,38,1,-19.92,-104.6,996,359,0.973950386047,0,0,0,0,10,41,1,485.28,2550.2,69,902,0.06831073761,0,0,0,0,18,40,1,-565.72,-2972.8,216,187,0.211322307587,0,0,0,0,12,25,1,209.24,1099.4,76,133,0.074419021606,0,25,0,6,7,27,1,214.32,1147.2,200,500,0.392345905304,0,18,0,6,22,35,1,-190.92,-1019.0,391,227,0.765600681305,0,5,0,6,16,20,2,-497.6,-2658.0,87,254,0.170741081238,0,33,0,6,10,37,1,737.52,3931.4,190,986,0.373705387115,0,13,0,6,21,44,1,-694.56,-3716.8,150,892,0.295247077942,0,6,0,6,9,46,1,217.04,1159.0,112,428,0.219997882843,0,0,0,3,6,41,1,29.68,154.6,1743,962,0.852365970612,0,0,0,3,38,39,1,64.8,337.4,1020,422,0.498735427856,0,9,0,3,9,40,1,58.84,306.4,1408,510,0.688416004181,0,0,0,3,23,47,1,84.0,437.4,294,566,0.143965244293,0,0,0,3,16,42,1,-7.52,-39.2,517,200,0.252784252167,0,0,0,3,13,38,1,147.8,769.6,931,9,0.455039024353,0,0,0,0,23,22,1,54.76,287.8,678,991,0.663702964783,0,28,0,0,25,45,1,474.36,2492.8,129,903,0.126962184906,0,0,0,5,7,38,1,-19.84,-104.2,240,21,0.234624862671,0,0,0,5,3,35,1,-54.0,-283.6,581,530,0.568443775177,0,0,0,1,129,42,1,-20.36,-107.0,597,808,0.584349632263,0,0,0,,,,,,,,,,,,
1,0,94606000,105388000,94592000,94606000,94606000,0.0,0.0,0.0,0,0.0,35,2,0,2,19,40,1,48.8,256.4,1653,942,0.616735458374,1,0,0,2,33,41,1,-194.12,-1020.0,379,953,0.371388912201,0,0,0,2,21,28,2,423.32,2224.4,574,859,0.561915874481,0,23,0,5,2,25,1,-15.16,-79.6,471,369,0.4607629776,0,13,0,5,4,18,1,149.2,784.0,920,525,0.899816989899,0,54,0,2,12,34,1,303.04,1592.4,283,40,0.276675701141,0,17,0,2,26,41,2,-552.68,-2904.4,2019,982,0.974544525146,1,0,0,2,29,21,2,-160.8,-845.0,2781,465,0.718919754028,2,26,0,0,32,44,1,182.32,958.2,189,98,0.184844970703,0,6,0,6,23,16,2,261.08,1396.6,228,538,0.447212696075,0,33,0,3,39,43,1,-37.48,-195.2,1022,1009,0.499992847443,0,0,0,3,32,37,1,246.6,1284.2,1964,560,0.960189342499,0,0,0,1,137,40,1,-20.28,-106.4,240,77,0.234678268433,0,0,0,0,28,31,1,512.64,2694.0,649,123,0.634526729584,0,20,0,1,128,41,1,-20.12,-105.8,996,429,0.974016666412,0,0,0,0,10,37,1,484.8,2547.8,68,230,0.066691398621,0,0,0,0,18,43,1,-565.96,-2974.0,218,116,0.213209629059,0,0,0,0,12,24,1,209.72,1102.0,75,442,0.073736190796,0,27,0,6,7,35,1,214.48,1148.2,200,126,0.391630172729,0,15,0,6,22,37,1,-190.6,-1017.4,391,563,0.766243934631,0,13,0,6,16,20,2,-498.68,-2663.8,88,104,0.172410488129,0,30,0,6,10,35,1,737.64,3932.0,189,723,0.371246814728,0,14,0,6,21,35,1,-695.2,-3720.2,152,51,0.29755449295,0,7,0,6,9,46,1,216.6,1156.6,112,50,0.219274044037,0,0,0,3,6,41,1,29.52,153.8,1743,754,0.852266311646,0,0,0,3,38,43,1,64.8,337.4,1019,997,0.498521327972,0,2,0,3,9,36,1,58.52,304.8,1408,99,0.688219547272,0,0,0,3,23,44,1,83.68,435.6,293,1001,0.143684387207,0,0,0,3,16,40,1,-7.88,-41.0,517,251,0.252808094025,0,0,0,3,13,35,1,147.6,768.6,930,1,0.454545974731,0,0,0,0,23,25,1,53.96,283.6,678,801,0.663521766663,0,26,0,0,25,44,1,474.16,2491.6,128,270,0.125380039215,0,0,0,5,7,37,1,-20.2,-106.2,240,91,0.234691619873,0,0,0,5,3,44,1,-54.24,-285.0,581,719,0.568624019623,0,0,0,1,129,39,1,-20.4,-107.2,597,879,0.584417819977,0,0,0,,,,,,,,,,,,
1,0,94607000,105389000,94593000,94607000,94607000,0.0,0.0,0.0,0,0.0,34,2,0,2,19,38,1,48.4,254.4,1653,770,0.616571903229,1,0,0,2,33,40,1,-194.48,-1022.0,380,607,0.372036933899,0,0,0,2,21,34,2,422.52,2220.2,573,426,0.560524940491,0,19,0,5,2,35,1,-15.36,-80.6,471,414,0.460806846619,0,10,0,2,12,33,1,302.72,1590.8,282,3,0.275663375854,0,11,0,2,26,40,1,-552.84,-2905.2,2021,868,0.97639131546,1,0,0,2,29,19,2,-161.12,-846.6,2782,15,0.719467163086,2,26,0,0,32,45,1,182.16,957.2,188,490,0.184241294861,0,3,0,6,23,18,2,262.96,1406.6,228,79,0.446335315704,0,31,0,3,39,44,1,-37.56,-195.4,1023,244,0.500116825104,0,0,0,3,32,37,1,246.56,1283.8,1962,882,0.959365367889,0,0,0,1,137,40,1,-20.56,-108.0,240,147,0.234745025635,0,0,0,0,28,36,1,507.2,2665.4,647,382,0.632818698883,0,17,0,1,128,38,1,-20.32,-106.6,996,499,0.974083423615,0,0,0,0,10,41,1,485.0,2548.6,66,582,0.065072536469,0,0,0,0,18,43,1,-566.04,-2974.6,220,44,0.215096473694,0,0,0,0,12,22,1,206.8,1086.6,74,748,0.0730509758,0,28,0,6,7,32,1,213.92,1145.2,199,768,0.390901565552,0,15,0,6,22,37,1,-190.88,-1018.8,391,894,0.766876220703,0,16,0,6,16,21,2,-498.68,-2663.8,88,976,0.174077033997,0,32,0,6,10,35,1,737.52,3931.4,188,454,0.3687748909,0,16,0,6,21,34,1,-693.12,-3709.0,153,244,0.299880981445,0,25,0,6,9,48,1,216.44,1155.8,111,695,0.218551158905,0,0,0,3,6,39,1,29.36,152.8,1743,547,0.852167606354,0,0,0,3,38,45,1,64.36,335.0,1019,547,0.498306274414,0,1,0,3,9,36,1,58.4,304.2,1407,712,0.688023090363,0,0,0,3,23,44,1,83.4,434.4,293,415,0.143404483795,0,0,0,3,16,43,1,-8.0,-41.8,517,306,0.252834796906,0,0,0,3,13,32,1,147.24,766.8,928,1016,0.454053401947,0,0,0,0,23,35,1,53.76,282.6,678,593,0.663323402405,0,18,0,0,25,42,1,473.68,2489.2,126,661,0.123798847198,0,0,0,5,7,35,1,-20.56,-108.0,240,162,0.234758853912,0,0,0,5,3,45,1,-54.44,-286.0,581,908,0.568805217743,0,0,0,1,129,41,1,-20.88,-109.6,597,951,0.58448600769,0,0,0,,,,,,,,,,,,,,,,,,,,,,,,
1,0,94608000,105390000,94594000,94608000,94608000,0.0,0.0,0.0,0,0.0,32,2,0,2,19,39,1,49.08,258.0,1653,600,0.616409301758,1,0,0,2,33,43,1,-193.88,-1018.8,381,263,0.372685432434,0,0,0,2,21,31,2,422.68,2221.2,572,2,0.559142589569,0,17,0,5,2,36,1,-15.2,-79.8,471,479,0.460868835449,0,9,0,2,12,32,1,303.0,1592.2,280,987,0.274647712708,0,13,0,2,26,39,1,-552.56,-2903.8,2023,752,0.978235721588,1,0,0,0,32,42,1,182.76,960.4,187,879,0.183635234833,0,1,0,6,23,18,2,262.64,1405.0,227,648,0.445465564728,0,34,0,3,39,44,1,-37.2,-193.8,1023,504,0.500240802765,0,0,0,3,32,37,1,246.84,1285.4,1961,181,0.958542346954,0,0,0,1,137,42,1,-20.16,-106.0,240,217,0.234811782837,0,0,0,0,28,38,1,507.56,2667.2,645,649,0.631118297577,0,12,0,1,128,34,1,-19.64,-103.2,996,569,0.974150180817,0,0,0,0,10,39,1,485.16,2549.6,64,935,0.063453674316,0,0,0,0,18,46,1,-566.0,-2974.4,221,997,0.216983795166,0,0,0,6,7,34,1,214.64,1149.0,199,397,0.39019203186,0,18,0,6,22,39,2,-189.64,-1012.4,392,224,0.767551898956,0,23,0,6,16,20,2,-497.08,-2655.4,89,824,0.175743103027,0,30,0,6,10,40,1,737.64,3932.0,187,198,0.366328716278,0,13,0,6,21,42,1,-695.0,-3719.2,154,435,0.302202224731,0,17,0,6,9,46,1,216.44,1155.8,111,317,0.21782875061,0,0,0,3,6,40,1,29.72,154.8,1743,338,0.852067947388,0,0,0,3,38,45,1,64.72,337.0,1019,90,0.498087882996,0,1,0,3,9,36,1,58.96,307.0,1407,302,0.687827587128,0,0,0,3,23,45,1,83.56,435.0,292,853,0.14312505722,0,0,0,3,16,43,1,-7.76,-40.4,517,360,0.252860546112,0,0,0,3,13,31,1,147.6,768.6,927,1008,0.453560829163,0,0,0,0,23,38,1,53.76,282.6,678,395,0.66313457489,0,10,0,0,25,41,1,473.64,2489.0,125,29,0.122218132019,0,1,0,5,7,38,1,-20.2,-106.0,240,237,0.234830379486,0,7,0,5,3,42,1,-54.48,-286.2,582,75,0.5689868927,0,0,0,1,129,38,1,-20.68,-108.6,597,1023,0.584554672241,0,0,0,,,,,,,,,,,,,,,,,,,,,,,,,,,,,,,,,,,,,,,,,,,,,,,,
1,0,94609000,105391000,94595000,94609000,94609000,0.0,0.0,0.0,0,0.0,33,2,0,2,19,37,1,49.08,257.8,1653,428,0.616245269775,1,0,0,2,33,42,1,-194.08,-1020.0,381,941,0.373332977295,0,0,0,2,21,24,2,422.08,2218.0,570,601,0.557758808136,0,21,0,5,2,29,1,-15.0,-78.8,471,530,0.460916519165,0,13,0,2,12,35,1,302.96,1592.2,279,960,0.273644447327,0,12,0,2,26,43,1,-552.28,-2902.2,2025,635,0.980078697205,1,0,0,0,32,42,1,182.8,960.6,187,238,0.183022975922,0,0,0,6,23,18,2,260.52,1393.6,227,192,0.444594860077,0,30,0,3,39,45,1,-37.2,-193.8,1023,766,0.5003657341,0,0,0,3,32,38,1,246.76,1285.0,1959,504,0.957718849182,0,0,0,1,137,44,1,-20.0,-105.2,240,287,0.234879016876,0,0,0,0,28,41,1,507.8,2668.6,643,924,0.62942647934,0,8,0,1,128,36,1,-19.52,-102.6,996,638,0.974216461182,0,0,0,0,10,43,1,485.16,2549.6,63,263,0.061835289001,0,0,0,0,18,45,1,-565.68,-2972.6,223,926,0.218870639801,0,0,0,0,12,19,1,206.68,1086.2,73,342,0.071685791016,0,28,0,6,7,39,1,214.4,1147.6,199,18,0.389468193054,0,16,0,6,22,35,2,-190.52,-1017.0,392,549,0.768172740936,0,20,0,6,16,20,2,-499.0,-2665.6,90,679,0.177423000336,0,32,0,6,10,42,1,737.56,3931.6,185,960,0.363871097565,0,10,0,6,21,40,1,-694.24,-3715.0,155,616,0.304503917694,0,13,0,6,9,44,1,216.12,1154.2,110,964,0.217106819153,0,0,0,3,6,41,1,29.88,155.6,1743,130,0.851968765259,0,0,0,3,38,43,1,64.72,337.0,1018,661,0.497871875763,0,0,0,3,9,37,1,58.96,307.0,1406,915,0.687631130219,0,0,0,3,23,44,1,83.52,435.0,292,270,0.14284658432,0,0,0,3,16,43,1,-7.64,-39.8,517,414,0.252885818481,0,0,0,3,13,27,1,147.4,767.4,926,1002,0.453068733215,0,1,0,0,23,42,1,53.68,282.0,678,194,0.662942409515,0,6,0,0,25,39,1,473.72,2489.4,123,421,0.120636940002,0,2,0,5,7,40,1,-20.04,-105.4,240,303,0.234893798828,0,6,0,5,3,41,1,-54.16,-284.6,582,265,0.56916809082,0,0,0,1,129,42,1,-20.4,-107.2,598,70,0.584622859955,0,0,0,,,,,,,,,,,,,,,,,,,,,,,,,,,,,,,,,,,,
1,0,94610000,105392000,94596000,94610000,94610000,0.0,0.0,0.0,0,0.0,34,2,0,2,19,32,1,49.44,259.8,1653,256,0.616080760956,1,0,0,2,7,22,2,-285.68,-1501.2,711,904,0.695878505707,0,25,0,2,33,42,1,-193.56,-1017.2,382,593,0.373977661133,0,0,0,2,21,23,2,422.04,2218.0,569,119,0.556321620941,0,23,0,5,2,29,1,-15.68,-82.4,471,585,0.460968971252,0,12,0,2,12,37,1,303.44,1594.6,278,927,0.2726354599,0,11,0,2,26,41,1,-551.88,-2900.2,2027,514,0.981918334961,1,0,0,0,32,38,1,182.92,961.2,186,623,0.182413578033,0,0,0,6,23,18,2,261.0,1396.2,226,761,0.443726062775,0,30,0,3,39,43,1,-36.84,-191.8,1024,0,0.500488758087,0,0,0,3,32,42,1,247.28,1287.6,1957,826,0.95689535141,0,0,0,1,137,43,1,-19.64,-103.2,240,357,0.234945297241,0,0,0,0,28,43,1,508.08,2670.0,642,170,0.627728462219,0,6,0,1,128,42,1,-19.36,-101.8,996,706,0.974281787872,0,0,0,0,10,44,1,485.64,2552.0,61,615,0.060216426849,0,0,0,0,18,46,1,-565.16,-2970.0,225,853,0.220756530762,0,0,0,0,12,20,1,208.16,1093.8,72,660,0.071012020111,0,29,0,6,7,42,1,214.96,1150.8,198,670,0.388756752014,0,10,0,6,22,41,2,-189.76,-1012.8,392,877,0.768800258636,0,15,0,6,16,20,2,-497.4,-2657.0,91,530,0.179096698761,0,31,0,6,10,38,1,738.32,3935.8,184,697,0.361410617828,0,12,0,6,21,43,1,-694.32,-3715.4,156,805,0.306824207306,0,11,0,6,9,47,1,216.44,1155.8,110,586,0.216384410858,0,0,0,3,6,44,1,30.2,157.2,1742,945,0.851868629456,0,0,0,3,38,44,1,65.04,338.6,1018,207,0.497655391693,0,0,0,3,9,41,1,59.28,308.8,1406,503,0.687434673309,0,0,0,3,23,46,1,83.76,436.2,291,709,0.142567634583,0,0,0,3,16,43,1,-7.4,-38.6,517,467,0.252911090851,0,0,0,3,13,31,1,148.0,770.6,925,993,0.452576160431,0,2,0,0,23,45,1,53.88,283.2,678,7,0.662763595581,0,1,0,0,25,33,1,474.64,2494.4,121,812,0.119055271149,0,2,0,5,7,39,1,-19.72,-103.6,240,369,0.234956264496,0,6,0,5,3,44,1,-53.68,-282.0,582,453,0.569347381592,0,0,0,1,129,43,1,-19.6,-103.0,598,140,0.58468914032,0,0,0,,,,,,,,,,,,,,,,,,,,,,,,
1,0,94611000,105393000,94597000,94611000,94611000,0.0,0.0,0.0,0,0.0,33,2,0,2,19,32,1,48.88,256.8,1653,85,0.615917682648,1,0,0,2,7,20,2,-284.92,-1497.2,712,881,0.696833610535,0,25,0,2,33,42,1,-194.12,-1020.0,383,247,0.374625205994,0,0,0,2,21,25,2,422.24,2218.8,567,653,0.554876327515,0,24,0,5,2,27,1,-13.48,-70.8,471,643,0.4610247612,0,19,0,2,12,30,1,302.88,1591.8,277,887,0.271619796753,0,9,0,2,26,39,1,-552.44,-2903.2,2029,397,0.983761310577,1,0,0,0,32,37,1,182.76,960.4,185,1009,0.181804180145,0,1,0,6,23,18,2,260.64,1394.2,226,308,0.442860126495,0,32,0,3,39,44,1,-37.28,-194.2,1024,259,0.500612735748,0,0,0,3,32,43,1,246.68,1284.6,1956,126,0.956071853638,0,0,0,1,137,42,1,-19.92,-104.6,240,427,0.235012054443,0,0,0,0,28,40,1,507.92,2669.2,640,444,0.62603521347,0,3,0,1,128,40,1,-19.84,-104.2,996,775,0.974347114563,0,0,0,0,10,45,1,485.2,2549.8,59,968,0.058597564697,0,0,0,0,18,43,1,-565.4,-2971.2,227,782,0.22264289856,0,0,0,6,7,43,1,214.36,1147.6,198,296,0.388042926788,0,7,0,6,22,39,1,-190.52,-1017.0,393,184,0.769432544708,0,15,0,6,16,21,2,-499.32,-2667.2,92,381,0.180768013,0,30,0,6,10,37,1,738.24,3935.4,183,431,0.358946800232,0,9,0,6,21,46,1,-694.12,-3714.4,157,992,0.309136867523,0,8,0,6,9,47,1,215.72,1151.8,110,208,0.215663433075,0,0,0,3,6,42,1,29.76,155.0,1742,736,0.85176897049,0,0,0,3,38,42,1,64.44,335.6,1017,783,0.497441291809,0,0,0,3,9,39,1,58.88,306.6,1406,90,0.687237739563,0,0,0,3,23,47,1,83.2,433.2,291,126,0.142289161682,0,0,0,3,16,44,1,-7.68,-40.0,517,520,0.25293636322,0,0,0,3,13,29,1,147.72,769.2,924,986,0.452083587646,0,2,0,0,23,45,1,53.32,280.2,677,844,0.662585258484,0,1,0,0,25,32,1,473.72,2489.6,120,180,0.117474079132,0,3,0,5,7,38,1,-19.92,-104.6,240,435,0.235020160675,0,7,0,5,3,42,1,-54.0,-283.8,582,642,0.569528102875,0,0,0,1,129,42,1,-20.28,-106.4,598,210,0.584756374359,0,0,0,,,,,,,,,,,,,,,,,,,,,,,,,,,,,,,,,,,,
1,0,94612000,105394000,94598000,94612000,94612000,0.0,0.0,0.0,0,0.0,32,2,0,2,19,32,1,49.48,260.0,1652,937,0.615753650665,1,0,0,2,33,43,1,-194.04,-1019.8,383,924,0.37527179718,0,0,0,2,21,27,2,422.56,2220.6,566,206,0.553471565247,0,22,0,5,2,26,1,-16.4,-86.0,471,708,0.461086750031,0,28,0,2,12,30,1,303.32,1593.8,276,855,0.270611286163,0,8,0,2,26,41,1,-552.12,-2901.4,2031,278,0.98560333252,1,0,0,0,32,37,1,183.04,962.0,185,372,0.181196689606,0,6,0,6,23,20,2,260.24,1392.0,225,874,0.44198513031,0,31,0,3,39,44,1,-36.96,-192.4,1024,519,0.500736713409,0,0,0,3,32,45,1,247.12,1286.8,1954,449,0.955248832703,0,0,0,1,137,42,1,-20.12,-105.6,240,497,0.235078811646,0,0,0,0,28,40,1,507.64,2667.6,638,718,0.624341487885,0,2,0,1,128,42,1,-19.24,-101.0,996,843,0.974411964417,0,0,0,0,10,46,1,485.6,2551.8,58,296,0.056979179382,0,0,0,0,18,44,1,-565.8,-2973.2,229,710,0.224529266357,0,0,0,6,7,45,1,214.88,1150.4,197,946,0.387328147888,0,5,0,6,22,33,2,-189.84,-1013.4,393,516,0.770067214966,0,26,0,6,16,21,2,-497.92,-2659.8,93,231,0.182437896729,0,29,0,6,10,40,1,737.52,3931.4,182,167,0.356485366821,0,7,0,6,21,45,1,-694.36,-3715.6,159,159,0.311459541321,0,5,0,6,9,47,1,215.96,1153.2,109,856,0.214943408966,0,0,0,3,6,42,1,29.88,155.6,1742,527,0.851669311523,0,0,0,3,38,45,1,64.76,337.2,1017,330,0.497225284576,0,0,0,3,9,38,1,59.0,307.2,1405,702,0.687040805817,0,0,0,3,23,46,1,83.28,433.6,290,569,0.142011642456,0,0,0,3,16,43,1,-7.52,-39.2,517,575,0.252962589264,0,0,0,3,13,29,1,148.12,771.2,923,979,0.451591491699,0,3,0,0,23,43,1,53.6,281.8,677,657,0.66240644455,0,0,0,0,25,33,2,473.6,2488.8,118,625,0.115944385529,0,17,0,5,7,38,1,-20.16,-105.8,240,512,0.235093593597,0,5,0,5,3,43,1,-54.08,-284.2,582,831,0.569709300995,0,0,0,1,129,43,1,-20.04,-105.2,598,280,0.584823131561,0,0,0,,,,,,,,,,,,,,,,,,,,,,,,,,,,,,,,,,,,,,,,,,,,,,,,
1,0,94613000,105395000,94599000,94613000,94613000,0.0,0.0,0.0,0,0.0,32,2,0,2,19,32,1,49.92,262.4,1652,766,0.615589618683,1,0,0,2,33,44,1,-193.44,-1016.6,384,580,0.37592124939,0,0,0,2,21,32,2,422.64,2220.8,564,802,0.552085399628,0,18,0,0,15,25,1,-400.44,-2104.2,974,553,0.95263004303,0,63,0,2,12,30,1,303.24,1593.6,275,823,0.269603729248,0,7,0,2,26,41,1,-551.92,-2900.4,2033,162,0.98744726181,1,0,0,0,32,36,1,183.0,961.6,184,767,0.180595874786,0,11,0,6,23,21,2,259.64,1389.0,225,421,0.441117763519,0,28,0,3,39,42,1,-36.72,-191.2,1024,778,0.500860214233,0,0,0,3,32,44,1,247.2,1287.2,1952,771,0.954424858093,0,0,0,1,137,40,1,-19.64,-103.2,240,567,0.235145568848,0,0,0,0,28,37,1,508.2,2670.6,636,986,0.622642993927,0,2,0,1,128,45,1,-18.92,-99.4,996,911,0.974477291107,0,0,0,0,10,44,1,485.64,2552.2,56,648,0.05536031723,0,0,0,0,18,42,1,-565.4,-2971.2,231,639,0.226417064667,0,0,0,6,7,44,1,214.88,1150.2,197,569,0.386607646942,0,6,0,6,22,34,2,-190.64,-1017.6,393,857,0.770720005035,0,19,0,6,16,20,2,-496.4,-2651.8,94,79,0.184105873108,0,30,0,6,10,41,1,737.88,3933.4,180,928,0.354024410248,0,1,0,6,21,39,1,-693.76,-3712.4,160,348,0.313777446747,0,9,0,6,9,47,1,215.84,1152.6,109,479,0.214223861694,0,0,0,3,6,42,1,30.32,157.8,1742,319,0.851570129395,0,0,0,3,38,44,1,65.0,338.4,1016,902,0.497009754181,0,0,0,3,9,41,1,59.16,308.2,1405,290,0.686844348907,0,0,0,3,23,41,1,83.6,435.4,289,1010,0.141733646393,0,0,0,3,16,43,1,-7.24,-37.6,517,627,0.252987861633,0,0,0,3,13,30,1,147.88,770.2,922,971,0.451099395752,0,2,0,0,23,45,1,53.56,281.4,677,475,0.662232398987,0,0,0,0,25,34,2,472.52,2483.2,117,38,0.114406585693,0,17,0,5,7,38,1,-19.68,-103.4,240,583,0.235161304474,0,3,0,5,3,41,1,-53.72,-282.4,582,1022,0.569890499115,0,0,0,1,129,44,1,-19.96,-104.8,598,351,0.584890365601,0,0,0,,,,,,,,,,,,,,,,,,,,,,,,,,,,,,,,,,,,,,,,,,,,,,,,
1,0,94614000,105396000,94600000,94614000,94614000,0.0,0.0,0.0,0,0.0,32,2,0,2,19,32,1,49.84,261.8,1652,592,0.615424156189,1,1,0,2,33,42,1,-193.72,-1018.0,385,233,0.376566886902,0,0,0,2,21,27,2,422.8,2221.8,563,304,0.550633430481,0,19,0,2,12,23,2,303.52,1595.0,274,819,0.268621921539,0,17,0,2,26,43,1,-551.96,-2900.6,2035,45,0.989290714264,1,0,0,0,32,30,1,184.16,967.8,184,114,0.179972648621,0,12,0,6,23,21,2,260.24,1392.2,224,989,0.440246582031,0,28,0,3,39,43,1,-36.8,-191.6,1025,12,0.500983715057,0,0,0,3,32,42,1,247.44,1288.4,1951,67,0.953600406647,0,0,0,1,137,39,1,-19.84,-104.2,240,636,0.235211372375,0,0,0,0,28,40,1,508.16,2670.4,635,235,0.620948314667,0,0,0,1,128,41,1,-18.84,-99.0,996,978,0.974540710449,0,0,0,0,10,42,1,485.72,2552.6,54,1000,0.053740501404,0,0,0,0,18,41,1,-565.24,-2970.2,233,566,0.228302955627,0,0,0,0,12,20,1,206.72,1086.2,70,250,0.068665504456,0,54,0,6,7,38,1,215.12,1151.6,197,194,0.385890007019,0,3,0,6,22,44,2,-190.2,-1015.2,394,164,0.771351337433,0,16,0,6,16,21,2,-498.16,-2661.0,94,955,0.185779094696,0,30,0,6,10,39,1,738.08,3934.4,179,663,0.3515625,0,0,0,6,21,42,1,-693.6,-3711.6,161,535,0.31609249115,0,7,0,6,9,47,1,215.76,1152.2,109,102,0.213503837585,0,0,0,3,6,39,1,30.32,157.8,1742,108,0.851469039917,0,0,0,3,38,43,1,65.0,338.4,1016,449,0.496793270111,0,0,0,3,9,41,1,59.32,309.0,1404,899,0.68664598465,0,0,0,3,23,45,1,83.36,434.2,289,429,0.141456127167,0,0,0,3,16,41,1,-7.36,-38.2,517,678,0.253012180328,0,0,0,3,13,30,1,148.44,773.0,921,962,0.45060634613,0,3,0,0,23,43,1,53.52,281.4,677,288,0.662054538727,0,0,0,0,25,28,2,474.2,2492.0,115,430,0.112825393677,0,14,0,5,7,36,1,-19.76,-103.8,240,654,0.235228538513,0,3,0,5,3,42,1,-53.72,-282.2,583,186,0.570070266724,0,0,0,1,129,42,1,-19.72,-103.6,598,419,0.584956169128,0,0,0,,,,,,,,,,,,,,,,,,,,,,,,,,,,,,,,,,,,,,,,,,,,,,,,
1,0,94615000,105397000,94601000,94615000,94615000,0.0,0.0,0.0,0,0.0,33,2,0,2,19,28,2,50.04,263.0,1652,420,0.615259647369,1,15,0,2,7,24,2,-286.28,-1504.4,716,775,0.700642108917,0,25,0,2,33,44,1,-193.72,-1018.0,385,909,0.377212524414,0,0,0,2,21,27,2,422.48,2220.2,561,912,0.549258232117,0,21,0,2,12,22,2,302.52,1589.8,273,765,0.267592906952,0,19,0,2,26,43,1,-552.04,-2901.0,2036,949,0.991131782532,1,0,0,0,32,36,1,184.0,967.0,183,516,0.179378509521,0,17,0,6,23,21,2,259.96,1390.6,224,533,0.439376354218,0,28,0,3,39,43,1,-37.04,-192.8,1025,268,0.50110578537,0,0,0,3,32,32,1,247.24,1287.4,1949,385,0.952774524689,0,0,0,1,137,39,1,-19.8,-104.0,240,705,0.235277175903,0,0,0,0,28,45,1,508.2,2670.6,633,507,0.619252681732,0,0,0,1,128,44,1,-18.76,-98.6,997,19,0.974603176117,0,0,0,0,10,39,1,485.8,2552.8,53,326,0.05212020874,0,0,0,0,18,43,1,-565.4,-2971.2,235,494,0.230188369751,0,0,0,0,12,19,1,206.72,1086.2,69,442,0.067870616913,0,48,0,6,7,38,1,214.96,1150.6,196,843,0.38517332077,0,2,0,6,22,43,2,-189.64,-1012.4,394,486,0.77196598053,0,11,0,6,16,21,2,-497.8,-2659.2,95,807,0.187452793121,0,28,0,6,10,40,1,737.96,3933.6,178,399,0.349100112915,0,0,0,6,21,42,1,-693.48,-3711.0,162,722,0.318405628204,0,1,0,6,9,46,1,215.6,1151.2,108,750,0.212783813477,0,0,0,3,6,39,1,30.12,157.0,1741,919,0.851367473602,0,0,0,3,38,44,1,64.76,337.2,1015,1018,0.496575832367,0,0,0,3,9,42,1,59.36,309.2,1404,482,0.686447143555,0,0,0,3,23,45,1,83.0,432.2,288,871,0.141178131104,0,0,0,3,16,41,1,-7.48,-39.0,517,728,0.253036022186,0,0,0,3,13,28,1,147.72,769.2,920,950,0.450111865997,0,2,0,0,23,44,1,53.32,280.2,677,101,0.66187620163,0,0,0,0,25,29,2,474.88,2495.6,113,794,0.111217975616,0,19,0,5,7,35,1,-19.84,-104.2,240,722,0.235293388367,0,0,0,5,3,39,1,-54.16,-284.6,583,374,0.570250034332,0,0,0,1,129,44,1,-19.72,-103.8,598,487,0.585021018982,0,0,0,,,,,,,,,,,,,,,,,,,,,,,,,,,,,,,,,,,,
1,0,94616000,105398000,94602000,94616000,94616000,0.0,0.0,0.0,0,0.0,30,2,0,2,19,33,2,50.4,264.8,1652,251,0.615097999573,1,14,0,2,33,43,1,-193.88,-1018.8,386,562,0.377858638763,0,0,0,2,21,27,2,422.52,2220.4,560,466,0.547855377197,0,20,0,2,26,41,2,-552.52,-2903.4,2038,832,0.992974281311,1,0,0,0,32,41,1,183.64,965.0,182,897,0.178764820099,0,12,0,6,23,19,2,261.24,1397.4,224,77,0.438503265381,0,28,0,3,39,45,1,-36.88,-192.0,1025,526,0.501228809357,0,0,0,3,32,37,1,247.76,1290.2,1947,702,0.951948165894,0,0,0,1,137,41,1,-19.96,-104.8,240,774,0.235343933105,0,0,0,0,28,43,1,507.96,2669.2,631,780,0.617558002472,0,0,0,1,128,42,1,-18.8,-98.8,997,85,0.974666595459,0,0,0,0,10,38,1,485.64,2552.2,51,676,0.05049943924,0,0,0,0,18,44,1,-565.72,-2973.0,237,423,0.232075691223,0,0,0,6,7,38,1,215.6,1154.2,196,467,0.384455680847,0,1,0,6,22,45,2,-190.24,-1015.4,394,811,0.772588253021,0,7,0,6,16,21,2,-496.56,-2652.6,96,659,0.189127922058,0,31,0,6,10,33,1,737.64,3932.0,177,135,0.346639156342,0,0,0,6,21,45,1,-694.0,-3713.6,163,909,0.320719718933,0,0,0,6,9,47,1,215.4,1150.2,108,374,0.212065696716,0,0,0,3,6,40,1,30.08,156.6,1741,707,0.851266384125,0,0,0,3,38,43,1,64.68,336.8,1015,567,0.496360778809,0,0,0,3,9,42,1,59.16,308.2,1404,67,0.686249256134,0,0,0,3,23,44,1,83.04,432.4,288,290,0.140901088715,0,0,0,3,16,44,1,-7.32,-38.0,517,778,0.253059387207,0,0,0,3,13,26,1,147.96,770.6,919,936,0.44961643219,0,23,0,0,23,42,1,53.24,279.8,676,939,0.66169834137,0,0,0,0,25,28,2,473.28,2487.2,112,141,0.109616756439,0,18,0,5,7,35,1,-20.08,-105.6,240,791,0.235359668732,0,0,0,5,3,40,1,-54.32,-285.4,583,563,0.570430755615,0,0,0,1,129,45,1,-19.48,-102.4,598,556,0.585086345673,0,0,0,,,,,,,,,,,,,,,,,,,,,,,,,,,,,,,,,,,,,,,,,,,,,,,,,,,,,,,,,,,,,,,,,,,,,,,,
1,0,94617000,105399000,94603000,94617000,94617000,0.0,0.0,0.0,0,0.0,32,2,0,2,19,38,1,50.8,267.0,1652,68,0.614923477173,1,11,0,2,33,42,1,-193.72,-1018.0,387,214,0.378504276276,0,0,0,2,21,26,2,423.16,2223.8,559,8,0.546440124512,0,27,0,2,12,37,1,304.08,1597.8,271,672,0.265549659729,0,18,0,2,26,41,1,-552.68,-2904.4,2040,713,0.994815826416,1,0,0,0,32,46,1,184.04,967.0,182,241,0.178139209747,0,8,0,6,23,20,2,261.52,1399.0,223,644,0.437631607056,0,31,0,3,39,45,1,-36.48,-190.0,1025,783,0.501351356506,0,0,0,3,32,39,1,248.4,1293.6,1945,1015,0.951120376587,0,0,0,1,137,37,1,-20.2,-106.2,240,845,0.235411167145,0,0,0,0,28,38,1,508.12,2670.2,630,29,0.615863323212,0,0,0,1,128,45,1,-18.8,-98.8,997,152,0.974729537964,0,0,0,0,10,36,1,486.72,2557.6,50,1,0.048877716064,0,0,0,0,18,43,1,-565.88,-2973.8,239,352,0.233963489532,0,0,0,0,12,21,2,206.72,1086.2,67,1009,0.066457271576,0,39,0,6,7,34,1,216.4,1158.4,196,91,0.383736610413,0,0,0,6,22,44,1,-189.72,-1012.8,395,120,0.773223876953,0,11,0,6,16,22,2,-498.16,-2661.2,97,511,0.190801143646,0,28,0,6,10,31,1,737.28,3930.2,175,896,0.344179153442,0,1,0,6,21,41,1,-694.6,-3717.0,165,72,0.323034763336,0,0,0,6,9,42,1,215.2,1149.0,107,1022,0.211347579956,0,0,0,3,6,40,1,30.56,159.2,1741,496,0.851165771484,0,0,0,3,38,43,1,65.0,338.4,1015,112,0.496143341064,0,0,0,3,9,39,1,59.4,309.4,1403,677,0.686051368713,0,0,0,3,23,46,1,82.84,431.4,287,736,0.140625476837,0,0,0,3,16,43,1,-7.12,-37.0,517,830,0.253084659576,0,0,0,3,13,26,1,149.64,779.2,918,947,0.449132442474,0,25,0,0,23,39,1,53.44,280.8,676,753,0.661520957947,0,0,0,0,25,28,2,473.08,2486.2,110,523,0.108026504517,0,17,0,5,7,35,1,-20.2,-106.2,240,861,0.235425949097,0,0,0,5,3,39,1,-54.6,-287.0,583,754,0.570612430573,0,0,0,1,129,44,1,-19.48,-102.4,598,624,0.585151672363,0,0,0,,,,,,,,,,,,,,,,,,,,,,,,,,,,,,,,,,,,,,,,,,,,,,,,
1,0,94618000,105400000,94604000,94618000,94618000,0.0,0.0,0.0,0,0.0,33,2,0,2,19,37,1,50.16,263.6,1651,919,0.614758968353,1,9,0,2,7,23,2,-285.0,-1497.6,719,691,0.703494548798,0,26,0,2,33,43,1,-194.32,-1021.2,387,891,0.379149913788,0,0,0,2,21,32,2,422.84,2222.0,557,622,0.545071601868,0,26,0,2,12,30,1,303.48,1594.8,270,638,0.264539241791,0,11,0,2,26,40,2,-553.2,-2907.0,2042,595,0.996658802032,1,0,0,0,32,42,1,184.0,967.0,181,604,0.177507400513,0,8,0,6,23,18,2,260.32,1392.4,223,191,0.436764717102,0,32,0,3,39,44,1,-37.04,-193.0,1026,15,0.501473426819,0,0,0,3,32,31,1,248.32,1293.0,1944,304,0.950292110443,0,0,0,1,137,39,1,-20.24,-106.4,240,914,0.23547744751,0,0,0,0,28,38,1,507.28,2665.8,628,303,0.614170074463,0,0,0,1,128,40,1,-19.12,-100.6,997,218,0.974792957306,0,0,0,0,10,27,1,486.0,2554.0,48,349,0.047254562378,0,1,0,0,18,40,1,-566.36,-2976.4,241,282,0.235851287842,0,0,0,0,12,21,2,206.72,1086.2,67,218,0.065702438354,0,36,0,6,7,30,1,215.64,1154.2,195,739,0.383017539978,0,3,0,6,22,43,1,-190.32,-1016.0,395,451,0.773856639862,0,9,0,6,16,20,2,-496.76,-2653.6,98,362,0.192472934723,0,31,0,6,10,34,1,736.64,3926.8,174,633,0.341720104218,0,0,0,6,21,40,1,-694.64,-3717.2,166,260,0.325350761414,0,0,0,6,9,47,1,214.92,1147.6,107,646,0.210628986359,0,0,0,3,6,41,1,30.0,156.2,1741,285,0.851065158844,0,0,0,3,38,45,1,64.76,337.2,1014,682,0.495926856995,0,0,0,3,9,42,1,58.84,306.4,1403,264,0.685854434967,0,0,0,3,23,45,1,82.64,430.2,287,158,0.140348911285,0,0,0,3,16,44,1,-7.56,-39.4,517,880,0.253108501434,0,0,0,3,13,32,1,148.28,772.2,917,908,0.448625087738,0,15,0,0,23,44,1,53.12,279.2,676,566,0.66134262085,0,0,0,0,25,33,2,472.72,2484.2,108,920,0.106450080872,0,15,0,5,7,35,1,-20.24,-106.2,240,930,0.235492229462,0,0,0,5,3,41,1,-54.84,-288.2,583,944,0.57079410553,0,0,0,1,129,42,1,-19.92,-104.8,598,693,0.585216999054,0,0,0,,,,,,,,,,,,,,,,,,,,,,,,,,,,,,,,,,,,
1,0,94619000,105401000,94605000,94619000,94619000,0.0,0.0,0.0,0,0.0,32,2,0,2,19,39,1,50.16,263.6,1651,739,0.614586830139,1,7,0,2,33,43,1,-194.44,-1021.8,388,545,0.379797935486,0,0,0,2,21,28,2,422.76,2221.6,556,159,0.543651580811,0,22,0,2,12,35,1,303.4,1594.4,269,603,0.263527870178,0,15,0,2,26,43,1,-553.24,-2907.4,2044,481,0.998504638672,1,0,0,0,32,41,1,183.88,966.4,180,995,0.176903247833,0,5,0,6,23,18,2,261.04,1396.4,222,756,0.435887336731,0,32,0,3,39,45,1,-37.04,-193.0,1026,272,0.501596450806,0,0,0,3,32,25,1,248.12,1292.2,1942,638,0.94947385788,0,12,0,1,137,40,1,-20.4,-107.2,240,984,0.235544204712,0,0,0,0,28,39,1,507.04,2664.6,626,578,0.612478256226,0,0,0,1,128,40,1,-19.52,-102.6,997,285,0.974856853485,0,0,0,0,10,26,1,486.12,2554.6,46,701,0.045635700226,0,11,0,0,18,45,1,-566.56,-2977.2,243,213,0.2377409935,0,0,0,0,12,20,2,206.72,1086.2,66,501,0.064994335175,0,34,0,6,7,23,1,215.64,1154.4,195,363,0.382298469543,0,9,0,6,22,45,1,-190.92,-1019.2,395,785,0.774495124817,0,9,0,6,16,20,2,-498.8,-2664.4,99,215,0.194149017334,0,30,0,6,10,42,1,736.52,3926.2,173,375,0.339268684387,0,9,0,6,21,43,1,-694.8,-3718.0,167,448,0.327667713165,0,0,0,6,9,49,1,214.6,1145.8,107,271,0.20991230011,0,0,0,3,6,40,1,29.88,155.6,1741,76,0.850965023041,0,0,0,3,38,44,1,64.72,337.0,1014,227,0.495709896088,0,0,0,3,9,37,1,58.76,306.0,1402,875,0.685657501221,0,0,0,3,23,46,1,82.48,429.4,286,604,0.140073299408,0,0,0,3,16,44,1,-7.72,-40.0,517,933,0.253133773804,0,0,0,3,13,32,1,148.2,771.8,916,892,0.448129177094,0,9,0,0,23,43,1,52.92,278.0,676,381,0.661165237427,0,0,0,0,25,29,1,473.2,2486.8,107,241,0.104824542999,0,15,0,5,7,36,1,-20.44,-107.4,240,1000,0.235558986664,0,0,0,5,3,40,1,-54.8,-288.0,584,111,0.570976257324,0,0,0,1,129,42,1,-19.96,-105.0,598,762,0.585283279419,0,0,0,,,,,,,,,,,,,,,,,,,,,,,,,,,,,,,,,,,,,,,,,,,,,,,,
1,0,94620000,105402000,94606000,94620000,94620000,0.0,0.0,0.0,0,0.0,30,2,0,2,19,35,1,50.28,264.2,1651,548,0.61440372467,1,7,0,2,33,42,1,-194.4,-1021.6,389,201,0.380445957184,0,0,0,2,12,27,1,303.56,1595.2,268,569,0.262518405914,0,18,0,2,26,40,1,-553.16,-2906.8,2046,365,0.000348567963,2,0,0,0,32,35,1,184.08,967.4,180,357,0.176293849945,0,5,0,6,23,18,2,259.76,1389.6,222,303,0.435022830963,0,33,0,3,39,43,1,-37.0,-192.6,1026,531,0.50171995163,0,0,0,3,32,26,1,247.92,1291.0,1940,956,0.948647975922,0,12,0,1,137,41,1,-20.28,-106.6,241,31,0.235611915588,0,0,0,0,28,38,1,507.52,2667.0,624,854,0.610786914825,0,0,0,1,128,40,1,-19.48,-102.4,997,353,0.974921703339,0,0,0,0,10,26,1,486.2,2555.0,45,37,0.044024467468,0,20,0,0,18,46,1,-566.4,-2976.6,245,145,0.239630699158,0,0,0,6,7,34,1,215.88,1155.6,194,1020,0.381597995758,0,14,0,6,22,44,1,-190.6,-1017.4,396,89,0.775121212006,0,5,0,6,16,22,2,-497.48,-2657.4,100,69,0.195827484131,0,29,0,6,10,39,1,736.8,3927.6,172,114,0.336814403534,0,12,0,6,21,42,1,-694.56,-3716.6,168,637,0.329985141754,0,0,0,6,9,44,1,214.4,1145.0,106,921,0.209197044373,0,0,0,3,6,44,1,29.92,155.8,1740,891,0.850865364075,0,0,0,3,38,41,1,64.64,336.6,1013,799,0.495493888855,0,0,0,3,9,41,1,58.84,306.4,1402,465,0.685461521149,0,0,0,3,23,43,1,82.28,428.6,286,27,0.139798164368,0,0,0,3,16,45,1,-7.56,-39.4,517,986,0.253159046173,0,0,0,3,13,30,1,148.24,772.0,915,887,0.447637557983,0,9,0,0,23,41,1,52.92,278.2,676,196,0.660988807678,0,0,0,0,25,31,1,472.88,2485.0,105,646,0.103256702423,0,11,0,5,7,37,1,-20.32,-106.8,241,46,0.235626220703,0,0,0,5,3,39,1,-55.16,-290.0,584,303,0.571159362793,0,0,0,1,129,42,1,-19.88,-104.4,598,833,0.585350990295,0,0,0,,,,,,,,,,,,,,,,,,,,,,,,,,,,,,,,,,,,,,,,,,,,,,,,,,,,,,,,,,,,,,,,,,,,,,,,
1,0,94621000,105403000,94607000,94621000,94621000,0.0,0.0,0.0,0,0.0,31,2,0,2,19,33,1,50.6,265.8,1651,379,0.614243030548,1,7,0,2,33,44,1,-193.76,-1018.2,389,880,0.381094932556,0,0,0,2,12,25,2,303.56,1595.2,267,558,0.261529922485,0,22,0,2,26,34,1,-551.88,-2900.0,2048,248,0.002192497253,2,0,0,0,32,34,1,184.28,968.4,179,739,0.175681591034,0,3,0,6,23,18,2,260.12,1391.6,221,873,0.434153556824,0,31,0,3,39,39,1,-36.4,-189.6,1026,786,0.501841545105,0,0,0,3,32,27,1,248.68,1294.8,1939,241,0.947817802429,0,12,0,1,137,39,1,-19.4,-102.0,241,100,0.235677719116,0,0,0,0,28,37,1,508.24,2670.8,623,105,0.609093666077,0,0,0,1,128,42,1,-18.56,-97.6,997,419,0.974985122681,0,0,0,0,10,26,1,486.48,2556.6,43,386,0.042402267456,0,17,0,0,18,41,1,-565.68,-2972.6,247,75,0.241518497467,0,0,0,0,12,22,1,208.12,1093.6,64,1023,0.063538074493,0,59,0,6,7,29,1,216.04,1156.6,194,640,0.380871772766,0,14,0,6,22,44,1,-190.4,-1016.4,396,421,0.7757563591,0,0,0,6,16,23,1,-498.6,-2663.4,100,943,0.197497844696,0,28,0,6,10,37,1,737.72,3932.4,170,873,0.334349632263,0,9,0,6,21,47,1,-693.84,-3712.8,169,824,0.332300662994,0,0,0,6,9,41,1,215.08,1148.6,106,546,0.208479881287,0,0,0,3,6,41,1,30.48,158.8,1740,680,0.850764751434,0,0,0,3,38,43,1,65.2,339.6,1013,343,0.495276451111,0,0,0,3,9,42,1,59.36,309.0,1402,51,0.685264110565,0,0,0,3,23,44,1,82.88,431.6,285,472,0.139521598816,0,0,0,3,16,43,1,-7.0,-36.4,518,12,0.253182888031,0,0,0,3,13,31,1,148.68,774.2,914,868,0.44713973999,0,8,0,0,23,41,1,53.44,280.8,676,9,0.660810470581,0,0,0,0,25,37,1,473.6,2488.8,104,18,0.101678848267,0,9,0,5,7,34,1,-19.28,-101.4,241,115,0.235692024231,0,0,0,5,3,39,1,-53.84,-282.8,584,493,0.571340560913,0,0,0,1,129,38,1,-19.0,-99.8,598,901,0.585416316986,0,0,0,,,,,,,,,,,,,,,,,,,,,,,,,,,,,,,,,,,,,,,,,,,,,,,,,,,,,,,,,,,,
1,0,94622000,105404000,94608000,94622000,94622000,0.0,0.0,0.0,0,0.0,31,2,0,2,19,30,1,50.96,267.8,1651,206,0.614078044891,1,9,0,2,33,41,1,-193.36,-1016.2,390,534,0.38174200058,0,0,0,2,21,25,2,422.52,2220.4,551,803,0.539379119873,0,28,0,2,12,22,2,303.8,1596.6,266,520,0.260516166687,0,26,0,2,26,41,1,-552.24,-2902.2,2050,130,0.004034996033,2,0,0,0,32,27,1,184.12,967.6,179,99,0.175070762634,0,5,0,6,23,20,2,259.28,1387.0,221,421,0.433290958405,0,30,0,3,39,42,1,-35.92,-187.0,1027,16,0.50196313858,0,0,0,1,137,39,1,-19.36,-101.6,241,169,0.235743045807,0,0,0,0,28,33,1,508.08,2670.0,621,387,0.607408046722,0,11,0,1,128,43,1,-18.36,-96.6,997,485,0.975047588348,0,0,0,0,10,35,1,487.04,2559.6,41,737,0.04078245163,0,15,0,0,18,43,1,-565.6,-2972.2,249,4,0.243406295776,0,0,0,0,12,21,1,208.12,1093.6,64,280,0.062828540802,0,52,0,6,7,30,1,216.6,1159.6,194,260,0.380146026611,0,15,0,6,22,40,1,-189.96,-1014.0,396,753,0.776391029358,0,0,0,6,16,23,2,-501.28,-2677.6,101,793,0.199168205261,0,33,0,6,10,41,1,737.64,3932.0,169,606,0.331882953644,0,10,0,6,21,40,1,-693.56,-3711.4,170,1012,0.33461523056,0,0,0,6,9,46,1,215.24,1149.4,106,170,0.207762718201,0,0,0,3,6,41,1,30.92,161.0,1740,467,0.85066318512,0,0,0,3,38,41,1,65.68,342.0,1012,910,0.495058059692,0,0,0,3,9,37,1,59.68,310.8,1401,660,0.685065746307,0,0,0,3,23,42,1,83.24,433.4,284,916,0.139245033264,0,0,0,3,16,38,1,-6.12,-32.0,518,61,0.253206253052,0,0,0,3,13,35,1,149.32,777.6,913,854,0.446644306183,0,7,0,0,23,41,1,53.68,282.0,675,846,0.660632610321,0,0,0,0,25,36,1,473.68,2489.2,102,409,0.100098133087,0,6,0,5,7,36,1,-19.48,-102.2,241,183,0.235757350922,0,0,0,5,3,40,1,-54.0,-283.6,584,682,0.571521282196,0,0,0,1,129,40,1,-19.28,-101.4,598,969,0.585480690002,0,0,0,,,,,,,,,,,,,,,,,,,,,,,,,,,,,,,,,,,,,,,,,,,,,,,,,,,,,,,,,,,,
1,0,94623000,105405000,94609000,94623000,94623000,0.0,0.0,0.0,0,0.0,32,2,0,2,19,30,1,50.52,265.6,1651,34,0.613914012909,1,10,0,2,33,44,1,-194.32,-1021.2,391,187,0.382388114929,0,0,0,2,21,25,2,422.4,2219.8,550,321,0.537940979004,0,28,0,2,12,22,2,304.76,1601.4,265,495,0.259514808655,0,26,0,2,26,40,1,-552.68,-2904.4,2052,14,0.005879402161,2,0,0,0,32,36,1,184.32,968.6,178,479,0.1744556427,0,0,0,6,23,22,2,259.44,1387.8,220,993,0.432426452637,0,28,0,3,39,41,1,-36.52,-190.2,1027,271,0.502084732056,0,0,0,3,32,28,1,248.32,1293.0,1935,852,0.946154594421,0,17,0,1,137,41,1,-19.48,-102.4,241,237,0.235808849335,0,0,0,0,28,39,1,507.32,2666.0,619,662,0.605715274811,0,9,0,1,128,40,1,-18.64,-98.0,997,550,0.975110054016,0,0,0,0,10,31,1,486.56,2556.8,40,49,0.039148330688,0,11,0,0,18,41,1,-566.0,-2974.2,250,957,0.245293617249,0,0,0,0,12,23,2,208.12,1093.6,63,666,0.062220096588,0,46,0,6,7,36,1,216.32,1157.8,193,906,0.379422664642,0,15,0,6,22,35,1,-190.0,-1014.4,397,62,0.77702665329,0,0,0,6,16,22,1,-499.16,-2666.4,102,644,0.200840473175,0,27,0,6,10,39,1,737.16,3929.4,168,345,0.329427719116,0,9,0,6,21,45,1,-694.2,-3714.8,172,175,0.336930274963,0,0,0,6,9,47,1,214.84,1147.2,105,820,0.207046985626,0,0,0,3,6,39,1,30.68,159.8,1740,255,0.850561618805,0,0,0,3,38,43,1,65.28,340.0,1012,454,0.494840621948,0,0,0,3,9,35,1,59.44,309.6,1401,246,0.684868335724,0,0,0,3,23,44,1,82.68,430.4,284,338,0.13896894455,0,0,0,3,16,44,1,-7.08,-37.0,518,110,0.253229618073,0,0,0,3,13,37,1,148.96,775.6,912,825,0.446141719818,0,2,0,0,23,41,1,53.4,280.8,675,660,0.660454273224,0,0,0,0,25,39,1,473.52,2488.4,100,796,0.098512172699,0,3,0,5,7,37,1,-19.4,-102.0,241,251,0.235822200775,0,0,0,5,3,43,1,-54.36,-285.6,584,872,0.571702480316,0,0,0,1,129,38,1,-19.2,-100.8,599,13,0.585545063019,0,0,0,,,,,,,,,,,,,,,,,,,,,,,,,,,,,,,,,,,,,,,,,,,,,,,,
1,0,94624000,105406000,94610000,94624000,94624000,0.0,0.0,0.0,0,0.0,32,2,0,2,19,24,2,49.96,262.6,1650,886,0.613749980927,1,25,0,2,33,39,2,-193.72,-1018.0,391,860,0.383030891418,0,0,0,2,21,26,2,422.52,2220.4,548,893,0.536532402039,0,28,0,2,12,22,2,303.92,1597.0,264,455,0.258499622345,0,26,0,2,26,39,2,-552.2,-2901.8,2053,918,0.007719039917,2,0,0,0,32,31,1,184.24,968.0,177,857,0.173839569092,0,1,0,6,23,22,2,258.84,1384.6,220,537,0.431555271149,0,28,0,3,39,41,1,-36.32,-189.0,1027,525,0.502205848694,0,0,0,3,32,32,1,248.48,1294.0,1934,136,0.945324420929,0,12,0,1,137,37,1,-19.24,-101.2,241,305,0.235873699188,0,0,0,0,28,37,1,507.96,2669.4,617,917,0.60400390625,0,9,0,1,128,36,1,-18.4,-96.8,997,614,0.97517156601,0,0,0,0,10,32,1,486.76,2557.8,38,389,0.037518024445,0,21,0,0,18,39,1,-565.64,-2972.4,252,887,0.247181415558,0,0,0,0,12,23,2,207.84,1092.2,62,960,0.0615234375,0,41,0,6,7,29,1,216.4,1158.4,193,533,0.378710269928,0,18,0,6,22,36,1,-190.88,-1018.8,397,391,0.777656555176,0,10,0,6,16,30,1,-498.24,-2661.4,103,499,0.202519416809,0,27,0,6,10,39,1,737.6,3931.8,167,82,0.326968669891,0,8,0,6,21,45,1,-693.92,-3713.4,173,362,0.339245319366,0,0,0,6,9,49,1,214.76,1147.0,105,445,0.206330776215,0,0,0,3,6,42,1,30.6,159.4,1740,42,0.85046005249,0,0,0,3,38,41,1,65.44,340.8,1011,1020,0.494621753693,0,0,0,3,9,36,1,59.56,310.0,1400,855,0.684670448303,0,0,0,3,23,45,1,82.84,431.4,283,781,0.138691902161,0,0,0,3,16,42,1,-6.88,-36.0,518,157,0.253252029419,0,0,0,3,13,38,1,148.88,775.2,911,814,0.445647716522,0,0,0,0,23,38,1,53.4,280.6,675,473,0.660276412964,0,0,0,0,25,38,1,473.6,2488.8,99,166,0.096933364868,0,2,0,5,7,33,1,-19.12,-100.4,241,319,0.235886573792,0,0,0,5,3,39,1,-53.8,-282.8,585,36,0.571882724762,0,0,0,1,129,36,1,-19.12,-100.4,599,79,0.585608959198,0,0,0,,,,,,,,,,,,,,,,,,,,,,,,,,,,,,,,,,,,,,,,,,,,,,,,
1,0,94625000,105407000,94611000,94625000,94625000,0.0,0.0,0.0,0,0.0,33,2,0,2,19,25,2,50.12,263.2,1650,715,0.613586425781,1,19,0,2,7,23,2,-285.04,-1497.8,726,491,0.710146903992,0,22,0,2,33,42,1,-194.68,-1023.0,392,517,0.383680343628,0,0,0,2,21,35,2,422.88,2222.2,547,442,0.535124778748,0,21,0,2,12,20,2,302.76,1591.0,263,426,0.257493972778,0,31,0,2,26,41,1,-553.08,-2906.4,2055,801,0.009562492371,2,0,0,0,32,36,1,184.08,967.4,177,213,0.173224449158,0,0,0,6,23,22,2,258.64,1383.6,220,86,0.430692672729,0,27,0,3,39,42,1,-37.08,-193.2,1027,782,0.502328395844,0,0,0,3,32,34,1,248.16,1292.2,1932,456,0.944499492645,0,8,0,1,137,40,1,-20.12,-105.8,241,374,0.235939502716,0,0,0,0,28,39,1,507.16,2665.2,616,181,0.602323532104,0,6,0,1,128,42,1,-19.16,-100.8,997,681,0.975234508514,0,0,0,0,10,31,1,486.0,2554.0,36,742,0.03589963913,0,13,0,0,18,44,1,-566.68,-2977.8,254,817,0.249069690704,0,0,0,0,12,25,1,206.84,1087.0,62,254,0.060848712921,0,36,0,6,7,29,1,216.4,1158.4,193,153,0.377984523773,0,18,0,6,22,40,1,-191.56,-1022.6,397,725,0.778294086456,0,13,0,6,16,23,2,-499.56,-2668.6,104,345,0.204183578491,0,23,0,6,10,37,1,736.52,3926.2,165,842,0.324506759644,0,7,0,6,21,46,1,-694.64,-3717.0,174,550,0.341560840607,0,0,0,6,9,45,1,213.88,1142.0,105,71,0.205615997314,0,0,0,3,6,41,1,29.88,155.6,1739,856,0.850359916687,0,0,0,3,38,44,1,64.68,336.8,1011,565,0.494404792786,0,0,0,3,9,37,1,58.84,306.4,1400,442,0.68447303772,0,0,0,3,23,41,1,82.0,427.0,283,203,0.138415813446,0,0,0,3,16,39,1,-7.72,-40.2,518,209,0.253277301788,0,0,0,3,13,38,1,148.44,773.0,910,798,0.445151329041,0,0,0,0,23,43,1,52.64,276.6,675,288,0.660099983215,0,0,0,0,25,43,1,472.72,2484.2,97,562,0.095356464386,0,0,0,5,7,37,1,-20.04,-105.2,241,388,0.235952377319,0,0,0,5,3,42,1,-54.84,-288.2,585,227,0.572064399719,0,0,0,1,129,41,1,-19.84,-104.4,599,148,0.585674285889,0,0,0,,,,,,,,,,,,,,,,,,,,,,,,,,,,,,,,,,,,
1,0,94626000,105408000,94612000,94626000,94626000,0.0,0.0,0.0,0,0.0,32,2,0,2,19,24,2,51.36,269.8,1650,550,0.613428592682,1,25,0,2,7,22,2,-286.52,-1505.6,727,459,0.711093425751,0,26,0,2,33,40,1,-194.4,-1021.6,393,172,0.384328842163,0,0,0,2,21,25,2,423.08,2223.4,545,925,0.533630371094,0,21,0,2,26,40,1,-552.8,-2905.0,2057,686,0.011407375336,2,0,0,0,32,30,1,183.92,966.4,176,614,0.172629833221,0,12,0,6,23,21,2,259.56,1388.4,219,662,0.429838180542,0,27,0,3,39,39,1,-36.72,-191.2,1028,13,0.502450466156,0,0,0,3,32,28,1,248.88,1296.0,1930,759,0.94366645813,0,11,0,1,137,40,1,-19.84,-104.2,241,443,0.236004829407,0,0,0,0,28,37,1,507.4,2666.4,614,462,0.600636482239,0,7,0,1,128,38,1,-18.92,-99.4,997,746,0.975297451019,0,0,0,0,10,30,1,486.12,2554.6,35,66,0.034276008606,0,18,0,0,18,40,1,-566.24,-2975.6,256,747,0.250958442688,0,0,0,0,12,25,2,210.28,1105.0,61,541,0.060145378113,0,35,0,6,7,30,1,215.92,1155.8,192,797,0.377258300781,0,18,0,6,22,39,1,-190.96,-1019.2,398,40,0.778941631317,0,9,0,6,16,24,2,-498.6,-2663.4,105,197,0.205856323242,0,27,0,6,10,37,1,736.88,3928.0,164,580,0.322049617767,0,3,0,6,21,44,1,-694.08,-3714.2,175,737,0.34387588501,0,0,0,6,9,45,1,214.12,1143.2,104,721,0.20490026474,0,0,0,3,6,41,1,30.08,156.6,1739,644,0.850258827209,0,0,0,3,38,44,1,65.0,338.4,1011,109,0.494186878204,0,0,0,3,9,41,1,59.04,307.6,1400,28,0.684275627136,0,0,0,3,23,43,1,82.32,428.6,282,652,0.138141155243,0,0,0,3,16,42,1,-7.4,-38.4,518,258,0.253300666809,0,0,0,3,13,36,1,148.76,774.6,909,782,0.444654941559,0,0,0,0,23,41,1,52.84,277.8,675,103,0.65992307663,0,0,0,0,25,41,1,473.12,2486.2,95,957,0.093778610229,0,0,0,5,7,36,1,-19.68,-103.4,241,456,0.236017227173,0,0,0,5,3,41,1,-54.44,-286.0,585,417,0.572245597839,0,0,0,1,129,39,1,-19.48,-102.2,599,215,0.585738658905,0,0,0,,,,,,,,,,,,,,,,,,,,,,,,,,,,,,,,,,,,,,,,,,,,,,,,
1,0,94627000,105409000,94613000,94627000,94627000,0.0,0.0,0.0,0,0.0,34,2,0,2,19,24,2,51.16,268.8,1650,366,0.613252639771,1,26,0,2,7,20,2,-283.8,-1491.4,728,428,0.712041378021,0,25,0,2,33,38,1,-193.72,-1018.0,393,851,0.384976863861,0,0,0,2,21,26,2,423.68,2226.4,544,505,0.532251834869,0,20,0,5,2,21,1,-15.96,-84.0,472,472,0.461838722229,0,42,0,5,4,21,1,166.04,872.4,912,167,0.891655921936,0,57,0,2,26,40,1,-552.16,-2901.6,2059,569,0.013251781464,2,0,0,0,32,33,1,184.48,969.6,175,1006,0.172026634216,0,17,0,6,23,20,2,260.36,1392.8,219,209,0.4289727211,0,31,0,3,39,41,1,-35.96,-187.2,1028,267,0.502571582794,0,0,0,3,32,33,1,249.12,1297.2,1929,44,0.942836761475,0,11,0,1,137,41,1,-19.04,-100.2,241,511,0.23606967926,0,0,0,0,28,38,1,508.16,2670.4,612,734,0.598941802979,0,7,0,1,128,40,1,-18.0,-94.6,997,811,0.975358963013,0,0,0,0,10,34,1,486.48,2556.6,33,419,0.032658576965,0,13,0,0,18,39,1,-565.56,-2972.0,258,677,0.252846240997,0,0,0,0,12,23,2,208.0,1093.0,60,860,0.059472084045,0,32,0,6,7,29,1,216.8,1160.6,192,422,0.376541137695,0,17,0,6,22,43,1,-190.48,-1016.8,398,374,0.779580593109,0,8,0,6,16,23,2,-498.04,-2660.4,106,43,0.207519054413,0,27,0,6,10,39,1,737.64,3932.0,163,318,0.319590091705,0,0,0,6,21,43,1,-693.8,-3712.6,176,925,0.346190452576,0,0,0,6,9,43,1,215.0,1148.0,104,346,0.20418548584,0,0,0,3,6,41,1,31.2,162.4,1739,432,0.850157260895,0,0,0,3,38,44,1,65.8,342.6,1010,676,0.493968963623,0,0,0,3,9,38,1,60.0,312.4,1399,636,0.684077262878,0,0,0,3,23,43,1,82.88,431.6,282,76,0.13786649704,0,0,0,3,16,41,1,-6.44,-33.6,518,308,0.25332403183,0,0,0,3,13,35,1,149.52,778.6,908,765,0.44415807724,0,0,0,0,23,40,1,53.56,281.6,674,942,0.659745693207,0,0,0,0,25,42,1,473.56,2488.6,94,327,0.092199802399,0,0,0,5,7,37,1,-18.96,-99.8,241,524,0.236082077026,0,0,0,5,3,43,1,-53.76,-282.6,585,606,0.572426795959,0,0,0,1,129,36,1,-18.56,-97.4,599,282,0.585803031921,0,0,0,,,,,,,,,,,,,,,,,,,,,,,,
1,0,94628000,105410000,94614000,94628000,94628000,0.0,0.0,0.0,0,0.0,32,2,0,2,19,24,1,50.08,263.0,1650,193,0.613088130951,1,25,0,2,7,19,2,-285.8,-1502.0,729,407,0.712998867035,0,25,0,2,33,42,1,-194.84,-1023.8,394,507,0.385625839233,0,0,0,2,21,32,2,422.84,2222.2,543,29,0.53082036972,0,19,0,2,26,42,1,-553.04,-2906.2,2061,454,0.015096187592,2,0,0,0,32,37,1,184.08,967.2,175,357,0.171407222748,0,13,0,6,23,19,2,258.36,1382.0,218,782,0.428110599518,0,33,0,3,39,39,1,-36.84,-192.0,1028,522,0.50269317627,0,0,0,3,32,33,1,248.2,1292.6,1927,355,0.942007541656,0,9,0,1,137,38,1,-20.0,-105.0,241,579,0.236135005951,0,0,0,0,28,37,1,507.2,2665.2,610,1006,0.597245693207,0,3,0,1,128,41,1,-18.8,-98.8,997,876,0.97542142868,0,0,0,0,10,33,1,485.72,2552.6,31,758,0.031027317047,0,11,0,0,18,40,1,-566.36,-2976.2,260,608,0.254734992981,0,0,0,0,12,23,2,207.48,1090.2,60,135,0.058780670166,0,29,0,6,7,31,1,215.76,1155.0,192,50,0.375830173492,0,17,0,6,22,41,1,-191.16,-1020.4,398,706,0.780214309692,0,9,0,6,16,22,2,-499.4,-2667.6,106,912,0.209180355072,0,27,0,6,10,39,1,736.8,3927.6,162,55,0.317131519318,0,0,0,6,21,44,1,-694.56,-3716.8,178,88,0.348505973816,0,0,0,6,9,48,1,213.68,1141.0,103,997,0.203472137451,0,0,0,3,6,43,1,29.8,155.2,1739,220,0.850056648254,0,0,0,3,38,42,1,64.92,338.0,1010,220,0.493751525879,0,0,0,3,9,40,1,58.8,306.2,1399,222,0.683879375458,0,0,0,3,23,44,1,81.8,426.0,281,527,0.137592792511,0,0,0,3,16,43,1,-7.52,-39.2,518,358,0.253347873688,0,0,0,3,13,36,1,148.44,773.0,907,749,0.443661689758,0,0,0,0,23,40,1,52.52,276.0,674,757,0.659569263458,0,0,0,0,25,42,1,472.76,2484.4,92,723,0.090621948242,0,0,0,5,7,36,1,-19.88,-104.4,241,592,0.236147403717,0,0,0,5,3,43,1,-54.72,-287.4,585,796,0.57260799408,0,0,0,1,129,41,1,-19.36,-101.8,599,350,0.585867881775,0,0,0,,,,,,,,,,,,,,,,,,,,,,,,,,,,,,,,,,,,,,,,,,,,,,,,
1,0,94629000,105411000,94615000,94629000,94629000,0.0,0.0,0.0,0,0.0,33,2,0,2,19,24,2,49.08,258.0,1650,14,0.612916946411,1,27,0,2,33,37,1,-194.64,-1023.0,395,163,0.386275291443,0,0,0,2,21,30,2,423.56,2225.8,541,561,0.529373168945,0,18,0,0,15,20,1,-400.96,-2107.0,990,852,0.968555450439,0,58,0,2,12,24,2,303.16,1593.2,259,254,0.253419876099,0,22,0,2,26,38,1,-552.76,-2904.8,2063,337,0.016940116882,2,0,0,0,32,25,1,184.44,969.4,174,724,0.17077922821,0,17,0,6,23,21,2,258.56,1383.2,218,333,0.427251338959,0,28,0,3,39,38,1,-36.88,-192.2,1028,779,0.502815723419,0,0,0,3,32,30,1,248.16,1292.2,1925,657,0.941174030304,0,5,0,1,137,33,1,-19.72,-103.6,241,648,0.236200809479,0,0,0,0,28,34,1,507.08,2664.8,609,256,0.595552444458,0,1,0,1,128,35,1,-18.92,-99.4,997,941,0.975483417511,0,0,0,0,10,33,1,486.24,2555.2,30,92,0.029413700104,0,8,0,0,18,37,1,-566.24,-2975.6,262,539,0.256624221802,0,0,0,0,12,22,2,206.4,1084.6,59,421,0.058075904846,0,29,0,6,7,31,1,216.4,1158.4,191,691,0.375097751617,0,15,0,6,22,40,1,-191.84,-1024.0,399,14,0.780849933624,0,9,0,6,16,20,2,-500.0,-2670.8,107,773,0.210872650146,0,31,0,6,10,41,1,737.08,3929.0,160,817,0.31467294693,0,0,0,6,21,42,1,-694.08,-3714.0,179,276,0.350821495056,0,0,0,6,9,47,1,213.64,1140.8,103,624,0.202758789062,0,0,0,3,6,39,1,30.12,157.0,1739,10,0.849956035614,0,0,0,3,38,38,1,64.88,337.8,1009,789,0.493534088135,0,0,0,3,9,39,1,59.24,308.4,1398,832,0.683681488037,0,0,0,3,23,43,1,81.96,426.6,280,977,0.137319087982,0,0,0,3,16,37,1,-7.68,-40.0,518,408,0.253371715546,0,0,0,3,13,34,1,148.28,772.2,906,732,0.443165302277,0,0,0,0,23,35,1,52.4,275.4,674,573,0.659393787384,0,0,0,0,25,38,1,473.12,2486.2,91,94,0.089044094086,0,0,0,5,7,28,1,-19.8,-104.0,241,661,0.236213207245,0,0,0,5,3,36,1,-54.16,-284.6,585,986,0.572789669037,0,0,0,1,129,37,1,-19.44,-102.0,599,418,0.585932254791,0,0,0,,,,,,,,,,,,,,,,,,,,,,,,,,,,,,,,,,,,
1,0,94630000,105412000,94616000,94630000,94630000,0.0,0.0,0.0,0,0.0,34,2,0,2,19,24,2,49.16,258.4,1649,870,0.612756729126,1,30,0,2,7,19,2,-284.2,-1493.4,731,350,0.714900016785,0,25,0,2,33,40,1,-194.68,-1023.0,395,843,0.386924743652,0,0,0,2,21,35,2,423.28,2224.4,540,95,0.527950286865,0,15,0,5,2,19,1,-15.96,-84.0,472,644,0.462002754211,0,33,0,2,12,23,2,301.68,1585.4,258,218,0.252408027649,0,25,0,2,26,38,1,-552.6,-2904.0,2065,220,0.018783092499,2,0,0,0,32,25,1,182.88,961.2,174,70,0.170155525208,0,14,0,6,23,21,2,259.16,1386.4,217,906,0.426390171051,0,27,0,3,39,41,1,-36.88,-192.0,1029,11,0.502938270569,0,0,0,3,32,34,1,248.28,1292.8,1923,982,0.940351486206,0,2,0,1,137,39,1,-19.52,-102.6,241,716,0.236266136169,0,0,0,0,28,38,1,507.32,2666.0,607,531,0.593860149384,0,0,0,1,128,38,1,-18.52,-97.2,997,1007,0.975545883179,0,0,0,0,10,30,1,485.44,2551.0,28,443,0.02779340744,0,9,0,0,18,36,1,-566.36,-2976.2,264,470,0.258513450623,0,0,0,0,12,23,2,206.76,1086.4,58,676,0.05734205246,0,31,0,6,7,24,1,217.24,1163.0,191,316,0.374381542206,0,27,0,6,22,45,1,-191.8,-1024.0,399,349,0.781489372253,0,6,0,6,16,19,2,-501.72,-2680.2,108,641,0.21257686615,0,34,0,6,10,40,1,736.96,3928.4,159,554,0.312214374542,0,0,0,6,21,38,1,-694.28,-3715.2,180,463,0.353136539459,0,0,0,6,9,51,1,213.44,1139.8,103,251,0.202046394348,0,0,0,3,6,39,1,30.16,157.2,1738,823,0.849855422974,0,0,0,3,38,41,1,64.92,338.0,1009,335,0.493317604065,0,0,0,3,9,36,1,59.08,307.8,1398,419,0.683485031128,0,0,0,3,23,43,1,81.84,426.2,280,404,0.137045383453,0,0,0,3,16,41,1,-7.32,-38.2,518,460,0.253396511078,0,0,0,3,13,38,1,148.56,773.4,905,718,0.442669391632,0,0,0,0,23,41,1,52.44,275.6,674,390,0.659219264984,0,0,0,0,25,36,1,473.2,2486.6,89,489,0.087466716766,0,0,0,5,7,34,1,-19.56,-102.6,241,730,0.236279010773,0,0,0,5,3,37,1,-54.24,-285.0,586,152,0.572970867157,0,0,0,1,129,38,1,-19.32,-101.4,599,485,0.585996627808,0,0,0,,,,,,,,,,,,,,,,,,,,,,,,
1,0,94631000,105413000,94617000,94631000,94631000,0.0,0.0,0.0,0,0.0,33,2,0,2,19,24,2,49.92,262.4,1649,702,0.612596511841,1,26,0,2,7,20,2,-284.76,-1496.4,732,328,0.715856075287,0,25,0,2,33,37,1,-195.04,-1024.8,396,500,0.387575149536,0,0,0,2,21,35,1,422.92,2222.4,538,663,0.526537418365,0,10,0,2,12,22,2,303.6,1595.4,257,185,0.251399040222,0,25,0,2,26,39,1,-552.96,-2905.8,2067,104,0.02062702179,2,0,0,0,32,32,1,185.16,973.2,173,494,0.169582843781,0,63,0,6,23,21,2,257.72,1378.8,217,457,0.425531387329,0,28,0,3,39,42,1,-37.0,-192.6,1029,270,0.503061771393,0,0,0,3,32,40,1,248.48,1293.8,1922,273,0.939524173737,0,0,0,1,137,38,1,-19.88,-104.4,241,786,0.236332416534,0,0,0,0,28,38,1,506.88,2663.6,605,806,0.592168331146,0,0,0,1,128,39,1,-19.04,-100.2,998,48,0.975608825684,0,0,0,0,10,40,1,485.96,2553.8,26,793,0.026173114777,0,6,0,0,18,39,1,-566.72,-2978.0,266,401,0.260403156281,0,0,0,0,12,23,2,205.28,1078.8,57,985,0.056659698486,0,31,0,6,7,35,1,216.6,1159.4,190,970,0.373674869537,0,23,0,6,22,42,1,-191.56,-1022.4,399,685,0.782131671906,0,2,0,6,16,20,2,-500.12,-2671.4,109,509,0.214280605316,0,33,0,6,10,38,1,736.32,3925.2,158,292,0.309756278992,0,0,0,6,21,44,1,-694.28,-3715.2,181,651,0.355452060699,0,0,0,6,9,47,1,213.16,1138.2,102,903,0.201334953308,0,0,0,3,6,41,1,29.8,155.2,1738,614,0.849755764008,0,0,0,3,38,40,1,64.64,336.6,1008,906,0.493101119995,0,0,0,3,9,40,1,58.92,307.0,1398,7,0.683288097382,0,0,0,3,23,44,1,81.52,424.4,279,857,0.136772632599,0,0,0,3,16,40,1,-7.52,-39.2,518,511,0.25342130661,0,0,0,3,13,39,1,148.64,774.0,904,703,0.442173480988,0,0,0,0,23,41,1,52.08,273.6,674,208,0.659045219421,0,0,0,0,25,36,1,472.4,2482.6,87,885,0.085889816284,0,0,0,5,7,34,1,-19.92,-104.6,241,800,0.236345291138,0,0,0,5,3,37,1,-54.64,-287.2,586,343,0.573152542114,0,0,0,1,129,39,1,-19.48,-102.4,599,553,0.586061477661,0,0,0,,,,,,,,,,,,,,,,,,,,,,,,,,,,,,,,,,,,
1,0,94632000,105414000,94618000,94632000,94632000,0.0,0.0,0.0,0,0.0,34,2,0,2,19,26,2,50.24,264.0,1649,515,0.612418174744,1,21,0,2,7,21,2,-285.68,-1501.2,733,292,0.716799259186,0,25,0,2,33,39,1,-194.96,-1024.4,397,158,0.388225078583,0,0,0,2,21,37,1,422.84,2222.0,537,210,0.525127887726,0,9,0,5,2,21,2,-15.96,-84.0,472,746,0.462100982666,0,30,0,2,12,20,2,303.32,1594.0,256,150,0.250388145447,0,25,0,2,26,38,1,-553.04,-2906.2,2068,1012,0.022472381592,2,0,0,0,32,37,1,184.72,970.6,172,848,0.168942451477,0,50,0,6,23,20,2,258.24,1381.4,217,9,0.424674987793,0,27,0,3,39,41,1,-36.72,-191.2,1029,529,0.503185272217,0,0,0,3,32,34,1,248.56,1294.4,1920,586,0.93869638443,0,0,0,1,137,40,1,-19.88,-104.4,241,856,0.236399173737,0,0,0,0,28,41,1,506.92,2663.8,604,59,0.590476989746,0,0,0,1,128,41,1,-18.84,-99.0,998,114,0.975671291351,0,0,0,0,10,34,1,485.76,2552.8,25,119,0.024551868439,0,3,0,0,18,42,1,-566.8,-2978.6,268,334,0.262293338776,0,0,0,0,12,22,2,206.12,1083.0,57,274,0.055980205536,0,29,0,6,7,27,1,215.0,1151.0,190,594,0.372956752777,0,27,0,6,22,43,1,-191.64,-1023.0,399,1019,0.782771110535,0,0,0,6,16,22,2,-500.24,-2672.2,110,366,0.215964317322,0,31,0,6,10,41,1,736.4,3925.4,157,30,0.307299137115,0,0,0,6,21,44,1,-694.52,-3716.4,182,839,0.35776758194,0,0,0,6,9,47,1,213.16,1138.2,102,531,0.200624465942,0,0,0,3,6,40,1,29.88,155.6,1738,405,0.849656105042,0,0,0,3,38,41,1,64.84,337.6,1008,454,0.4928855896,0,0,0,3,9,37,1,59.24,308.6,1397,618,0.683091163635,0,0,0,3,23,43,1,81.64,425.2,279,287,0.136500835419,0,0,0,3,16,41,1,-7.36,-38.4,518,565,0.253446578979,0,0,0,3,13,38,1,148.52,773.4,903,690,0.441679000854,0,0,0,0,23,40,1,52.12,273.8,674,26,0.658871650696,0,0,0,0,25,40,1,472.64,2483.8,86,258,0.084313392639,0,0,0,5,7,37,1,-19.84,-104.4,241,869,0.236411571503,0,0,0,5,3,36,1,-54.48,-286.4,586,533,0.573334693909,0,0,0,1,129,40,1,-19.56,-102.8,599,621,0.586126327515,0,0,0,,,,,,,,,,,,,,,,,,,,,,,,
1,0,94633000,105415000,94619000,94633000,94633000,0.0,0.0,0.0,0,0.0,34,2,0,2,19,32,2,50.08,263.2,1649,323,0.612234115601,1,18,0,2,7,21,2,-284.68,-1496.2,734,269,0.717755317688,0,25,0,2,33,37,1,-195.24,-1026.0,397,838,0.388875007629,0,0,0,2,21,37,1,422.76,2221.8,535,785,0.523721218109,0,7,0,5,2,23,1,-15.96,-84.0,472,789,0.462141513824,0,29,0,2,12,25,2,302.8,1591.2,255,108,0.249370098114,0,19,0,2,26,38,1,-553.32,-2907.6,2070,896,0.02431678772,2,0,0,0,32,37,1,184.48,969.4,172,174,0.168299674988,0,34,0,6,23,22,2,257.96,1379.8,216,579,0.423807144165,0,27,0,3,39,44,1,-37.12,-193.4,1029,785,0.503307819366,0,0,0,3,32,38,1,248.2,1292.4,1918,898,0.937867641449,0,0,0,1,137,39,1,-20.08,-105.4,241,925,0.236465454102,0,0,0,0,28,31,1,506.88,2663.6,602,335,0.588785171509,0,0,0,1,128,36,1,-19.16,-100.8,998,179,0.975733280182,0,0,0,0,10,37,1,485.72,2552.4,23,468,0.022930145264,0,0,0,0,18,40,1,-567.16,-2980.4,270,266,0.264183521271,0,0,0,0,12,26,2,205.36,1079.2,56,538,0.055254936218,0,30,0,6,7,34,1,216.08,1156.6,190,206,0.372214317322,0,20,0,6,22,41,1,-192.16,-1025.8,400,330,0.783411026001,0,0,0,6,16,22,2,-500.04,-2671.2,111,216,0.21763420105,0,29,0,6,10,34,1,736.04,3923.6,155,792,0.304841518402,0,0,0,6,21,45,1,-694.64,-3717.2,184,2,0.360083580017,0,0,0,6,9,46,1,212.6,1135.2,102,159,0.19991350174,0,0,0,3,6,40,1,29.52,153.8,1738,194,0.849555492401,0,0,0,3,38,43,1,64.52,336.0,1008,1,0.492669582367,0,0,0,3,9,36,1,58.6,305.2,1397,205,0.682893753052,0,0,0,3,23,45,1,81.12,422.4,278,742,0.136229515076,0,0,0,3,16,43,1,-7.76,-40.4,518,617,0.253471851349,0,0,0,3,13,39,1,148.24,772.0,902,675,0.441182613373,0,0,0,0,23,41,1,51.76,272.0,673,868,0.658697605133,0,0,0,0,25,40,1,472.28,2481.8,84,655,0.082737445831,0,0,0,5,7,36,1,-20.16,-106.0,241,939,0.236477851868,0,0,0,5,3,40,1,-54.8,-288.0,586,724,0.573516845703,0,0,0,1,129,39,1,-19.92,-104.8,599,689,0.586191177368,0,0,0,,,,,,,,,,,,,,,,,,,,,,,,
1,0,94634000,105416000,94620000,94634000,94634000,0.0,0.0,0.0,0,0.0,33,2,0,2,19,31,1,50.84,267.2,1649,130,0.612050056458,1,14,0,2,7,30,2,-284.32,-1494.2,735,213,0.718678951263,0,20,0,2,33,40,1,-194.76,-1023.6,398,495,0.389524936676,0,0,0,2,21,41,1,423.16,2223.6,534,324,0.522303581238,0,5,0,2,12,31,1,302.92,1592.0,254,70,0.248356819153,0,16,0,2,26,39,1,-553.04,-2906.2,2072,780,0.026160240173,2,0,0,0,32,44,1,184.2,967.8,171,559,0.167689800262,0,19,0,6,23,22,2,258.56,1383.0,216,131,0.422951221466,0,27,0,3,39,44,1,-36.76,-191.4,1030,19,0.503430843353,0,0,0,3,32,41,1,248.64,1294.6,1917,186,0.937039375305,0,0,0,1,137,37,1,-19.48,-102.4,241,994,0.236530780792,0,0,0,0,28,36,1,507.08,2664.6,600,611,0.587094306946,0,0,0,1,128,36,1,-18.92,-99.4,998,244,0.97579574585,0,0,0,0,10,38,1,486.12,2554.6,21,817,0.021307945251,0,0,0,0,18,37,1,-566.36,-2976.2,272,198,0.266073703766,0,0,0,0,12,32,2,205.88,1082.0,55,760,0.054489135742,0,22,0,6,7,37,1,216.64,1159.6,189,847,0.371482372284,0,15,0,6,22,42,1,-191.76,-1023.6,400,665,0.784050941467,0,0,0,6,16,23,2,-502.96,-2686.8,112,69,0.219311714172,0,28,0,6,10,37,1,736.6,3926.4,154,530,0.302384376526,0,0,0,6,21,47,1,-694.24,-3715.0,185,190,0.362399101257,0,0,0,6,9,47,1,213.08,1137.8,101,812,0.199203968048,0,0,0,3,6,42,1,30.12,157.0,1737,1009,0.849455356598,0,0,0,3,38,43,1,65.12,339.2,1007,573,0.492453575134,0,0,0,3,9,40,1,59.12,308.0,1396,817,0.682697296143,0,0,0,3,23,44,1,81.68,425.4,278,174,0.135957717896,0,0,0,3,16,43,1,-7.36,-38.4,518,669,0.253496646881,0,0,0,3,13,43,1,148.76,774.6,901,660,0.440686702728,0,0,0,0,23,42,1,52.24,274.6,673,686,0.658524036407,0,0,0,0,25,38,1,472.76,2484.4,83,28,0.081161022186,0,0,0,5,7,34,1,-19.56,-102.8,241,1007,0.236543655396,0,0,0,5,3,40,1,-54.6,-287.0,586,915,0.573698997498,0,0,0,1,129,37,1,-19.2,-100.8,599,757,0.586255550385,0,0,0,,,,,,,,,,,,,,,,,,,,,,,,,,,,,,,,,,,,
1,0,94635000,105417000,94621000,94635000,94635000,0.0,0.0,0.0,0,0.0,33,2,0,2,19,31,1,50.12,263.4,1648,984,0.611888408661,1,16,0,2,7,29,1,-284.12,-1493.2,736,185,0.719629764557,0,18,0,2,33,37,1,-195.2,-1025.8,399,153,0.390175819397,0,0,0,2,21,40,1,423.08,2223.2,532,899,0.520897865295,0,2,0,2,12,26,1,302.6,1590.2,253,20,0.247331619263,0,16,0,2,26,37,1,-553.08,-2906.6,2074,663,0.028004169464,2,0,0,0,32,43,1,184.28,968.4,170,933,0.167068958282,0,9,0,6,23,21,2,257.28,1376.2,215,707,0.422095298767,0,27,0,3,39,43,1,-37.08,-193.2,1030,277,0.50355386734,0,0,0,3,32,34,1,248.2,1292.4,1915,499,0.936211109161,0,0,0,1,137,40,1,-19.8,-104.0,242,39,0.236597061157,0,0,0,0,28,36,1,506.96,2664.0,598,888,0.585403442383,0,0,0,1,128,42,1,-18.68,-98.2,998,310,0.975858211517,0,0,0,0,10,34,1,486.0,2554.0,20,142,0.019686698914,0,0,0,0,18,40,1,-566.72,-2978.2,274,130,0.267964363098,0,0,0,0,12,32,2,205.64,1080.6,54,1007,0.053747653961,0,18,0,6,7,35,1,216.36,1158.2,189,473,0.370768547058,0,14,0,6,22,44,1,-192.28,-1026.4,400,1001,0.784692287445,0,0,0,6,16,21,2,-499.92,-2670.6,112,952,0.220997810364,0,28,0,6,10,37,1,736.4,3925.4,153,269,0.29992723465,0,0,0,6,21,43,1,-694.24,-3715.0,186,378,0.364714622498,0,0,0,6,9,47,1,212.68,1135.6,101,440,0.198494434357,0,0,0,3,6,41,1,29.84,155.4,1737,801,0.849356174469,0,0,0,3,38,44,1,64.72,337.0,1007,120,0.492237091064,0,0,0,3,9,41,1,58.76,306.0,1396,406,0.682500839233,0,0,0,3,23,46,1,81.16,422.6,277,629,0.13568687439,0,0,0,3,16,43,1,-7.6,-39.6,518,724,0.253522872925,0,0,0,3,13,43,1,148.56,773.4,900,646,0.440191268921,0,0,0,0,23,43,1,51.8,272.2,673,505,0.658351421356,0,0,0,0,25,42,1,472.44,2482.8,81,425,0.079585075378,0,0,0,5,7,37,1,-19.76,-103.8,242,53,0.236610412598,0,0,0,5,3,39,1,-54.44,-286.2,587,82,0.573881149292,0,0,0,1,129,42,1,-19.68,-103.4,599,825,0.586320877075,0,0,0,,,,,,,,,,,,,,,,,,,,,,,,,,,,,,,,,,,,
1,0,94636000,105418000,94622000,94636000,94636000,0.0,0.0,0.0,0,0.0,34,2,0,2,19,35,1,49.88,262.0,1648,808,0.611719608307,1,14,0,2,7,29,1,-285.0,-1497.6,737,146,0.720569610596,0,23,0,2,33,37,1,-195.64,-1028.2,399,835,0.390827178955,0,0,0,2,21,40,1,422.72,2221.4,531,442,0.519484519958,0,0,0,2,12,30,1,302.16,1588.0,251,1012,0.24632358551,0,15,0,2,26,37,1,-553.36,-2907.8,2076,550,0.029850482941,2,0,0,2,29,23,3,-161.4,-848.0,2797,892,0.734967708588,2,25,0,0,32,42,1,184.2,968.0,170,289,0.166454792023,0,2,0,6,23,22,2,256.96,1374.6,215,255,0.421230792999,0,25,0,3,39,45,1,-37.44,-195.0,1030,536,0.503677845001,0,0,0,3,32,38,1,247.88,1290.8,1913,812,0.935382843018,0,0,0,1,137,43,1,-20.12,-105.6,242,109,0.236663818359,0,0,0,0,28,37,1,506.96,2664.0,597,142,0.583713531494,0,0,0,1,128,43,1,-18.8,-98.8,998,376,0.975921154022,0,0,0,0,10,39,1,485.32,2550.4,18,493,0.018065929413,0,0,0,0,18,45,1,-567.0,-2979.6,276,63,0.269855976105,0,0,0,0,12,32,1,204.88,1076.6,54,267,0.053040981293,0,14,0,6,7,42,1,215.88,1155.6,189,93,0.370040893555,0,11,0,6,22,45,1,-192.4,-1027.2,401,313,0.78533411026,0,0,0,6,16,19,2,-501.4,-2678.4,113,808,0.222680568695,0,31,0,6,10,29,1,736.76,3927.4,152,7,0.297471046448,0,0,0,6,21,46,1,-694.44,-3716.2,187,566,0.367031097412,0,0,0,6,9,47,1,212.0,1132.0,101,70,0.19778585434,0,0,0,3,6,41,1,29.64,154.4,1737,593,0.84925699234,0,0,0,3,38,44,1,64.28,334.6,1006,694,0.492022514343,0,0,0,3,9,39,1,58.88,306.6,1395,1019,0.682304859161,0,0,0,3,23,46,1,80.72,420.4,277,64,0.135416984558,0,0,0,3,16,44,1,-7.88,-41.0,518,778,0.253548622131,0,0,0,3,13,40,1,148.04,770.8,899,633,0.439696311951,0,0,0,0,23,44,1,51.36,269.8,673,325,0.658179759979,0,0,0,0,25,44,1,472.12,2481.0,79,823,0.078010082245,0,0,0,5,7,39,1,-20.16,-106.0,242,124,0.236677646637,0,0,0,5,3,43,1,-54.8,-288.0,587,273,0.574063777924,0,0,0,1,129,42,1,-19.4,-102.0,599,894,0.586386203766,0,0,0,,,,,,,,,,,,,,,,,,,,,,,,
1,0,94637000,105419000,94623000,94637000,94637000,0.0,0.0,0.0,0,0.0,35,2,0,2,19,32,1,50.72,266.6,1648,625,0.611545085907,1,17,0,2,7,27,2,-284.76,-1496.4,738,118,0.721520900726,0,21,0,2,33,43,1,-195.52,-1027.4,400,494,0.39147901535,0,0,0,2,21,41,1,422.92,2222.4,529,1014,0.518074989319,0,0,0,5,2,30,1,-14.24,-74.8,472,948,0.462293148041,0,62,0,2,12,27,1,302.52,1589.6,250,978,0.245313167572,0,17,0,2,26,38,1,-553.08,-2906.4,2078,435,0.031695842743,2,0,0,2,29,29,2,-160.64,-844.2,2798,435,0.735508441925,2,20,0,0,32,42,1,183.76,965.8,169,671,0.1658411026,0,1,0,6,23,22,2,258.92,1385.2,214,827,0.420367717743,0,27,0,3,39,41,1,-37.24,-193.8,1030,795,0.503801345825,0,0,0,3,32,39,1,248.0,1291.4,1912,100,0.934554576874,0,0,0,1,137,39,1,-20.16,-106.0,242,179,0.236730575562,0,0,0,0,28,38,1,506.52,2661.8,595,419,0.582022666931,0,0,0,1,128,44,1,-18.92,-99.4,998,442,0.975984096527,0,0,0,0,10,40,1,485.8,2552.8,16,843,0.016445159912,0,0,0,0,18,45,1,-567.0,-2979.6,277,1021,0.271747112274,0,0,0,0,12,39,1,204.84,1076.6,53,555,0.052338600159,0,9,0,6,7,41,1,215.88,1155.6,188,735,0.36931180954,0,12,0,6,22,47,1,-192.84,-1029.4,401,648,0.785975456238,0,0,0,6,16,29,2,-502.04,-2681.8,114,660,0.22435426712,0,28,0,6,10,37,1,736.08,3923.8,150,770,0.295015335083,0,2,0,6,21,42,1,-694.36,-3715.8,188,753,0.369346141815,0,0,0,6,9,50,1,211.8,1131.0,100,723,0.197078227997,0,0,0,3,6,40,1,29.6,154.2,1737,385,0.849157333374,0,0,0,3,38,42,1,64.28,334.6,1006,242,0.491806983948,0,0,0,3,9,41,1,58.52,304.6,1395,608,0.682108879089,0,0,0,3,23,48,1,80.68,420.2,276,523,0.135147571564,0,0,0,3,16,43,1,-7.92,-41.4,518,833,0.253574848175,0,0,0,3,13,41,1,148.0,770.6,898,619,0.439200878143,0,0,0,0,23,43,1,51.36,270.0,673,145,0.658007621765,0,0,0,0,25,45,1,472.0,2480.4,78,197,0.076435089111,0,0,0,5,7,38,1,-20.24,-106.2,242,193,0.236744403839,0,0,0,5,3,41,1,-54.72,-287.6,587,465,0.574246883392,0,0,0,1,129,44,1,-19.72,-103.6,599,962,0.586451530457,0,0,0,,,,,,,,,,,,
1,0,94638000,105420000,94624000,94638000,94638000,0.0,0.0,0.0,0,0.0,34,2,0,2,19,35,1,50.32,264.4,1648,447,0.611375331879,1,15,0,2,7,30,2,-284.76,-1496.4,739,83,0.7224650383,0,18,0,2,33,40,1,-195.44,-1027.0,401,153,0.392131328583,0,0,0,2,21,39,1,422.84,2222.0,528,560,0.516664028168,0,0,0,2,12,32,1,302.52,1589.8,249,948,0.244307041168,0,17,0,2,26,41,1,-553.24,-2907.4,2080,320,0.033542156219,2,0,0,2,29,28,2,-160.88,-845.4,2798,1004,0.736051559448,2,17,0,0,32,43,1,184.2,968.0,169,28,0.165227413177,0,0,0,6,23,21,2,253.88,1358.2,214,380,0.419514656067,0,29,0,3,39,42,1,-37.28,-194.2,1031,32,0.503925323486,0,0,0,3,32,40,1,248.08,1291.8,1910,414,0.93372631073,0,0,0,1,137,39,1,-20.16,-106.0,242,249,0.236797332764,0,0,0,0,28,37,1,506.72,2663.0,593,696,0.580332279205,0,0,0,1,128,42,1,-18.6,-97.8,998,507,0.976046562195,0,0,0,0,10,31,1,486.16,2554.8,15,170,0.014825344086,0,0,0,0,18,43,1,-567.0,-2979.6,279,953,0.273637771606,0,0,0,0,12,36,1,204.72,1075.8,52,857,0.051649570465,0,8,0,6,7,32,1,216.48,1158.8,188,360,0.368595600128,0,10,0,6,22,40,1,-192.16,-1025.8,401,984,0.786617279053,0,1,0,6,16,27,2,-500.32,-2672.6,115,497,0.225999832153,0,24,0,6,10,41,1,736.2,3924.4,149,509,0.292558670044,0,0,0,6,21,45,1,-694.32,-3715.6,189,940,0.371661186218,0,0,0,6,9,47,1,211.72,1130.6,100,353,0.196371078491,0,0,0,3,6,41,1,29.72,154.8,1737,177,0.849058151245,0,0,0,3,38,43,1,64.36,335.2,1005,816,0.491591930389,0,0,0,3,9,39,1,58.68,305.6,1395,197,0.68191242218,0,0,0,3,23,44,1,80.56,419.4,275,982,0.134877681732,0,0,0,3,16,42,1,-7.92,-41.2,518,887,0.253600597382,0,0,0,3,13,38,1,148.2,771.6,897,607,0.43870639801,0,0,0,0,23,43,1,51.28,269.4,672,990,0.657836914062,0,0,0,0,25,41,1,472.0,2480.4,76,596,0.074860572815,0,0,0,5,7,35,1,-20.04,-105.4,242,263,0.236810684204,0,0,0,5,3,40,1,-54.76,-287.8,587,656,0.574429512024,0,0,0,1,129,43,1,-19.48,-102.4,600,7,0.586516857147,0,0,0,,,,,,,,,,,,,,,,,,,,,,,,
1,0,94639000,105421000,94625000,94639000,94639000,0.0,0.0,0.0,0,0.0,34,2,0,2,19,30,1,50.56,265.8,1648,267,0.611204147339,1,13,0,2,7,21,2,-286.2,-1504.0,740,54,0.723414421082,0,26,0,2,33,39,1,-195.36,-1026.6,401,836,0.392783164978,0,0,0,2,21,42,1,423.2,2224.0,527,106,0.515252590179,0,0,0,2,12,30,1,302.84,1591.4,248,906,0.24328994751,0,12,0,2,26,41,1,-552.84,-2905.2,2082,205,0.035386562347,2,0,0,2,29,33,2,-160.52,-843.4,2799,541,0.736588001251,2,14,0,0,32,38,1,184.28,968.4,168,408,0.164612293243,0,0,0,6,23,22,2,257.28,1376.2,213,962,0.418668270111,0,27,0,3,39,41,1,-37.04,-193.0,1031,291,0.504049301147,0,0,0,3,32,37,1,248.52,1294.2,1908,726,0.932898044586,0,0,0,1,137,40,1,-19.68,-103.4,242,319,0.236863613129,0,0,0,0,28,40,1,506.84,2663.4,591,972,0.578641414642,0,0,0,1,128,42,1,-18.56,-97.4,998,572,0.976108551025,0,0,0,0,10,38,1,485.68,2552.2,13,520,0.013205051422,0,0,0,0,18,43,1,-566.68,-2977.8,281,886,0.275528907776,0,0,0,0,12,36,1,204.8,1076.2,52,137,0.050961971283,0,7,0,6,7,31,1,216.24,1157.6,187,1007,0.367874145508,0,19,0,6,22,44,1,-192.44,-1027.2,402,296,0.787259101868,0,1,0,6,16,26,2,-500.56,-2673.8,116,341,0.22765827179,0,27,0,6,10,36,1,736.56,3926.2,148,248,0.290102481842,0,0,0,6,21,46,1,-693.96,-3713.4,191,104,0.373976230621,0,0,0,6,9,48,1,212.0,1132.0,99,1007,0.195663452148,0,0,0,3,6,43,1,29.92,155.8,1736,993,0.848958969116,0,0,0,3,38,43,1,64.56,336.2,1005,364,0.491376399994,0,0,0,3,9,37,1,58.96,307.0,1394,810,0.681715965271,0,0,0,3,23,47,1,80.88,421.2,275,417,0.134607791901,0,0,0,3,16,42,1,-7.6,-39.6,518,939,0.253625392914,0,0,0,3,13,41,1,148.36,772.6,896,593,0.438210964203,0,0,0,0,23,42,1,51.4,270.0,672,811,0.65766620636,0,0,0,0,25,42,1,472.32,2482.0,74,993,0.073285102844,0,0,0,5,7,37,1,-19.72,-103.6,242,332,0.236876964569,0,0,0,5,3,41,1,-54.56,-286.8,587,847,0.574612140656,0,0,0,1,129,41,1,-19.2,-100.8,600,74,0.586581707001,0,0,0,,,,,,,,,,,,,,,,,,,,,,,,
1,0,94640000,105422000,94626000,94640000,94640000,0.0,0.0,0.0,0,0.0,35,2,0,2,19,34,1,50.04,263.0,1648,96,0.611040115356,1,14,0,2,7,22,2,-283.8,-1491.2,741,24,0.724363803864,0,27,0,2,33,40,1,-195.88,-1029.2,402,496,0.39343547821,0,0,0,2,21,41,1,423.08,2223.2,525,676,0.513842105865,0,0,0,5,2,29,1,-15.32,-80.6,473,64,0.462427616119,0,52,0,2,12,25,1,302.0,1587.0,247,877,0.242284297943,0,14,0,2,26,39,1,-553.04,-2906.2,2084,90,0.037231445312,2,0,0,2,29,35,1,-161.08,-846.4,2800,82,0.737126350403,2,10,0,0,32,41,1,184.16,967.8,167,788,0.163998126984,0,0,0,6,23,22,2,256.84,1373.8,213,513,0.417810916901,0,27,0,3,39,42,1,-37.56,-195.6,1031,551,0.504173278809,0,0,0,3,32,34,1,247.72,1289.8,1907,15,0.932069778442,0,0,0,1,137,42,1,-19.96,-105.0,242,388,0.236929893494,0,0,0,0,28,38,1,506.88,2663.8,590,225,0.576950550079,0,0,0,1,128,41,1,-18.68,-98.2,998,637,0.976170539856,0,0,0,0,10,37,1,485.16,2549.6,11,872,0.011585235596,0,0,0,0,18,40,1,-566.84,-2978.8,283,819,0.277419567108,0,0,0,0,12,37,1,204.44,1074.4,51,446,0.05027961731,0,3,0,6,7,38,1,215.96,1156.0,187,633,0.367159366608,0,17,0,6,22,43,1,-192.96,-1030.0,402,632,0.787900924683,0,0,0,6,16,24,2,-500.36,-2672.8,117,189,0.22932434082,0,27,0,6,10,41,1,736.48,3925.8,146,1010,0.287645816803,0,0,0,6,21,44,1,-693.92,-3713.4,192,291,0.376290798187,0,0,0,6,9,47,1,211.6,1129.8,99,637,0.19495677948,0,0,0,3,6,42,1,29.56,154.0,1736,784,0.84885931015,0,0,0,3,38,44,1,64.28,334.6,1004,937,0.491160869598,0,0,0,3,9,40,1,58.76,306.0,1394,398,0.681519985199,0,0,0,3,23,44,1,80.36,418.6,274,878,0.134339332581,0,0,0,3,16,41,1,-8.04,-41.8,518,994,0.253651618958,0,0,0,3,13,39,1,148.16,771.4,895,580,0.437716007233,0,0,0,0,23,42,1,51.04,268.4,672,632,0.65749502182,0,0,0,0,25,44,1,472.2,2481.4,73,368,0.071710109711,0,0,0,5,7,38,1,-19.96,-105.0,242,401,0.236942768097,0,0,0,5,3,43,1,-54.72,-287.6,588,14,0.57479429245,0,0,0,1,129,42,1,-19.56,-102.8,600,142,0.586646080017,0,0,0,,,,,,,,,,,,
1,0,94641000,105423000,94627000,94641000,94641000,0.0,0.0,0.0,0,0.0,35,2,0,2,19,35,1,50.24,264.0,1647,945,0.610873222351,1,11,0,2,7,23,2,-284.2,-1493.4,742,21,0.725337982178,0,28,0,2,33,41,1,-195.44,-1027.0,403,156,0.394088745117,0,0,0,2,21,41,1,423.2,2224.0,524,222,0.512431144714,0,0,0,5,2,29,1,-15.0,-78.8,473,91,0.462452888489,0,41,0,2,12,33,1,302.32,1588.8,246,845,0.241275787354,0,10,0,2,26,41,1,-553.0,-2906.0,2085,999,0.039076805115,2,0,0,2,29,39,1,-160.56,-843.6,2800,643,0.737662792206,2,8,0,0,32,43,1,184.24,968.2,167,144,0.163383483887,0,0,0,6,23,22,2,256.72,1373.2,213,73,0.416969299316,0,28,0,3,39,44,1,-37.12,-193.2,1031,810,0.504296779633,0,0,0,3,32,39,1,248.36,1293.2,1905,327,0.931241512299,0,0,0,1,137,34,1,-19.92,-104.6,242,457,0.236996173859,0,0,0,0,28,36,1,506.72,2662.8,588,503,0.575260639191,0,0,0,1,128,39,1,-18.48,-97.0,998,702,0.976233005524,0,0,0,0,10,40,1,485.68,2552.2,10,199,0.009964942932,0,0,0,0,18,44,1,-566.96,-2979.4,285,753,0.279311656952,0,0,0,0,12,36,1,204.6,1075.0,50,756,0.049597740173,0,0,0,6,7,38,1,216.16,1157.2,187,252,0.366431713104,0,14,0,6,22,44,1,-192.88,-1029.6,402,968,0.788543701172,0,0,0,6,16,22,2,-500.16,-2671.8,118,35,0.230988025665,0,30,0,6,10,42,1,736.48,3925.8,145,749,0.285189628601,0,0,0,6,21,42,1,-694.4,-3715.8,193,479,0.378606796265,0,0,0,6,9,45,1,211.76,1130.8,99,268,0.194251060486,0,0,0,3,6,40,1,29.76,155.0,1736,577,0.848760128021,0,0,0,3,38,40,1,64.6,336.4,1004,487,0.490946292877,0,0,0,3,9,41,1,58.88,306.6,1393,1011,0.68132352829,0,0,0,3,23,41,1,80.76,420.6,274,315,0.134070396423,0,0,0,3,16,43,1,-7.6,-39.6,519,23,0.253676891327,0,0,0,3,13,41,1,148.56,773.6,894,567,0.437221050262,0,0,0,0,23,41,1,51.24,269.4,672,453,0.657324790955,0,0,0,0,25,42,1,472.12,2481.0,71,766,0.070136070251,0,0,0,5,7,31,1,-19.88,-104.4,242,471,0.237009525299,0,0,0,5,3,40,1,-54.4,-285.8,588,206,0.574977397919,0,0,0,1,129,41,1,-19.36,-101.8,600,210,0.586710929871,0,0,0,,,,,,,,,,,,
1,0,94642000,105424000,94628000,94642000,94642000,0.0,0.0,0.0,0,0.0,35,2,0,2,19,35,1,50.52,265.4,1647,768,0.61070394516,1,11,0,2,7,23,2,-284.64,-1495.8,742,998,0.726271152496,0,27,0,2,33,39,1,-195.56,-1027.8,403,840,0.394742012024,0,0,0,2,21,41,1,422.88,2222.2,522,792,0.5110206604,0,0,0,5,2,33,1,-15.36,-80.6,473,108,0.462469100952,0,33,0,2,12,33,1,302.44,1589.4,245,811,0.240266799927,0,2,0,2,26,41,1,-553.2,-2907.0,2087,884,0.040922164917,2,0,0,2,29,37,1,-160.76,-844.8,2801,180,0.73819732666,2,3,0,0,32,41,1,184.32,968.6,166,525,0.16276884079,0,0,0,6,23,22,2,257.4,1376.8,212,651,0.416117191315,0,28,0,3,39,43,1,-37.32,-194.4,1032,46,0.504420757294,0,0,0,3,32,37,1,248.0,1291.4,1903,642,0.930414199829,0,0,0,1,137,38,1,-20.08,-105.6,242,527,0.237062454224,0,0,0,0,28,38,1,506.48,2661.6,586,779,0.573569297791,0,3,0,1,128,42,1,-18.6,-97.6,998,767,0.976294994354,0,0,0,0,10,33,1,485.52,2551.4,8,550,0.008345603943,0,0,0,0,18,41,1,-566.96,-2979.4,287,687,0.281203269958,0,0,0,0,12,35,1,204.2,1073.0,50,42,0.048916816711,0,0,0,6,7,36,1,216.16,1157.0,186,899,0.365711688995,0,13,0,6,22,42,1,-192.92,-1029.8,403,281,0.789187431335,0,0,0,6,16,22,2,-500.12,-2671.6,118,911,0.232661247253,0,31,0,6,10,39,1,735.88,3922.8,144,488,0.282734394073,0,0,0,6,21,47,1,-694.2,-3714.8,194,666,0.380921840668,0,0,0,6,9,48,1,211.24,1128.0,98,923,0.193546295166,0,0,0,3,6,39,1,29.56,153.8,1736,369,0.848660945892,0,0,0,3,38,41,1,64.32,335.0,1004,38,0.490732192993,0,0,0,3,9,40,1,58.72,305.8,1393,600,0.681127548218,0,0,0,3,23,44,1,80.2,417.8,273,779,0.133802890778,0,0,0,3,16,43,1,-8.0,-41.8,519,78,0.253703117371,0,0,0,3,13,41,1,148.24,771.8,893,555,0.436726570129,0,0,0,0,23,41,1,50.68,266.4,672,276,0.657155036926,0,0,0,0,25,42,1,471.76,2479.2,70,141,0.068561553955,0,0,0,5,7,34,1,-20.04,-105.2,242,541,0.237076759338,0,1,0,5,3,43,1,-55.08,-289.4,588,398,0.575160503387,0,0,0,1,129,41,1,-19.28,-101.4,600,278,0.586775779724,0,0,0,,,,,,,,,,,,
1,0,94643000,105425000,94629000,94643000,94643000,0.0,0.0,0.0,0,0.0,35,2,0,2,19,34,1,51.12,268.6,1647,593,0.610537528992,1,7,0,2,7,31,2,-284.04,-1492.8,743,969,0.727220535278,0,24,0,2,33,36,1,-195.04,-1025.0,404,501,0.395395755768,0,0,0,2,21,40,1,423.68,2226.4,521,337,0.509608745575,0,0,0,5,2,32,1,-14.72,-77.4,473,162,0.462521076202,0,19,0,2,12,32,1,302.76,1591.0,244,779,0.239258766174,0,1,0,2,26,40,1,-552.64,-2904.2,2089,768,0.042766571045,2,0,0,2,29,36,1,-160.2,-841.8,2801,747,0.738738536835,2,3,0,0,32,43,1,184.72,970.8,165,905,0.162154197693,0,0,0,6,23,22,2,258.08,1380.4,212,204,0.415263652802,0,27,0,3,39,47,1,-36.6,-190.6,1032,305,0.504544734955,0,0,0,3,32,37,1,248.8,1295.4,1901,953,0.929585456848,0,0,0,1,137,36,1,-19.52,-102.4,242,596,0.237128257751,0,0,0,0,28,37,1,507.04,2664.4,585,34,0.571880340576,0,9,0,1,128,40,1,-17.96,-94.4,998,832,0.976356983185,0,0,0,0,10,36,1,486.04,2554.2,6,900,0.006724834442,0,0,0,0,18,37,1,-566.72,-2978.2,289,620,0.283094882965,0,0,0,0,12,35,1,204.96,1077.0,49,352,0.048234462738,0,0,0,6,7,33,1,216.76,1160.2,186,521,0.364988327026,0,12,0,6,22,41,1,-192.4,-1027.0,403,618,0.789830684662,0,0,0,6,16,24,2,-500.64,-2674.2,119,748,0.234307289124,0,29,0,6,10,40,1,736.8,3927.6,143,227,0.280277729034,0,0,0,6,21,45,1,-693.6,-3711.6,195,854,0.383236885071,0,0,0,6,9,46,1,211.64,1130.2,98,554,0.192840576172,0,0,0,3,6,41,1,30.28,157.8,1736,158,0.848560810089,0,0,0,3,38,41,1,65.04,338.8,1003,611,0.490516662598,0,0,0,3,9,40,1,59.36,309.2,1393,188,0.680930614471,0,0,0,3,23,44,1,80.92,421.4,273,218,0.133535385132,0,0,0,3,16,44,1,-7.28,-37.8,519,132,0.253728866577,0,0,0,3,13,39,1,148.88,775.2,892,542,0.436231136322,0,0,0,0,23,40,1,51.48,270.6,672,97,0.656984329224,0,0,0,0,25,41,1,472.4,2482.4,68,540,0.066986560822,0,0,0,5,7,31,1,-19.64,-103.2,242,609,0.237140655518,0,10,0,5,3,41,1,-54.2,-284.8,588,588,0.575342178345,0,0,0,1,129,37,1,-19.0,-99.8,600,345,0.58684015274,0,0,0,,,,,,,,,,,,
1,0,94644000,105426000,94630000,94644000,94644000,0.0,0.0,0.0,0,0.0,35,2,0,2,19,37,1,50.68,266.4,1647,416,0.610367774963,1,1,0,2,7,24,2,-284.56,-1495.4,744,900,0.728132247925,0,27,0,2,33,40,1,-195.8,-1028.8,405,161,0.396048545837,0,0,0,2,21,41,1,423.12,2223.4,519,907,0.508197784424,0,0,0,5,2,36,1,-15.28,-80.2,473,209,0.462565422058,0,10,0,2,12,33,1,302.12,1587.6,243,747,0.238250732422,0,0,0,2,26,40,1,-553.28,-2907.6,2091,653,0.044612407684,2,0,0,2,29,41,1,-160.84,-845.2,2802,284,0.739274501801,2,0,0,0,32,42,1,184.4,969.0,165,261,0.161540031433,0,0,0,6,23,22,2,257.64,1378.2,211,784,0.41441488266,0,29,0,3,39,45,1,-37.28,-194.2,1032,566,0.504669189453,0,0,0,3,32,39,1,248.32,1293.0,1900,242,0.928756713867,0,0,0,1,137,38,1,-19.8,-104.2,242,666,0.237195014954,0,0,0,0,28,41,1,506.28,2660.6,583,317,0.570195198059,0,8,0,1,128,40,1,-18.44,-96.8,998,897,0.976418972015,0,0,0,0,10,40,1,485.52,2551.4,5,227,0.005105018616,0,0,0,0,18,45,1,-567.12,-2980.4,291,554,0.284986972809,0,0,0,0,12,27,1,204.16,1072.8,48,658,0.047549247742,0,8,0,6,7,38,1,216.16,1157.2,186,141,0.364263057709,0,10,0,6,22,41,1,-193.36,-1032.2,403,955,0.790475845337,0,0,0,6,16,24,2,-501.76,-2680.4,120,597,0.235975265503,0,33,0,6,10,38,1,735.92,3922.8,141,990,0.277822494507,0,0,0,6,21,42,1,-693.88,-3713.0,197,17,0.385552406311,0,0,0,6,9,43,1,211.44,1129.0,98,186,0.192136287689,0,0,0,3,6,41,1,29.6,154.2,1735,974,0.848461151123,0,0,0,3,38,40,1,64.28,334.8,1003,161,0.490301609039,0,0,0,3,9,43,1,58.76,306.0,1392,803,0.680735111237,0,0,0,3,23,43,1,80.12,417.2,272,682,0.133268356323,0,0,0,3,16,44,1,-7.88,-41.0,519,186,0.253754615784,0,0,0,3,13,42,1,148.24,772.0,891,530,0.435736656189,0,0,0,0,23,39,1,50.84,267.0,671,944,0.656815052032,0,0,0,0,25,40,1,471.72,2478.8,66,939,0.065412521362,0,0,0,5,7,34,1,-19.72,-103.8,242,675,0.237203598022,0,9,0,5,3,42,1,-54.76,-287.6,588,780,0.575524806976,0,0,0,1,129,40,1,-19.28,-101.4,600,412,0.586904525757,0,0,0,,,,,,,,,,,,
1,0,94645000,105427000,94631000,94645000,94645000,0.0,0.0,0.0,0,0.0,36,2,0,2,19,34,1,50.68,266.2,1647,238,0.610198020935,1,0,0,2,7,23,2,-282.72,-1485.8,745,869,0.729080677032,0,28,0,2,33,39,1,-195.88,-1029.4,405,843,0.396699905396,0,0,0,2,21,39,1,423.12,2223.4,518,451,0.506784915924,0,0,0,5,2,41,1,-14.96,-78.8,473,257,0.462611675262,0,8,0,2,12,32,1,302.36,1589.0,242,716,0.237243175507,0,1,0,2,27,23,2,140.48,738.2,323,600,0.316311359406,0,25,0,2,26,40,1,-553.0,-2906.0,2093,536,0.046455383301,2,0,0,2,29,39,1,-160.64,-844.2,2802,844,0.739809036255,2,0,0,0,32,41,1,184.44,969.4,164,640,0.160924434662,0,0,0,6,23,23,1,256.04,1369.6,211,336,0.413558483124,0,27,0,3,39,45,1,-37.12,-193.4,1032,825,0.504792690277,0,0,0,3,32,41,1,248.6,1294.6,1898,553,0.927927970886,0,0,0,1,137,39,1,-19.96,-105.0,242,734,0.237260341644,0,0,0,0,28,38,1,506.68,2662.8,581,584,0.568495750427,0,6,0,1,128,39,1,-18.32,-96.2,998,961,0.976480007172,0,0,0,0,10,37,1,485.52,2551.6,3,577,0.003484249115,0,0,0,0,18,42,1,-567.0,-2979.6,293,487,0.286878108978,0,0,0,0,12,40,1,204.28,1073.4,47,966,0.046865463257,0,9,0,6,7,40,1,216.76,1160.4,185,790,0.363545417786,0,7,0,6,22,38,1,-192.88,-1029.6,404,268,0.791119098663,0,0,0,6,16,26,2,-501.52,-2679.0,121,446,0.237643241882,0,27,0,6,10,42,1,736.32,3925.0,140,729,0.275366783142,0,0,0,6,21,42,1,-693.88,-3713.0,198,204,0.38786649704,0,0,0,6,9,48,1,210.96,1126.6,97,841,0.191431522369,0,0,0,3,6,39,1,29.56,153.8,1735,766,0.848361968994,0,0,0,3,38,44,1,64.32,335.0,1002,733,0.490086555481,0,0,0,3,9,40,1,58.96,307.0,1392,390,0.68053817749,0,0,0,3,23,46,1,80.04,416.8,272,120,0.132999897003,0,0,0,3,16,44,1,-7.68,-40.0,519,241,0.253780841827,0,0,0,3,13,40,1,148.24,772.0,890,515,0.435241222382,0,0,0,0,23,42,1,50.76,266.8,671,765,0.656645298004,0,0,0,0,25,42,1,472.12,2481.0,65,313,0.063837528229,0,0,0,5,7,36,1,-19.88,-104.4,242,742,0.237267971039,0,7,0,5,3,40,1,-54.8,-288.0,588,970,0.575706958771,0,0,0,1,129,41,1,-19.2,-101.0,600,479,0.586967945099,0,0,0
1,0,94646000,105428000,94632000,94646000,94646000,0.0,0.0,0.0,0,0.0,36,2,0,2,19,34,1,50.88,267.2,1647,62,0.610030174255,1,1,0,2,7,24,2,-285.08,-1498.2,746,854,0.730042934418,0,27,0,2,33,38,1,-195.6,-1027.8,406,503,0.397352695465,0,0,0,2,21,40,1,423.28,2224.4,516,1021,0.50537443161,0,1,0,5,2,40,1,-14.72,-77.2,473,309,0.462661266327,0,9,0,2,12,32,1,302.04,1587.2,241,684,0.236234664917,0,5,0,2,27,22,2,138.88,729.8,323,101,0.315834999084,0,26,0,2,26,39,1,-553.0,-2906.0,2095,421,0.048300743103,2,1,0,2,29,39,1,-160.4,-842.8,2803,381,0.740344524384,2,1,0,0,32,43,1,184.8,971.2,163,1021,0.160310268402,0,0,0,6,23,24,2,255.28,1365.6,210,915,0.412708282471,0,27,0,3,39,44,1,-36.68,-191.0,1033,62,0.504917621613,0,0,0,3,32,38,1,248.68,1295.0,1896,867,0.92710018158,0,2,0,1,137,40,1,-19.4,-102.0,242,804,0.237326622009,0,0,0,0,28,38,1,506.92,2663.8,579,863,0.566806793213,0,9,0,1,128,42,1,-18.08,-95.0,999,2,0.976542472839,0,0,0,0,10,34,1,486.08,2554.4,1,928,0.001863956451,0,2,0,0,18,38,1,-566.36,-2976.2,295,421,0.288770198822,0,2,0,0,12,38,1,204.52,1074.6,47,255,0.046186923981,0,10,0,6,7,39,1,216.68,1159.8,185,412,0.362823963165,0,8,0,6,22,37,1,-192.64,-1028.4,404,605,0.791763782501,0,2,0,6,16,25,2,-500.68,-2674.6,122,299,0.239319324493,0,27,0,6,10,41,1,736.52,3926.0,139,468,0.272912025452,0,1,0,6,21,43,1,-693.88,-3713.2,199,391,0.390181541443,0,1,0,6,9,48,1,211.28,1128.4,97,473,0.190728664398,0,1,0,3,6,39,1,30.4,158.2,1735,559,0.848262786865,0,1,0,3,38,43,1,64.88,337.8,1002,285,0.489872455597,0,0,0,3,9,38,1,59.28,308.8,1391,1005,0.680343151093,0,0,0,3,23,45,1,80.56,419.4,271,586,0.132733345032,0,0,0,3,16,43,1,-7.32,-38.0,519,295,0.253806591034,0,0,0,3,13,40,1,148.92,775.4,889,502,0.434746265411,0,0,0,0,23,41,1,51.12,268.6,671,589,0.65647649765,0,0,0,0,25,41,1,472.44,2482.6,63,712,0.06226348877,0,0,0,5,7,36,1,-19.32,-101.6,242,815,0.237337589264,0,10,0,5,3,41,1,-54.36,-285.6,589,138,0.57589006424,0,1,0,1,129,41,1,-18.8,-98.8,600,547,0.587032794952,0,1,0
1,0,94647000,105429000,94633000,94647000,94647000,0.0,0.0,0.0,0,0.0,36,2,0,2,19,35,1,51.12,268.8,1646,908,0.609860897064,1,0,0,2,7,30,2,-284.16,-1493.2,747,829,0.730997085571,0,22,0,2,33,39,1,-195.56,-1027.6,407,163,0.398005485535,0,0,0,2,21,41,1,423.28,2224.4,515,566,0.503962516785,0,0,0,5,2,39,1,-14.64,-77.0,473,367,0.4627161026,0,3,0,2,12,32,1,302.6,1590.2,240,651,0.23522567749,0,3,0,2,27,22,2,140.4,737.8,321,1013,0.314750671387,0,27,0,2,26,39,1,-552.84,-2905.2,2097,304,0.050144195557,2,0,0,2,29,39,1,-160.08,-841.2,2803,941,0.740879535675,2,0,0,0,32,44,1,184.8,971.0,163,376,0.159694671631,0,0,0,6,23,24,2,256.28,1371.0,210,473,0.411864280701,0,27,0,3,39,43,1,-36.84,-191.8,1033,322,0.505041599274,0,0,0,3,32,37,1,249.04,1296.8,1895,154,0.926270961761,0,0,0,1,137,40,1,-19.48,-102.4,242,872,0.237392425537,0,0,0,0,28,38,1,506.92,2663.8,578,117,0.565117359161,0,3,0,1,128,41,1,-18.04,-94.8,999,67,0.976603507996,0,0,0,0,10,36,1,485.92,2553.6,0,255,0.000244140625,0,0,0,0,18,32,1,-566.72,-2978.0,297,355,0.290661334991,0,0,0,0,12,32,1,203.92,1071.6,46,565,0.045506000519,0,25,0,6,7,37,1,216.96,1161.4,185,34,0.362101554871,0,1,0,6,22,39,1,-193.24,-1031.6,404,943,0.792408943176,0,0,0,6,16,25,2,-501.44,-2678.6,123,151,0.240993499756,0,25,0,6,10,40,1,736.4,3925.4,138,207,0.27045583725,0,0,0,6,21,44,1,-693.6,-3711.6,200,579,0.392496109009,0,0,0,6,9,48,1,210.96,1126.6,97,105,0.19002532959,0,0,0,3,6,37,1,30.16,157.2,1735,350,0.848163127899,0,0,0,3,38,43,1,64.76,337.2,1001,858,0.489657402039,0,0,0,3,9,39,1,59.24,308.6,1391,594,0.680146694183,0,0,0,3,23,46,1,80.24,417.8,271,26,0.132465839386,0,0,0,3,16,42,1,-7.44,-38.8,519,350,0.253832817078,0,0,0,3,13,38,1,148.96,775.6,888,488,0.434250354767,0,0,0,0,23,42,1,50.96,267.8,671,411,0.656306743622,0,0,0,0,25,42,1,472.16,2481.2,62,87,0.060688972473,0,0,0,5,7,36,1,-19.52,-102.4,242,879,0.23739862442,0,7,0,5,3,42,1,-54.52,-286.6,589,329,0.576072216034,0,0,0,1,129,42,1,-18.84,-99.0,600,613,0.587096214294,0,0,0
1,0,94648000,105430000,94634000,94648000,94648000,0.0,0.0,0.0,0,0.0,36,2,0,2,19,33,1,50.96,267.8,1646,730,0.609690666199,1,0,0,2,7,22,2,-284.56,-1495.4,748,779,0.73192691803,0,27,0,2,33,36,1,-195.56,-1027.6,407,847,0.398658275604,0,0,0,2,21,40,1,423.6,2226.2,514,110,0.502549171448,0,0,0,5,2,36,1,-14.64,-76.8,473,415,0.462762355804,0,3,0,2,12,32,1,302.36,1588.8,239,617,0.234216213226,0,5,0,2,27,31,2,139.48,732.8,321,550,0.314309120178,0,22,0,2,26,37,1,-552.52,-2903.6,2099,187,0.05198764801,2,0,0,2,29,38,1,-160.16,-841.6,2804,476,0.741413116455,2,0,0,0,32,41,1,184.72,970.8,162,755,0.159078598022,0,0,0,6,23,24,2,256.12,1370.0,210,28,0.41101360321,0,27,0,3,39,43,1,-36.8,-191.6,1033,580,0.50516462326,0,0,0,3,32,36,1,248.72,1295.2,1893,464,0.925441741943,0,0,0,1,137,40,1,-19.28,-101.4,242,940,0.237456798553,0,0,0,0,28,38,1,506.68,2662.6,576,392,0.563424110413,0,3,0,1,128,41,1,-18.16,-95.6,999,130,0.976664066315,0,0,0,0,10,30,1,485.96,2553.6,1021,605,0.998622894287,0,0,0,0,18,39,1,-566.84,-2978.6,299,287,0.292551994324,0,0,0,0,12,37,1,204.56,1075.0,45,869,0.0448179245,0,13,0,6,7,37,1,216.84,1160.8,184,680,0.361378669739,0,0,0,6,22,41,1,-193.28,-1031.8,405,256,0.793053627014,0,0,0,6,16,26,2,-500.96,-2676.0,124,2,0.24266576767,0,27,0,6,10,37,1,736.52,3926.0,136,970,0.267999172211,0,0,0,6,21,45,1,-693.76,-3712.4,201,765,0.3948097229,0,0,0,6,9,48,1,211.08,1127.0,96,761,0.189321517944,0,0,0,3,6,40,1,30.16,157.2,1735,140,0.848062992096,0,0,0,3,38,44,1,64.84,337.6,1001,405,0.489440917969,0,0,0,3,9,40,1,59.16,308.0,1391,181,0.679949760437,0,0,0,3,23,45,1,80.32,418.2,270,488,0.13219833374,0,0,0,3,16,43,1,-7.4,-38.4,519,401,0.253857135773,0,0,0,3,13,41,1,148.88,775.4,887,472,0.433753967285,0,0,0,0,23,42,1,50.88,267.4,671,233,0.656136989594,0,0,0,0,25,41,1,472.48,2482.8,60,484,0.059113502502,0,0,0,5,7,36,1,-19.36,-101.6,242,950,0.237466812134,0,5,0,5,3,41,1,-54.32,-285.6,589,519,0.576253414154,0,0,0,1,129,41,1,-18.8,-98.8,600,679,0.587159156799,0,0,0
1,0,94649000,105431000,94635000,94649000,94649000,0.0,0.0,0.0,0,0.0,36,2,0,2,19,34,1,50.96,267.8,1646,552,0.60952091217,1,0,0,2,7,22,2,-284.44,-1494.8,749,738,0.732865333557,0,26,0,2,33,37,1,-195.76,-1028.6,408,507,0.399311542511,0,0,0,2,21,40,1,423.68,2226.6,512,679,0.501137256622,0,0,0,5,2,36,1,-14.56,-76.4,473,468,0.462812900543,0,0,0,2,12,32,1,302.32,1588.6,238,585,0.233207702637,0,1,0,2,27,32,1,139.12,731.0,321,76,0.313856124878,0,17,0,2,26,39,1,-552.68,-2904.2,2101,72,0.053832530975,2,0,0,2,29,36,1,-160.2,-841.8,2805,12,0.741947650909,2,0,0,0,32,40,1,184.76,970.8,162,109,0.158462524414,0,0,0,6,23,23,2,255.68,1367.6,209,608,0.410165309906,0,27,0,3,39,43,1,-36.76,-191.4,1033,838,0.505287647247,0,0,0,3,32,38,1,248.64,1294.6,1891,773,0.924611568451,0,0,0,1,137,40,1,-19.2,-100.8,242,1008,0.237522125244,0,0,0,0,28,35,1,506.4,2661.0,574,671,0.561736106873,0,0,0,1,128,41,1,-18.0,-94.6,999,193,0.976724624634,0,0,0,0,10,31,1,485.92,2553.6,1019,955,0.997002124786,0,1,0,0,18,40,1,-566.92,-2979.2,301,220,0.294443130493,0,0,0,0,12,38,1,204.36,1074.0,45,156,0.044137954712,0,9,0,6,7,35,1,216.64,1159.6,184,302,0.360656261444,0,0,0,6,22,36,1,-193.56,-1033.2,405,593,0.793698310852,0,0,0,6,16,24,2,-501.32,-2678.0,124,879,0.244342327118,0,27,0,6,10,38,1,736.36,3925.2,135,709,0.265542984009,0,0,0,6,21,48,1,-693.72,-3712.2,202,952,0.397123813629,0,0,0,6,9,47,1,211.0,1126.8,96,393,0.188618183136,0,0,0,3,6,40,1,30.16,157.2,1734,954,0.847962856293,0,0,0,3,38,44,1,65.04,338.6,1000,978,0.489225387573,0,0,0,3,9,40,1,59.16,308.0,1390,792,0.679752826691,0,0,0,3,23,46,1,80.36,418.4,269,952,0.131930828094,0,0,0,3,16,44,1,-7.4,-38.6,519,455,0.253883361816,0,0,0,3,13,40,1,148.84,775.0,886,456,0.433257579803,0,0,0,0,23,41,1,50.88,267.4,671,55,0.655967235565,0,0,0,0,25,39,1,472.44,2482.8,58,882,0.057538509369,0,0,0,5,7,36,1,-19.16,-100.8,242,1017,0.237529754639,0,3,0,5,3,41,1,-54.28,-285.2,589,709,0.576434612274,0,0,0,1,129,43,1,-18.84,-99.0,600,745,0.587222099304,0,0,0
1,0,94650000,105432000,94636000,94650000,94650000,0.0,0.0,0.0,0,0.0,37,2,0,2,19,31,1,50.72,266.4,1646,375,0.609351634979,1,0,0,2,7,23,2,-283.96,-1492.2,750,730,0.733835220337,0,27,0,2,33,36,1,-196.24,-1031.2,409,168,0.399965763092,0,0,0,2,21,35,1,423.28,2224.4,511,224,0.499725341797,0,0,0,0,15,20,1,-413.96,-2175.4,5,76,0.004961013794,0,62,0,5,2,31,1,-14.76,-77.6,473,520,0.462862491608,0,0,0,2,12,28,1,301.96,1587.0,237,554,0.232200622559,0,2,0,2,27,32,1,138.6,728.4,320,606,0.313384056091,0,17,0,2,26,35,1,-553.0,-2906.0,2102,980,0.055676937103,2,0,0,2,29,38,1,-160.6,-844.0,2805,572,0.742481708527,2,0,0,0,32,39,1,184.32,968.6,161,488,0.157846927643,0,0,0,6,23,22,2,256.2,1370.4,209,164,0.40931558609,0,27,0,3,39,41,1,-37.4,-194.6,1034,72,0.505411148071,0,0,0,3,32,37,1,248.32,1293.2,1890,59,0.923782348633,0,0,0,1,137,38,1,-19.72,-103.6,243,53,0.237587451935,0,0,0,0,28,35,1,506.32,2660.6,572,950,0.560047149658,0,0,0,1,128,36,1,-18.2,-95.6,999,257,0.976785182953,0,0,0,0,10,32,1,485.44,2551.0,1018,281,0.995380878448,0,0,0,0,18,34,1,-567.68,-2983.2,303,154,0.296335220337,0,0,0,0,12,33,1,203.92,1071.6,44,464,0.043454170227,0,9,0,6,7,35,1,216.36,1158.2,183,948,0.359933376312,0,1,0,6,22,42,1,-193.88,-1034.8,405,931,0.794343948364,0,0,0,6,16,24,2,-501.36,-2678.2,125,732,0.246017456055,0,27,0,6,10,38,1,736.04,3923.6,134,448,0.263087749481,0,0,0,6,21,46,1,-693.76,-3712.4,204,115,0.399438381195,0,0,0,6,9,44,1,210.08,1121.8,96,25,0.187915802002,0,0,0,3,6,40,1,29.56,153.8,1734,745,0.847863197327,0,0,0,3,38,43,1,64.36,335.0,1000,526,0.489009857178,0,0,0,3,9,40,1,58.84,306.4,1390,380,0.679555892944,0,0,0,3,23,44,1,79.56,414.2,269,394,0.131664276123,0,0,0,3,16,41,1,-7.88,-41.0,519,509,0.253909111023,0,0,0,3,13,37,1,148.36,772.6,885,441,0.432762145996,0,0,0,0,23,37,1,50.36,264.6,670,902,0.655798435211,0,0,0,0,25,35,1,471.72,2479.0,57,257,0.055963993073,0,0,0,5,7,34,1,-19.72,-103.8,243,64,0.237597942352,0,2,0,5,3,37,1,-54.72,-287.6,589,900,0.576616764069,0,0,0
1,0,94651000,105433000,94637000,94651000,94651000,0.0,0.0,0.0,0,0.0,37,2,0,2,19,33,1,50.16,263.6,1646,198,0.609182834625,1,1,0,2,7,21,2,-284.68,-1496.0,751,697,0.734781742096,0,25,0,2,33,39,1,-196.76,-1034.0,409,853,0.400618553162,0,0,0,2,21,36,1,422.88,2222.2,509,793,0.498313426971,0,0,0,0,15,21,1,-413.96,-2175.4,6,489,0.006332874298,0,54,0,5,2,34,1,-15.72,-82.6,473,572,0.462912082672,0,2,0,2,12,28,1,301.76,1585.8,236,522,0.231193065643,0,11,0,2,27,32,1,138.36,727.0,320,121,0.312921524048,0,17,0,2,26,36,1,-553.52,-2908.6,2104,865,0.057522296906,2,0,0,2,29,36,1,-160.64,-844.2,2806,109,0.743017196655,2,0,0,0,32,36,1,183.96,966.8,160,867,0.157231330872,0,0,0,6,23,23,2,255.52,1367.0,208,744,0.40846824646,0,27,0,3,39,41,1,-37.8,-196.8,1034,332,0.505534648895,0,0,0,3,32,37,1,247.68,1289.6,1888,370,0.922953128815,0,1,0,1,137,37,1,-20.12,-105.6,243,121,0.237652778625,0,0,0,0,28,32,1,505.52,2656.6,571,205,0.558358192444,0,0,0,1,128,37,1,-18.84,-99.0,999,320,0.976845741272,0,0,0,0,10,31,1,484.56,2546.4,1016,631,0.993760585785,0,1,0,0,18,37,1,-567.84,-2984.0,305,88,0.298227310181,0,0,0,0,12,33,1,203.52,1069.6,43,778,0.042776107788,0,8,0,6,7,35,1,216.24,1157.6,183,570,0.359210968018,0,1,0,6,22,41,1,-194.4,-1037.6,406,245,0.794990539551,0,0,0,6,16,23,2,-502.56,-2684.6,126,598,0.247718334198,0,29,0,6,10,38,1,735.32,3919.6,133,187,0.260632038116,0,0,0,6,21,40,1,-694.36,-3715.6,205,302,0.401752471924,0,0,0,6,9,48,1,209.72,1120.0,95,682,0.187214374542,0,0,0,3,6,37,1,29.12,151.6,1734,536,0.847763538361,0,0,0,3,38,42,1,63.96,333.0,1000,74,0.488794326782,0,0,0,3,9,40,1,58.32,303.6,1389,992,0.679359436035,0,0,0,3,23,45,1,79.2,412.4,268,860,0.131398200989,0,0,0,3,16,40,1,-8.2,-42.8,519,562,0.253934383392,0,0,0,3,13,38,1,147.96,770.4,884,428,0.432267189026,0,0,0,0,23,37,1,49.88,262.2,670,726,0.655630111694,0,0,0,0,25,34,1,471.44,2477.6,55,656,0.054389953613,0,0,0,5,7,35,1,-20.08,-105.6,243,132,0.237663269043,0,0,0,5,3,32,1,-55.36,-291.0,590,66,0.576798439026,0,0,0
1,0,94652000,105434000,94638000,94652000,94652000,0.0,0.0,0.0,0,0.0,39,2,0,2,19,29,1,50.4,264.8,1646,21,0.609014034271,1,2,0,2,7,19,2,-284.28,-1493.8,752,670,0.735733032227,0,25,0,2,33,36,1,-196.64,-1033.2,410,516,0.401275157928,0,0,0,2,21,33,1,422.6,2220.8,508,339,0.496902942657,0,0,0,0,15,20,1,-413.96,-2175.4,7,924,0.0077252388,0,47,0,5,2,25,1,-15.64,-82.2,473,628,0.462965488434,0,15,0,5,4,15,1,167.6,880.8,900,815,0.880544185638,0,60,0,2,12,27,1,301.6,1585.0,235,494,0.230188846588,0,11,0,2,27,27,1,138.2,726.4,319,676,0.312474250793,0,14,0,2,26,34,1,-553.88,-2910.6,2106,751,0.059368133545,2,0,0,2,29,35,1,-160.72,-844.6,2806,671,0.743553638458,2,0,0,0,32,36,1,184.28,968.4,160,224,0.156617164612,0,0,0,6,23,21,2,255.72,1367.8,208,301,0.407621860504,0,26,0,3,39,40,1,-37.56,-195.4,1034,595,0.505660533905,0,0,0,3,32,33,1,248.48,1293.8,1886,685,0.922125816345,0,0,0,1,137,35,1,-20.28,-106.6,243,191,0.237719535828,0,0,0,0,28,36,1,505.68,2657.4,569,486,0.556671142578,0,0,0,1,128,35,1,-18.8,-98.8,999,386,0.97690820694,0,0,0,0,10,34,1,485.28,2550.2,1014,987,0.99214553833,0,8,0,0,18,32,1,-567.68,-2983.2,307,23,0.300120353699,0,0,0,0,12,34,1,203.28,1068.2,43,72,0.042102336884,0,10,0,6,7,39,1,216.56,1159.2,183,192,0.358489513397,0,0,0,6,22,35,1,-194.2,-1036.8,406,584,0.795637607574,0,6,0,6,16,23,2,-502.6,-2684.8,127,470,0.249432086945,0,31,0,6,10,38,1,735.56,3921.0,131,951,0.258178710938,0,1,0,6,21,41,1,-694.68,-3717.4,206,490,0.404068470001,0,0,0,6,9,47,1,209.48,1118.6,95,316,0.186514377594,0,0,0,3,6,40,1,29.12,151.6,1734,331,0.847665786743,0,0,0,3,38,40,1,64.0,333.2,999,651,0.488580703735,0,0,0,3,9,35,1,58.2,303.0,1389,585,0.679164886475,0,0,0,3,23,45,1,78.96,411.2,268,307,0.131134033203,0,0,0,3,16,38,1,-8.28,-43.0,519,620,0.25396156311,0,0,0,3,13,38,1,148.08,771.0,883,417,0.43177318573,0,0,0,0,24,14,1,-589.96,-3100.2,670,621,0.655529499054,0,50,0,0,23,37,1,49.72,261.4,670,552,0.655463218689,0,0,0,0,25,31,1,470.8,2474.2,54,33,0.052817821503,0,2,0
1,0,94653000,105435000,94639000,94653000,94653000,0.0,0.0,0.0,0,0.0,37,2,0,2,19,33,1,50.92,267.6,1645,871,0.608847141266,1,14,0,2,7,18,2,-283.44,-1489.6,753,642,0.73668384552,0,27,0,2,33,39,1,-196.6,-1033.0,411,181,0.40193271637,0,11,0,2,21,29,1,422.96,2222.8,506,891,0.495474338531,0,17,0,0,15,20,1,-413.96,-2175.4,9,318,0.009101390839,0,41,0,5,2,30,1,-14.72,-77.2,473,687,0.463021755219,0,19,0,2,12,27,1,301.92,1586.6,234,466,0.229184150696,0,17,0,2,27,25,1,138.52,727.8,319,209,0.312028408051,0,22,0,2,26,36,1,-553.32,-2907.8,2108,638,0.061215877533,2,11,0,2,29,34,1,-160.4,-843.0,2807,210,0.74409198761,2,10,0,0,32,38,1,184.76,971.0,159,606,0.156004428864,0,11,0,6,23,21,2,255.0,1364.0,207,881,0.406772136688,0,28,0,3,39,44,1,-37.4,-194.8,1034,860,0.505787372589,0,9,0,3,32,36,1,248.8,1295.6,1884,997,0.921297550201,0,9,0,1,137,38,1,-20.0,-105.2,243,263,0.237787723541,0,10,0,0,28,37,1,505.8,2658.0,567,768,0.554986000061,0,10,0,1,128,37,1,-18.52,-97.2,999,453,0.976972103119,0,11,0,0,10,35,1,485.68,2552.2,1013,316,0.990526676178,0,15,0,0,18,37,1,-567.8,-2983.8,308,985,0.30201625824,0,10,0,0,12,36,1,203.52,1069.4,42,384,0.041422843933,0,14,0,6,7,39,1,216.76,1160.2,182,839,0.357769489288,0,12,0,6,22,42,1,-194.48,-1038.2,406,921,0.796281337738,0,14,0,6,16,25,2,-502.36,-2683.4,128,336,0.251131534576,0,29,0,6,10,40,1,735.36,3919.8,130,692,0.25572681427,0,11,0,6,21,45,1,-694.08,-3714.2,207,679,0.406386375427,0,12,0,6,9,47,1,209.76,1120.0,94,975,0.185817241669,0,8,0,3,6,39,1,29.36,152.8,1734,130,0.847569465637,0,9,0,3,38,42,1,64.08,333.8,999,207,0.488368988037,0,9,0,3,9,35,1,58.6,305.0,1389,179,0.678971767426,0,9,0,3,23,45,1,79.08,411.8,267,782,0.130871772766,0,9,0,3,16,42,1,-8.08,-42.0,519,680,0.253990650177,0,10,0,3,13,38,1,148.32,772.2,882,407,0.431279659271,0,7,0,0,23,36,1,50.04,263.0,670,379,0.655298233032,0,10,0,0,25,31,1,471.32,2476.8,52,433,0.051245212555,0,13,0,5,7,34,1,-20.16,-106.0,243,275,0.23779964447,0,12,0,5,3,40,1,-54.96,-288.8,590,451,0.577166080475,0,8,0
1,0,94654000,105436000,94640000,94654000,94654000,0.0,0.0,0.0,0,0.0,35,2,0,2,19,36,1,50.92,267.6,1645,692,0.6086769104,1,5,0,2,33,40,1,-196.16,-1030.8,411,866,0.402586936951,0,0,0,2,21,33,1,423.2,2224.0,505,447,0.494072914124,0,17,0,5,2,30,1,-15.24,-80.0,473,739,0.46307182312,0,15,0,2,12,32,1,302.08,1587.4,233,425,0.228167533875,0,15,0,2,27,31,1,138.48,727.8,318,732,0.311549663544,0,19,0,2,26,36,1,-553.24,-2907.4,2110,522,0.063060283661,2,2,0,2,29,38,1,-160.2,-841.8,2807,770,0.744626045227,2,3,0,0,32,39,1,184.76,971.0,158,985,0.155388355255,0,0,0,6,23,20,1,254.96,1363.8,207,435,0.405921459198,0,29,0,3,39,46,1,-37.12,-193.2,1035,96,0.50591135025,0,0,0,3,32,40,1,248.44,1293.8,1883,284,0.920467853546,0,1,0,1,137,41,1,-19.64,-103.2,243,331,0.237853527069,0,0,0,0,28,40,1,506.08,2659.4,566,23,0.553297042847,0,1,0,1,128,42,1,-18.24,-95.8,999,517,0.977033138275,0,0,0,0,10,40,1,485.56,2551.6,1011,660,0.988900184631,0,8,0,0,18,41,1,-567.48,-2982.2,310,920,0.303909301758,0,0,0,0,12,42,1,203.68,1070.4,41,697,0.04074382782,0,5,0,6,7,33,1,216.16,1157.0,182,461,0.357046604156,0,5,0,6,22,49,1,-194.36,-1037.6,407,238,0.796932697296,0,11,0,6,16,26,2,-502.28,-2683.0,129,192,0.252813816071,0,26,0,6,10,38,1,736.2,3924.4,129,432,0.253272533417,0,2,0,6,21,45,1,-693.92,-3713.4,208,866,0.408700942993,0,0,0,6,9,49,1,209.76,1120.0,94,609,0.185117721558,0,0,0,3,6,45,1,29.8,155.2,1733,947,0.847470760345,0,0,0,3,38,44,1,64.72,337.0,998,781,0.488153934479,0,0,0,3,9,40,1,58.84,306.4,1388,792,0.678775310516,0,0,0,3,23,47,1,79.48,414.0,267,226,0.130606651306,0,0,0,3,16,45,1,-7.68,-40.0,519,735,0.254016876221,0,0,0,3,13,42,1,148.56,773.6,881,393,0.430784225464,0,0,0,0,23,43,1,50.12,263.4,670,204,0.655131340027,0,0,0,0,25,41,1,471.76,2479.2,50,832,0.049670219421,0,9,0,5,7,37,1,-19.76,-103.8,243,344,0.237865924835,0,2,0,5,3,41,1,-54.96,-288.8,590,643,0.577349185944,0,0,0,1,129,40,1,-18.92,-99.4,601,58,0.587543964386,0,0,0,,,,,,,,,,,,
1,0,94655000,105437000,94641000,94655000,94655000,0.0,0.0,0.0,0,0.0,36,2,0,2,19,36,1,52.12,274.0,1645,521,0.608513832092,1,17,0,2,33,40,1,-194.4,-1021.6,412,535,0.403248310089,0,13,0,2,21,33,1,424.2,2229.2,504,2,0.492670536041,0,25,0,5,2,29,1,-14.4,-75.6,473,804,0.463133811951,0,21,0,2,12,30,1,301.96,1586.8,232,402,0.227168083191,0,24,0,2,27,29,1,137.0,720.0,318,262,0.311101436615,0,23,0,2,26,39,1,-551.4,-2897.6,2112,414,0.064911365509,2,12,0,2,29,35,1,-158.68,-833.8,2808,311,0.745165348053,2,15,0,0,32,41,1,186.56,980.4,158,344,0.154777050018,0,11,0,6,23,19,1,255.08,1364.4,206,1015,0.405070781708,0,32,0,6,6,17,1,-5.04,-27.0,328,524,0.642880916595,0,63,0,3,39,42,1,-35.04,-182.4,1035,368,0.50604057312,0,9,0,3,32,33,1,248.96,1296.4,1881,609,0.919645786285,0,14,0,1,137,40,1,-19.32,-101.6,243,407,0.237925052643,0,9,0,0,28,41,1,508.2,2670.6,564,307,0.551613330841,0,12,0,1,128,39,1,-16.0,-84.0,999,587,0.977100372314,0,9,0,0,10,39,1,485.8,2552.8,1009,1022,0.987290382385,0,16,0,0,18,40,1,-565.36,-2971.0,312,861,0.305808067322,0,10,0,0,12,40,1,203.16,1067.8,40,1017,0.040072441101,0,17,0,6,7,28,1,218.8,1171.2,182,88,0.356333255768,0,23,0,6,22,40,1,-193.84,-1034.6,407,581,0.797589302063,0,17,0,6,16,25,2,-501.32,-2678.0,130,42,0.25448513031,0,28,0,6,10,41,1,737.96,3933.8,128,175,0.250824451447,0,9,0,6,21,44,1,-691.84,-3702.2,210,32,0.411021709442,0,11,0,6,9,47,1,211.6,1130.0,94,246,0.184423923492,0,8,0,3,6,42,1,31.72,165.2,1733,751,0.847377300262,0,11,0,3,38,44,1,66.68,347.2,998,344,0.487945556641,0,8,0,3,9,39,1,60.8,316.6,1388,394,0.678585529327,0,11,0,3,23,46,1,81.32,423.4,266,708,0.130347728729,0,6,0,3,16,41,1,-5.68,-29.6,519,804,0.254049777985,0,11,0,3,13,39,1,150.56,784.0,880,390,0.430294036865,0,10,0,0,23,39,1,52.08,273.6,670,35,0.654970169067,0,12,0,0,25,35,1,474.04,2491.0,49,218,0.048107147217,0,16,0,5,7,36,1,-17.6,-92.4,243,418,0.23793554306,0,14,0,5,3,40,1,-52.92,-278.0,590,840,0.577537536621,0,10,0,1,129,39,1,-16.88,-88.6,601,132,0.587614059448,0,12,0
1,0,94656000,105438000,94642000,94656000,94656000,0.0,0.0,0.0,0,0.0,36,2,0,2,19,37,1,49.52,260.2,1645,344,0.608344554901,1,9,0,2,33,42,1,-197.84,-1039.6,413,199,0.403904914856,0,8,0,2,21,36,1,421.72,2216.2,502,568,0.49125623703,0,22,0,5,2,30,1,-15.32,-80.6,473,856,0.463183403015,0,25,0,2,12,35,1,300.44,1579.0,231,385,0.226174354553,0,20,0,2,27,30,1,136.56,717.6,317,785,0.310622692108,0,20,0,2,26,41,1,-553.8,-2910.2,2114,298,0.066756725311,2,7,0,2,29,38,1,-161.4,-848.0,2808,872,0.745701313019,2,9,0,0,32,42,1,183.92,966.6,157,723,0.15416097641,0,8,0,6,23,19,1,256.32,1371.0,206,569,0.404219150543,0,31,0,6,6,14,1,-5.04,-27.0,328,522,0.642876625061,0,63,0,3,39,42,1,-38.24,-199.2,1035,629,0.506165504456,0,7,0,3,32,39,1,247.84,1290.6,1879,920,0.918816566467,0,6,0,1,137,40,1,-20.72,-108.8,243,475,0.237990856171,0,7,0,0,28,43,1,505.32,2655.4,562,587,0.549925327301,0,8,0,1,128,41,1,-19.16,-100.8,999,651,0.977160930634,0,7,0,0,10,38,1,484.8,2547.6,1008,349,0.985670566559,0,11,0,0,18,41,1,-568.36,-2986.6,314,796,0.30770111084,0,7,0,0,12,37,1,202.52,1064.2,40,307,0.039394378662,0,8,0,6,7,35,1,216.16,1157.0,181,735,0.355612277985,0,20,0,6,22,44,1,-195.12,-1041.6,407,923,0.798243045807,0,16,0,6,16,25,2,-503.76,-2691.0,130,910,0.256142616272,0,28,0,6,10,41,1,734.92,3917.6,126,939,0.248370170593,0,8,0,6,21,47,1,-694.52,-3716.4,211,220,0.413336753845,0,8,0,6,9,47,1,208.4,1112.8,93,904,0.183724880219,0,7,0,3,6,42,1,28.64,149.0,1733,544,0.847278594971,0,7,0,3,38,44,1,63.28,329.6,997,917,0.487730026245,0,7,0,3,9,39,1,57.92,301.6,1387,1008,0.678389549255,0,7,0,3,23,47,1,78.2,407.4,266,154,0.130083560944,0,6,0,3,16,41,1,-9.0,-46.8,519,860,0.254076480865,0,8,0,3,13,37,1,147.44,767.8,879,376,0.429798603058,0,8,0,0,23,40,1,48.92,257.2,669,885,0.654804229736,0,8,0,0,25,33,1,470.52,2472.6,47,621,0.046536922455,0,19,0,5,7,37,1,-20.8,-109.4,243,487,0.238002300262,0,9,0,5,3,40,1,-55.52,-291.6,591,8,0.577720165253,0,8,0,1,129,40,1,-19.8,-104.0,601,198,0.58767747879,0,8,0
1,0,94657000,105439000,94643000,94657000,94657000,0.0,0.0,0.0,0,0.0,36,2,0,2,19,35,1,51.52,270.8,1645,165,0.608173847198,1,2,0,2,33,42,1,-195.88,-1029.4,413,883,0.404558181763,0,1,0,2,21,36,1,423.8,2227.0,501,112,0.48984336853,0,14,0,5,2,36,1,-14.24,-74.8,473,893,0.463219165802,0,14,0,2,12,36,1,302.48,1589.6,230,356,0.225169181824,0,13,0,2,27,30,1,139.32,732.2,317,307,0.310166358948,0,18,0,2,26,35,1,-552.36,-2902.6,2116,182,0.068600177765,2,1,0,2,29,38,1,-159.36,-837.4,2809,406,0.746233940125,2,1,0,0,32,33,1,185.96,977.2,157,75,0.153542518616,0,2,0,6,23,20,2,257.28,1376.2,206,126,0.403373241425,0,33,0,6,6,11,1,-5.04,-27.0,328,535,0.642902374268,0,55,0,3,39,43,1,-36.48,-189.8,1035,883,0.506287097931,0,0,0,3,32,40,1,249.76,1300.6,1878,201,0.917984962463,0,0,0,1,137,39,1,-18.64,-98.0,243,542,0.238054275513,0,0,0,0,28,40,1,506.84,2663.6,560,864,0.548235416412,0,0,0,1,128,40,1,-17.48,-92.0,999,712,0.977219581604,0,0,0,0,10,42,1,486.56,2556.8,1006,698,0.984048843384,0,3,0,0,18,42,1,-566.76,-2978.4,316,729,0.309591770172,0,0,0,0,12,37,1,204.28,1073.6,39,618,0.038713932037,0,0,0,6,7,38,1,217.88,1166.4,181,355,0.35488653183,0,15,0,6,22,41,1,-193.52,-1033.2,408,237,0.798889160156,0,11,0,6,16,25,2,-501.16,-2677.2,131,751,0.257796764374,0,28,0,6,10,37,1,736.44,3925.6,125,677,0.245913982391,0,2,0,6,21,44,1,-693.04,-3708.6,212,406,0.415648937225,0,0,0,6,9,48,1,210.28,1122.8,93,538,0.183024406433,0,0,0,3,6,41,1,30.44,158.4,1733,332,0.847177028656,0,0,0,3,38,40,1,65.36,340.2,997,461,0.487512588501,0,0,0,3,9,39,1,59.6,310.2,1387,592,0.678191184998,0,0,0,3,23,46,1,80.08,417.0,265,619,0.129817008972,0,0,0,3,16,41,1,-6.92,-36.0,519,910,0.254100322723,0,0,0,3,13,37,1,149.52,778.6,878,357,0.429300785065,0,1,0,0,23,41,1,50.8,267.0,669,708,0.654635429382,0,0,0,0,25,35,1,472.36,2482.2,45,1013,0.044955253601,0,14,0,5,7,36,1,-18.6,-97.6,243,554,0.238065719604,0,1,0,5,3,44,1,-54.0,-283.8,591,197,0.577900886536,0,0,0,1,129,42,1,-18.28,-96.0,601,262,0.587738513947,0,0,0
1,0,94658000,105440000,94644000,94658000,94658000,0.0,0.0,0.0,0,0.0,37,2,0,2,19,34,1,51.92,273.0,1644,1009,0.608001708984,1,0,0,2,33,43,1,-195.92,-1029.6,414,545,0.405212402344,0,0,0,2,21,36,1,423.32,2224.6,499,673,0.488423347473,0,9,0,0,15,20,1,-413.96,-2175.4,16,367,0.015991210938,0,31,0,5,2,36,1,-14.52,-76.2,473,948,0.463270664215,0,9,0,2,12,32,1,302.88,1591.6,229,315,0.224152088165,0,12,0,2,27,29,1,138.68,728.8,316,842,0.30969953537,0,17,0,2,26,39,1,-553.0,-2906.2,2118,66,0.07044506073,2,0,0,2,29,33,1,-159.2,-836.6,2809,963,0.746765613556,2,0,0,0,32,40,1,186.0,977.6,156,451,0.152924060822,0,0,0,6,23,20,2,256.0,1369.4,205,706,0.402523994446,0,29,0,6,6,9,2,-5.04,-27.0,328,550,0.642931461334,0,48,0,3,39,43,1,-36.2,-188.4,1036,115,0.506409168243,0,0,0,3,32,41,1,249.88,1301.2,1876,506,0.917152881622,0,0,0,1,137,39,1,-18.92,-99.4,243,609,0.238118171692,0,0,0,0,28,40,1,506.44,2661.4,559,119,0.546545505524,0,0,0,1,128,39,1,-17.44,-91.6,999,774,0.977278709412,0,0,0,0,10,41,1,486.72,2557.8,1005,20,0.982424259186,0,2,0,0,18,40,1,-567.16,-2980.4,318,663,0.311483383179,0,0,0,0,12,23,1,204.8,1076.2,38,930,0.03803396225,0,6,0,6,7,40,1,218.24,1168.2,180,995,0.354152202606,0,11,0,6,22,38,1,-193.64,-1033.8,408,576,0.79953622818,0,9,0,6,16,25,2,-502.2,-2682.6,132,613,0.259489059448,0,30,0,6,10,40,1,736.12,3923.8,124,416,0.243458271027,0,0,0,6,21,45,1,-693.6,-3711.6,213,592,0.417961597443,0,0,0,6,9,47,1,209.92,1121.0,93,171,0.182324409485,0,0,0,3,6,41,1,30.56,159.0,1733,121,0.847076416016,0,0,0,3,38,44,1,65.48,341.0,997,7,0.487295627594,0,0,0,3,9,39,1,59.56,310.2,1387,178,0.677993297577,0,0,0,3,23,46,1,79.88,416.0,265,62,0.129550933838,0,0,0,3,16,41,1,-6.88,-36.0,519,960,0.254124164581,0,0,0,3,13,40,1,149.8,780.0,877,338,0.428802967072,0,0,0,0,23,41,1,50.68,266.2,669,532,0.654467105865,0,0,0,0,25,39,1,471.92,2480.0,44,389,0.043382644653,0,8,0,5,7,35,1,-18.96,-99.6,243,621,0.238129615784,0,0,0,5,3,42,1,-54.04,-284.0,591,386,0.578081607819,0,0,0
1,0,94659000,105441000,94645000,94659000,94659000,0.0,0.0,0.0,0,0.0,36,2,0,2,19,34,1,51.72,271.8,1644,829,0.607830047607,1,0,0,2,33,45,1,-196.16,-1030.8,415,206,0.405867099762,0,0,0,2,21,37,1,423.64,2226.2,498,247,0.48703956604,0,9,0,5,2,35,1,-14.44,-75.8,473,1007,0.463326931,0,11,0,2,12,34,1,302.56,1590.0,228,288,0.223148822784,0,11,0,2,27,25,2,139.44,732.6,316,378,0.30925655365,0,18,0,2,26,42,1,-552.92,-2905.6,2119,975,0.072289466858,2,0,0,2,29,36,1,-159.04,-835.8,2810,496,0.747297286987,2,0,0,0,32,46,1,185.56,975.2,155,827,0.15230512619,0,0,0,6,23,21,2,255.72,1368.0,205,264,0.401679039001,0,28,0,6,6,8,2,-5.04,-27.0,328,574,0.642976760864,0,43,0,3,39,45,1,-36.6,-190.6,1036,371,0.506531238556,0,0,0,3,32,46,1,249.72,1300.4,1874,809,0.916319847107,0,0,0,1,137,43,1,-19.2,-100.8,243,676,0.238182067871,0,0,0,0,28,43,1,506.24,2660.4,557,398,0.544857501984,0,0,0,1,128,43,1,-17.88,-94.0,999,836,0.977337837219,0,0,0,0,10,47,1,486.56,2556.8,1003,369,0.980802536011,0,0,0,0,18,43,1,-567.48,-2982.0,320,597,0.313376426697,0,0,0,0,12,40,1,204.12,1072.6,38,217,0.037353515625,0,11,0,6,7,46,1,218.24,1168.2,180,614,0.35342502594,0,9,0,6,22,42,1,-194.16,-1036.4,408,914,0.800182819366,0,7,0,6,16,24,2,-503.72,-2690.8,133,466,0.261166095734,0,30,0,6,10,42,1,735.92,3922.8,123,156,0.241003513336,0,0,0,6,21,48,1,-693.72,-3712.2,214,779,0.420275688171,0,0,0,6,9,47,1,209.72,1120.0,92,829,0.181624889374,0,0,0,3,6,45,1,30.16,157.0,1732,935,0.84697675705,0,0,0,3,38,45,1,65.28,340.0,996,575,0.48707818985,0,0,0,3,9,42,1,59.04,307.6,1386,790,0.677796840668,0,0,0,3,23,45,1,79.6,414.4,264,531,0.129285812378,0,0,0,3,16,44,1,-7.36,-38.4,519,1013,0.254149436951,0,0,0,3,13,43,1,149.64,779.2,876,318,0.428304672241,0,0,0,0,23,42,1,50.32,264.6,669,355,0.654298782349,0,0,0,0,25,41,1,471.88,2479.6,42,783,0.041803359985,0,8,0,5,7,40,1,-19.16,-100.6,243,688,0.238193511963,0,0,0,5,3,42,1,-54.72,-287.6,591,577,0.578263759613,0,0,0,1,129,44,1,-18.56,-97.6,601,391,0.587862014771,0,0,0
1,0,94660000,105442000,94646000,94660000,94660000,0.0,0.0,0.0,0,0.0,36,2,0,2,19,37,1,51.64,271.2,1644,648,0.607656955719,1,0,0,2,33,43,1,-196.52,-1032.8,415,891,0.406521320343,0,0,0,2,21,27,2,423.24,2224.0,496,798,0.485610961914,0,13,0,5,2,32,1,-14.6,-76.6,474,49,0.463389873505,0,18,0,2,12,33,1,302.48,1589.6,227,244,0.222129821777,0,11,0,2,27,37,1,139.04,730.6,315,904,0.30878162384,0,14,0,2,26,40,1,-553.28,-2907.6,2121,859,0.074134349823,2,0,0,2,29,34,1,-158.88,-834.8,2811,27,0.74782705307,2,0,0,0,32,43,1,185.52,974.8,155,179,0.151686668396,0,0,0,6,23,22,2,253.88,1358.2,204,842,0.400827884674,0,28,0,6,6,8,2,-5.04,-27.0,328,588,0.643003940582,0,38,0,3,39,43,1,-36.76,-191.4,1036,627,0.506653308868,0,0,0,3,32,43,1,249.64,1300.0,1873,88,0.915487289429,0,0,0,1,137,39,1,-19.48,-102.4,243,743,0.238246440887,0,0,0,0,28,39,1,505.76,2657.8,555,678,0.543169498444,0,0,0,1,128,39,1,-18.08,-95.0,999,898,0.977397441864,0,0,0,0,10,43,1,486.52,2556.6,1001,717,0.979179859161,0,0,0,0,18,45,1,-567.92,-2984.4,322,533,0.315269470215,0,0,0,0,12,37,1,203.76,1070.8,37,529,0.036673545837,0,12,0,6,7,43,1,218.16,1167.8,180,234,0.352697849274,0,7,0,6,22,42,1,-194.24,-1037.0,409,229,0.800830364227,0,0,0,6,16,25,2,-503.0,-2686.8,134,337,0.26287651062,0,28,0,6,10,37,1,735.04,3918.2,121,920,0.238550186157,0,0,0,6,21,48,1,-694.08,-3714.2,215,966,0.422590255737,0,0,0,6,9,46,1,209.52,1118.8,92,464,0.180926322937,0,0,0,3,6,41,1,29.84,155.4,1732,726,0.846876621246,0,0,0,3,38,42,1,64.92,338.2,996,120,0.486860752106,0,0,0,3,9,40,1,58.8,306.2,1386,378,0.677599906921,0,0,0,3,23,46,1,79.44,413.6,263,999,0.129020690918,0,0,0,3,16,40,1,-7.56,-39.4,520,40,0.254173755646,0,0,0,3,13,41,1,149.4,778.0,875,297,0.427805423737,0,0,0,0,23,40,1,50.2,263.8,669,179,0.654130458832,0,0,0,0,25,32,1,471.24,2476.2,41,162,0.040233135223,0,9,0,5,7,36,1,-19.6,-103.0,243,755,0.238257884979,0,0,0,5,3,42,1,-54.8,-288.0,591,767,0.578445911407,0,0,0,1,129,41,1,-18.96,-99.6,601,457,0.587924003601,0,0,0
1,0,94661000,105443000,94647000,94661000,94661000,0.0,0.0,0.0,0,0.0,37,2,0,2,19,37,1,51.6,271.0,1644,466,0.607483863831,1,0,0,2,33,43,1,-196.72,-1033.6,416,554,0.407176017761,0,0,0,2,21,26,2,422.4,2219.6,495,365,0.484219551086,0,26,0,5,2,27,1,-14.68,-77.2,474,74,0.4634141922,0,14,0,2,12,29,1,302.28,1588.4,226,221,0.221129894257,0,10,0,2,27,39,1,139.12,731.2,315,410,0.308309078217,0,9,0,2,26,30,1,-553.56,-2909.0,2123,742,0.075977325439,2,1,0,2,29,41,1,-158.96,-835.2,2811,582,0.748356342316,2,0,0,0,32,45,1,185.36,974.2,154,555,0.151068210602,0,0,0,6,23,22,2,253.96,1358.6,204,400,0.39998292923,0,27,0,6,6,8,2,-5.04,-27.0,328,598,0.643022060394,0,35,0,3,39,44,1,-36.76,-191.4,1036,884,0.506775856018,0,0,0,3,32,42,1,249.76,1300.6,1871,390,0.914653778076,0,0,0,1,137,37,1,-19.16,-100.6,243,810,0.238309860229,0,0,0,0,28,44,1,505.68,2657.4,553,959,0.541482925415,0,0,0,1,128,43,1,-18.08,-95.2,999,961,0.977458000183,0,0,0,0,10,41,1,486.4,2556.0,1000,42,0.977557659149,0,0,0,0,18,46,1,-567.56,-2982.4,324,468,0.31716299057,0,0,0,0,12,38,1,204.04,1072.2,36,837,0.035989761353,0,9,0,6,7,46,1,218.16,1167.8,179,874,0.351963996887,0,6,0,6,22,44,1,-194.72,-1039.4,409,569,0.801478862762,0,0,0,6,16,24,2,-503.28,-2688.4,135,189,0.264550209045,0,28,0,6,10,30,1,735.48,3920.4,120,660,0.23609495163,0,7,0,6,21,45,1,-694.24,-3715.0,217,129,0.42490530014,0,0,0,6,9,44,1,209.32,1117.8,92,98,0.180227279663,0,0,0,3,6,43,1,29.96,156.0,1732,518,0.84677696228,0,0,0,3,38,42,1,65.24,339.8,995,687,0.486642837524,0,0,0,3,9,41,1,58.72,305.8,1385,992,0.677403926849,0,0,0,3,23,45,1,79.44,413.8,263,445,0.128756523132,0,0,0,3,16,43,1,-7.44,-38.8,520,92,0.254198551178,0,0,0,3,13,44,1,149.56,778.8,874,275,0.427306652069,0,0,0,0,24,23,1,-616.12,-3237.8,691,137,0.675595760345,0,58,0,0,23,43,1,50.4,264.8,669,2,0.653961658478,0,0,0,0,25,32,1,472.16,2481.2,39,561,0.038659572601,0,12,0,5,7,33,1,-19.08,-100.4,243,822,0.238321781158,0,0,0,5,3,30,1,-54.68,-287.4,591,958,0.578628063202,0,0,0
