gnssId,svId,sigId,freqId,numWords,chn,version,reserved0,dwrd_01,dwrd_02,dwrd_03,dwrd_04,dwrd_05,dwrd_06,dwrd_07,dwrd_08
2,33,1,0,8,51,2,0,117440511,4278190081,303584905,3796025344,2711519232,42,2863289592,785104896
2,29,1,0,8,37,2,0,117440511,4278190081,303584905,3796025344,2711532974,186955818,2863285844,1737211904
2,26,1,0,8,38,2,0,117440511,4278190081,303584905,3796025344,2711521349,1072075946,2863284477,533446656
2,27,1,0,8,41,2,0,117440511,4278190081,303584905,3796025344,2711531246,2567413034,2863285626,2357968896
2,21,1,0,8,50,2,0,117440511,4278190081,303584905,3796025344,2711532962,3057250858,2863298018,2383134720
1,129,0,0,9,0,2,250,1393139709,4292869631,3757965279,4261404668,2097151,3221470139,3149636515,369365568
1,137,0,0,9,23,2,250,1393123325,4292869631,3757965279,4261404668,2097151,3221470139,3149636515,444999104
2,33,5,0,8,77,2,0,163093380,2500462336,135004352,1318125568,2515009536,42,2863305910,637485056
2,29,5,0,8,73,2,0,164142215,2550793984,135004368,1318125568,2515009536,42,2863307207,104808448
6,9,0,5,4,12,2,0,1430258188,3227566948,1212669952,46006274,,,,
6,9,2,5,4,88,2,0,1430258188,3227566948,1212669952,46006274,,,,
2,21,5,0,8,78,2,0,164142215,2550793984,135004368,1318125568,2515009536,42,2863307207,104808448
6,6,0,3,4,31,2,0,1430257706,3722494848,1213607936,46006274,,,,
6,10,0,0,4,14,2,0,1430257706,3722494848,1213607936,46006274,,,,
6,16,0,6,4,15,2,0,1430258218,3722494848,1213716480,46006274,,,,
6,7,0,12,4,17,2,0,1430257706,3722494848,1213607936,46006274,,,,
6,16,2,6,4,91,2,0,1430258218,3722494848,1213716480,46006274,,,,
6,21,0,11,4,13,2,0,1430258218,3722494848,1213716480,46006274,,,,
6,21,2,11,4,89,2,0,1430258218,3722494848,1213716480,46006274,,,,
2,27,5,0,8,69,2,0,164142215,2550793984,135004368,1318125568,2515009536,42,2863307207,104808448
2,26,5,0,8,76,2,0,164142215,2550793984,135004368,1318125568,2515009536,42,2863307207,104808448
0,23,4,0,10,82,2,67,2338197995,3225380210,2492705007,3174401,4288544512,38215689,1446792073,0
0,18,4,0,10,84,2,67,2336887275,3226166642,2507666021,2153224193,4288544512,38215689,1446792073,0
0,25,4,0,10,95,2,67,2338722283,3230099698,2491014368,4293838849,4282646224,38387721,1446792073,1567416452
0,24,4,0,10,96,2,67,2338460139,3223020914,2512150257,2154770433,4288544512,38215689,1446792073,185344922
5,3,4,0,10,85,2,67,2332971499,3231872002,2315210545,4294723584,2506444842,2863311530,2863311530,2863311530
5,7,4,0,10,86,2,67,2334020075,3231872002,2315255503,4294957056,2506444842,2863311530,2863311530,2863311530
5,2,4,0,10,99,2,67,2332709355,3231872002,2315254611,2147457024,2506444842,2863311530,2863311530,2863311530
1,129,0,0,9,0,2,250,2584780797,4292869631,3758096351,4261404669,4292869631,3758078907,2814098363,2483705536
1,137,0,0,9,23,2,250,2584829949,4292869631,3758096351,4261404669,4292869631,3758078907,2814098363,2852045056
3,23,0,0,10,8,2,250,948978037,49811202,183214995,1281131,117255917,2433228,617010834,1555565
3,38,0,0,10,10,2,250,948978037,49811202,183214995,1281131,117255917,2433228,617010834,1555565
3,6,0,0,10,11,2,0,948978037,49811202,183214995,1281131,117255917,2433228,617010834,1555565
3,39,0,0,10,25,2,0,948978037,49811202,183214995,1281131,117255917,2433228,617010834,1555565
3,6,2,0,10,65,2,67,948978037,49811202,183214995,1281131,117255917,2433228,617010834,1555565
3,13,0,0,10,6,2,0,948978037,49811202,183214995,1281131,117255917,2433228,617010834,1555565
3,16,0,0,10,7,2,0,948978037,49811202,183214995,1281131,117255917,2433228,617010834,1555565
3,16,2,0,10,66,2,67,948978037,49811202,183214995,1281131,117255917,2433228,617010834,1555565
3,13,2,0,10,67,2,67,948978037,49811202,183214995,1281131,117255917,2433228,617010834,1555565
3,9,0,0,10,9,2,0,948978037,49811202,183214995,1281131,117255917,2433228,617010834,1555565
3,9,2,0,10,64,2,67,948978037,49811202,183214995,1281131,117255917,2433228,617010834,1555565
2,29,1,0,8,37,2,0,164142194,3137337600,3146064,1346371584,2448061698,64601002,2863284393,3221291008
2,26,1,0,8,38,2,0,164142194,3137337600,3146064,1346371584,2448049153,2210956906,2863299620,2244018176
2,27,1,0,8,41,2,0,164142194,3137337600,3146064,1346371584,2448063298,3286075050,2863286496,2155937792
2,21,1,0,8,50,2,0,164142194,3137337600,3146064,1346371584,2448061700,3287478634,2863300535,3133210624
2,33,1,0,8,51,2,0,163093359,3036674304,3146064,1346371584,2448048128,42,2863295693,1694564352
1,129,0,0,9,0,2,250,3328492167,4160879871,1073741824,1024,0,0,0,378014848
1,137,0,0,9,23,2,250,3324524041,2227700016,1682818360,5979312,0,0,0,399284288
6,9,0,5,4,12,2,0,1586346600,1328857004,409032704,46006274,,,,
2,33,5,0,8,77,2,0,179519247,3812616191,1073737983,2835382272,2978316288,42,2863312595,75448320
6,9,2,5,4,88,2,0,1586346600,1328857004,409032704,46006274,,,,
2,29,5,0,8,73,2,0,180567823,3813014015,1073737983,2835382272,2978316288,42,2863314071,1241464832
2,27,5,0,8,69,2,0,180567823,3813014015,1073737983,2835382272,2978316288,42,2863314071,1241464832
6,6,0,3,4,31,2,0,1586405826,1421131707,677851136,46006274,,,,
6,16,0,6,4,15,2,32,1586405826,1421131707,677851136,46006274,,,,
6,7,0,12,4,17,2,32,1586405826,1421131707,677851136,46006274,,,,
6,10,0,0,4,14,2,32,1586405826,1421131706,677881856,46006274,,,,
6,16,2,6,4,91,2,0,1586405826,1421131707,677851136,46006274,,,,
6,21,0,11,4,13,2,32,1586405826,1421131707,677851136,46006274,,,,
2,21,5,0,8,78,2,0,180567823,3813014015,1073737983,2835382272,2978316288,42,2863314071,1241464832
6,21,2,11,4,89,2,0,1586405826,1421131707,677851136,46006274,,,,
2,26,5,0,8,76,2,67,180567823,3813014015,1073737983,2835382272,2978316288,42,2863314071,1241464832
1,129,0,0,9,0,2,250,1400002821,31510599,4160782272,538049408,0,0,0,516111360
1,137,0,0,9,23,2,250,1397267712,0,4261413119,3221258224,4193280,536608775,4286579711,2618775040
2,29,1,0,8,37,2,0,180918655,3805031422,4127170815,2835382272,2978328858,2131035370,2863299037,3662331904
2,26,1,0,8,38,2,0,180918655,3805031422,4127170815,2835382272,2978321008,2655570026,2863285386,1653260288
2,27,1,0,8,41,2,0,180918655,3805031422,4127170815,2835382272,2978332064,3426353706,2863289537,3003826176
2,21,1,0,8,50,2,0,180918655,3805031422,4127170815,2835382272,2978328889,3682814058,2863291630,902479872
2,33,1,0,8,51,2,0,179870079,3804634110,4127170815,2835382272,2978316288,42,2863294576,3045769216
1,129,0,0,9,0,2,250,2590641495,3868076401,390552113,3245181488,1168244532,4179085532,1021417184,728938688
1,137,0,0,9,23,2,250,2600206336,0,0,0,0,0,0,478639936
0,23,0,0,10,4,2,0,583095850,2276403776,771580499,179797894,2288650736,1034174592,1073259103,44804211
0,18,0,0,10,19,2,0,583095850,2276403776,708906635,203573788,368280456,16334999,980045167,22587483
0,25,0,0,10,3,2,0,583095850,2276403776,109096760,227506974,2519572689,2158330243,477616859,73836640
0,24,0,0,10,5,2,0,583095850,2276403776,339710867,244599905,2174207009,3214180947,26703646,2208901199
0,12,0,0,10,18,2,0,583095850,2276403776,138476388,211254174,2401986508,13189405,2723046466,2225481793
0,28,0,0,10,22,2,0,583095850,2276403776,989829002,2355822784,139278199,1068630050,2382011669,2207213635
6,9,0,5,4,12,2,0,1699518112,4229970408,1047437312,46006274,,,,
6,9,2,5,4,88,2,0,1699518112,4229970408,1047437312,46006274,,,,
2,26,5,0,8,76,2,0,9786709,1431655765,1431655765,1431846912,2620719104,42,2863307172,2503950336
6,6,0,3,4,31,2,0,1699518143,437270980,1043472384,46006274,,,,
6,10,0,0,4,14,2,0,1699518143,437270980,1043472384,46006274,,,,
6,16,0,6,4,15,2,0,1699518143,437270980,1043472384,46006274,,,,
6,7,0,12,4,17,2,0,1699518143,437270980,1043472384,46006274,,,,
6,16,2,6,4,91,2,0,1699518143,437270980,1043472384,46006274,,,,
6,21,0,11,4,13,2,0,1699518143,437270980,1043472384,46006274,,,,
6,21,2,11,4,89,2,0,1699518143,437270980,1043472384,46006274,,,,
2,29,5,0,8,73,2,0,9786709,1431655765,1431655765,1431846912,2620719104,42,2863307172,2503950336
2,33,5,0,8,77,2,0,9786709,1431655765,1431655765,1431846912,2620719104,42,2863307172,2503950336
2,21,5,0,8,78,2,0,9786709,1431655765,1431655765,1431846912,2620719104,42,2863307172,2503950336
2,27,5,0,8,69,2,0,9786709,1431655765,1431655765,1431846912,2620719104,42,2863307172,2503950336
5,3,0,0,10,1,2,0,583051905,2276401839,440513681,2263808378,2928897151,24070542,2605500567,989655686
5,7,0,0,10,2,2,0,583051905,2276401839,443907731,509,2654425050,3123429383,93123461,3207525005
5,2,0,0,10,48,2,0,583051905,2276401839,440581939,106056569,2792011505,2180581830,2269622947,140423833
1,129,0,0,9,0,2,250,3322847228,6290943,4294836191,4261404668,0,536845241,4223375787,2460377472
1,137,0,0,9,23,2,250,3322830844,2096639,3221356511,4261404668,0,536845241,3149633963,2955280896
2,27,1,0,8,41,2,0,305351516,3282431534,2334088728,1733378048,2890800835,4119470826,2863300248,2055979008
2,21,1,0,8,50,2,0,315774631,1291482215,2584660866,2877849600,2663895107,3977080554,2863288730,470532096
2,33,1,0,8,51,2,0,304550685,4095632206,2652762348,885850112,2204942336,42,2863286473,1733017600
2,29,1,0,8,37,2,0,304566959,1258006012,1141135649,1057062912,2910081091,3693786538,2863286670,2982920192
2,26,1,0,8,38,2,0,304565965,3107629931,4242274513,772538368,3085764739,3777588522,2863292028,1045151744
1,129,0,0,9,0,2,250,1393205245,4292869631,3757965279,4261404668,2097151,3221470139,3149636515,604818496
1,137,0,0,9,23,2,250,1393188861,4292869631,3757965279,4261404668,2097151,3221470139,3149636515,680459200
2,29,5,0,8,73,2,0,9786709,1431655765,1431655765,1431846912,2620751872,42,2863302280,2919186432
6,9,0,5,4,12,2,0,1871276748,1647624159,132567040,46006274,,,,
2,33,5,0,8,77,2,0,9786709,1431655765,1431655765,1431846912,2620751872,42,2863302280,2919186432
6,9,2,5,4,88,2,0,1871276748,1647624159,132567040,46006274,,,,
2,21,5,0,8,78,2,0,9786709,1431655765,1431655765,1431846912,2620751872,42,2863302280,2919186432
6,6,0,3,4,31,2,0,1871319590,1651818453,2313248768,46006274,,,,
6,10,0,0,4,14,2,0,1871319590,1651818453,2313248768,46006274,,,,
6,16,0,6,4,15,2,0,1871319590,1651818453,2313248768,46006274,,,,
6,7,0,12,4,17,2,0,1871319590,1651818453,2313248768,46006274,,,,
6,21,0,11,4,13,2,0,1871319590,1651818453,2313248768,46006274,,,,
6,21,2,11,4,89,2,0,1871319590,1651818453,2313248768,46006274,,,,
2,26,5,0,8,76,2,67,9786709,1431655765,1431655765,1431846912,2620751872,42,2863302280,2919186432
1,129,0,0,9,0,2,250,2584846333,4292869631,3758096351,4261404669,4292869631,3758078907,2814098363,2776430208
1,137,0,0,9,23,2,250,2584895485,4292869631,3758096351,4261404669,4292869631,3758078907,2814098363,2616598272
3,23,0,0,10,8,2,250,948982138,51383985,622103728,671030,843600823,1902685,197580737,1063686136
3,38,0,0,10,10,2,250,948982138,51383985,622103728,671030,843600823,1902685,197580737,1063686136
3,6,0,0,10,11,2,250,948982138,51383985,622103728,671030,843600823,1902685,197580737,1063686136
3,39,0,0,10,25,2,250,948982138,51383985,622103728,671030,843600823,1902685,197580737,1063686136
3,6,2,0,10,65,2,67,948982138,51383985,622103728,671030,843600823,1902685,197580737,1063686136
3,13,0,0,10,6,2,250,948982138,51383985,622103728,671030,843600823,1902685,197580737,1063686136
3,16,0,0,10,7,2,250,948982138,51383985,622103728,671030,843600823,1902685,197580737,1063686136
3,16,2,0,10,66,2,67,948982138,51383985,622103728,671030,843600823,1902685,197580737,1063686136
3,13,2,0,10,67,2,67,948982138,51383985,622103728,671030,843600823,1902685,197580737,1063686136
3,9,0,0,10,9,2,250,948982138,51383985,622103728,671030,843600823,1902685,197580737,1063686136
3,9,2,0,10,64,2,67,948982138,51383985,622103728,671030,843600823,1902685,197580737,1063686136
2,33,1,0,8,51,2,0,346954677,1781598972,18006281,3047653376,3157262336,42,2863294310,2730557440
2,29,1,0,8,37,2,0,345537029,2736699096,437676754,2809036800,2493209436,3070718314,2863298226,2143354880
2,26,1,0,8,38,2,0,345009767,3736690844,3047023159,4099211264,2898002263,1866903914,2863289973,1082195968
2,27,1,0,8,41,2,0,339035321,2113783837,3323957193,829325312,2491887213,877064554,2863293768,3821076480
2,21,1,0,8,50,2,0,346383065,3959146272,2476057855,1709129728,3079347023,3372577130,2863291888,4139843584
1,129,0,0,9,0,2,250,3328473616,134218241,0,1024,0,0,0,334715712
1,128,0,0,9,21,2,87,3324524041,2227700016,1682818360,14533808,0,0,0,81696320
1,137,0,0,9,23,2,250,3328473616,134218241,1073741824,512,0,0,0,271722112
6,9,0,5,4,12,2,0,1968231047,2272295564,1003010048,46006274,,,,
6,9,2,5,4,88,2,0,1968231047,2272295564,1003010048,46006274,,,,
2,29,5,0,8,73,2,0,9786709,1431655765,1431655765,1431846912,2620784640,42,2863315679,964640768
6,16,0,6,4,15,2,0,1968231077,2761980520,1006139392,46006274,,,,
6,7,0,12,4,17,2,0,1968230565,2761980520,1006211072,46006274,,,,
6,10,0,0,4,14,2,0,1968230565,2760931944,1006475264,46006274,,,,
6,16,2,6,4,91,2,0,1968231077,2761980520,1006139392,46006274,,,,
6,21,0,11,4,13,2,0,1968231077,2761980520,1006139392,46006274,,,,
2,33,5,0,8,77,2,0,9786709,1431655765,1431655765,1431846912,2620784640,42,2863315679,964640768
6,21,2,11,4,89,2,0,1968231077,2761980520,1006139392,46006274,,,,
2,21,5,0,8,78,2,0,9786709,1431655765,1431655765,1431846912,2620784640,42,2863315679,964640768
2,26,5,0,8,76,2,0,9786709,1431655765,1431655765,1431846912,2620784640,42,2863315679,964640768
1,129,0,0,9,0,2,250,1399440445,3254654192,3951467055,3242068144,1099042064,1753695260,987889376,555038336
1,128,0,0,9,21,2,87,1394872381,2619266449,1273353902,536080528,389538687,4293262784,269007391,2000532800
1,137,0,0,9,23,2,250,1399939339,3345121344,235241983,3087134592,0,0,0,188804352
2,33,1,0,8,51,2,0,271518773,4101038302,4168805092,1006632960,2513436672,42,2863292770,2064302080
2,29,1,0,8,37,2,0,282538696,161484083,4021976904,2214428672,2660235967,3247660522,2863287893,625655808
2,26,1,0,8,38,2,0,270499507,1347276510,3780847826,3959537664,2814399917,4030616682,2863284762,1896529920
2,30,1,0,8,39,2,0,284232008,1604934281,2521453515,3623501824,2551175349,2191279338,2863299158,1737146368
2,27,1,0,8,41,2,0,272179199,3182751625,2148537735,66240512,2211446313,3203752490,2863296352,155893760
2,21,1,0,8,50,2,0,271086975,2176127369,2149307503,1609859072,2405448334,3261373034,2863286872,2068496384
1,129,0,0,9,0,2,250,2586326537,2227700016,1682818360,5979312,0,0,0,51902912
1,137,0,0,9,23,2,250,2590623865,2206931280,2793699356,3237873652,868364065,4044572730,1067568416,424684992
0,23,0,0,10,4,2,0,583095850,2276412208,524436,487571029,2148239883,213686482,2302141251,758565803
0,18,0,0,10,19,2,0,583095850,2276412208,276037,2692557631,18922,2823827389,2322309775,863978503
0,25,0,0,10,3,2,0,583095850,2276412208,1073520775,446576939,1182121,2832016163,114068371,228946249
0,24,0,0,10,5,2,0,583095850,2276412208,1071125809,2513387901,2147584447,74666322,2270841686,2376789380
0,12,0,0,10,18,2,0,583095850,2276412208,1073029532,192332710,2147977705,2271457849,2260275024,1034943610
0,28,0,0,10,22,2,0,583095850,2276412208,349675,602636631,2532,186637182,2277262742,2486381670
6,9,0,5,4,12,2,0,2017870684,3241459489,160743424,46006274,,,,
6,9,2,5,4,88,2,0,2017870684,3241459489,160743424,46006274,,,,
2,26,5,0,8,76,2,0,9786709,1431655765,1431655765,1431846912,2620817408,42,2863310323,29310976
2,21,5,0,8,78,2,0,9786709,1431655765,1431655765,1431846912,2620817408,42,2863310323,29310976
6,7,0,12,4,17,2,0,2017929910,3342122775,2241058816,46006274,,,,
6,10,0,0,4,14,2,0,2017929910,3342122774,2241019904,46006274,,,,
6,21,0,11,4,13,2,0,2017929910,3342122775,2241058816,46006274,,,,
6,21,2,11,4,89,2,0,2017929910,3342122775,2241058816,46006274,,,,
2,27,5,0,8,69,2,0,9786709,1431655765,1431655765,1431846912,2620817408,42,2863310323,29310976
2,29,5,0,8,73,2,0,9786709,1431655765,1431655765,1431846912,2620817408,42,2863310323,29310976
5,3,0,0,10,1,2,0,583051905,2276410335,1067759469,3038582781,2151368448,665326462,2374217771,106915096
5,7,0,0,10,2,2,0,583051905,2276410335,8953739,390013907,1050312764,50911563,26590574,2466316392
5,2,0,0,10,48,2,0,583051905,2276410335,1072883098,2939279841,3214935844,340660603,906211273,2554530845
1,129,0,0,9,0,2,250,3322716156,6290943,4294836191,4261404668,0,536845241,4223375787,2446860224
1,137,0,0,9,23,2,250,3322699772,2096639,3221356511,4261404668,0,536845241,4223375787,2233982784
2,29,1,0,8,37,2,0,9786709,1431655765,1431655765,1431846912,2620834026,1212411754,2863290964,4048273408
2,26,1,0,8,38,2,0,9786709,1431655765,1431655765,1431846912,2620835475,79949994,2863298891,3838558208
2,27,1,0,8,41,2,0,9786709,1431655765,1431655765,1431846912,2620850013,138664106,2863288632,176930816
2,21,1,0,8,50,2,0,9786709,1431655765,1431655765,1431846912,2620834030,1107543210,2863286249,2878062592
1,129,0,0,9,0,2,250,1393074173,4292869631,3757965279,4261404668,2097151,3221470139,3149636515,661828096
1,137,0,0,9,23,2,250,1393057789,4292869631,3757965279,4261404668,2097151,3221470139,3149636515,737183104
2,29,5,0,8,73,2,0,9786709,1431655765,1431655765,1431846912,2620850176,42,2863301767,1224687616
6,9,0,5,4,12,2,0,135583804,1576825112,1612232704,46006275,,,,
6,9,2,5,4,88,2,0,135583804,1576825112,1612232704,46006275,,,,
2,26,5,0,8,76,2,0,9786709,1431655765,1431655765,1431846912,2620850176,42,2863301767,1224687616
6,6,0,3,4,31,2,0,135585103,342372102,676595712,46006275,,,,
6,10,0,0,4,14,2,0,135584885,564963825,1732612096,46006275,,,,
6,16,0,6,4,15,2,0,135583976,1234202520,2851639296,46006275,,,,
6,22,0,4,4,16,2,0,135583803,1660455530,1547767808,46006275,,,,
6,7,0,12,4,17,2,0,135585161,3470819529,375498752,46006275,,,,
6,16,2,6,4,91,2,0,135583976,1234202520,2851639296,46006275,,,,
6,21,0,11,4,13,2,0,135584808,2694054302,1495627776,46006275,,,,
6,21,2,11,4,89,2,0,135584808,2694054302,1495627776,46006275,,,,
2,27,5,0,8,69,2,0,9786709,1431655765,1431655765,1431846912,2620850176,42,2863301767,1224687616
2,21,5,0,8,78,2,0,9786709,1431655765,1431655765,1431846912,2620850176,42,2863301767,1224687616
0,23,4,0,10,82,2,67,2338103787,3509240895,2024079554,4181721616,1386856447,2747217612,4271904767,2194814685
0,18,4,0,10,84,2,67,2336793067,3509240907,2024079507,260047495,1392756735,2484197935,3487045452,162147137
0,12,4,0,10,94,2,67,2335220203,3509240949,1957003262,1428160498,1932240895,3630053538,753411145,3157325786
0,25,4,0,10,95,2,67,2338628075,3509240967,1889862057,2617245763,3278626815,3708688996,2962240399,318552282
0,24,4,0,10,96,2,67,2338365931,3509240859,2091188334,2780824031,3819468799,2894226745,3163572273,2780083419
5,3,4,0,10,85,2,67,2332860907,3509239970,1621230038,2923434759,1909975038,2214484882,820589428,2964521067
5,7,4,0,10,86,2,67,2333909483,3509239970,1688371199,3951034368,0,30605,3556245681,2658391344
5,2,4,0,10,99,2,67,2332598763,3509239970,1554151938,1218436695,1100224514,2303908254,2414950661,1011547521
1,129,0,0,9,0,2,250,2584911869,4292869631,3758096351,4261404669,4292869631,3758078907,2814098363,2540972160
1,137,0,0,9,23,2,250,2584764413,4292869631,3758096351,4261404669,4292869631,3758078907,2814098363,2559074624
3,23,0,0,10,8,2,250,948965747,52957221,135540119,755954455,791287207,969478346,238165962,134241023
3,38,0,0,10,10,2,250,948965747,52957221,135540119,755154980,740955511,969478346,238165962,134222069
3,6,0,0,10,11,2,250,948965747,52953120,135540119,755322659,808064439,969478346,238165962,134231283
3,39,0,0,10,25,2,250,948965747,52957221,135540119,755310895,304747863,969478346,238165962,134250490
3,6,2,0,10,65,2,67,948965747,52953120,135540119,755322659,808064439,969478346,238165962,134231283
3,13,0,0,10,6,2,250,948965747,52953120,135540119,758771897,455742727,969478346,238165962,134247668
3,16,0,0,10,7,2,250,948965747,52953120,135540119,759058614,808064439,969478346,238165962,134235122
3,16,2,0,10,66,2,67,948965747,52953120,135540119,759058614,808064439,969478346,238165962,134235122
3,13,2,0,10,67,2,67,948965747,52953120,135540119,758771897,455742727,969478346,238165962,134247668
3,9,0,0,10,9,2,250,948965747,52953120,135540119,755245091,657069399,969478346,238165962,134250490
3,9,2,0,10,64,2,67,948965747,52953120,135540119,755245091,657069399,969478346,238165962,134250490
2,29,1,0,8,37,2,0,9786709,1431655765,1431655765,1431846912,2620874426,3890314858,2863290459,1451294720
2,26,1,0,8,38,2,0,9786709,1431655765,1431655765,1431846912,2620868436,320977578,2863296776,1786839040
2,27,1,0,8,41,2,0,9786709,1431655765,1431655765,1431846912,2620872092,838588714,2863297975,1887502336
2,21,1,0,8,50,2,0,9786709,1431655765,1431655765,1431846912,2620874387,3586518698,2863289582,2512453632
1,129,0,0,9,0,2,250,3329384715,3345121344,235241983,3087134592,0,0,0,815010560
1,137,0,0,9,23,2,250,3328480591,3623619838,3221225472,512,0,0,0,919474048
6,9,0,5,4,12,2,0,278201396,1537479075,3847940096,46006275,,,,
6,9,2,5,4,88,2,0,278201396,1537479075,3847940096,46006275,,,,
2,29,5,0,8,73,2,0,34032891,4041902532,2774783516,550879232,2220376064,42,2863304309,1786724352
2,27,5,0,8,69,2,0,34038367,4294101455,34684675,3207462912,3161735168,42,2863316868,1585397760
6,6,0,3,4,31,2,0,278201386,889718389,3712688128,46006275,,,,
2,21,5,0,8,78,2,0,34038368,386681295,351109408,3592634368,3163504640,42,2863304072,3598663680
6,16,0,6,4,15,2,0,278201592,1945109585,3160928256,46006275,,,,
6,7,0,12,4,17,2,0,278201426,1961364168,1800556544,46006275,,,,
6,10,0,0,4,14,2,0,278200482,690246634,3837767680,46006275,,,,
6,21,0,11,4,13,2,0,278201545,3604764181,862380032,46006275,,,,
6,21,2,11,4,89,2,0,278201545,3604764181,862380032,46006275,,,,
2,26,5,0,8,76,2,0,34043832,1294191131,1937026214,2698723328,3199025152,42,2863316406,1623146496
1,129,0,0,9,0,2,250,1399100751,3623620094,3221225472,1024,0,0,0,661522240
1,137,0,0,9,23,2,250,1399440429,3248363120,3951483440,3241543796,1067556109,4034364380,1021445792,263539392
2,33,1,0,8,51,2,0,17237518,3313126362,3289795,2852438016,2479144960,42,2863298347,51036160
2,29,1,0,8,37,2,0,17253912,3810207125,3084005,2852438016,2730213956,4091913514,2863290712,499826688
2,26,1,0,8,38,2,0,17253912,3719686053,3310306,2852438016,2506017736,1944429866,2863298679,2538258432
2,27,1,0,8,41,2,0,17253912,177976141,2036564,2852438016,2949305154,870688042,2863290505,2458566656
2,21,1,0,8,50,2,0,17253912,3785081110,751344,2852438016,2871116360,1944429866,2863288902,2034941952
1,129,0,0,9,0,2,250,2585551871,4294967295,4294967295,4294967295,4294967295,4294967295,4294967295,4080998528
1,137,0,0,9,23,2,250,2586273854,3211304663,857881954,536323119,3622825832,56492032,252544,550799936
0,23,0,0,10,4,2,0,583095850,2276420724,527091048,330783138,2748463431,439419926,2535878922,2852749474
0,18,0,0,10,19,2,0,583095850,2276420724,527091048,330783138,2748463431,439419926,2535878922,2852749474
0,25,0,0,10,3,2,0,583095850,2276420724,527091048,330783138,2748463431,439419926,2535878922,2852749474
0,24,0,0,10,5,2,0,583095850,2276420724,527091048,330783138,2748463431,439419926,2535878922,2852749474
0,10,0,0,10,20,2,0,583095850,2276420724,527091048,330783138,2748463431,439419926,2535878922,2852749474
0,12,0,0,10,18,2,0,583095850,2276420724,527091048,330783138,2748463431,439419926,2535878922,2852749474
2,33,5,0,8,77,2,0,67576319,3506441496,939526980,402636800,2944417792,42,2863315223,2415869952
6,9,0,5,4,12,2,0,469873083,2590786666,2816137216,46006275,,,,
6,9,2,5,4,88,2,0,469873083,2590786666,2816137216,46006275,,,,
2,26,5,0,8,76,2,0,67590911,4194290968,1610674999,1342210048,3208658944,42,2863300846,2218737664
6,6,0,3,4,31,2,0,503395581,3376714435,3097210880,46006275,,,,
6,16,0,6,4,15,2,0,469807351,1456247541,1245718528,46006275,,,,
6,7,0,12,4,17,2,0,469807156,2956744315,410353664,46006275,,,,
6,10,0,0,4,14,2,0,503525773,131607323,415832064,46006275,,,,
2,29,5,0,8,73,2,0,67591424,100658712,1677643758,2952773632,2189443072,42,2863307173,4236197888
6,21,0,11,4,13,2,0,503461261,3945294686,3708483584,46006275,,,,
6,21,2,11,4,89,2,0,503461261,3945294686,3708483584,46006275,,,,
2,21,5,0,8,78,2,0,67589631,4244630040,1677346816,2684338176,2520793088,42,2863311613,733954048
2,27,5,0,8,69,2,0,67590912,184546072,1677287715,3221176320,2281717760,42,2863303339,2835300352
5,3,0,0,10,1,2,0,583051905,2276418715,1040662563,1048399310,3175055800,0,0,26236336
5,7,0,0,10,2,2,0,583051905,2276418715,1040662563,1048399310,3175055800,0,0,26236336
5,2,0,0,10,48,2,0,583051905,2276418715,1040662563,1048399310,3175055800,0,0,26236336
1,129,0,0,9,0,2,250,3322781692,6290943,4294836191,4261404668,0,536845241,4223375787,2695806848
1,137,0,0,9,23,2,250,3322765308,2096639,3221356511,4261404668,0,536845241,4223375787,3025239808
2,33,1,0,8,51,2,0,50806768,2949082624,872454090,1493188608,2660941824,42,2863299722,3008086016
2,29,1,0,8,37,2,0,50823153,1334329214,1350853317,389922816,2413493811,124886314,2863285348,3175858176
2,26,1,0,8,38,2,0,50823152,998756032,2487239626,2822799360,3143289587,124886314,2863290343,2957754368
2,27,1,0,8,41,2,0,50823153,1980268993,1774509188,2567028736,2581260915,124886314,2863293566,63684608
2,21,1,0,8,50,2,0,50823153,1560846849,969202756,2181136384,2245721651,124886314,2863287072,2827730944
1,129,0,0,9,0,2,250,1393139709,4292869631,3757965279,4261404668,2097151,3221470139,3149636515,369365568
1,137,0,0,9,23,2,250,1393123325,4292869631,3757965279,4261404668,2097151,3221470139,3149636515,444999104
6,9,0,5,4,12,2,0,613827956,5386,1764659200,46006275,,,,
2,33,5,0,8,77,2,0,117440511,4278190081,303584905,3796025344,2714009600,42,2863316878,1505705984
6,9,2,5,4,88,2,0,613827956,5386,1764659200,46006275,,,,
6,16,2,6,4,91,2,0,605390916,4874,1778974720,46006275,,,,
6,21,0,11,4,13,2,0,545433921,4874,1789585408,46006275,,,,
2,27,5,0,8,69,2,0,117440511,4278190081,303584905,3796025344,2714009600,42,2863316878,1505706496
6,21,2,11,4,89,2,0,545433921,4874,1789585408,46006275,,,,
2,29,5,0,8,73,2,0,117440511,4278190081,303584905,3796025344,2714009600,42,2863316878,1505705984
2,26,5,0,8,76,2,0,117440511,4278190081,303584905,3796025344,2714009600,42,2863316878,1505705984
2,21,5,0,8,78,2,0,117440511,4278190081,303584905,3796025344,2714009600,42,2863316878,1505705984
1,129,0,0,9,0,2,250,2584780797,4292869631,3758096351,4261404669,4292869631,3758078907,2814098363,2483705536
1,137,0,0,9,23,2,250,2584829949,4292869631,3758096351,4261404669,4292869631,3758078907,2814098363,2852045056
3,23,0,0,10,8,2,250,948969841,54574947,150955401,801686412,108265609,519306997,61030469,898105183
3,38,0,0,10,10,2,0,948969841,54533218,64801646,1019408063,854852982,275586961,26624147,729669781
3,6,0,0,10,11,2,0,948969841,54542945,771466330,918560049,439356157,287846027,74301349,977009498
3,39,0,0,10,25,2,0,948969841,54541675,821721405,136473406,326633257,578305997,75792307,1001585302
3,6,2,0,10,65,2,67,948969841,54542945,771466330,918560049,439356157,287846027,74301349,977009498
3,13,0,0,10,6,2,0,948969841,54532206,48265299,187589845,935070647,755083042,34218055,658039606
3,16,0,0,10,7,2,0,948969841,54541934,1073417971,371268231,283644611,642525066,76562397,971438655
3,16,2,0,10,66,2,67,948969841,54541934,1073417971,371268231,283644611,642525066,76562397,971438655
3,13,2,0,10,67,2,67,948969841,54532206,48265299,187589845,935070647,755083042,34218055,658039606
3,9,0,0,10,9,2,0,948969841,54542945,217837411,894725845,1044651677,80126725,74031014,964950858
3,9,2,0,10,64,2,67,948969841,54542945,217837411,894725845,1044651677,80126725,74031014,964950858
2,29,1,0,8,37,2,0,88530624,51412383,1879747630,476741632,2863314019,3938664618,2863285016,2780889088
2,26,1,0,8,38,2,0,88530624,51411966,3893013550,476741632,2863313251,3938664618,2863296366,4014014464
2,27,1,0,8,41,2,0,88530624,51380288,403352622,476741632,2863305699,3938664618,2863296644,1942028288
2,21,1,0,8,50,2,0,88530624,51380288,403352622,476741632,2863314019,3938664618,2863289417,633405440
1,129,0,0,9,0,2,250,3328467208,67502336,2147483648,1024,0,0,0,911040000
2,33,5,0,8,77,2,0,9786709,1431655765,1431655765,1431846912,2620981248,42,2863314687,1736392704
2,29,5,0,8,73,2,0,9786709,1431655765,1431655765,1431846912,2620981248,42,2863314687,1736392704
6,9,0,5,4,12,2,0,714702848,270336,2099200,46006275,,,,
6,9,2,5,4,88,2,0,714702848,270336,2099200,46006275,,,,
6,21,0,11,4,13,2,0,714768384,139264,2099200,46006275,,,,
2,26,5,0,8,76,2,0,9786709,1431655765,1431655765,1431848192,2620981248,42,2863314687,1736392704
2,21,5,0,8,78,2,0,9786709,1431655765,1431655765,1431846912,2620981248,42,2863314687,1736392704
1,129,0,0,9,0,2,250,1399998732,1157840960,134217728,1337985920,0,0,0,637317440
1,137,0,0,9,23,2,250,1399933196,1157840960,134217728,1337985920,0,0,0,401895232
2,26,1,0,8,38,2,0,9786709,1431655765,1431655765,1431846912,2620999169,1445410858,2863287799,1338687488
2,21,1,0,8,50,2,0,9786709,1431655765,1431655765,1431846912,2621005569,1445410858,2863285039,311083008
2,33,1,0,8,51,2,0,9786709,1431655765,1431655765,1431846912,2620997632,42,2863286918,2580201472
2,19,1,0,8,56,2,0,9786709,1431655765,1431655765,1431846912,2620997632,42,2863286918,2583642112
2,29,1,0,8,37,2,0,9786709,1431655765,1431655765,1431846912,2621005569,1445410858,2863285039,311083008
1,129,0,0,9,0,2,250,2600206336,0,0,0,0,0,0,478639936
1,137,0,0,9,23,2,250,2600206336,0,0,0,0,0,0,478639936
0,23,0,0,10,4,2,0,583095850,2276429128,365691415,239547033,3210068017,2822981764,10112499,594572217
0,25,0,0,10,3,2,0,583095850,2276429128,365691676,327627434,3210002447,675497992,9996163,594682365
0,12,0,0,10,18,2,0,583095850,2276429128,365691415,239547033,3210068017,2822981764,10112499,594572217
6,9,0,5,4,12,2,0,895222378,2240844632,265637888,46006275,,,,
2,26,5,0,8,76,2,0,9786709,1431655765,1431655765,1431846912,2621014016,42,2863311315,1606369280
6,9,2,5,4,88,2,0,895222378,2240844632,265637888,46006275,,,,
2,29,5,0,8,73,2,0,9786709,1431655765,1431655765,1431846912,2621014016,42,2863311315,1606369280
2,21,5,0,8,78,2,0,9786709,1431655765,1431655765,1431846912,2621014016,42,2863311315,1606369280
6,6,0,3,4,31,2,0,895222408,2730529592,263055360,46006275,,,,
6,16,0,6,4,15,2,0,895222408,2730529592,263055360,46006275,,,,
6,16,2,6,4,91,2,0,895222408,2730529592,263055360,46006275,,,,
5,7,0,0,10,2,2,0,583051905,2276427175,1059340806,2474640044,775212354,2459759551,1025318166,2585636359
1,129,0,0,9,0,2,250,3322847228,6290943,4294836191,4261404668,0,536845241,4223375787,2460377472
1,137,0,0,9,23,2,250,3322830844,2096639,3221356511,4261404668,0,536845241,4223375787,2254020864
2,12,1,0,8,40,2,0,9786709,1431655765,1431655765,1431846912,2621046768,2365587498,2863288112,1837056000
2,27,1,0,8,41,2,0,272179199,3182751625,2148537735,66240512,2211441136,2365587498,2863297781,852213760
2,21,1,0,8,50,2,0,271086975,2176127369,2149307503,1609859072,2405435632,2365587498,2863286536,17547264
2,29,1,0,8,37,2,0,282538696,161484083,4021976904,2214428672,2660223216,2365587498,2863291259,449560576
2,26,1,0,8,38,2,0,270499507,1347276510,3780847826,3959537664,2814399600,2365587498,2863294392,2257305600
1,129,0,0,9,0,2,250,1393205245,4292869631,3757965279,4261404668,2097151,3221470139,3149636515,604818496
1,137,0,0,9,23,2,250,1393188861,4292869631,3757965279,4261404668,2097151,3221470139,3149636515,680459200
6,9,0,5,4,12,2,0,1058798584,1412742913,100970496,46006275,,,,
6,9,2,5,4,88,2,0,1058798584,1412742913,100970496,46006275,,,,
6,6,0,3,4,31,2,0,1058863954,1521794807,2248312832,46006275,,,,
6,16,0,6,4,15,2,0,1058863954,1521794807,2248312832,46006275,,,,
6,7,0,12,4,17,2,0,1058863954,1521794807,2248312832,46006275,,,,
6,16,2,6,4,91,2,0,1058863954,1521794807,2248312832,46006275,,,,
6,21,0,11,4,13,2,0,1058863954,1521794807,2248312832,46006275,,,,
2,27,5,0,8,69,2,0,17253912,177976141,2036564,2852438016,2949300224,42,2863313312,3049209856
2,29,5,0,8,73,2,0,17253912,3810207125,3084005,2852438016,2730213376,42,2863309175,3338616832
2,26,5,0,8,76,2,0,17253912,3719686053,3310306,2852438016,2506014720,42,2863305146,922697728
2,21,5,0,8,78,2,0,17253912,3785081110,751344,2852438016,2871115776,42,2863309202,2352955392
0,23,4,0,10,82,2,67,2338107883,3768910138,848972300,3169132623,3211255820,679926,905979086,1075173119
0,24,4,0,10,96,2,67,2338370027,3768920619,3010414980,1932107635,3491127300,2682642430,956309004,3223039999
5,3,4,0,10,85,2,67,2332865003,3768741610,908265255,2804098751,1075298316,2681798663,2579508563,4292791808
5,7,4,0,10,86,2,67,2333913579,3768729390,2118631427,148458676,2147491482,2156445653,4192208469,4294539006
1,129,0,0,9,0,2,250,2584846333,4292869631,3758096351,4261404669,4292869631,3758078907,2814098363,2776430208
1,137,0,0,9,23,2,250,2584895485,4292869631,3758096351,4261404669,4292869631,3758078907,2814098363,2616598272
3,23,0,0,10,8,2,250,948973950,56192310,676131818,352714900,28310793,703987586,970939044,232092216
3,38,0,0,10,10,2,250,948973950,56192310,676532144,201785371,234880975,355860532,113171286,8129582
3,6,0,0,10,11,2,250,948973950,56192310,676146925,969736390,42467119,403963718,832634226,731456432
3,39,0,0,10,25,2,250,948973950,56192310,676233964,345407498,40894271,436600916,29443650,725251113
3,6,2,0,10,65,2,67,948973950,56192310,676146925,969736390,42467119,403963718,832634226,731456432
3,13,0,0,10,6,2,250,948973950,56192310,676675005,537231512,161480543,410517311,457119332,545459654
3,16,0,0,10,7,2,250,948973950,56192310,676230121,535003196,65535999,437256047,786493654,731468977
3,16,2,0,10,66,2,67,948973950,56192310,676230121,535003196,65535999,437256047,786493654,731468977
3,13,2,0,10,67,2,67,948973950,56192310,676675005,537231512,161480543,410517311,457119332,545459654
3,9,0,0,10,9,2,250,948973950,56192310,676175337,138542923,994574303,397934367,302040486,735471408
3,9,2,0,10,64,2,67,948973950,56192310,676175337,138542923,994574303,397934367,302040486,735471408
2,29,1,0,8,37,2,0,34032891,4041902532,2774783516,550879232,2220384415,4003345066,2863287931,3745579008
2,26,1,0,8,38,2,0,34043832,1294191131,1937026214,2698723328,3199033489,3938131306,2863290553,3644915712
2,21,1,0,8,50,2,0,34038368,386681295,351109408,3592634368,3163512991,1051702250,2863295739,1249968128
1,129,0,0,9,0,2,250,3328493776,392960,0,1024,0,0,0,405702976
1,137,0,0,9,23,2,250,3328493776,261888,0,512,0,0,0,765042688
2,29,5,0,8,73,2,0,50823153,1334329214,1350853317,389922816,2413477888,42,2863305042,1581203456
6,9,0,5,4,12,2,0,1164189770,836796000,438771712,46006275,,,,
6,9,2,5,4,88,2,0,1164189770,836796000,438771712,46006275,,,,
6,6,0,3,4,31,2,0,1164189288,1348501056,435818496,46006275,,,,
2,26,5,0,8,76,2,0,50823152,998756032,2487239626,2822799360,3143286784,42,2863312748,1199521792
6,16,0,6,4,15,2,0,1164189800,1348501056,436201472,46006275,,,,
6,16,2,6,4,91,2,0,1164189800,1348501056,436201472,46006275,,,,
2,27,5,0,8,69,2,0,50823153,1980268993,1774509188,2567028736,2581250048,42,2863306828,3695132672
6,21,0,11,4,13,2,0,1164189800,1348501056,436201472,46006275,,,,
6,21,2,11,4,89,2,0,1164189800,1348501056,436201472,46006275,,,,
1,129,0,0,9,0,2,250,1399990534,1119957063,4261445503,3489003648,0,0,0,630127488
1,137,0,0,9,23,2,250,1399924998,1119957063,4261445503,3489003678,2229473696,537003265,4028107260,1156382976
1,129,0,0,9,0,2,250,2600206336,0,0,0,0,0,0,478639936
1,137,0,0,9,23,2,250,2591112457,3324198976,67765216,806615168,0,0,0,336094464
2,29,1,0,8,37,2,0,67591424,100658712,1677643758,2952773632,2189443370,3533545962,2863296598,1078640640
2,26,1,0,8,38,2,0,67590911,4194290968,1610674999,1342210048,3208659026,585206314,2863298769,3842686976
2,21,1,0,8,50,2,0,67589631,4244630040,1677346816,2684338176,2520793360,4248155882,2863289958,3687497728
0,23,0,0,10,4,2,0,583095850,2276436404,358875355,46769631,427102060,122255709,2664168340,767960895
0,18,0,0,10,19,2,0,583095850,2276436404,358875272,46769631,427102060,122255709,2664168340,709240609
0,25,0,0,10,3,2,0,583095850,2276436404,358875181,2194253302,2574585669,2269739380,516670229,2256938770
0,24,0,0,10,5,2,0,583095850,2276436404,358875181,2194253302,2574585669,2269739380,516669776,335947578
0,12,0,0,10,18,2,0,583095850,2276436404,358875181,2194253302,2574585669,2269739380,516684125,2286298893
6,9,0,5,4,12,2,0,1301752995,3849633769,133545984,46006275,,,,
6,9,2,5,4,88,2,0,1301752995,3849633769,133545984,46006275,,,,
2,29,5,0,8,73,2,0,88530624,51412383,1879747630,495616000,2863300608,42,2863312089,2130657280
2,21,5,0,8,78,2,0,88530624,51380288,403352622,495616000,2863300608,42,2863315848,4278140928
6,6,0,3,4,31,2,0,1301728253,3837050846,2314520576,46006275,,,,
6,16,0,6,4,15,2,0,1301728253,3837050846,2314520576,46006275,,,,
6,16,2,6,4,91,2,0,1301728253,3837050846,2314520576,46006275,,,,
2,27,5,0,8,69,2,0,88530624,51380288,403352622,495616000,2863300608,42,2863315848,4278140928
6,21,0,11,4,13,2,0,1301728253,3837050846,2314520576,46006275,,,,
6,21,2,11,4,89,2,0,1301728253,3837050846,2314520576,46006275,,,,
2,26,5,0,8,76,2,0,88530624,51411966,3893013550,495616000,2863300608,42,2863312147,3514777600
5,7,0,0,10,2,2,0,583051905,2276434267,359154135,536870954,2147483689,2147483689,2147499430,2588274400
1,129,0,0,9,0,2,250,3322716156,6290943,4294836191,4261404668,0,536845241,4223375787,2446860224
1,137,0,0,9,23,2,250,3322699772,2096639,3221356511,4261404668,0,536845241,4223375787,2233982784
2,33,1,0,8,51,2,0,117440511,4278190081,303584905,3796025344,2715451392,42,2863293672,2550906880
2,29,1,0,8,37,2,0,117440511,4278190081,303584905,3796025344,2715458382,1363963434,2863300320,1305198592
2,26,1,0,8,38,2,0,117440511,4278190081,303584905,3796025344,2715463406,1786626154,2863285616,436977664
2,21,1,0,8,50,2,0,117440511,4278190081,303584905,3796025856,2715458370,1094828586,2863289845,2991308800
1,129,0,0,9,0,2,250,1393074173,4292869631,3757965279,4261404668,2097151,3221470139,3149636515,661828096
1,137,0,0,9,23,2,250,1393057789,4292869631,3757965279,4261404668,2097151,3221470139,3149636515,737183104
2,33,5,0,8,77,2,0,129538844,31472750,2548144626,4279484416,2556772352,42,2863314073,910114816
6,9,0,5,4,12,2,0,1432888288,3633347020,312336384,46006275,,,,
6,9,2,5,4,88,2,0,1432888288,3633347020,312336384,46006275,,,,
6,6,0,3,4,31,2,0,1432887372,1414560156,316153856,46006275,,,,
2,26,5,0,8,76,2,0,130587676,29375598,1944164850,4279500800,2305114112,42,2863300700,3615440896
6,16,0,6,4,15,2,0,1432887884,1414560156,316262400,46006275,,,,
6,10,0,0,4,14,2,0,1432887372,1414560156,316153856,46006275,,,,
6,16,2,6,4,91,2,0,1432887884,1414560156,316262400,46006275,,,,
6,21,0,11,4,13,2,0,1432887884,1414560156,316262400,46006275,,,,
6,21,2,11,4,89,2,0,1432887884,1414560156,316262400,46006275,,,,
2,29,5,0,8,73,2,0,130587676,29375598,1944164850,4279500800,2305114112,42,2863300700,3615440896
2,21,5,0,8,78,2,0,130587676,29375598,1944164850,4279500800,2305114112,42,2863300700,3615440896
2,27,5,0,8,69,2,67,130587676,29375598,1944164850,4279500800,2305114112,42,2863300700,3615440896
1,129,0,0,9,0,2,250,2584911869,4292869631,3757834271,4261404669,4292869631,3758078907,2814098363,3151515968
1,137,0,0,9,23,2,250,2584764413,4292869631,3758096351,4261404669,4292869631,3758078907,2814098363,2559074624
3,23,0,0,10,8,2,250,948978037,57676736,183180950,1740370,105563160,809466331,90178620,1875792
3,38,0,0,10,10,2,250,948978037,57676736,183180950,1740370,105563160,809466331,90178620,1875792
3,6,0,0,10,11,2,250,948978037,57676736,183180950,1740370,105563160,809466331,90178620,1875792
3,39,0,0,10,25,2,250,948978037,57676736,183180950,1740370,105563160,809466331,90178620,1875792
3,6,2,0,10,65,2,67,948978037,57676736,183180950,1740370,105563160,809466331,90178620,1875792
3,13,0,0,10,6,2,250,948978037,57676736,183180950,1740370,105563160,809466331,90178620,1875792
3,16,0,0,10,7,2,250,948978037,57676736,183180950,1740370,105563160,809466331,90178620,1875792
3,16,2,0,10,66,2,67,948978037,57676736,183180950,1740370,105563160,809466331,90178620,1875792
3,13,2,0,10,67,2,67,948978037,57676736,183180950,1740370,105563160,809466331,90178620,1875792
3,9,0,0,10,9,2,250,948978037,57676736,183180950,1740370,105563160,809466331,90178620,1875792
3,9,2,0,10,64,2,67,948978037,57676736,183180950,1740370,105563160,809466331,90178620,1875792
2,29,1,0,8,37,2,0,130587748,35665817,4225418432,2132279296,2276816708,3286981930,2863290332,717291520
2,26,1,0,8,38,2,0,130587748,35665817,4225418432,2132279296,2276817736,1136841450,2863285470,3082878976
2,21,1,0,8,50,2,0,130587748,35665817,4225418432,2132279296,2276816712,1140004010,2863288177,620822528
2,33,1,0,8,51,2,0,129538916,35665817,4024091840,2132262912,2539995136,42,2863296001,1476460544
1,129,0,0,9,0,2,250,3329375497,3324198976,67765216,806615168,0,0,0,853269120
1,137,0,0,9,23,2,250,3328490943,4092855807,2147483648,512,0,0,0,453380480
2,29,5,0,8,73,2,0,147849039,4286644237,48564191,2228207616,2885189632,42,2863304470,1707032576
6,9,0,5,4,12,2,0,1502875710,3883188129,266721280,46006275,,,,
6,9,2,5,4,88,2,0,1502875710,3883188129,266721280,46006275,,,,
2,33,5,0,8,77,2,0,146800463,4286644237,48564127,2228207616,2952298496,42,2863305341,3556720640
2,19,5,0,8,79,2,0,142606159,4286644237,48564191,2228207616,2952298496,42,2863302094,4139728896
6,6,0,3,4,31,2,0,1503243403,3937714062,2313506816,46006275,,,,
6,16,0,6,4,15,2,0,1503243403,3937714062,2313506816,46006275,,,,
6,16,2,6,4,91,2,0,1503243403,3937714062,2313506816,46006275,,,,
2,26,5,0,8,76,2,0,147849039,4286644237,48564191,2228207616,2885189632,42,2863304470,1707032576
6,21,2,11,4,89,2,0,1503243403,3937714062,2313506816,46006275,,,,
2,21,5,0,8,78,2,0,147849039,4286644237,48564191,2228207616,2885189632,42,2863304470,1707032576
2,27,5,0,8,69,2,0,147849039,4286644237,48564191,2228207616,2885189632,42,2863304470,1707032576
1,129,0,0,9,0,2,250,1399111103,4092855807,2147483648,1024,0,0,0,439907072
1,137,0,0,9,23,2,250,1399927044,3267477568,100729407,4159963136,0,0,0,987674880
2,33,1,0,8,51,2,0,145752240,213000,53891937,997949440,2281177088,42,2863288325,348831744
2,29,1,0,8,37,2,0,146800816,213000,53891937,997949440,2281186965,3064465258,2863284763,4249534464
2,26,1,0,8,38,2,0,146800816,213000,53891937,997949440,2281192862,3725510314,2863294022,2089467904
2,27,1,0,8,41,2,0,146800816,213000,53891937,997949440,2281177243,1864533738,2863286081,3255484416
2,21,1,0,8,50,2,0,146800816,213000,53891937,997949440,2281186945,3050702186,2863297965,407552000
1,129,0,0,9,0,2,250,2590623863,2206931280,2860815907,2971011252,901918499,4044572792,1067568352,693366976
1,137,0,0,9,23,2,250,2584215551,4294705152,0,0,512,0,0,1743463168
0,23,0,0,10,4,2,0,583095850,2276444708,771580499,179797894,2288650736,1034174592,1073259103,44804211
0,18,0,0,10,19,2,0,583095850,2276444708,708906635,203573788,368280456,16334999,980045167,22587483
0,24,0,0,10,5,2,0,583095850,2276444708,339710867,244599905,2174207009,3214180947,26703646,2208901199
0,10,0,0,10,20,2,0,583095850,2276444708,205354516,170865638,2863216270,3183575369,2680059947,49162343
0,12,0,0,10,18,2,0,583095850,2276444708,138476388,211254174,2401986508,13189405,2723046466,2225481793
2,19,5,0,8,79,2,0,9786709,1431655765,1431655765,1431846912,2621210624,42,2863312332,2512338944
6,9,0,5,4,12,2,0,1702105342,522216460,293597184,46006275,,,,
6,9,2,5,4,88,2,0,1702105342,522216460,293597184,46006275,,,,
2,29,5,0,8,73,2,0,9786709,1431655765,1431655765,1431846912,2621210624,42,2863312332,2512338944
2,26,5,0,8,76,2,0,9786709,1431655765,1431655765,1431846912,2621210624,42,2863312332,2512338944
2,33,5,0,8,77,2,0,9786709,1431655765,1431655765,1431846912,2621210624,42,2863312332,2512338944
6,6,0,3,4,31,2,0,1702105059,3265291240,291551232,46006275,,,,
6,16,0,6,4,15,2,0,1702105571,3265291240,291721216,46006275,,,,
6,7,0,12,4,17,2,0,1702105059,3265291240,291551232,46006275,,,,
6,10,0,0,4,14,2,0,1702105059,3265291240,291551232,46006275,,,,
6,16,2,6,4,91,2,0,1702105571,3265291240,291721216,46006275,,,,
6,7,2,12,4,100,2,0,1702105059,3265291240,291551232,46006275,,,,
6,21,2,11,4,89,2,0,1702105571,3265291240,291721216,46006275,,,,
2,21,5,0,8,78,2,0,9786709,1431655765,1431655765,1431846912,2621210624,42,2863312332,2512338944
2,27,5,0,8,69,2,0,9786709,1431655765,1431655765,1431846912,2621210624,42,2863312332,2512338944
5,7,0,0,10,2,2,0,583051905,2276442827,443907731,509,2654425050,3123429383,93123461,3207525005
5,2,0,0,10,48,2,0,583051905,2276442827,440581939,106056569,2792011505,2180581830,2269622947,140423833
1,129,0,0,9,0,2,250,3322781692,6290943,4294836191,4261404668,0,536845241,4223375787,2695806848
1,137,0,0,9,23,2,250,3322765308,2096639,3221356511,4261404668,0,536845241,4223375787,3025239808
2,19,1,0,8,56,2,0,9786709,1431655765,1431655765,1431846912,2621227008,42,2863288757,1799307264
2,29,1,0,8,37,2,0,296766683,1722167074,1183916338,807469056,2444161427,3718855530,2863289838,3846946816
2,26,1,0,8,38,2,0,290940930,1445950388,386546391,4121493504,2297601747,3360586154,2863295072,1733017600
2,21,1,0,8,50,2,0,301680083,1755528805,3732284202,1427898368,2620518803,4037800618,2863293402,902545408
2,33,1,0,8,51,2,0,296368746,1138739123,2946187490,2855141376,2608201728,42,2863297711,1410056192
1,129,0,0,9,0,2,250,1393139709,4292869631,3757965279,4261404668,2097151,3221470139,3149636515,369365568
1,137,0,0,9,23,2,250,1393123325,4292869631,3757965279,4261404668,2097151,3221470139,3149636515,444999104
2,33,5,0,8,77,2,0,9786709,1431655765,1431655765,1431846912,2621243392,42,2863303864,3707715584
6,9,0,5,4,12,2,0,1863829740,3904159739,328476672,46006275,,,,
6,9,2,5,4,88,2,0,1863829740,3904159739,328476672,46006275,,,,
2,19,5,0,8,79,2,0,9786709,1431655765,1431655765,1431846912,2621243392,42,2863303864,3707715584
2,27,5,0,8,69,2,0,9786709,1431655765,1431655765,1431846912,2621243392,42,2863303864,3707715584
6,6,0,3,4,31,2,0,1864138822,3904159726,93671424,46006275,,,,
2,26,5,0,8,76,2,0,9786709,1431655765,1431655765,1431846912,2621243392,42,2863303864,3707715584
6,10,0,0,4,14,2,0,1864138822,3904159727,93702144,46006275,,,,
6,16,0,6,4,15,2,0,1864138822,3904159726,93671424,46006275,,,,
6,7,0,12,4,17,2,0,1864138822,3904159726,93671424,46006275,,,,
6,16,2,6,4,91,2,0,1864138822,3904159726,93671424,46006275,,,,
6,7,2,12,4,100,2,0,1864138822,3904159726,93671424,46006275,,,,
6,21,0,11,4,13,2,0,1864138822,3904159726,93671424,46006275,,,,
2,29,5,0,8,73,2,0,9786709,1431655765,1431655765,1431846912,2621243392,42,2863303864,3707715584
6,21,2,11,4,89,2,0,1864138822,3904159726,93671424,46006275,,,,
2,21,5,0,8,78,2,0,9786709,1431655765,1431655765,1431846912,2621243392,42,2863303864,3707715584
2,12,5,0,8,70,2,0,9786709,1431655765,1431655765,1431846912,2621243392,21,1431664582,4018094080
0,23,4,0,10,82,2,67,2338185707,4030686578,2492705007,3174401,3994025091,134078447,385875457,1040120834
0,18,4,0,10,84,2,67,2336874987,4031473010,2507666021,2153224193,3994025602,3489431520,385875457,1040120834
0,12,4,0,10,94,2,67,2335302123,4034227570,2506236495,2147006465,3843027971,3422552064,385875457,1040120834
0,24,4,0,10,96,2,67,2338447851,4028327282,2512150257,2154770432,83886335,1007050847,385875457,1040120834
5,7,4,0,10,86,2,67,2334003691,4037178370,2315255503,4294957056,26869760,38288745,1446792073,0
1,129,0,0,9,0,2,250,2584780797,4292869631,3757834271,4261404669,4292869631,3758078907,2814098363,3097898752
1,137,0,0,9,23,2,250,2584829949,4292869631,3758096351,4261404669,4292869631,3758078907,2814098363,2852045056
3,23,0,0,10,8,2,250,948982138,59249331,622111408,642354,843550081,1237102,194828076,1063694065
3,38,0,0,10,10,2,250,948982138,59249331,622111408,642354,843550081,1237102,194828076,1063694065
3,6,0,0,10,11,2,250,948982138,59249331,622111408,642354,843550081,1237102,194828076,1063694065
3,39,0,0,10,25,2,0,948982138,59249331,622111408,642354,843550081,1237102,194828076,1063694065
3,6,2,0,10,65,2,67,948982138,59249331,622111408,642354,843550081,1237102,194828076,1063694065
3,13,0,0,10,6,2,0,948982138,59249331,622111408,642354,843550081,1237102,194828076,1063694065
3,16,0,0,10,7,2,0,948982138,59249331,622111408,642354,843550081,1237102,194828076,1063694065
3,16,2,0,10,66,2,67,948982138,59249331,622111408,642354,843550081,1237102,194828076,1063694065
3,13,2,0,10,67,2,67,948982138,59249331,622111408,642354,843550081,1237102,194828076,1063694065
3,9,0,0,10,9,2,0,948982138,59249331,622111408,642354,843550081,1237102,194828076,1063694065
3,9,2,0,10,64,2,67,948982138,59249331,622111408,642354,843550081,1237102,194828076,1063694065
2,33,1,0,8,51,2,0,324870839,3634997123,1460186257,222199808,2551037952,42,2863300173,1157693440
2,19,1,0,8,56,2,0,9786709,1431655765,1431655765,1431846912,2621259776,42,2863296705,578764800
2,29,1,0,8,37,2,0,329869051,3635478434,2100735081,889438208,3142939928,2856862698,2863295150,385941504
2,26,1,0,8,38,2,0,328944032,4051124650,1775844151,2979184640,2838081132,2244461546,2863286890,3774939136
2,21,1,0,8,50,2,0,333730458,2858084637,3174724005,3246456832,2554934557,3317826538,2863297852,2298544128
1,129,0,0,9,0,2,250,3329372420,3267477568,100729407,4159963136,0,0,0,17450752
1,137,0,0,9,23,2,250,3328819319,3792572656,1266850837,3769043196,1707273748,3900130138,467715872,456536960
2,29,5,0,8,73,2,0,9786709,1431655765,1431655765,1431846912,2621276160,42,2863305620,3829350400
6,9,0,5,4,12,2,0,1971069153,721450936,330971136,46006275,,,,
6,9,2,5,4,88,2,0,1971069153,721450936,330971136,46006275,,,,
2,33,5,0,8,77,2,0,9786709,1431655765,1431655765,1431846912,2621276160,42,2863305620,3829350400
2,27,5,0,8,69,2,0,9786709,1431655765,1431655765,1431846912,2621276160,42,2863305620,3829350400
6,6,0,3,4,31,2,0,1971069183,1228961684,326289408,46006275,,,,
2,21,5,0,8,78,2,0,9786709,1431655765,1431655765,1431846912,2621276160,42,2863305620,3829350400
6,16,0,6,4,15,2,0,1971069183,1228961684,326289408,46006275,,,,
6,7,0,12,4,17,2,0,1971069183,1228961684,326289408,46006275,,,,
6,16,2,6,4,91,2,0,1971069183,1228961684,326289408,46006275,,,,
6,7,2,12,4,100,2,0,1971069183,1228961684,326289408,46006275,,,,
2,19,5,0,8,79,2,0,9786709,1431655765,1431655765,1431846912,2621276160,42,2863305620,3829350400
6,21,0,11,4,13,2,0,1971069183,1228961684,326289408,46006275,,,,
6,21,2,11,4,89,2,0,1971069183,1228961684,326289408,46006275,,,,
2,26,5,0,8,76,2,0,9786709,1431655765,1431655765,1431846912,2621276160,42,2863305620,3829350400
2,12,5,0,8,70,2,0,9786709,1431655765,1431655765,1431846912,2621276160,21,1431660778,3619635200
1,129,0,0,9,0,2,250,1399457889,582554320,2197995068,4111439992,2779008028,3636888980,648089184,1056766784
1,137,0,0,9,23,2,250,1409024000,0,0,0,0,0,0,25179840
2,33,1,0,8,51,2,0,271518709,4067483870,4168805169,3556769792,2512388096,42,2863291442,2286600192
2,19,1,0,8,56,2,0,9786709,1431655765,1431655765,1431846912,2621292544,42,2863296493,448741376
2,29,1,0,8,37,2,0,282538824,161484083,4021845910,402489344,2659195069,139765034,2863298379,3800743936
2,26,1,0,8,38,2,0,270499635,1414385374,3780847904,2147598336,2819636740,3045235882,2863295289,298500096
2,21,1,0,8,50,2,0,271087167,2209682057,2149176508,4227104768,2401245358,4130325226,2863300234,2827665408
1,129,0,0,9,0,2,250,2600206336,0,0,0,0,0,0,478639936
1,137,0,0,9,23,2,250,2600206336,0,0,0,0,0,0,478639936
0,23,0,0,10,4,2,0,583095850,2276453292,524436,487571029,2148239883,213686482,2302141251,758565803
0,18,0,0,10,19,2,0,583095850,2276453292,276037,2692557631,18922,2823827389,2322309775,863978503
0,25,0,0,10,3,2,0,583095850,2276453292,1073520775,446576939,1182121,2832016163,114068371,228946249
0,24,0,0,10,5,2,0,583095850,2276453292,1071125809,2513387901,2147584447,74666322,2270841686,2376789380
0,10,0,0,10,20,2,0,583095850,2276453292,2818243,790439904,1100349,2578351007,150825053,3203231461
0,12,0,0,10,18,2,0,583095850,2276453292,1073029532,192332710,2147977705,2271457849,2260275024,1034943610
0,28,0,0,10,22,2,0,583095850,2276453292,349675,602636631,2532,186637182,2277262742,2486381670
6,9,0,5,4,12,2,0,2119086473,4277452774,201736192,46006275,,,,
6,9,2,5,4,88,2,0,2119086473,4277452774,201736192,46006275,,,,
2,19,5,0,8,79,2,0,9786709,1431655765,1431655765,1431846912,2621308928,42,2863312835,1891581952
6,6,0,3,4,31,2,0,2119151843,4285841376,101023744,46006275,,,,
2,29,5,0,8,73,2,0,9786709,1431655765,1431655765,1431846912,2621308928,42,2863312835,1891581952
6,16,0,6,4,15,2,0,2119151843,4285841376,101023744,46006275,,,,
6,7,0,12,4,17,2,0,2119151843,4285841376,101023744,46006275,,,,
2,26,5,0,8,76,2,0,9786709,1431655765,1431655765,1431846912,2621308928,42,2863312835,1891581952
6,16,2,6,4,91,2,0,2119151843,4285841376,101023744,46006275,,,,
6,7,2,12,4,100,2,0,2119151843,4285841376,101023744,46006275,,,,
6,21,0,11,4,13,2,0,2119151843,4285841376,101023744,46006275,,,,
2,33,5,0,8,77,2,0,9786709,1431655765,1431655765,1431846912,2621308928,42,2863312835,1891581952
2,21,5,0,8,78,2,0,9786709,1431655765,1431655765,1431846912,2621308928,42,2863312835,1891581952
2,12,5,0,8,70,2,0,9786709,1431655765,1431655765,1431846912,2621308928,21,1431655613,1128218624
5,3,0,0,10,1,2,0,583051905,2276451139,1067759469,3038582781,2151368448,665326462,2374217771,106915096
5,7,0,0,10,2,2,0,583051905,2276451139,8953739,390013907,1050312764,50911563,26590574,2466316392
5,2,0,0,10,48,2,0,583051905,2276451139,1072883098,2939279841,3214935844,340660603,906211273,2554530845
1,129,0,0,9,0,2,250,3322847228,6290943,4294836191,4261404668,0,536845241,4223375787,2460377472
1,137,0,0,9,23,2,250,3322830844,2096639,3221356511,4261404668,0,536845241,4223375787,2254020864
2,19,1,0,8,56,2,0,9786709,1431655765,1431655765,1431846912,2621325312,42,2863289274,2386509824
2,29,1,0,8,37,2,0,9786709,1431655765,1431655765,1431846912,2621332434,2272374698,2863290873,2630598656
2,26,1,0,8,38,2,0,9786709,1431655765,1431655765,1431846912,2621341529,1186044970,2863289735,499892224
2,21,1,0,8,50,2,0,9786709,1431655765,1431655765,1431846912,2621332434,2238817322,2863285046,3536568320
2,33,1,0,8,51,2,0,9786709,1431655765,1431655765,1431846912,2621325312,42,2863289274,2383134720
1,129,0,0,9,0,2,250,1393205245,4292869631,3757965279,4261404668,2097151,3221470139,3149636515,604818496
1,137,0,0,9,23,2,250,1393188861,4292869631,3757965279,4261404668,2097151,3221470139,3149636515,680459200
2,33,5,0,8,77,2,0,9786709,1431655765,1431655765,1431846912,2621341696,42,2863313135,1216299008
6,9,0,5,4,12,2,0,135585852,1576825112,1612535808,46006276,,,,
6,9,2,5,4,88,2,0,135585852,1576825112,1612535808,46006276,,,,
2,19,5,0,8,79,2,0,9786709,1431655765,1431655765,1431846912,2621341696,42,2863313135,1216299008
6,6,0,3,4,31,2,0,135587151,342372102,676456448,46006276,,,,
2,29,5,0,8,73,2,0,9786709,1431655765,1431655765,1431846912,2621341696,42,2863313135,1216299008
6,16,0,6,4,15,2,0,135586024,1234202520,2851958784,46006276,,,,
6,7,0,12,4,17,2,0,135587209,3470819529,375670784,46006276,,,,
6,7,2,12,4,100,2,0,135587209,3470819529,375670784,46006276,,,,
6,21,0,11,4,13,2,32,135586856,2694054302,1495308288,46006276,,,,
2,26,5,0,8,76,2,0,9786709,1431655765,1431655765,1431846912,2621341696,42,2863313135,1216299008
6,21,2,11,4,89,2,0,135586856,2694054302,1495308288,46006276,,,,
2,12,5,0,8,70,2,0,9786709,1431655765,1431655765,1431846912,2621341696,21,1431653265,2080325632
2,21,5,0,8,78,2,0,9786709,1431655765,1431655765,1431846912,2621341696,42,2863313135,1216299008
1,129,0,0,9,0,2,250,2584846333,4292869631,3757834271,4261404669,4292869631,3758078907,2814098363,2312146752
1,137,0,0,9,23,2,250,2584895485,4292869631,3758096351,4261404669,4292869631,3758078907,2814098363,2616598272
3,23,0,0,10,8,2,250,948965747,60821573,135540119,755954455,791287207,969478346,238165962,134241023
3,32,0,0,10,24,2,250,948965747,60821573,135540119,758939571,120198599,969478346,238165962,134234612
3,38,0,0,10,10,2,0,948965747,60821573,135540119,755154980,740955511,969478346,238165962,134222069
3,6,0,0,10,11,2,0,948965747,60817472,135540119,755322659,808064439,969478346,238165962,134231283
3,39,0,0,10,25,2,0,948965747,60821573,135540119,755310895,304747863,969478346,238165962,134250490
3,6,2,0,10,65,2,67,948965747,60817472,135540119,755322659,808064439,969478346,238165962,134231283
3,13,0,0,10,6,2,0,948965747,60817472,135540119,758771897,455742727,969478346,238165962,134247668
3,16,0,0,10,7,2,0,948965747,60817472,135540119,759058614,808064439,969478346,238165962,134235122
3,16,2,0,10,66,2,67,948965747,60817472,135540119,759058614,808064439,969478346,238165962,134235122
3,13,2,0,10,67,2,67,948965747,60817472,135540119,758771897,455742727,969478346,238165962,134247668
3,9,0,0,10,9,2,0,948965747,60817472,135540119,755245091,657069399,969478346,238165962,134250490
3,9,2,0,10,64,2,0,948965747,60817472,135540119,755245091,657069399,969478346,238165962,134250490
2,33,1,0,8,51,2,0,9786709,1431655765,1431655765,1431846912,2621358080,42,2863287446,3066101760
2,19,1,0,8,56,2,0,9786709,1431655765,1431655765,1431846912,2621358080,42,2863287446,3070181376
2,29,1,0,8,37,2,0,9786709,1431655765,1431655765,1431846912,2621363468,4096750058,2863296927,2285961216
2,26,1,0,8,38,2,0,9786709,1431655765,1431655765,1431846912,2621363637,1408821290,2863293798,3703635968
2,12,1,0,8,40,2,0,9786709,1431655765,1431655765,1431846912,2621365914,1426189738,2863290939,461324288
2,21,1,0,8,50,2,0,9786709,1431655765,1431655765,1431846912,2621363461,1070835562,2863285961,406913024
1,129,0,0,9,0,2,250,3328463239,3958246143,1073741824,1024,0,0,0,722372736
1,137,0,0,9,23,2,250,3328463239,3958246143,1073741824,512,0,0,0,602722816
2,29,5,0,8,73,2,0,34032891,4041902532,2774783516,550879232,2220376064,42,2863304309,1786724352
6,9,0,5,4,12,2,0,278201396,1537479075,3847940096,46006276,,,,
2,33,5,0,8,77,2,0,34027454,725944876,4152224309,3608412160,3194568704,42,2863311620,2277457920
6,9,2,5,4,88,2,0,278201396,1537479075,3847940096,46006276,,,,
2,26,5,0,8,76,2,0,34043832,1294191131,1937026214,2698723328,3199025152,42,2863316406,1623146496
6,6,0,3,4,31,2,0,278201386,889718389,3712688128,46006276,,,,
6,10,0,0,4,14,2,0,278200482,690246634,3837767680,46006276,,,,
6,16,0,6,4,15,2,32,278201592,1945109585,3160928256,46006276,,,,
6,22,0,4,4,16,2,32,278200453,1725699363,3888541696,46006276,,,,
6,7,0,12,4,17,2,32,278201426,1961364168,1800556544,46006276,,,,
2,19,5,0,8,79,2,0,33950987,3490941412,540119006,1725005824,2229747712,42,2863312887,1501511680
6,7,2,12,4,100,2,0,278201426,1961364168,1800556544,46006276,,,,
2,21,5,0,8,78,2,0,34038368,386681295,351109408,3592634368,3163504640,42,2863304072,3598663680
6,21,0,11,4,13,2,32,278201545,3604764181,862380032,46006276,,,,
2,12,5,0,8,70,2,0,34043838,1702578724,3773004493,3903029248,3207282688,21,1431652972,377438208
1,129,0,0,9,0,2,250,1400005891,3252768832,134054112,535954560,0,0,0,872635904
1,137,0,0,9,23,2,250,1399940355,3252764736,167608512,535954560,0,0,0,821819200
2,33,1,0,8,51,2,0,17237518,3313126362,3289795,2852438016,2479144960,42,2863298347,51036160
2,19,1,0,8,56,2,0,17171942,3480825417,301231,2852438016,3081355264,42,2863299500,431964160
2,29,1,0,8,37,2,0,17253912,3810207125,3084005,2852438016,2730213698,3286275562,2863287720,3674914816
2,26,1,0,8,38,2,0,17253912,3719686053,3310306,2852438016,2506019652,3286275562,2863285418,994754560
2,12,1,0,8,40,2,0,17253912,1688641081,1735199,2852438016,2495529544,1138791914,2863289495,2323595264
2,21,1,0,8,50,2,0,17253912,3785081110,751344,2852438016,2871116103,3286275562,2863291324,1347076096
1,129,0,0,9,0,2,250,2588450560,0,4261413119,3221258224,4193280,536608775,4286579711,2606745088
1,137,0,0,9,23,2,250,2600206336,0,0,0,0,0,0,478639936
0,23,0,0,10,4,2,0,583095850,2276461776,531675962,2380780573,2531634163,829280136,612195006,3075506343
0,18,0,0,10,19,2,0,583095850,2276461776,531675962,2380780573,2531634163,829280136,612195006,3075506343
0,25,0,0,10,3,2,0,583095850,2276461776,531675962,2380780573,2531634163,829280136,612195006,3075506343
0,24,0,0,10,5,2,0,583095850,2276461776,531675962,2380780573,2531634163,829280136,612195006,3075506343
0,10,0,0,10,20,2,0,583095850,2276461776,531675962,2380780573,2531634163,829280136,612195006,3075506343
0,12,0,0,10,18,2,0,583095850,2276461776,531675962,2380780573,2531634163,829280136,612195006,3075506343
0,28,0,0,10,22,2,0,583095850,2276461776,531675962,2380780573,2531634163,829280136,612195006,3075506343
0,32,0,0,10,36,2,0,583095850,2276461776,531675962,2380780573,2531634163,829280136,612195006,3075506343
2,19,5,0,8,79,2,0,67506944,50341655,2551417525,2147647488,2629844992,42,2863303768,3057598464
6,9,0,5,4,12,2,0,469873083,2590786666,2816137216,46006276,,,,
6,9,2,5,4,88,2,0,469873083,2590786666,2816137216,46006276,,,,
6,6,0,3,4,31,2,0,503395581,3376714435,3097210880,46006276,,,,
2,29,5,0,8,73,2,0,67591424,100658712,1677643758,2952773632,2189443072,42,2863307173,4236197888
6,16,0,6,4,15,2,0,469807351,1456247541,1245718528,46006276,,,,
6,22,0,4,4,16,2,0,469841321,2710063131,2699046912,46006276,,,,
6,7,0,12,4,17,2,0,469807156,2956744315,410353664,46006276,,,,
6,7,2,12,4,100,2,0,469807156,2956744315,410353664,46006276,,,,
2,26,5,0,8,76,2,0,67590911,4194290968,1610674999,1342210048,3208658944,42,2863300846,2218737664
6,21,0,11,4,13,2,0,503461261,3945294686,3708483584,46006276,,,,
2,33,5,0,8,77,2,0,67576319,3506441496,939526980,402636800,2944417792,42,2863315223,2415869952
6,21,2,11,4,89,2,0,503461261,3945294686,3708483584,46006276,,,,
2,12,5,0,8,70,2,0,67587327,3808434200,1677718549,3489644544,2717925376,21,1431659132,1577009152
2,21,5,0,8,78,2,0,67589631,4244630040,1677346816,2684338176,2520793088,42,2863311613,733954048
5,3,0,0,10,1,2,0,583051905,2276459583,1020614069,3187938329,3203929123,1056440340,0,0
5,7,0,0,10,2,2,0,583051905,2276459583,1020614069,3187938329,3203929123,1056440340,0,0
5,2,0,0,10,48,2,0,583051905,2276459583,1020614069,3187938329,3203929123,1056440340,0,0
1,129,0,0,9,0,2,250,3322716156,6290943,4294836191,4261404668,0,536845241,4223375787,2446860224
1,137,0,0,9,23,2,250,3322699772,2096639,3221356511,4261404668,0,536845241,4223375787,2233982784
2,33,1,0,8,51,2,0,50806768,2949082624,872454090,1493188608,2660941824,42,2863299722,3008086016
2,19,1,0,8,56,2,0,50741233,2760352830,2365865413,1618870272,2530918400,42,2863285149,2038382592
2,29,1,0,8,37,2,0,50823153,1334329214,1350853317,389922816,2413493604,1912718442,2520018110,3712729088
2,26,1,0,8,38,2,0,50823152,998756032,2487239626,2822799360,3143297636,1912718442,2863285861,109821952
2,12,1,0,8,40,2,0,50823152,3204938304,1187024138,1770012672,2740649508,1912718442,2863294975,3971956736
2,21,1,0,8,50,2,0,50823153,1560846849,969202756,2181136384,2245721444,1912718442,2863290556,2483798016
1,129,0,0,9,0,2,250,1393074173,4292869631,3757965279,4261404668,2097151,3221470139,3149636515,661828096
1,137,0,0,9,23,2,250,1393057789,4292869631,3757965279,4261404668,2097151,3221470139,3149636515,737183104
2,33,5,0,8,77,2,0,117440511,4278190081,303584905,3796025344,2717941760,42,2863300935,2487173120
6,9,0,5,4,12,2,0,613827956,5386,1764659200,46006276,,,,
6,9,2,5,4,88,2,0,613827956,5386,1764659200,46006276,,,,
2,19,5,0,8,79,2,0,117440511,4278190081,303584905,3796025344,2717941760,42,2863300935,2487173120
2,29,5,0,8,73,2,0,117440511,4278190081,303584905,3796025344,2717941760,42,2863300935,2487173120
6,7,0,12,4,17,2,0,607898946,266,1760495616,46006276,,,,
6,7,2,12,4,100,2,0,607898946,266,1760495616,46006276,,,,
2,26,5,0,8,76,2,0,117440511,4278190081,303584905,3796025344,2717941760,42,2863300935,2487173120
6,21,2,11,4,89,2,0,545433921,4874,1789585408,46006276,,,,
2,21,5,0,8,78,2,0,117440511,4278190081,303584905,3796025344,2717941760,42,2863300935,2487173120
2,12,5,0,8,70,2,0,117440511,4278190081,303584905,3796025344,2717941760,21,1431665209,2814328832
0,23,4,0,10,82,2,67,2338197996,4154738,2492705007,3174401,4288544512,38215689,1446792073,0
0,18,4,0,10,84,2,67,2336887276,4941170,2507666021,2153224193,4288544512,38215689,1446792073,0
0,12,4,0,10,94,2,67,2335310316,7695730,2506236495,2147006464,1912614610,3732276506,3639588352,1621538829
0,25,4,0,10,95,2,67,2338718188,8874226,2491014368,4293838848,2617257584,3463841046,3404707328,1625065485
0,24,4,0,10,96,2,67,2338456044,1795442,2512150257,2154770432,1912614610,3732276506,3639588352,1621538829
0,10,4,0,10,83,2,67,2334786028,9365746,2507088998,4291549184,2617257584,3463841046,3404707328,1625065485
5,3,4,0,10,85,2,67,2332963308,10646530,2315210545,4294723584,796300646,0,0,0
5,7,4,0,10,86,2,67,2334011884,10646530,2315255503,4294957056,796300646,0,0,0
5,2,4,0,10,99,2,67,2332701164,10646530,2315254611,2147457024,796300646,0,0,0
1,129,0,0,9,0,2,250,2584911869,4292869631,3757834271,4261404669,4292869631,3758078907,2814098363,3151515968
1,137,0,0,9,23,2,250,2584764413,4292869631,3758096351,4261404669,4292869631,3758078907,2814098363,2559074624
3,23,0,0,10,8,2,250,948969841,62439187,150955401,801686412,108265609,519306997,61030469,898105183
3,32,0,0,10,24,2,250,948969841,62424855,32936175,888041144,643825776,597503822,66953378,930478701
3,6,0,0,10,11,2,0,948969841,62407185,771466330,918560049,439356157,287846027,74301349,977009498
3,39,0,0,10,25,2,0,948969841,62405915,821721405,136473406,326633257,578305997,75792307,1001585302
3,6,2,0,10,65,2,67,948969841,62407185,771466330,918560049,439356157,287846027,74301349,977009498
3,13,0,0,10,6,2,0,948969841,62396446,48265299,187589845,935070647,755083042,34218055,658039606
3,16,0,0,10,7,2,0,948969841,62406174,1073417971,371268231,283644611,642525066,76562397,971438655
3,16,2,0,10,66,2,67,948969841,62406174,1073417971,371268231,283644611,642525066,76562397,971438655
3,13,2,0,10,67,2,67,948969841,62396446,48265299,187589845,935070647,755083042,34218055,658039606
3,9,0,0,10,9,2,0,948969841,62407185,217837411,894725845,1044651677,80126725,74031014,964950858
3,9,2,0,10,64,2,67,948969841,62407185,217837411,894725845,1044651677,80126725,74031014,964950858
2,33,1,0,8,51,2,0,88530624,51412095,134917166,539656192,2863300608,42,2863293696,3011575808
2,19,1,0,8,56,2,0,88530624,51412159,671788078,539656192,2863300608,42,2863300123,2466201600
2,29,1,0,8,37,2,0,88530624,51412383,1879747630,539656192,2863302890,1548456264,3865268929,520159232
2,26,1,0,8,38,2,0,88530624,51411966,3893013550,539656192,2863305706,1548456298,2863299913,3871408128
2,21,1,0,8,50,2,0,88530624,51380288,403352622,539656192,2863302890,1548456298,2863294658,264306688
1,129,0,0,9,0,2,250,3338403840,0,0,0,0,0,0,140252864
1,137,0,0,9,23,2,250,3328823369,2184056440,466492517,3536163368,1998784790,1352828086,584056864,265820928
2,19,5,0,8,79,2,0,9786709,1431655765,1431655765,1431846912,2621472768,42,2863306522,3774824448
6,9,0,5,4,12,2,0,714702848,270336,2099200,46006276,,,,
2,29,5,0,8,73,2,0,9786709,1431655765,1431655765,1431846912,2621472768,42,2863306522,3774824448
6,9,2,5,4,88,2,0,714702848,270336,2099200,46006276,,,,
2,26,5,0,8,76,2,0,9786709,1431655765,1431655765,1431846912,2621472768,42,2863306522,3774824448
2,33,5,0,8,77,2,0,9786709,1431655765,1431655765,1431846912,2621472768,42,2863306522,3774824448
2,21,5,0,8,78,2,0,9786709,1431655765,1431655765,1431846912,2621472768,42,2863306522,3774824448
6,10,0,0,4,14,2,0,714768384,204800,1388544,46006276,,,,
6,7,0,12,4,17,2,0,714768384,139264,1052672,46006276,,,,
6,7,2,12,4,100,2,0,714768384,139264,1052672,46006276,,,,
6,21,0,11,4,13,2,0,714768384,139264,2099200,46006276,,,,
1,129,0,0,9,0,2,250,1409024000,0,0,0,0,0,0,25179840
1,137,0,0,9,23,2,250,1409024000,0,0,0,0,0,0,25179840
2,33,1,0,8,51,2,0,9786709,1431655765,1431655765,1431846912,2621489152,42,2863295331,508215296
2,19,1,0,8,56,2,0,9786709,1431655765,1431655765,1431846912,2621489152,42,2863295331,511655936
2,29,1,0,8,37,2,0,9786709,1431655765,1431655765,1431846912,2621502682,3922154624,4048576630,1502265344
2,26,1,0,8,38,2,0,9786709,1431655765,1431655765,1431846912,2621496090,3922154666,2863286709,4174036992
2,21,1,0,8,50,2,0,9786709,1431655765,1431655765,1431846912,2621502682,3922154666,2863294232,705347584
1,129,0,0,9,0,2,250,2586054719,536726334,871183110,537176639,4068996907,4263444480,11904,889028864
1,137,0,0,9,23,2,250,2600206336,0,0,0,0,0,0,478639936
0,18,0,0,10,19,2,0,583095850,2276470104,371465417,2390667053,3209740343,675492832,353563580,189726084
0,25,0,0,10,3,2,0,583095850,2276470104,371465951,331263844,1062289471,675493247,353442082,2337267541
0,10,0,0,10,20,2,0,583095850,2276470104,371465951,331263844,1062289471,675493247,353442082,2337267541
0,12,0,0,10,18,2,0,583095850,2276470104,371465370,2390667134,3209740343,675492832,353563466,2337209773
0,28,0,0,10,22,2,0,583095850,2276470104,371465417,2390667053,3209740343,675492832,353563580,189726084
6,9,0,5,4,12,2,0,897849026,2356191308,430948352,46006276,,,,
6,9,2,5,4,88,2,0,897849026,2356191308,430948352,46006276,,,,
2,19,5,0,8,79,2,0,9786709,1431655765,1431655765,1431846912,2621505536,42,2863314542,2847883264
2,29,5,0,8,73,2,0,9786709,1431655765,1431655765,1431846912,2621505536,42,2863314542,2847883264
2,26,5,0,8,76,2,0,9786709,1431655765,1431655765,1431846912,2621505536,42,2863314542,2847883264
6,7,0,12,4,17,2,0,897848544,2863702056,427763712,46006276,,,,
2,33,5,0,8,77,2,0,9786709,1431655765,1431655765,1431846912,2621505536,42,2863314542,2847883264
6,7,2,12,4,100,2,0,897848544,2863702056,427763712,46006276,,,,
2,21,5,0,8,78,2,0,9786709,1431655765,1431655765,1431846912,2621505536,42,2863314542,2847883264
5,3,0,0,10,1,2,0,583051905,2276468151,824069363,359212478,3217343514,2998580808,144409145,2954970156
5,7,0,0,10,2,2,0,583051905,2276468151,824069363,359212478,3217343514,2998580808,144409145,2954970156
1,128,0,0,9,21,2,94,3322470399,4255120895,3757965279,4294811647,4276091904,1610591163,3148060603,2724496704
1,129,0,0,9,0,2,250,3322781692,6290943,4294836191,4261404668,0,536845241,4223375787,2695806848
1,137,0,0,9,23,2,250,3322765308,2096639,3221356511,4261404668,0,536845241,4223375787,3025239808
2,33,1,0,8,51,2,0,271518709,4067483870,4168805169,3556769792,2512388096,42,2863291442,2286665728
2,19,1,0,8,56,2,0,9786709,1431655765,1431655765,1431846912,2621521920,42,2863286807,1463762944
2,29,1,0,8,37,2,0,282538824,161484083,4021845910,402489344,2659195124,3145728015,33710599,1863041024
2,26,1,0,8,38,2,0,270499635,1414385374,3780847904,2147598336,2819631604,3145728042,2863299851,1212923904
2,21,1,0,8,50,2,0,271087167,2209682057,2149176508,4227104768,2401245428,3145728042,2863289730,2961948672
1,128,0,0,9,21,2,94,1393483773,4292869631,4294049759,4261404671,4290771967,536853433,2075891111,2711331008
1,129,0,0,9,0,2,250,1393139709,4292869631,3757965279,4261404668,2097151,4294949819,3149636515,403789760
1,137,0,0,9,23,2,250,1393123325,4292869631,3757965279,4261404668,2097151,3221470139,3149636515,444999104
2,33,5,0,8,77,2,0,17237518,3313126362,3289795,2852438016,2479144960,42,2863313933,2126462976
6,9,0,5,4,12,2,0,1066306090,3795107791,233973760,46006276,,,,
6,9,2,5,4,88,2,0,1066306090,3795107791,233973760,46006276,,,,
2,19,5,0,8,79,2,0,17171942,3480825417,301231,2852438016,3081355264,42,2863315082,1681866752
6,7,2,12,4,100,2,0,1066496388,3816079300,32559104,46006276,,,,
6,10,0,0,4,14,2,0,1066496388,3816079301,32524288,46006276,,,,
2,29,5,0,8,73,2,0,17253912,3810207125,3084005,2852438016,2730213376,42,2863309175,3338616832
2,26,5,0,8,76,2,0,17253912,3719686053,3310306,2852438016,2506014720,42,2863305146,922697728
2,21,5,0,8,78,2,0,17253912,3785081110,751344,2852438016,2871115776,42,2863309202,2352955392
1,129,0,0,9,0,2,250,2584780797,4292869631,3757834271,4261404669,4292869631,3758078907,2814098363,3097898752
1,137,0,0,9,23,2,250,2584829949,4292869631,3758096351,4261404669,4292869631,3758078907,2814098363,2852045056
3,23,0,0,10,8,2,250,948973950,64056662,676131818,352714900,28310793,703987586,970939044,232092216
3,32,0,0,10,24,2,250,948973950,64056662,676347323,923041651,975175065,900726703,924893369,590173105
3,6,0,0,10,11,2,250,948973950,64056662,676146925,969736390,42467119,403963718,832634226,731456432
3,39,0,0,10,25,2,250,948973950,64056662,676233964,345407498,40894271,436600916,29443650,725251113
3,6,2,0,10,65,2,67,948973950,64056662,676146925,969736390,42467119,403963718,832634226,731456432
3,13,0,0,10,6,2,250,948973950,64056662,676675005,537231512,161480543,410517311,457119332,545459654
3,16,0,0,10,7,2,250,948973950,64056662,676230121,535003196,65535999,437256047,786493654,731468977
3,16,2,0,10,66,2,67,948973950,64056662,676230121,535003196,65535999,437256047,786493654,731468977
3,13,2,0,10,67,2,67,948973950,64056662,676675005,537231512,161480543,410517311,457119332,545459654
3,9,0,0,10,9,2,250,948973950,64056662,676175337,138542923,994574303,397934367,302040486,735471408
3,9,2,0,10,64,2,67,948973950,64056662,676175337,138542923,994574303,397934367,302040486,735471408
2,33,1,0,8,51,2,0,34027454,725944876,4152224309,3608412160,3194568704,42,2863294498,4194369536
2,19,1,0,8,56,2,0,33950987,3490941412,540119006,1725005824,2229747712,42,2863295697,620707840
2,29,1,0,8,37,2,0,34032891,4041902532,2774783516,550879232,2220384421,2727313258,2863298385,2055274496
2,26,1,0,8,38,2,0,34043832,1294191131,1937026214,2698723328,3199033479,3303344298,2863295551,2621505536
2,21,1,0,8,50,2,0,34038368,386681295,351109408,3592634368,3163512973,3350313130,2863299593,1161887744
1,128,0,0,9,21,2,94,3338405120,2670469,702545952,4194304,0,0,0,69589952
1,137,0,0,9,23,2,250,3338403840,0,0,0,0,0,0,140252864
2,29,5,0,8,73,2,0,50823153,1334329214,1350853317,389922816,2413477888,42,2863305042,1581203456
6,9,0,5,4,12,2,0,1166835624,1935721240,637716480,46006276,,,,
6,9,2,5,4,88,2,0,1166835624,1935721240,637716480,46006276,,,,
2,33,5,0,8,77,2,0,50806768,2949082624,872454090,1493188608,2660941824,42,2863316908,3472834560
2,19,5,0,8,79,2,0,50741233,2760352830,2365865413,1618870272,2530918400,42,2863300795,83836928
2,26,5,0,8,76,2,0,50823152,998756032,2487239626,2822799360,3143286784,42,2863312748,1199521792
2,21,5,0,8,78,2,0,50823153,1560846849,969202756,2181136384,2245705728,42,2863308310,1275019264
6,10,0,0,4,14,2,0,1200714116,3816079301,32524288,46006276,,,,
6,22,0,4,4,16,2,0,1200714116,3816079300,32559104,46006276,,,,
1,128,0,0,9,21,2,94,1409025280,1427774044,3357350236,3708296025,1557977177,3645380766,1209126993,4237060416
1,129,0,0,9,0,2,250,1409024000,0,0,0,0,0,0,25179840
1,137,0,0,9,23,2,250,1409024000,0,0,0,0,0,0,25179840
2,33,1,0,8,51,2,0,67576319,3506441496,939526980,402636800,2944417792,42,2863299121,4064985088
2,19,1,0,8,56,2,0,67506944,50341655,2551417525,2147647488,2629844992,42,2863288190,3418308608
2,26,1,0,8,38,2,0,67590911,4194290968,1610674999,1342210048,3208659096,1409925930,2863296204,554352640
2,21,1,0,8,50,2,0,67589631,4244630040,1677346816,2684338176,2520793416,998634858,2863288561,3477782528
1,128,0,0,9,21,2,94,2584789027,4288675327,4291035125,1006149629,4292869631,3757939642,398196735,3859546624
1,129,0,0,9,0,2,250,2584215551,4294705152,0,0,131072,0,0,3130139072
1,137,0,0,9,23,2,250,2585547775,4294967295,4294967295,4294967295,4294967295,4294967295,4294967295,3235252736
0,18,0,0,10,19,2,0,583095850,2276477276,358875272,46769631,427102060,122255709,2664168340,709240609
0,25,0,0,10,3,2,0,583095850,2276477276,358875181,2194253302,2574585669,2269739380,516670229,2256938770
0,10,0,0,10,20,2,0,583095850,2276477276,358875181,2194253302,2574585669,2269739380,516669776,201729845
0,32,0,0,10,36,2,0,583095850,2276477276,358875181,2194253302,2574585669,2269739380,516669613,2269521714
6,9,0,5,4,12,2,0,1331845793,297058266,2521163776,46006276,,,,
6,9,2,5,4,88,2,0,1331845793,297058266,2521163776,46006276,,,,
2,29,5,0,8,73,2,0,88530624,51412383,1879747630,558530560,2863300608,42,2863312353,197083136
2,26,5,0,8,76,2,0,88530624,51411966,3893013550,558530560,2863300608,42,2863311915,2755608576
6,22,0,4,4,16,2,0,1331749371,305446876,2487554048,46006276,,,,
6,10,0,0,4,14,2,0,1331749371,305446876,2487554048,46006276,,,,
6,22,2,4,4,90,2,0,1331749371,305446876,2487554048,46006276,,,,
2,33,5,0,8,77,2,0,88530624,51412095,134917166,558530560,2863300608,42,2863303943,1753169920
6,21,0,11,4,13,2,0,1331749371,305446876,2487554048,46006276,,,,
2,19,5,0,8,79,2,0,88530624,51412159,671788078,558530560,2863300608,42,2863306268,1228881920
2,21,5,0,8,78,2,0,88530624,51380288,403352622,558530560,2863300608,42,2863315632,2344566784
5,3,0,0,10,1,2,0,583051905,2276475315,359154135,536870954,2147483689,2147483689,2147483770,2588274400
5,7,0,0,10,2,2,0,583051905,2276475315,359154135,536870954,2147483689,2147483689,2147499430,2588274400
1,128,0,0,9,21,2,94,3322535935,4250926591,3757965279,4294828031,4280286208,2684332987,3148060603,2633653312
1,129,0,0,9,0,2,250,3322847228,6290943,4294836191,4261404668,0,536845241,4223375787,2460377472
1,137,0,0,9,23,2,250,3322830844,2096639,3221356511,4261404668,0,536845241,4223375787,2254020864
2,33,1,0,8,51,2,0,117440511,4278190081,303584905,3796025344,2719383552,42,2863288125,474726400
2,19,1,0,8,56,2,0,117440511,4278190081,303584905,3796025344,2719383552,42,2863288125,478101504
2,26,1,0,8,38,2,0,117440511,4278190081,303584905,3796025344,2719385400,1348401514,2863287548,1783349248
1,128,0,0,9,21,2,94,1393352701,4292869631,4294311903,4261404671,4286578687,1610595257,2075891111,2795888704
1,129,0,0,9,0,2,250,1393205245,4292869631,3757965279,4261404668,2097151,4294949819,3149636515,706316736
1,137,0,0,9,23,2,250,1393188861,4292869631,3757965279,4261404668,2097151,3221470139,3149636515,680459200
2,33,5,0,8,77,2,0,163093328,3875533567,4027711712,776044544,2314747904,42,2863306242,2311012352
2,19,5,0,8,79,2,0,158897988,3305108223,4027711696,776044544,2952282112,42,2863315923,499073024
6,9,0,5,4,12,2,0,1435793858,2850085888,646184960,46006276,,,,
6,9,2,5,4,88,2,0,1435793858,2850085888,646184960,46006276,,,,
6,22,0,4,4,16,2,0,1435793828,2345720840,648046592,46006276,,,,
6,22,2,4,4,90,2,0,1435793828,2345720840,648046592,46006276,,,,
2,26,5,0,8,76,2,0,164142163,3976196863,4027711712,776028160,3220717568,42,2863306807,1979662336
6,21,0,11,4,13,2,0,1435793828,2345720840,648046592,46006276,,,,
0,18,4,0,10,84,2,67,2336793068,288015435,2024079507,260047495,1392756735,2484197935,3487045452,162147137
0,25,4,0,10,95,2,67,2338628076,288015495,1889862057,2617245763,3278626815,3708688996,2962240399,318552282
0,10,4,0,10,83,2,67,2334695916,288015502,4037345377,2642411790,1652858879,3234615164,443034616,2252769264
5,3,4,0,10,85,2,67,2332860908,288014498,1621230038,2923434759,1909975038,2214484882,820589428,2964521067
5,7,4,0,10,86,2,67,2333909484,288014498,1688371199,3951034368,0,30605,3556245681,2658391344
1,128,0,0,9,21,2,94,2600207616,2421393429,425220936,337320280,1557743642,1507564508,2571108352,124227136
1,129,0,0,9,0,2,250,2584846333,4292869631,3757834271,4261404669,4292869631,3758078907,2814098363,2312146752
1,137,0,0,9,23,2,250,2584895485,4292869631,3758096351,4261404669,4292869631,3758078907,2814098363,2616598272
3,23,0,0,10,8,2,250,948978037,65542092,183194780,3588269,128507035,809345489,58382075,862005
3,32,0,0,10,24,2,250,948978037,65542092,183194780,3588269,128507035,809345489,58382075,862005
3,6,0,0,10,11,2,250,948978037,65542092,183194780,3588269,128507035,809345489,58382075,862005
3,39,0,0,10,25,2,32,948978037,65542092,183194780,3588269,128507035,809345489,58382075,862005
3,6,2,0,10,65,2,67,948978037,65542092,183194780,3588269,128507035,809345489,58382075,862005
3,13,0,0,10,6,2,32,948978037,65542092,183194780,3588269,128507035,809345489,58382075,862005
3,16,0,0,10,7,2,32,948978037,65542092,183194780,3588269,128507035,809345489,58382075,862005
3,16,2,0,10,66,2,67,948978037,65542092,183194780,3588269,128507035,809345489,58382075,862005
3,13,2,0,10,67,2,67,948978037,65542092,183194780,3588269,128507035,809345489,58382075,862005
3,9,0,0,10,9,2,32,948978037,65542092,183194780,3588269,128507035,809345489,58382075,862005
3,9,2,0,10,64,2,67,948978037,65542092,183194780,3588269,128507035,809345489,58382075,862005
2,33,1,0,8,51,2,0,163093466,2919251200,406192368,569901056,2582462464,42,2863288200,3707830272
2,19,1,0,8,56,2,0,158898126,2264939776,406192352,569901056,2213363712,42,2863288575,1560231936
1,128,0,0,9,21,2,94,3323753471,4294967295,4294967295,4294967295,4294967295,3221225472,0,1022944192
2,26,1,0,8,38,2,0,164142301,3053468928,406192368,569901056,2683135425,2213101610,2863298554,4022403072
2,21,1,0,8,50,2,0,164142301,3053468928,406192368,569901056,2683130436,3287666538,2863294020,2881552384
1,129,0,0,9,0,2,250,3328487663,4294837247,0,1024,0,0,0,222251008
1,137,0,0,9,23,2,250,3328487663,4294837247,0,512,0,0,0,98374272
6,9,0,5,4,12,2,0,1559546673,1182056450,2513653760,46006276,,,,
2,33,5,0,8,77,2,0,179519423,3815824895,3120546047,2835382272,2978316288,42,2863300817,1597980672
6,9,2,5,4,88,2,0,1559546673,1182056450,2513653760,46006276,,,,
2,19,5,0,8,79,2,0,175325119,3814226431,3120546047,2835382272,2978316288,42,2863311694,3942596608
6,10,0,0,4,14,2,0,1559585419,1169473540,2479923200,46006276,,,,
6,22,0,4,4,16,2,0,1559585419,1169473540,2479923200,46006276,,,,
6,21,0,11,4,13,2,0,1559585419,1169473540,2479923200,46006276,,,,
6,21,2,11,4,89,2,0,1559585419,1169473540,2479923200,46006276,,,,
2,26,5,0,8,76,2,0,180567999,3816224767,3120546047,2835382272,2978316288,42,2863306105,3212787712
1,128,0,0,9,21,2,94,1409024256,1094247,3909091360,3222536192,0,0,0,106429824
1,129,0,0,9,0,2,250,1409024000,0,0,0,0,0,0,25179840
1,137,0,0,9,23,2,250,1395144201,2227700016,1682818360,5979312,0,0,0,504412224
2,33,1,0,8,51,2,0,179869711,3792646140,2986332415,2835382272,2978316288,42,2863293589,722124800
2,19,1,0,8,56,2,0,175675407,3824617468,2986332415,2835382272,2978316288,42,2863286406,2482978816
2,26,1,0,8,38,2,0,180918287,3793041916,2986332415,2835382272,2978316436,2198882410,2863299585,1032503296
2,12,1,0,8,40,2,0,180918287,3793041916,2986332415,2835382272,2978326207,3208217834,2863289478,3535749120
2,21,1,0,8,50,2,0,180918287,3793041916,2986332415,2835382272,2978332605,1237649514,2863292578,604684288
1,128,0,0,9,21,2,94,2584854567,4292869631,4291297269,670474237,4292869631,3757939642,398196735,4225315776
1,129,0,0,9,0,2,250,2590638351,3883808113,2001327678,2444004260,1394752016,1616616670,1257469792,908369344
1,137,0,0,9,23,2,250,2588182817,3017853556,33558564,1071423403,2151677952,0,31,3106953536
0,18,0,0,10,19,2,0,583095850,2276485684,708906635,203573788,368280456,16334999,980045167,22587483
0,25,0,0,10,3,2,0,583095850,2276485684,109096760,227506974,2519572689,2158330243,477616859,73836640
0,10,0,0,10,20,2,0,583095850,2276485684,205354516,170865638,2863216270,3183575369,2680059947,49162343
0,32,0,0,10,36,2,0,583095850,2276485684,125720140,189097676,612280176,1050444082,2687328116,72542322
6,9,0,5,4,12,2,0,1637351903,1554022068,661401600,46006276,,,,
2,19,5,0,8,79,2,0,9786709,1431655765,1431655765,1431846912,2621702144,42,2863313521,1673478144
6,9,2,5,4,88,2,0,1637351903,1554022068,661401600,46006276,,,,
2,33,5,0,8,77,2,0,9786709,1431655765,1431655765,1431846912,2621702144,42,2863313521,1673478144
6,10,0,0,4,14,2,0,1637351873,1066434236,661964800,46006276,,,,
6,22,2,4,4,90,2,0,1704725441,1066434236,661952512,46006276,,,,
6,7,2,12,4,100,2,0,1704724929,1066434236,662007808,46006276,,,,
6,21,0,11,4,13,2,0,1704725441,1066434236,661952512,46006276,,,,
6,21,2,11,4,89,2,0,1704725441,1066434236,661952512,46006276,,,,
2,26,5,0,8,76,2,0,9786709,1431655765,1431655765,1431846912,2621702144,42,2863313521,1673478144
2,12,5,0,8,70,2,0,9786709,1431655765,1431655765,1431846912,2621702144,21,1431652623,1346322432
5,3,0,0,10,1,2,0,583051905,2276483803,440513681,2263808378,2928897151,24070542,2605500567,989655686
5,7,0,0,10,2,2,0,583051905,2276483803,443907731,509,2654425050,3123429383,93123461,3207525005
1,128,0,0,9,21,2,94,3322601471,4255120895,3757965279,4294811647,4276091904,2684332987,3148060603,2171158720
1,129,0,0,9,0,2,250,3322716156,6290943,4294836191,4261404668,0,536845241,4223375787,2446860224
1,137,0,0,9,23,2,250,3322699772,2096639,3221356511,4261404668,0,536845241,4223375787,2233982784
2,33,1,0,8,51,2,0,304550685,4095632206,2652762348,885850112,2204942336,42,2863286473,1733017600
2,19,1,0,8,56,2,0,9786709,1431655765,1431655765,1431846912,2621718528,42,2863287816,2638168064
2,26,1,0,8,38,2,0,304565965,3107629931,4242274513,772538368,3085776131,3955488490,2863294892,1582022656
2,12,1,0,8,40,2,0,9786709,1431655765,1431655765,1431846912,2621731203,3367136042,2863296398,746536960
1,128,0,0,9,21,2,94,1393418237,4292869631,4294049759,4261404671,4290771967,536853433,2075891111,2475916992
1,129,0,0,9,0,2,250,1393074173,4292869631,3757965279,4261404668,2097151,4294949819,3149636515,694679424
1,137,0,0,9,23,2,250,1393057789,4292869631,3757965279,4261404668,2097151,3221470139,3149636515,737183104
2,33,5,0,8,77,2,0,9786709,1431655765,1431655765,1431846912,2621734912,42,2863312221,1535066112
6,9,0,5,4,12,2,0,1879045071,640991136,2452903936,46006276,,,,
6,9,2,5,4,88,2,0,1879045071,640991136,2452903936,46006276,,,,
2,21,5,0,8,78,2,0,9786709,1431655765,1431655765,1431846912,2621734912,42,2863312221,1535066112
2,19,5,0,8,79,2,0,9786709,1431655765,1431655765,1431846912,2621734912,42,2863312221,1535066112
6,10,0,0,4,14,2,0,1878995753,682934177,2419408896,46006276,,,,
6,7,0,12,4,17,2,0,1878995753,682934177,2419408896,46006276,,,,
6,7,2,12,4,100,2,0,1878995753,682934177,2419408896,46006276,,,,
2,26,5,0,8,76,2,0,9786709,1431655765,1431655765,1431846912,2621734912,42,2863312221,1535066112
6,21,0,11,4,13,2,0,1878995753,682934177,2419408896,46006276,,,,
6,21,2,11,4,89,2,0,1878995753,682934177,2419408896,46006276,,,,
2,12,5,0,8,70,2,0,9786709,1431655765,1431655765,1431846912,2621734912,21,1431655971,1761558528
1,128,0,0,9,21,2,94,2590396800,268599340,151027840,2156387250,905707840,229439,3766477302,4083058368
1,129,0,0,9,0,2,250,2584911869,4292869631,3757834271,4261404669,4292869631,3758078907,2814098363,3151515968
1,137,0,0,9,23,2,250,2584764413,4292869631,3758096351,4261404669,4292869631,3758078907,2814098363,2559074624
3,23,0,0,10,8,2,250,948982138,67114735,622102205,662069,836609883,805525579,147904373,1063690237
3,32,0,0,10,24,2,250,948982138,67114735,622102205,662069,836609883,805525579,147904373,1063690237
3,6,0,0,10,11,2,250,948982138,67114735,622102205,662069,836609883,805525579,147904373,1063690237
3,39,0,0,10,25,2,250,948982138,67114735,622102205,662069,836609883,805525579,147904373,1063690237
3,6,2,0,10,65,2,67,948982138,67114735,622102205,662069,836609883,805525579,147904373,1063690237
3,16,0,0,10,7,2,250,948982138,67114735,622102205,662069,836609883,805525579,147904373,1063690237
3,16,2,0,10,66,2,67,948982138,67114735,622102205,662069,836609883,805525579,147904373,1063690237
3,9,0,0,10,9,2,250,948982138,67114735,622102205,662069,836609883,805525579,147904373,1063690237
2,33,1,0,8,51,2,0,346954677,1781598972,18006281,3047653376,3157262336,42,2863294310,2730557440
2,19,1,0,8,56,2,0,9786709,1431655765,1431655765,1431846912,2621751296,42,2863288612,2784968704
2,26,1,0,8,38,2,0,345009767,3736690844,3047023159,4099211264,2898015923,3557208554,2863286051,1497432064
2,12,1,0,8,40,2,0,9786709,1431655765,1431655765,1431846912,2621764923,4169347562,2863294223,1962885120
1,128,0,0,9,21,2,94,3338404096,1427199189,135483732,3570422225,1073741824,0,0,622961536
1,129,0,0,9,0,2,250,3338403840,0,0,0,0,0,0,140252864
1,137,0,0,9,23,2,250,3328822367,1115296216,2395216412,3801027704,2745473567,3503981938,664876448,568171072
6,9,0,5,4,12,2,0,1973421053,37789600,647680000,46006276,,,,
2,33,5,0,8,77,2,0,9786709,1431655765,1431655765,1431846912,2621767680,42,2863303721,306135040
6,9,2,5,4,88,2,0,1973421053,37789600,647680000,46006276,,,,
2,19,5,0,8,79,2,0,9786709,1431655765,1431655765,1431846912,2621767680,42,2863303721,306135040
6,7,0,12,4,17,2,0,1973420510,3859849128,648194048,46006276,,,,
6,7,2,12,4,100,2,0,1973420510,3859849128,648194048,46006276,,,,
6,10,0,0,4,14,2,0,1973420510,3858800552,648538112,46006276,,,,
6,21,0,11,4,13,2,0,1973421022,3859849128,648232960,46006276,,,,
6,21,2,11,4,89,2,0,1973421022,3859849128,648232960,46006276,,,,
2,26,5,0,8,76,2,0,9786709,1431655765,1431655765,1431846912,2621767680,42,2863303721,306135040
2,12,5,0,8,70,2,0,9786709,1431655765,1431655765,1431846912,2621767680,21,1431664471,566181888
1,128,0,0,9,21,2,94,1409025280,2670469,702545952,4194304,0,0,0,234486720
1,129,0,0,9,0,2,250,1409024000,0,0,0,0,0,0,25179840
1,137,0,0,9,23,2,250,1409024000,0,0,0,0,0,0,25179840
2,19,1,0,8,56,2,0,9786709,1431655765,1431655765,1431846912,2621784064,42,2863296592,3971956736
2,26,1,0,8,38,2,0,270499763,1414385374,3780847982,402767872,2821747346,2210015466,2863297487,2114633728
2,12,1,0,8,40,2,0,9786709,1431655765,1431655765,1431846912,2621790349,1155702314,2863291746,448741376
2,33,1,0,8,51,2,0,271518645,4033929438,4168805247,1811939328,2511339520,42,2863285032,1250607104
1,128,0,0,9,21,2,94,2584920099,4292869631,4291035061,401940477,4292869631,3757939642,398196735,4073678400
1,129,0,0,9,0,2,250,2586326537,2227700016,1682818360,5979312,0,0,0,51902912
1,137,0,0,9,23,2,250,2600206336,0,0,0,0,0,0,478639936
0,23,0,0,10,4,2,0,583095850,2276494088,524436,487571029,2148239883,213686482,2302141251,758565803
0,18,0,0,10,19,2,0,583095850,2276494088,276037,2692557631,18922,2823827389,2322309775,863978503
0,28,0,0,10,22,2,0,583095850,2276494088,349675,602636631,2532,186637182,2277262742,2486381670
6,9,0,5,4,12,2,0,2098494573,1656012621,2452013056,46006276,,,,
6,9,2,5,4,88,2,0,2098494573,1656012621,2452013056,46006276,,,,
2,33,5,0,8,77,2,0,9786709,1431655765,1431655765,1431846912,2621800448,42,2863305477,721371136
2,19,5,0,8,79,2,0,9786709,1431655765,1431655765,1431846912,2621800448,42,2863305477,721371136
6,10,0,0,4,14,2,0,2098514887,1781841734,2418405376,46006276,,,,
6,7,0,12,4,17,2,0,2098516935,1786036034,2418538496,46006276,,,,
6,7,2,12,4,100,2,0,2098516935,1786036034,2418538496,46006276,,,,
6,21,0,11,4,13,2,0,2098516935,1786036034,2418538496,46006276,,,,
6,21,2,11,4,89,2,0,2098516935,1786036034,2418538496,46006276,,,,
2,12,5,0,8,70,2,0,9786709,1431655765,1431655765,1431846912,2621800448,21,1431660667,427769856
2,26,5,0,8,76,2,0,9786709,1431655765,1431655765,1431846912,2621800448,42,2863305477,721371136
5,3,0,0,10,1,2,0,583051905,2276492263,1067759469,3038582781,2151368448,665326462,2374217771,106915096
5,7,0,0,10,2,2,0,583051905,2276492263,8953739,390013907,1050312764,50911563,26590574,2466316392
1,128,0,0,9,21,2,94,3322470399,4259315199,3757965279,4294828031,4280286208,2684332987,3148060603,2333259264
1,129,0,0,9,0,2,250,3322781692,6290943,4294836191,4261404668,0,536845241,4223375787,2695806848
1,137,0,0,9,23,2,250,3322765308,2096639,3221356511,4261404668,0,536845241,4223375787,3025239808
2,12,1,0,8,40,2,0,9786709,1431655765,1431655765,1431846912,2621823970,3267620330,2863298953,2248097792
2,33,1,0,8,51,2,0,9786709,1431655765,1431655765,1431846912,2621816832,42,2863296380,3561734144
2,19,1,0,8,56,2,0,9786709,1431655765,1431655765,1431846912,2621816832,42,2863296380,3565109248
2,26,1,0,8,38,2,0,9786709,1431655765,1431655765,1431846912,2621823672,2277763306,2863285694,4207656960
1,128,0,0,9,21,2,94,1393483773,4292869631,4294311903,4261404671,4286578687,1610595257,2075891111,2782633472
1,129,0,0,9,0,2,250,1393139709,4292869631,3757965279,4261404668,2097151,4294949819,3149636515,403789760
1,137,0,0,9,23,2,250,1393123325,4292869631,3757965279,4261404668,2097151,3221470139,3149636515,444999104
2,33,5,0,8,77,2,0,9786709,1431655765,1431655765,1431846912,2621833216,42,2863312722,3196010496
6,9,0,5,4,12,2,0,135587900,1576825112,1612226560,46006277,,,,
6,9,2,5,4,88,2,0,135587900,1576825112,1612226560,46006277,,,,
2,21,5,0,8,78,2,0,9786709,1431655765,1431655765,1431846912,2621833216,42,2863312722,3196010496
6,7,0,12,4,17,2,0,135589257,3470819529,375500800,46006277,,,,
6,7,2,12,4,100,2,0,135589257,3470819529,375500800,46006277,,,,
6,10,0,0,4,14,2,0,135588981,564963825,1732610048,46006277,,,,
2,26,5,0,8,76,2,0,9786709,1431655765,1431655765,1431846912,2621833216,42,2863312722,3196010496
6,21,0,11,4,13,2,0,135588904,2694054302,1495621632,46006277,,,,
6,21,2,11,4,89,2,0,135588904,2694054302,1495621632,46006277,,,,
2,12,5,0,8,70,2,0,9786709,1431655765,1431655765,1431846912,2621833216,21,1431655468,2382315520
0,18,4,0,10,84,2,67,2336797164,547712193,240667112,1348026325,2946621440,1073831939,3762301163,1074558208
0,10,4,0,10,83,2,67,2334700012,547684830,1280772633,2935365822,261472254,2564086,1245717542,1075265535
5,3,4,0,10,85,2,67,2332865004,547516138,908265255,2804098751,1075298316,2681798663,2579508563,4292791808
5,7,4,0,10,86,2,67,2333913580,547503918,2118631427,148458676,2147491482,2156445653,4192208469,4294539006
1,128,0,0,9,21,2,94,2600207616,1427774044,3357350236,3708296025,1557977177,3645380766,1209126993,3783993536
1,129,0,0,9,0,2,250,2584780797,4292869631,3757834271,4261404669,4292869631,3758078907,2814098363,3097898752
1,137,0,0,9,23,2,250,2584829949,4292869631,3758096351,4261404669,4292869631,3758078907,2814098363,2852045056
3,23,0,0,10,8,2,250,948965747,68686005,135540119,755954455,791287207,969478346,238165962,134241023
3,32,0,0,10,24,2,250,948965747,68686005,135540119,758939571,120198599,969478346,238165962,134234612
3,38,0,0,10,10,2,250,948965747,68686005,135540119,755154980,740955511,969478346,238165962,134222069
3,6,0,0,10,11,2,250,948965747,68681904,135540119,755322659,808064439,969478346,238165962,134231283
3,39,0,0,10,25,2,250,948965747,68686005,135540119,755310895,304747863,969478346,238165962,134250490
3,6,2,0,10,65,2,67,948965747,68681904,135540119,755322659,808064439,969478346,238165962,134231283
3,16,0,0,10,7,2,250,948965747,68681904,135540119,759058614,808064439,969478346,238165962,134235122
3,16,2,0,10,66,2,67,948965747,68681904,135540119,759058614,808064439,969478346,238165962,134235122
3,9,0,0,10,9,2,250,948965747,68681904,135540119,755245091,657069399,969478346,238165962,134250490
3,9,2,0,10,64,2,67,948965747,68681904,135540119,755245091,657069399,969478346,238165962,134250490
2,33,1,0,8,51,2,0,9786709,1431655765,1431655765,1431846912,2621849600,42,2863289131,1086390272
2,19,1,0,8,56,2,0,9786709,1431655765,1431655765,1431846912,2621849600,42,2863289131,1090469888
1,128,0,0,9,21,2,94,3328611663,3825024916,8453888,4287086464,0,0,0,151175488
2,26,1,0,8,38,2,0,9786709,1431655765,1431655765,1431846912,2621850616,2195033386,2863294044,2080440320
2,21,1,0,8,50,2,0,9786709,1431655765,1431655765,1431846912,2621853398,4059441706,2863287565,1606483968
1,129,0,0,9,0,2,250,3328501592,0,0,1024,0,0,0,910598912
1,137,0,0,9,23,2,250,3328501592,0,0,512,0,0,0,1050999168
2,19,5,0,8,79,2,0,33950987,3490941412,540119006,1725005824,2229747712,42,2863312887,1501511680
6,9,0,5,4,12,2,0,278201396,1537479075,3847940096,46006277,,,,
6,9,2,5,4,88,2,0,278201396,1537479075,3847940096,46006277,,,,
2,33,5,0,8,77,2,0,34027454,725944876,4152224309,3608412160,3194568704,42,2863311620,2277457920
6,10,0,0,4,14,2,0,278200482,690246634,3837767680,46006277,,,,
6,22,0,4,4,16,2,0,278200453,1725699363,3888541696,46006277,,,,
6,7,0,12,4,17,2,0,278201426,1961364168,1800556544,46006277,,,,
6,7,2,12,4,100,2,0,278201426,1961364168,1800556544,46006277,,,,
6,21,0,11,4,13,2,0,278201545,3604764181,862380032,46006277,,,,
6,21,2,11,4,89,2,0,278201545,3604764181,862380032,46006277,,,,
2,26,5,0,8,76,2,0,34043832,1294191131,1937026214,2698723328,3199025152,42,2863316406,1623146496
1,128,0,0,9,21,2,94,1397282560,0,0,0,0,0,248,714439744
1,129,0,0,9,0,2,250,1409024000,0,0,0,0,0,0,25179840
1,137,0,0,9,23,2,250,1409024000,0,0,0,0,0,0,25179840
2,33,1,0,8,51,2,0,17237518,3313126362,3289795,2852438016,2479144960,42,2863298347,51036160
2,19,1,0,8,56,2,0,17171942,3480825417,301231,2852438016,3081355264,42,2863299500,431964160
2,26,1,0,8,38,2,0,17253912,3719686053,3310306,2852438016,2506015176,1945218474,2863287980,3125460992
2,12,1,0,8,40,2,0,17253912,1688641081,1735199,2852438016,2495529284,4092702122,2863299709,3498000384
2,21,1,0,8,50,2,0,17253912,3785081110,751344,2852438016,2871132104,1945218474,2863288199,3800743936
1,128,0,0,9,21,2,94,2584789031,4292869631,4291297268,4294123517,4292869631,3757939642,398196735,3309498496
1,129,0,0,9,0,2,250,2585551871,4294967295,4294967295,4294967295,4294967295,4294967295,4294967295,4080998528
1,137,0,0,9,23,2,250,2586274879,1063820995,589446431,3757557423,3621252976,56557568,252544,809219648
0,23,0,0,10,4,2,0,583095850,2276502604,535981829,2867523305,2997299780,723939924,854519562,2867515432
0,18,0,0,10,19,2,0,583095850,2276502604,535981829,2867523305,2997299780,723939924,854519562,2867519548
0,10,0,0,10,20,2,0,583095850,2276502604,535981829,2867523305,2997299780,723939924,854519562,2867511322
0,28,0,0,10,22,2,0,583095850,2276502604,535981829,2867523305,2997299780,723939924,854519562,2867515432
6,9,0,5,4,12,2,0,402764219,2590786666,2815991808,46006277,,,,
6,9,2,5,4,88,2,0,402764219,2590786666,2815991808,46006277,,,,
2,26,5,0,8,76,2,0,67590911,4194290968,1610674999,1342210048,3208658944,42,2863300846,2218737664
6,22,0,4,4,16,2,0,402732457,2710063131,2699184128,46006277,,,,
6,7,0,12,4,17,2,0,402698292,2956744315,410515456,46006277,,,,
6,10,0,0,4,14,2,0,436416909,131607323,415981568,46006277,,,,
6,7,2,12,4,100,2,0,402698292,2956744315,410515456,46006277,,,,
2,33,5,0,8,77,2,0,67576319,3506441496,939526980,402636800,2944417792,42,2863315223,2415869952
2,19,5,0,8,79,2,0,67506944,50341655,2551417525,2147647488,2629844992,42,2863303768,3057598464
6,21,0,11,4,13,2,0,436352397,3945294686,3708321792,46006277,,,,
6,21,2,11,4,89,2,0,436352397,3945294686,3708321792,46006277,,,,
5,3,0,0,10,1,2,0,583051905,2276500643,1040662563,1048399310,3175055800,0,0,26236336
5,7,0,0,10,2,2,0,583051905,2276500643,1040662563,1048399310,3175055800,0,0,26236336
1,128,0,0,9,21,2,94,3322535935,4255120895,3757965279,4294811647,4276091904,2684332987,3148060603,3009519296
1,129,0,0,9,0,2,250,3322847228,6290943,4294836191,4261404668,0,536845241,4223375787,2460377472
1,137,0,0,9,23,2,250,3322830844,2096639,3221356511,4261404668,0,536845241,4223375787,2254020864
2,26,1,0,8,38,2,0,50823152,998756032,2487239626,2822799360,3143298259,3535733098,2863288982,533446656
2,21,1,0,8,50,2,0,50823153,1560846849,969202756,2181136384,2245708499,3535733098,2863295002,2123087872
2,33,1,0,8,51,2,0,50806768,2949082624,872454090,1493188608,2660941824,42,2863299722,3008086016
1,128,0,0,9,21,2,94,1393352701,4292869631,4294049759,4261404671,4290771967,536853433,2075891107,2478210240
1,129,0,0,9,0,2,250,1393205245,4292869631,3757965279,4261404668,2097151,4294949819,3149636515,706316736
1,137,0,0,9,23,2,250,1393188861,4292869631,3757965279,4261404668,2097151,3221470139,3149636515,680459200
2,33,5,0,8,77,2,0,117440511,4278190081,303584905,3796025344,2721873920,42,2863313350,3963568128
2,19,5,0,8,79,2,0,117440511,4278190081,303584905,3796025344,2721873920,42,2863313350,3963568128
6,9,0,5,4,12,2,0,613827956,5386,1764659200,46006277,,,,
6,9,2,5,4,88,2,0,613827956,5386,1764659200,46006277,,,,
6,22,0,4,4,16,2,0,607157636,778,1792012288,46006277,,,,
6,7,2,12,4,100,2,0,607898946,75006218,1760231424,46006277,,,,
6,10,0,0,4,14,2,0,550608683,52008202,1766514688,46006277,,,,
2,26,5,0,8,76,2,0,117440511,4278190081,303584905,3796025344,2721873920,42,2863313350,3963568128
6,21,0,11,4,13,2,0,545433921,10523402,1789911040,46006277,,,,
6,21,2,11,4,89,2,0,545433921,10523402,1789911040,46006277,,,,
2,12,5,0,8,70,2,0,117440511,4278190081,303584905,3796025344,2721873920,21,1431653048,3753852928
1,128,0,0,9,21,2,94,2591263360,1075843080,0,71,1075843080,67108864,0,578414272
1,129,0,0,9,0,2,250,2584846333,4292869631,3757834271,4261404669,4292869631,3758078907,2814098363,2312146752
1,137,0,0,9,23,2,250,2584895485,4292869631,3758096351,4261404669,4292869631,3758078907,2814098363,2616598272
3,23,0,0,10,8,2,0,948969841,70303555,150955401,801686412,108265609,519306997,61030469,898105183
3,32,0,0,10,24,2,0,948969841,70289223,32936175,888041144,643825776,597503822,66953378,930478701
3,38,0,0,10,10,2,0,948969841,70261826,64801646,1019408063,854852982,275586961,26624147,729669781
3,6,0,0,10,11,2,0,948969841,70271553,771466330,918560049,439356157,287846027,74301349,977009498
3,39,0,0,10,25,2,0,948969841,70270283,821721405,136473406,326633257,578305997,75792307,1001585302
3,6,2,0,10,65,2,67,948969841,70271553,771466330,918560049,439356157,287846027,74301349,977009498
3,16,0,0,10,7,2,0,948969841,70270542,1073417971,371268231,283644611,642525066,76562397,971438655
3,16,2,0,10,66,2,0,948969841,70270542,1073417971,371268231,283644611,642525066,76562397,971438655
3,9,0,0,10,9,2,0,948969841,70271553,217837411,894725845,1044651677,80126725,74031014,964950858
3,9,2,0,10,64,2,0,948969841,70271553,217837411,894725845,1044651677,80126725,74031014,964950858
2,33,1,0,8,51,2,0,88530624,51412095,134917166,602570752,2863300608,42,2863287614,2931884032
2,19,1,0,8,56,2,0,88530624,51412159,671788078,602570752,2863300608,42,2863289893,2411675648
2,26,1,0,8,38,2,0,88530624,51411966,3893013550,602570752,2863307156,2040679530,2863284337,2789277696
1,128,0,0,9,21,2,94,3328623239,4211245132,125862016,2147997568,0,0,0,617977856
1,129,0,0,9,0,2,250,3328469712,1072563966,2686320255,2153776128,0,0,0,983781312
1,137,0,0,9,23,2,250,3328469712,1072563966,2686320255,2153775616,0,0,0,843126080
6,9,0,5,4,12,2,0,714702848,270336,2099200,46006277,,,,
2,33,5,0,8,77,2,0,9786709,1431655765,1431655765,1431846912,2621964288,42,2863308074,2449424384
6,9,2,5,4,88,2,0,714702848,270336,2099200,46006277,,,,
2,19,5,0,8,79,2,0,9786709,1431655765,1431655765,1431848192,2621964288,42,2863308074,2449424384
6,10,0,0,4,14,2,0,714768384,204800,1388544,46006277,,,,
6,22,0,4,4,16,2,0,714768384,139264,2099200,46006277,,,,
6,7,0,12,4,17,2,0,714768384,139264,1052672,46006277,,,,
6,22,2,4,4,90,2,0,714768384,139264,2099200,46006277,,,,
6,7,2,12,4,100,2,0,714768384,139264,1052672,46006277,,,,
6,21,0,11,4,13,2,0,714768384,139264,2099200,46006277,,,,
2,26,5,0,8,76,2,0,9786709,1431655765,1431655765,1431846912,2621964288,42,2863308074,2449424384
1,129,0,0,9,0,2,250,1409024000,0,0,0,0,0,0,25179840
1,128,0,0,9,21,2,94,1409025280,2421393429,425220936,337320280,1557743642,1507564508,2571108352,442552256
1,137,0,0,9,23,2,250,1409024000,0,0,0,0,0,0,25179840
2,19,1,0,8,56,2,0,9786709,1431655765,1431655765,1431846912,2621980672,42,2863292755,1870610432
2,26,1,0,8,38,2,0,9786709,1431655765,1431655765,1431846912,2621983454,2790682090,2863291869,2886385664
2,21,1,0,8,50,2,0,9786709,1431655765,1431655765,1431846912,2621985694,2790682090,2863296071,445300736
2,33,1,0,8,51,2,0,9786709,1431655765,1431655765,1431846912,2621980672,42,2863292755,1867169792
1,128,0,0,9,21,2,94,2584854563,4288675327,4291035060,3958480893,4292869631,3757939642,398196735,3797455360
1,129,0,0,9,0,2,250,2600206336,0,0,0,0,0,0,478639936
1,137,0,0,9,23,2,250,2600206336,0,0,0,0,0,0,478639936
0,23,0,0,10,4,2,0,583095850,2276511036,483284366,2147483689,2147483689,2147483689,2147483689,2147483689
0,18,0,0,10,19,2,0,583095850,2276511036,483284366,2147483689,2147483689,2147483689,2147483689,2147483689
0,10,0,0,10,20,2,0,583095850,2276511036,483628427,0,0,0,0,0
0,28,0,0,10,22,2,0,583095850,2276511036,483284366,2147483689,2147483689,2147483689,2147483689,2147483689
6,9,0,5,4,12,2,0,900236074,3429946920,416290816,46006277,,,,
6,9,2,5,4,88,2,0,900236074,3429946920,416290816,46006277,,,,
2,19,5,0,8,79,2,0,9786709,1431655765,1431655765,1431846912,2621997056,42,2863301126,2839494656
6,10,0,0,4,14,2,0,900236285,2635126320,412430336,46006277,,,,
6,22,2,4,4,90,2,0,900236285,2635126320,412430336,46006277,,,,
2,12,5,0,8,70,2,0,9786709,1431655765,1431655765,1431846912,2621997056,21,1431665016,2596225024
2,26,5,0,8,76,2,0,9786709,1431655765,1431655765,1431846912,2621997056,42,2863301126,2839494656
6,21,0,11,4,13,2,0,900236285,2635126320,412430336,46006277,,,,
6,21,2,11,4,89,2,0,900236285,2635126320,412430336,46006277,,,,
2,33,5,0,8,77,2,0,9786709,1431655765,1431655765,1431846912,2621997056,42,2863301126,2839494656
5,3,0,0,10,1,2,0,583051905,2276509139,1060443736,517609519,314858409,3057702581,2552097290,2290072030
1,128,0,0,9,21,2,94,3322601471,4259315199,3757965279,4294828031,4280286208,2684332987,3148060603,2288830528
1,129,0,0,9,0,2,250,3322716156,6290943,4294836191,4261404668,0,536845241,4223375787,2446860224
1,137,0,0,9,23,2,250,3322699772,2096639,3221356511,4261404668,0,536845241,4223375787,2233982784
2,19,1,0,8,56,2,0,9786709,1431655765,1431655765,1431846912,2622013440,42,2863300223,1472151552
2,26,1,0,8,38,2,0,270499763,1414385374,3780847982,402767872,2821750739,1577058346,2863299886,1498136576
2,12,1,0,8,40,2,0,9786709,1431655765,1431655765,1431846912,2622019795,1577058346,2863297100,2701082624
2,21,1,0,8,50,2,0,271087167,2176127369,2149307658,2348056576,2401247315,1577058346,2863291023,2303442944
2,33,1,0,8,51,2,0,271518645,4033929438,4168805247,1811939328,2511339520,42,2863285032,1250672640
2,33,5,0,8,77,2,0,17237518,3313126362,3289795,2852438016,2479144960,42,2863313933,2126462976
2,19,5,0,8,79,2,0,17171942,3480825417,301231,2852438016,3081355264,42,2863315082,1681866752
2,26,5,0,8,76,2,67,17253912,3719686053,3310306,2852438016,2506014720,42,2863305146,922697728
2,12,5,0,8,70,2,67,17253912,1688641081,1735199,2852438016,2495528960,21,1431652600,2826911744
0,23,4,0,10,82,2,67,2338185708,809461106,2492705007,3174401,3994025091,134078447,385875457,1040120834
0,18,4,0,10,84,2,67,2336874988,810247538,2507666021,2153224193,3994025602,3489431520,385875457,1040120834
0,28,4,0,10,87,2,67,2339496428,813002098,2505668948,1038337,3960470019,939319273,385875457,1040120834
5,7,4,0,10,86,2,67,2333991404,815952898,2315255503,4294957056,4194305,2482954263,486603253,938802694
5,4,4,0,10,106,2,67,2333204972,815952898,2315232465,4294821889,4235198465,1342513188,486603253,938802694
1,129,0,0,9,0,2,250,2584911869,4292869631,3757834271,4261404669,4292869631,3758078907,2814098363,3151515968
1,137,0,0,9,23,2,250,2584764413,4292869631,3758096351,4261404669,4292869631,3758078907,2814098363,2559074624
3,23,0,0,10,8,2,250,948973950,71920998,676131818,352714900,28310793,703987586,970939044,232092216
3,38,0,0,10,10,2,250,948973950,71920998,676532144,201785371,234880975,355860532,113171286,8129582
3,6,2,0,10,65,2,67,948973950,71920998,676146925,969736390,42467119,403963718,832634226,731456432
3,16,0,0,10,7,2,250,948973950,71920998,676230121,535003196,65535999,437256047,786493654,731468977
3,16,2,0,10,66,2,67,948973950,71920998,676230121,535003196,65535999,437256047,786493654,731468977
3,9,2,0,10,64,2,67,948973950,71920998,676175337,138542923,994574303,397934367,302040486,735471408
2,33,1,0,8,51,2,0,34027454,725944876,4152224309,3608412160,3194568704,42,2863294498,4194369536
2,19,1,0,8,56,2,0,33950987,3490941412,540119006,1725005824,2229747712,42,2863295697,620707840
2,26,1,0,8,38,2,0,34043832,1294191131,1937026214,2698723328,3199033482,3025026666,2863287039,1551958016
2,12,1,0,8,40,2,0,34043838,1702578724,3773004493,3903029248,3207291019,4073782314,2863285991,3120513024
1,129,0,0,9,0,2,250,3338403840,0,0,0,0,0,0,140252864
2,19,5,0,8,79,2,0,50741233,2760352830,2365865413,1618870272,2530918400,42,2863300795,83836928
2,33,5,0,8,77,2,0,50806768,2949082624,872454090,1493188608,2660941824,42,2863316908,3472834560
6,9,2,5,4,88,2,0,1169437003,1940947252,611760128,46006277,,,,
2,12,5,0,8,70,2,0,50823152,3204938304,1187024138,1770012672,2740633600,21,1431655052,2726248448
2,26,5,0,8,76,2,0,50823152,998756032,2487239626,2822799360,3143286784,42,2863312748,1199521792
6,22,0,4,4,16,2,0,1169436973,1449165116,612806656,46006277,,,,
6,7,2,12,4,100,2,0,1169436973,1449165116,612806656,46006277,,,,
6,21,2,11,4,89,2,0,1169436973,1449165116,612806656,46006277,,,,
1,137,0,0,9,23,2,250,1399456971,2771132496,3662017064,2435123312,4091612989,4052978296,1135721760,201726912
2,19,1,0,8,56,2,0,67506944,50341655,2551417525,2147647488,2629844992,42,2863288190,3418308608
1,128,0,0,9,21,2,94,2584920103,4292869631,4291297268,3757039613,4292869631,3757939642,398196735,3786972352
2,26,1,0,8,38,2,0,67590911,4194290968,1610674999,1342210048,3208659188,1368272362,2863295862,1003143168
2,12,1,0,8,40,2,0,67587327,3808434200,1677718549,3489644544,2717925706,3001157354,2863299712,452935680
2,33,1,0,8,51,2,0,67576319,3506441496,939526980,402636800,2944417792,42,2863299121,4064985088
1,129,0,0,9,0,2,250,2591191169,6307968,32736,268173568,0,0,0,656284736
1,137,0,0,9,23,2,250,2591125633,6307968,32736,268173568,0,0,0,353813056
0,23,0,0,10,4,2,0,583095850,2276518336,358875355,46769631,427102060,122255709,2664168340,767960895
0,18,0,0,10,19,2,0,583095850,2276518336,358875272,46769631,427102060,122255709,2664168340,709240609
0,10,0,0,10,20,2,0,583095850,2276518336,358875181,2194253302,2574585669,2269739380,516669776,201729845
0,28,0,0,10,22,2,0,583095850,2276518336,358875272,46769631,427102060,122255709,2664168241,3133548326
0,32,0,0,10,36,2,0,583095850,2276518336,358875181,2194253302,2574585669,2269739380,516669613,2269521714
2,19,5,0,8,79,2,0,88530624,51412159,671788078,621445120,2863300608,42,2863304653,1346322432
6,9,2,5,4,88,2,0,1306261700,2931081166,2446708736,46006277,,,,
2,33,5,0,8,77,2,0,88530624,51412095,134917166,621445120,2863300608,42,2863305942,1904164864
2,12,5,0,8,70,2,0,88530624,51411070,537570350,621445120,2863300608,21,1431665708,2638168064
2,26,5,0,8,76,2,0,88530624,51411966,3893013550,621445120,2863300608,42,2863314426,3175038976
5,3,0,0,10,1,2,0,583051905,2276516143,359154135,536870954,2147483689,2147483689,2147483770,2588274400
1,128,0,0,9,21,2,94,3322470399,4255120895,3757965279,4294811647,4276091904,2684332987,3148060603,2182561408
1,129,0,0,9,0,2,250,3322781692,6290943,4294836191,4261404668,0,536845241,4223375787,2695806848
1,137,0,0,9,23,2,250,3322765308,2096639,3221356511,4261404668,0,536845241,4223375787,3025239808
2,19,1,0,8,56,2,0,117440511,4278190081,303584905,3796025344,2723315712,42,2863300397,2864660480
2,26,1,0,8,38,2,0,117440511,4278190081,303584905,3796025344,2723329459,2610532330,2863295136,1745600512
2,12,1,0,8,40,2,0,117440511,4278190081,303584905,3796025344,2723322130,998296618,2863297122,4232003584
2,21,1,0,8,50,2,0,117440511,4278190081,303584905,3796025344,2723316574,3171197610,2863293036,2571878400
2,33,1,0,8,51,2,0,117440511,4278190081,303584905,3796025344,2723315712,42,2863300397,2861285376
1,128,0,0,9,21,2,94,1393483773,4292869631,4294049759,4261404671,4290771967,536853433,2075891107,2429026944
1,129,0,0,9,0,2,250,1393139709,4292869631,3757965279,4261404668,2097151,4294949819,3149636515,403789760
1,137,0,0,9,23,2,250,1393123325,4292869631,3757965279,4261404668,2097151,3221470139,3149636515,444999104
2,33,5,0,8,77,2,0,129538856,18891325,1211658098,4279943168,2853519360,42,2863307166,666845184
6,9,0,5,4,12,2,0,1438144868,2422269716,36186112,46006277,,,,
6,9,2,5,4,88,2,0,1438144868,2422269716,36186112,46006277,,,,
2,12,5,0,8,70,2,0,130587688,18891325,2016964466,4279959552,2580889600,21,1431651530,1723809792
2,19,5,0,8,79,2,0,125343528,20988476,3359141746,4279894016,2854567936,42,2863309292,2042576896
6,10,0,0,4,14,2,0,1438144838,1890641692,32798720,46006277,,,,
6,22,0,4,4,16,2,0,1438144838,1891690268,32579584,46006277,,,,
6,7,0,12,4,17,2,0,1438144838,1891690268,32579584,46006277,,,,
6,22,2,4,4,90,2,0,1438144838,1891690268,32579584,46006277,,,,
2,26,5,0,8,76,2,0,130587688,18891325,2016964466,4279959552,2580889600,42,2863316916,1430208512
6,21,0,11,4,13,2,0,1438144838,1891690268,32579584,46006277,,,,
6,21,2,11,4,89,2,0,1438144838,1891690268,32579584,46006277,,,,
1,128,0,0,9,21,2,94,2590622789,2711420928,0,0,0,0,96,11528384
1,129,0,0,9,0,2,250,2584780796,2096639,3757834271,4261404669,4292869631,3758076859,2814098363,2780363904
1,137,0,0,9,23,2,250,2584829948,2096639,3758096351,4261404669,4292869631,3758076859,2814098363,3034583680
3,38,0,0,10,10,2,250,948978037,73407387,182948773,1069762925,409836128,558375098,103470952,1070966280
3,6,2,0,10,65,2,67,948978037,73407387,182948773,1069762925,409836128,558375098,103470952,1070966280
3,16,2,0,10,66,2,67,948978037,73407387,182948773,1069762925,409836128,558375098,103470952,1070966280
3,9,2,0,10,64,2,67,948978037,73407387,182948773,1069762925,409836128,558375098,103470952,1070966280
2,33,1,0,8,51,2,0,129538817,1431655765,1431655765,1431650304,2505392128,42,2863286230,2017525760
2,19,1,0,8,56,2,0,125343489,1431655765,1431655765,1431650304,2505392128,42,2863285509,603930624
2,26,1,0,8,38,2,0,130587649,1431655765,1431655765,1431650304,2505405704,1138253034,2863295561,3615555584
2,12,1,0,8,40,2,0,130587649,1431655765,1431655765,1431650304,2505396804,3287926506,2863297171,3321839616
1,128,0,0,9,21,2,94,3329450279,1810309185,1208552125,3362378814,1471444400,1134688252,3573301281,4224336000
1,129,0,0,9,0,2,250,3329383692,2242060352,134644223,3083465792,2185298048,603979519,2683042557,3894643072
1,137,0,0,9,23,2,250,3329318156,2242060352,134611455,3083465792,2185298048,603979519,2683042557,3434313152
2,19,5,0,8,79,2,0,142600095,4286668812,14951969,2205925376,2885156864,42,2863304617,2470395904
6,9,0,5,4,12,2,0,1607035206,678740252,2587187200,46006277,,,,
2,33,5,0,8,77,2,0,146794399,4286668812,14952961,2205925376,2885156864,42,2863303786,1434402816
6,9,2,5,4,88,2,0,1607035206,678740252,2587187200,46006277,,,,
2,12,5,0,8,70,2,0,147842975,4286668812,14952897,2205925376,2885189632,21,1431659763,62865408
2,26,5,0,8,76,2,0,147842975,4286668812,14952897,2205925376,2885189632,42,2863308685,809451520
6,22,0,4,4,16,2,0,1605519520,527745307,2553729024,46006277,,,,
6,22,2,4,4,90,2,0,1605519520,527745307,2553729024,46006277,,,,
6,21,0,11,4,13,2,0,1605519520,527745307,2553729024,46006277,,,,
6,21,2,11,4,89,2,0,1605519520,527745307,2553729024,46006277,,,,
1,129,0,0,9,0,2,250,1400013060,2181103687,4294836031,3623222144,0,0,0,979661632
1,128,0,0,9,21,2,94,1409024256,1427199189,135483732,3570422225,1073741824,0,0,754811776
1,137,0,0,9,23,2,250,1399947524,2181103687,4294836031,3623222170,2193719528,603848833,790527,3705012224
2,33,1,0,8,51,2,0,146101589,1431543819,51056190,2161098752,2214100992,42,2863291820,3322593280
2,26,1,0,8,38,2,0,147150165,1431543820,51056190,2161098752,2214113538,3554297514,2863284908,1728757760
0,23,0,0,10,4,2,0,583095850,2276526804,771580499,179797894,2288650736,1034174592,1073259103,44804211
0,18,0,0,10,19,2,0,583095850,2276526804,708906635,203573788,368280456,16334999,980045167,22587483
6,9,0,5,4,12,2,0,1707099529,4253058732,544122880,46006277,,,,
6,9,2,5,4,88,2,0,1707099529,4253058732,544122880,46006277,,,,
2,26,5,0,8,76,2,0,9786709,1431655765,1431655765,1431846912,2622193664,42,2863309181,92225536
6,22,0,4,4,16,2,0,1707099499,3756033716,544342016,46006277,,,,
6,7,0,12,4,17,2,0,1707098987,3756033716,544348160,46006277,,,,
2,33,5,0,8,77,2,0,9786709,1431655765,1431655765,1431846912,2622193664,42,2863309181,92225536
2,19,5,0,8,79,2,0,9786709,1431655765,1431655765,1431846912,2622193664,42,2863309181,92225536
6,21,0,11,4,13,2,0,1707099499,3756033716,544342016,46006277,,,,
6,21,2,11,4,89,2,0,1707099499,3756033716,544342016,46006277,,,,
5,3,0,0,10,1,2,0,583051905,2276524603,440513681,2263808378,2928897151,24070542,2605500567,989655686
5,7,0,0,10,2,2,0,583051905,2276524603,443907731,509,2654425050,3123429383,93123461,3207525005
1,128,0,0,9,21,2,94,3322535935,4259315199,3757965279,4294828031,4280286208,2684332987,3148060603,3127121472
1,129,0,0,9,0,2,250,3322847228,6290943,4294836191,4261404668,0,536845241,4223375787,2460377472
1,137,0,0,9,23,2,250,3322830844,2096639,3221356511,4261404668,0,536845241,4223375787,2254020864
2,33,1,0,8,51,2,0,296368746,1138739123,2946187490,2855141376,2608201728,42,2863297711,1410056192
2,19,1,0,8,56,2,0,9786709,1431655765,1431655765,1431846912,2622210048,42,2863291652,4227809280
2,26,1,0,8,38,2,0,290940930,1445950388,386546391,4121493504,2297598035,4288661994,2863286136,3255549952
1,128,0,0,9,21,2,94,1393352701,4292869631,4294311903,4261404671,4286578687,1610595257,2075891107,2549498368
1,129,0,0,9,0,2,250,1393205245,4292869631,3757965279,4261404668,2097151,4294949819,3149636515,706316736
1,137,0,0,9,23,2,250,1393188861,4292869631,3757965279,4261404668,2097151,3221470139,3149636515,680459200
6,9,0,5,4,12,2,0,1857032701,4021600253,2485370880,46006277,,,,
6,9,2,5,4,88,2,0,1857032701,4021600253,2485370880,46006277,,,,
2,33,5,0,8,77,2,0,9786709,1431655765,1431655765,1431846912,2622226432,42,2863310701,712982528
6,10,0,0,4,14,2,0,1856885079,4013211648,2451742720,46006277,,,,
6,21,0,11,4,13,2,0,1856885079,4013211648,2451742720,46006277,,,,
6,21,2,11,4,89,2,0,1856885079,4013211648,2451742720,46006277,,,,
2,26,5,0,8,76,2,0,9786709,1431655765,1431655765,1431846912,2622226432,42,2863310701,712982528
0,18,4,0,10,84,2,67,2336887276,1078682994,2507666021,2153224193,4288544512,38215689,1446792073,0
0,28,4,0,10,87,2,67,2339508716,1081437554,2505668948,1038337,4285529792,38215689,1446792073,0
5,4,4,0,10,106,2,67,2333331948,1084388354,2315232465,4294821889,4235198465,1342513188,785910272,691243903
1,128,0,0,9,21,2,94,2600207616,2670469,702545952,4194304,0,0,0,285129280
1,129,0,0,9,0,2,250,2584846332,2096639,3757834271,4261404669,4292869631,3758076859,2814098363,2496552128
1,137,0,0,9,23,2,250,2584895484,2096639,3758096351,4261404669,4292869631,3758076859,2814098363,2263403648
3,38,0,0,10,10,2,0,948982138,74980040,622120119,1130338,836691549,538482880,146986776,1063683573
3,6,0,0,10,11,2,0,948982138,74980040,622120119,1130338,836691549,538482880,146986776,1063683573
3,39,0,0,10,25,2,0,948982138,74980040,622120119,1130338,836691549,538482880,146986776,1063683573
3,6,2,0,10,65,2,67,948982138,74980040,622120119,1130338,836691549,538482880,146986776,1063683573
3,16,0,0,10,7,2,32,948982138,74980040,622120119,1130338,836691549,538482880,146986776,1063683573
3,16,2,0,10,66,2,67,948982138,74980040,622120119,1130338,836691549,538482880,146986776,1063683573
3,13,2,0,10,67,2,67,948982138,74980040,622120119,1130338,836691549,538482880,146986776,1063683573
3,9,0,0,10,9,2,32,948982138,74980040,622120119,1130338,836691549,538482880,146986776,1063683573
3,9,2,0,10,64,2,67,948982138,74980040,622120119,1130338,836691549,538482880,146986776,1063683573
2,33,1,0,8,51,2,0,324870839,3634997123,1460186257,222199808,2551037952,42,2863300173,1157693440
2,26,1,0,8,38,2,0,328944032,4051124650,1775844151,2979184640,2838076249,2789721066,2863300266,2915106816
2,21,1,0,8,50,2,0,333730458,2858084637,3174724005,3246456832,2554925898,4326378,2863296709,302055424
1,128,0,0,9,21,2,94,3324524041,2227700016,1682818360,14533808,0,0,0,81696320
1,129,0,0,9,0,2,250,3329373445,2197934151,4227924480,404750208,0,0,0,731495104
1,137,0,0,9,23,2,250,3328492167,4160879871,1073741824,512,0,0,0,510285312
6,9,0,5,4,12,2,0,1885340608,0,165888,46006277,,,,
2,33,5,0,8,77,2,0,9786709,1431655765,1431655765,1431846912,2622259200,42,2863315009,314523648
6,9,2,5,4,88,2,0,1885340608,0,165888,46006277,,,,
2,26,5,0,8,76,2,0,9786709,1431655765,1431655765,1431846912,2622259200,42,2863315009,314523648
6,10,0,0,4,14,2,0,1885340550,3503898623,2116216832,46006277,,,,
6,22,2,4,4,90,2,0,1885340608,0,165888,46006277,,,,
6,21,0,11,4,13,2,0,1885340617,3766197495,1470011392,46006277,,,,
6,21,2,11,4,89,2,0,1885340617,3766197495,1470011392,46006277,,,,
1,128,0,0,9,21,2,94,1399247263,704913551,3464331907,515968,0,0,0,858818368
1,129,0,0,9,0,2,250,1399456961,2769166544,3729125928,2435123313,233111355,1904446042,1135721824,48937792
1,137,0,0,9,23,2,250,1399937284,3252731975,4194303936,538049408,0,0,0,22849088
2,33,1,0,8,51,2,0,271518581,4000375006,4168805325,67108864,2510290944,42,2863290209,705347584
2,26,1,0,8,38,2,0,269975539,1414385374,3780848059,2885795840,2764077709,2259824618,2863293385,2332737536
2,21,1,0,8,50,2,0,271087295,2209682057,2149176664,670334976,2399155647,612716970,2863291640,533381120
1,128,0,0,9,21,2,94,2584854567,4292869631,4291297268,3018612733,4292869631,3757939642,398196735,4291390720
1,129,0,0,9,0,2,250,2600206336,0,0,0,0,0,0,478639936
1,137,0,0,9,23,2,250,2584215551,4294705152,0,0,512,0,0,1743463168
0,23,0,0,10,4,2,0,583095850,2276535132,524436,487571029,2148239883,213686482,2302141251,758565803
0,25,0,0,10,3,2,0,583095850,2276535132,1073520775,446576939,1182121,2832016163,114068371,228946249
0,18,0,0,10,19,2,0,583095850,2276535132,276037,2692557631,18922,2823827389,2322309775,863978503
0,10,0,0,10,20,2,0,583095850,2276535132,2818243,790439904,1100349,2578351007,150825053,3203231461
0,28,0,0,10,22,2,0,583095850,2276535132,349675,602636631,2532,186637182,2277262742,2486381670
6,9,0,5,4,12,2,0,2013265920,0,0,46006277,,,,
6,9,2,5,4,88,2,0,2013265920,0,0,46006277,,,,
2,26,5,0,8,76,2,0,9786709,1431655765,1431655765,1431846912,2622291968,42,2863307061,1543454720
6,10,0,0,4,14,2,0,2076473838,1778541290,3660918784,46006277,,,,
6,22,0,4,4,16,2,0,2013265920,0,0,46006277,,,,
6,22,2,4,4,90,2,0,2013265920,0,0,46006277,,,,
2,33,5,0,8,77,2,0,9786709,1431655765,1431655765,1431846912,2622291968,42,2863307061,1543454720
2,21,5,0,8,78,2,0,9786709,1431655765,1431655765,1431846912,2622291968,42,2863307061,1543454720
6,21,0,11,4,13,2,0,2075002166,290807853,3609651200,46006277,,,,
6,21,2,11,4,89,2,0,2075002166,290807853,3609651200,46006277,,,,
5,3,0,0,10,1,2,0,583051905,2276533171,1067759469,3038582781,2151368448,665326462,2374217771,106915096
5,7,0,0,10,2,2,0,583051905,2276533171,8953739,390013907,1050312764,50911563,26590574,2466316392
1,128,0,0,9,21,2,94,3322601471,4255120895,3757965279,4294811647,4276091904,2684332987,3148060603,2171158720
1,129,0,0,9,0,2,250,3322716156,6290943,4294836191,4261404668,0,536845241,4223375787,2446860224
1,137,0,0,9,23,2,250,3322699772,2096639,3221356511,4261404668,0,536845241,4223375787,2233982784
2,19,1,0,8,56,2,0,9786709,1431655765,1431655765,1431846912,2622308352,42,2863293772,2776580096
1,128,0,0,9,21,2,94,1393418237,4292869631,4294049759,4261404671,4290771967,536853433,2075891107,2730548352
2,26,1,0,8,38,2,0,9786709,1431655765,1431655765,1431846912,2622308590,3333556522,2863290636,3033251840
2,21,1,0,8,50,2,0,9786709,1431655765,1431655765,1431846912,2622317644,2238854442,2863294428,1259061248
2,33,1,0,8,51,2,0,9786709,1431655765,1431655765,1431846912,2622308352,42,2863293772,2773204992
1,129,0,0,9,0,2,250,1393074173,4292869631,3757965279,4261404668,2097151,4294949819,3149636515,694679424
1,137,0,0,9,23,2,250,1393057789,4292869631,3757965279,4261404668,2097151,3221470139,3149636515,737183104
2,33,5,0,8,77,2,0,9786709,1431655765,1431655765,1431846912,2622324736,42,2863302169,1665089536
6,9,0,5,4,12,2,0,135589948,1576825112,1612402688,46071809,,,,
6,9,2,5,4,88,2,0,135589948,1576825112,1612402688,46071809,,,,
6,22,0,4,4,16,2,0,135589947,1660455530,1547892736,46071809,,,,
6,7,0,12,4,17,2,0,135591305,3470819529,375537664,46071809,,,,
6,10,0,0,4,14,2,0,135591029,564963825,1732671488,46071809,,,,
6,22,2,4,4,90,2,0,135589947,1660455530,1547892736,46071809,,,,
6,7,2,12,4,100,2,0,135591305,3470819529,375537664,46071809,,,,
2,21,5,0,8,78,2,0,9786709,1431655765,1431655765,1431846912,2622324736,42,2863302169,1665089536
6,21,0,11,4,13,2,0,135590952,2694054302,1495699456,46071809,,,,
6,21,2,11,4,89,2,0,135590952,2694054302,1495699456,46071809,,,,
2,26,5,0,8,76,2,67,9786709,1431655765,1431655765,1431846912,2622324736,42,2863302169,1665089536
1,128,0,0,9,21,2,94,2591230108,1675935872,1776778912,143516160,0,0,0,511887168
1,129,0,0,9,0,2,250,2584911868,2096639,3757834271,4261404669,4292869631,3758076859,2814098363,2798027456
1,137,0,0,9,23,2,250,2584764412,2096639,3758096351,4261404669,4292869631,3758076859,2814098363,2241245888
3,23,0,0,10,8,2,250,948965747,76550357,135540119,755954455,791287207,969478346,238165962,134241023
3,38,0,0,10,10,2,250,948965747,76550357,135540119,755154980,740955511,969478346,238165962,134222069
3,6,0,0,10,11,2,250,948965747,76546256,135540119,755322659,808064439,969478346,238165962,134231283
3,39,0,0,10,25,2,250,948965747,76550357,135540119,755310895,304747863,969478346,238165962,134250490
3,6,2,0,10,65,2,67,948965747,76546256,135540119,755322659,808064439,969478346,238165962,134231283
3,13,0,0,10,6,2,250,948965747,76546256,135540119,758771897,455742727,969478346,238165962,134247668
3,16,0,0,10,7,2,250,948965747,76546256,135540119,759058614,808064439,969478346,238165962,134235122
3,16,2,0,10,66,2,67,948965747,76546256,135540119,759058614,808064439,969478346,238165962,134235122
3,13,2,0,10,67,2,67,948965747,76546256,135540119,758771897,455742727,969478346,238165962,134247668
3,9,0,0,10,9,2,250,948965747,76546256,135540119,755245091,657069399,969478346,238165962,134250490
3,9,2,0,10,64,2,0,948965747,76546256,135540119,755245091,657069399,969478346,238165962,134250490
2,33,1,0,8,51,2,0,9786709,1431655765,1431655765,1431846912,2622341120,42,2863299168,2642477056
2,19,1,0,8,56,2,0,9786709,1431655765,1431655765,1431846912,2622341120,42,2863299168,2646556672
2,26,1,0,8,38,2,0,9786709,1431655765,1431655765,1431846912,2622348959,855397866,2863300375,2676031488
2,21,1,0,8,50,2,0,9786709,1431655765,1431655765,1431846912,2622348263,1727825898,2863285052,4039180288
1,128,0,0,9,21,2,94,3338405120,1427774044,3357350236,3708296025,1557977177,3645380766,1209126993,4115679552
1,129,0,0,9,0,2,250,3328492167,4160879871,1073741824,1024,0,0,0,378014848
1,137,0,0,9,23,2,250,3328836199,3897440753,2336880189,2444004260,1361197840,3764891486,468956960,858429056
6,9,0,5,4,12,2,0,278201396,1537479075,3847940096,46071809,,,,
2,33,5,0,8,77,2,0,34027454,725944876,4152224309,3608412160,3194568704,42,2863311620,2277457920
6,9,2,5,4,88,2,0,278201396,1537479075,3847940096,46071809,,,,
2,19,5,0,8,79,2,0,33950987,3490941412,540119006,1725005824,2229747712,42,2863312887,1501511680
6,22,0,4,4,16,2,0,278200453,1725699363,3888541696,46071809,,,,
6,7,0,12,4,17,2,0,278201426,1961364168,1800556544,46071809,,,,
6,22,2,4,4,90,2,0,278200453,1725699363,3888541696,46071809,,,,
6,10,0,0,4,14,2,0,278200482,690246634,3837767680,46071809,,,,
6,21,0,11,4,13,2,0,278201545,3604764181,862380032,46071809,,,,
6,21,2,11,4,89,2,0,278201545,3604764181,862380032,46071809,,,,
2,26,5,0,8,76,2,0,34043832,1294191131,1937026214,2698723328,3199025152,42,2863316406,1623146496
2,21,5,0,8,78,2,0,34038368,386681295,351109408,3592634368,3163504640,42,2863304072,3598663680
1,128,0,0,9,21,2,94,1409025280,2421393429,425220936,337320280,1557743642,1507564508,2571108352,442552256
1,129,0,0,9,0,2,250,1400002820,3252731975,4194303936,538049408,0,0,0,861173824
1,137,0,0,9,23,2,250,1409024000,0,0,0,0,0,0,25179840
2,33,1,0,8,51,2,0,17237518,3313126362,3289795,2852438016,2479144960,42,2863298347,51036160
2,19,1,0,8,56,2,0,17171942,3480825417,301231,2852438016,3081355264,42,2863299500,431964160
2,26,1,0,8,38,2,0,17253912,3719686053,3310306,2852438016,2506015300,3287475306,2863296240,1749729280
2,21,1,0,8,50,2,0,17253912,3785081110,751344,2852438016,2871130439,3287475306,2863296326,2135605248
1,128,0,0,9,21,2,94,2584920099,4292869631,4291035060,2750062589,4292869631,3757939642,398196735,3929708672
1,129,0,0,9,0,2,250,2600206336,0,0,0,0,0,0,478639936
1,137,0,0,9,23,2,250,2600206336,0,0,0,0,0,0,478639936
0,23,0,0,10,4,2,0,583095850,2276543712,510778478,2852658652,78486015,228930710,2933964157,2631532625
0,25,0,0,10,3,2,0,583095850,2276543712,510778478,2852658652,78486015,228930710,2933964157,2631532625
0,18,0,0,10,19,2,0,583095850,2276543712,510778478,2852658652,78486015,228930710,2933964157,2631532625
0,10,0,0,10,20,2,0,583095850,2276543712,510778478,2852658652,78486015,228930710,2933964157,2631532625
0,28,0,0,10,22,2,0,583095850,2276543712,510778478,2852658652,78486015,228930710,2933964157,2631532625
6,9,0,5,4,12,2,0,469873083,2590786666,2816137216,46071809,,,,
2,19,5,0,8,79,2,0,67506944,50341655,2551417525,2147647488,2629844992,42,2863303768,3057598464
6,9,2,5,4,88,2,0,469873083,2590786666,2816137216,46071809,,,,
2,33,5,0,8,77,2,0,67576319,3506441496,939526980,402636800,2944417792,42,2863315223,2415869952
2,21,5,0,8,78,2,0,67589631,4244630040,1677346816,2684338176,2520793088,42,2863311613,733954048
6,22,0,4,4,16,2,0,469841321,2710063131,2699046912,46071809,,,,
6,7,0,12,4,17,2,0,469807156,2956744315,410353664,46071809,,,,
6,22,2,4,4,90,2,0,469841321,2710063131,2699046912,46071809,,,,
6,10,0,0,4,14,2,0,503525773,131607323,415832064,46071809,,,,
6,21,0,11,4,13,2,0,503461261,3945294686,3708483584,46071809,,,,
6,21,2,11,4,89,2,0,503461261,3945294686,3708483584,46071809,,,,
2,26,5,0,8,76,2,0,67590911,4194290968,1610674999,1342210048,3208658944,42,2863300846,2218737664
5,3,0,0,10,1,2,0,583051905,2276541455,1020614069,3187938329,3203929123,1056440340,0,0
5,7,0,0,10,2,2,0,583051905,2276541455,1020614069,3187938329,3203929123,1056440340,0,0
1,128,0,0,9,21,2,94,3322470399,4259315199,3757965279,4294828031,4280286208,2684332987,3148060603,2333259264
1,129,0,0,9,0,2,250,3322781692,6290943,4294836191,4261404668,0,536845241,4223375787,2695806848
1,137,0,0,9,23,2,250,3322765308,2096639,3221356511,4261404668,0,536845241,4223375787,3025239808
2,19,1,0,8,56,2,0,50741233,2760352830,2365865413,1618870272,2530918400,42,2863285149,2038382592
2,26,1,0,8,38,2,0,50823152,998756032,2487239626,2822799360,3143302664,2222946986,2863285009,1061928960
2,12,1,0,8,40,2,0,50823152,3204938304,1187024138,1770012672,2740636360,2222946986,2863294514,4257169408
2,21,1,0,8,50,2,0,50823153,1560846849,969202756,2181136384,2245719752,2222946986,2863293213,1582022656
2,33,1,0,8,51,2,0,50806768,2949082624,872454090,1493188608,2660941824,42,2863299722,3008086016
1,128,0,0,9,21,2,94,1393483773,4292869631,4294311903,4261404671,4286578687,1610595257,2075891107,2491956288
1,129,0,0,9,0,2,250,1393139709,4292869631,3757965279,4261404668,2097151,4294949819,3149636515,403789760
1,137,0,0,9,23,2,250,1393123325,4292869631,3757965279,4261404668,2097151,3221470139,3149636515,444999104
2,33,5,0,8,77,2,0,117440511,4278190081,303584905,3796025344,2725806080,42,2863301078,1526677504
6,9,0,5,4,12,2,0,613827956,5386,1764659200,46071809,,,,
6,9,2,5,4,88,2,0,613827956,5386,1764659200,46071809,,,,
2,19,5,0,8,79,2,0,117440511,4278190081,303584905,3796025344,2725806080,42,2863301078,1526677504
6,22,0,4,4,16,2,0,607157636,778,1792012288,46071809,,,,
6,10,0,0,4,14,2,0,550608683,5386,1766500352,46071809,,,,
6,22,2,4,4,90,2,0,607157636,778,1792012288,46071809,,,,
6,7,2,12,4,100,2,0,607898946,266,1760495616,46071809,,,,
2,21,5,0,8,78,2,0,117440511,4278190081,303584905,3796025344,2725806080,42,2863301078,1526677504
6,21,0,11,4,13,2,0,545433921,4874,1789585408,46071809,,,,
6,21,2,11,4,89,2,0,545433921,4874,1789585408,46071809,,,,
2,26,5,0,8,76,2,0,117440511,4278190081,303584905,3796025344,2725806080,42,2863301078,1526677504
0,23,4,0,10,82,2,67,2338103788,1361757247,2024079554,4181721616,1386856447,2747217612,4271904767,2194814685
0,10,4,0,10,83,2,67,2334695916,1361757326,4037345377,2642411790,1652858879,3234615164,443034616,2252769264
0,18,4,0,10,84,2,67,2336793068,1361757259,2024079507,260047495,1392756735,2484197935,3487045452,162147137
0,28,4,0,10,87,2,67,2339414508,1361757301,1956970728,3560963929,320661504,405768097,2407530943,1420056853
0,25,4,0,10,95,2,67,2338628076,1361757319,1889862057,2617245763,3278626815,3708688996,2962240399,318552282
5,3,4,0,10,85,2,67,2332860908,1361756322,1621230038,2923434759,1909975038,2214484882,820589428,2964521067
5,7,4,0,10,86,2,67,2333909484,1361756322,1688371199,3951034368,0,30605,3556245681,2658391344
5,4,4,0,10,106,2,67,2333123052,1361756322,1621229613,2757754000,290185216,1989798668,3891868199,2930967035
1,128,0,0,9,21,2,94,2591246636,2467352640,1815774918,665205440,1796635176,1139404154,3967008713,4042922560
1,129,0,0,9,0,2,250,2584780796,2096639,3757834271,4261404669,4292869631,3758076859,2814098363,2780363904
1,137,0,0,9,23,2,250,2584829948,2096639,3758096351,4261404669,4292869631,3758076859,2814098363,3034583680
3,23,0,0,10,8,2,250,948969841,78167875,150955401,801686412,108265609,519306997,61030469,898105183
3,32,0,0,10,24,2,250,948969841,78153543,32936175,888041144,643825776,597503822,66953378,930478701
3,38,0,0,10,10,2,250,948969841,78126146,64801646,1019408063,854852982,275586961,26624147,729669781
3,6,0,0,10,11,2,250,948969841,78135873,771466330,918560049,439356157,287846027,74301349,977009498
3,39,0,0,10,25,2,250,948969841,78134603,821721405,136473406,326633257,578305997,75792307,1001585302
3,6,2,0,10,65,2,67,948969841,78135873,771466330,918560049,439356157,287846027,74301349,977009498
3,13,0,0,10,6,2,250,948969841,78125134,48265299,187589845,935070647,755083042,34218055,658039606
3,16,0,0,10,7,2,250,948969841,78134862,1073417971,371268231,283644611,642525066,76562397,971438655
3,16,2,0,10,66,2,0,948969841,78134862,1073417971,371268231,283644611,642525066,76562397,971438655
3,13,2,0,10,67,2,0,948969841,78125134,48265299,187589845,935070647,755083042,34218055,658039606
3,9,0,0,10,9,2,250,948969841,78135873,217837411,894725845,1044651677,80126725,74031014,964950858
3,9,2,0,10,64,2,0,948969841,78135873,217837411,894725845,1044651677,80126725,74031014,964950858
2,33,1,0,8,51,2,0,88530624,51412095,134917166,665485312,2863300608,42,2863289583,3082878976
2,19,1,0,8,56,2,0,88530624,51412159,671788078,665485312,2863300608,42,2863288308,2529116160
2,26,1,0,8,38,2,0,88530624,51411966,3893013550,665485312,2863313988,3924096042,2863292723,4148232192
2,12,1,0,8,40,2,0,88530624,51411070,537570350,665485312,2863303044,3924096042,2863300393,1295990784
2,21,1,0,8,50,2,0,88530624,51380288,403352622,665485312,2863311620,3924096042,2863288939,3254845440
1,128,0,0,9,21,2,94,3328598287,3942981660,184549759,2148000694,2280882271,4277731488,1082171896,3729877376
1,129,0,0,9,0,2,250,3328473616,201327105,0,1024,0,0,0,66630400
1,137,0,0,9,23,2,250,3328473616,134218497,1073741824,512,0,0,0,11293888
2,19,5,0,8,79,2,0,9786709,1431655765,1431655765,1431846912,2622455808,42,2863307578,3204399104
6,9,0,5,4,12,2,0,714702848,270336,2099200,46071809,,,,
2,33,5,0,8,77,2,0,9786709,1431655765,1431655765,1431846912,2622455808,42,2863307578,3204399104
6,9,2,5,4,88,2,0,714702848,270336,2099200,46071809,,,,
2,26,5,0,8,76,2,0,9786709,1431655765,1431655765,1431846912,2622455808,42,2863307578,3204399104
6,22,0,4,4,16,2,0,714768384,139264,2099200,46071809,,,,
6,22,2,4,4,90,2,0,714768384,139264,2099200,46071809,,,,
6,10,0,0,4,14,2,0,714768384,204800,1388544,46071809,,,,
6,21,0,11,4,13,2,0,714768384,139264,2099200,46071809,,,,
6,21,2,11,4,89,2,0,714768384,139264,2099200,46071809,,,,
2,21,5,0,8,78,2,0,9786709,1431655765,1431655765,1431846912,2622455808,42,2863307578,3204399104
1,128,0,0,9,21,2,94,1393033215,4294705152,0,0,802816,0,0,3668360000
1,129,0,0,9,0,2,250,1409024000,0,0,0,0,0,0,25179840
1,137,0,0,9,23,2,250,1399939339,3345121344,235274751,3221483392,0,0,0,441133184
2,33,1,0,8,51,2,0,9786709,1431655765,1431655765,1431846912,2622472192,42,2863294275,1078640640
2,19,1,0,8,56,2,0,9786709,1431655765,1431655765,1431846912,2622472192,42,2863294275,1082081280
2,29,1,0,8,37,2,0,9786709,1431655765,1431655765,1431846912,2622478211,2324623104,4027597034,864731136
2,26,1,0,8,38,2,0,9786709,1431655765,1431655765,1431846912,2622480131,2324623146,2863297807,1653260288
2,12,1,0,8,40,2,0,9786709,1431655765,1431655765,1431846912,2622477187,2324623146,2863284906,3548332032
2,21,1,0,8,50,2,0,9786709,1431655765,1431655765,1431846912,2622478211,2324623146,2863290683,3838492672
1,128,0,0,9,21,2,94,2584789031,4292869631,4291297268,2347311101,4292869631,3757939642,398196735,3838774080
1,129,0,0,9,0,2,250,2586055743,2147339065,468529899,2684656591,4066899759,4263378944,11904,438255680
1,137,0,0,9,23,2,250,2590641491,3868142193,457660465,2976221680,1201794869,2031601884,1020366496,1049324096
0,23,0,0,10,4,2,0,583095850,2276552040,272755508,239248955,1062240272,675492630,3069211088,1059434439
0,25,0,0,10,3,2,0,583095850,2276552040,272755982,2474812825,3209822235,675492787,921607234,3206452744
0,18,0,0,10,19,2,0,583095850,2276552040,272755508,239248955,1062240272,675492630,3069211088,1059434439
0,10,0,0,10,20,2,0,583095850,2276552040,272755982,2474812825,3209822235,675492787,921607234,3206452744
0,28,0,0,10,22,2,0,583095850,2276552040,272755508,239248955,1062240272,675492630,3069211088,1059434439
0,32,0,0,10,36,2,0,583095850,2276552040,272755401,2386732562,3209723961,2822976319,921727481,3206918146
6,9,0,5,4,12,2,0,889998612,2806032988,127117312,46071809,,,,
6,9,2,5,4,88,2,0,889998612,2806032988,127117312,46071809,,,,
2,19,5,0,8,79,2,0,9786709,1431655765,1431655765,1431846912,2622488576,42,2863309326,1270824960
2,33,5,0,8,77,2,0,9786709,1431655765,1431655765,1431846912,2622488576,42,2863309326,1270824960
2,21,5,0,8,78,2,0,9786709,1431655765,1431655765,1431846912,2622488576,42,2863309326,1270824960
6,22,0,4,4,16,2,0,889998345,2002823800,125489152,46071809,,,,
6,7,0,12,4,17,2,0,889997833,2002823800,125487104,46071809,,,,
6,10,0,0,4,14,2,0,889997833,2002823800,125487104,46071809,,,,
6,22,2,4,4,90,2,0,889998345,2002823800,125489152,46071809,,,,
6,21,0,11,4,13,2,0,889998345,2002823800,125489152,46071809,,,,
6,21,2,11,4,89,2,0,889998345,2002823800,125489152,46071809,,,,
2,12,5,0,8,70,2,0,9786709,1431655765,1431655765,1431846912,2622488576,21,1431656816,2017411072
2,26,5,0,8,76,2,0,9786709,1431655765,1431655765,1431846912,2622488576,42,2863309326,1270824960
5,3,0,0,10,1,2,0,583051905,2276550023,808102534,2863311509,2863311509,2863311509,2863311509,2863311509
5,7,0,0,10,2,2,0,583051905,2276550023,808102534,2863311509,2863311509,2863311509,2863311509,2863311509
1,128,0,0,9,21,2,94,3322535935,4255120895,3757965279,4294811647,4276091904,2684332987,3148060603,3009519296
1,129,0,0,9,0,2,250,3322847228,6290943,4294836191,4261404668,0,536845241,4223375787,2460377472
1,137,0,0,9,23,2,250,3322830844,2096639,3221356511,4261404668,0,536845241,4223375787,2254020864
2,19,1,0,8,56,2,0,9786709,1431655765,1431655765,1431846912,2622504960,42,2863292023,3040821248
2,29,1,0,8,37,2,0,282538952,195038515,4021714993,1140686848,2657101344,3217031183,16929079,2978725888
2,26,1,0,8,38,2,0,269975539,1414385374,3780848059,2885795840,2764064992,3217031210,2863299884,3725312000
2,12,1,0,8,40,2,0,9786709,1431655765,1431655765,1431846912,2622513248,3217031210,2863287823,675233792
2,21,1,0,8,50,2,0,271087295,2209682057,2149176664,670334976,2399151648,3217031210,2863284559,2852896768
2,33,1,0,8,51,2,0,271518581,4000375006,4168805325,67108864,2510290944,42,2863290209,705413120
0,12,0,0,10,18,2,0,583095850,2276552040,272755401,2386732562,3209723961,2822976319,921727481,3206918146
1,128,0,0,9,21,2,94,1393352701,4292869631,4294049759,4261404671,4290771967,536853433,2075891107,2478210240
1,129,0,0,9,0,2,250,1393205245,4292869631,3757965279,4261404668,2097151,4294949819,3149636515,706316736
1,137,0,0,9,23,2,250,1393188861,4292869631,3757965279,4261404668,2097151,3221470139,3149636515,680459200
2,33,5,0,8,77,2,0,17237518,3313126362,3289795,2852438016,2479144960,42,2863313933,2126462976
2,29,5,0,8,73,2,0,17253912,3810207125,3084005,2852438016,2730213376,42,2863309175,3338616832
6,9,0,5,4,12,2,0,956465929,2855583873,437641216,46071809,,,,
6,9,2,5,4,88,2,0,956465929,2855583873,437641216,46071809,,,,
2,19,5,0,8,79,2,0,17171942,3480825417,301231,2852438016,3081355264,42,2863315082,1681866752
6,10,0,0,4,14,2,0,956826211,2838806673,705880064,46071809,,,,
6,22,0,4,4,16,2,0,956828259,2838806673,706156544,46071809,,,,
6,7,0,12,4,17,2,0,956828259,2838806673,706156544,46071809,,,,
6,22,2,4,4,90,2,0,956828259,2838806673,706156544,46071809,,,,
6,7,2,12,4,100,2,0,956828259,2838806673,706156544,46071809,,,,
2,12,5,0,8,70,2,0,17253912,1688641081,1735199,2852438016,2495528960,21,1431652600,2826911744
6,21,0,11,4,13,2,0,956828259,2838806673,706156544,46071809,,,,
6,21,2,11,4,89,2,0,956828259,2838806673,706156544,46071809,,,,
2,26,5,0,8,76,2,0,17253912,3719686053,3310306,2852438016,2506014720,42,2863305146,922697728
2,21,5,0,8,78,2,0,17253912,3785081110,751344,2852438016,2871115776,42,2863309202,2352955392
1,128,0,0,9,21,2,94,2600206592,1094247,3909091360,3222536192,0,0,0,458275840
1,129,0,0,9,0,2,250,2584846332,2096639,3757834271,4261404669,4292869631,3758076859,2814098363,2496552128
1,137,0,0,9,23,2,250,2584895484,2096639,3758096351,4261404669,4292869631,3758076859,2814098363,2263403648
3,23,0,0,10,8,2,250,948973950,79785222,676131818,352714900,28310793,703987586,970939044,232092216
3,32,0,0,10,24,2,250,948973950,79785222,676347323,923041651,975175065,900726703,924893369,590173105
3,38,0,0,10,10,2,250,948973950,79785222,676532144,201785371,234880975,355860532,113171286,8129582
3,6,0,0,10,11,2,250,948973950,79785222,676146925,969736390,42467119,403963718,832634226,731456432
3,39,0,0,10,25,2,250,948973950,79785222,676233964,345407498,40894271,436600916,29443650,725251113
3,6,2,0,10,65,2,67,948973950,79785222,676146925,969736390,42467119,403963718,832634226,731456432
3,13,0,0,10,6,2,32,948973950,79785222,676675005,537231512,161480543,410517311,457119332,545459654
3,16,0,0,10,7,2,32,948973950,79785222,676230121,535003196,65535999,437256047,786493654,731468977
3,16,2,0,10,66,2,67,948973950,79785222,676230121,535003196,65535999,437256047,786493654,731468977
3,13,2,0,10,67,2,67,948973950,79785222,676675005,537231512,161480543,410517311,457119332,545459654
3,9,0,0,10,9,2,32,948973950,79785222,676175337,138542923,994574303,397934367,302040486,735471408
3,9,2,0,10,64,2,67,948973950,79785222,676175337,138542923,994574303,397934367,302040486,735471408
2,33,1,0,8,51,2,0,34027454,725944876,4152224309,3608412160,3194568704,42,2863294498,4194369536
2,19,1,0,8,56,2,0,33950987,3490941412,540119006,1725005824,2229747712,42,2863295697,620707840
2,29,1,0,8,37,2,0,34032891,4041902532,2774783516,550879232,2220384416,669558634,2863287476,1279328256
2,26,1,0,8,38,2,0,34043832,1294191131,1937026214,2698723328,3199033498,4097882410,2863290858,1904279552
2,12,1,0,8,40,2,0,34043838,1702578724,3773004493,3903029248,3207291052,3079710954,2863297428,792674304
2,21,1,0,8,50,2,0,34038368,386681295,351109408,3592634368,3163512970,953825066,2863298909,1577123840
1,128,0,0,9,21,2,94,3338404096,1427199189,135483732,3570422225,1073741824,0,0,622961536
1,129,0,0,9,0,2,250,3329384715,3345121344,235274751,3221483392,0,0,0,564123264
1,137,0,0,9,23,2,250,3328480591,3623750910,3221225472,512,0,0,0,570613440
2,19,5,0,8,79,2,0,50741233,2760352830,2365865413,1618870272,2530918400,42,2863300795,83836928
2,33,5,0,8,77,2,0,50806768,2949082624,872454090,1493188608,2660941824,42,2863316908,3472834560
6,9,2,5,4,88,2,0,1158679341,3925921804,1163165696,46071809,,,,
2,29,5,0,8,73,2,0,50823153,1334329214,1350853317,389922816,2413477888,42,2863305042,1581203456
2,26,5,0,8,76,2,0,50823152,998756032,2487239626,2822799360,3143286784,42,2863312748,1199521792
6,22,2,4,4,90,2,0,1158679311,3404779556,1163722752,46071809,,,,
6,21,2,11,4,89,2,0,1158679311,3404779556,1163722752,46071809,,,,
2,12,5,0,8,70,2,0,50823152,3204938304,1187024138,1770012672,2740633600,21,1431655052,2726248448
2,21,5,0,8,78,2,0,50823153,1560846849,969202756,2181136384,2245705728,42,2863308310,1275019264
1,128,0,0,9,21,2,94,1409025280,2670469,702545952,4194304,0,0,0,234486720
1,129,0,0,9,0,2,250,1399100751,3623620094,3221225472,1024,0,0,0,661522240
1,137,0,0,9,23,2,250,1399457887,582554320,2198035503,4094630200,2812562460,1489143188,648091168,583363072
2,33,1,0,8,51,2,0,67576319,3506441496,939526980,402636800,2944417792,42,2863299121,4064985088
2,19,1,0,8,56,2,0,67506944,50341655,2551417525,2147647488,2629844992,42,2863288190,3418308608
2,29,1,0,8,37,2,0,67591424,100658712,1677643758,2952773632,2189443553,3653915178,2863286422,919257088
2,26,1,0,8,38,2,0,67590911,4194290968,1610674999,1342210048,3208659254,52065386,2863296522,2894774272
2,12,1,0,8,40,2,0,67587327,3808434200,1677718549,3489644544,2717925767,702968746,2863294491,2579447808
2,21,1,0,8,50,2,0,67589631,4244630040,1677346816,2684338176,2520793584,659181098,2863292089,1653260288
1,128,0,0,9,21,2,94,2584854563,4292869631,4291559348,2078826493,4292869631,3757939642,398196735,4138481216
1,129,0,0,9,0,2,250,2584215551,4294705152,0,0,131072,0,0,3130139072
1,137,0,0,9,23,2,250,2585547775,4294967295,4294967295,4294967295,4294967295,4294967295,4294967295,3235252736
0,23,0,0,10,4,2,0,583095850,2276559136,358875355,46769631,427102060,122255709,2664168340,767960895
0,25,0,0,10,3,2,0,583095850,2276559136,358875181,2194253302,2574585669,2269739380,516670229,2256938770
0,18,0,0,10,19,2,0,583095850,2276559136,358875272,46769631,427102060,122255709,2664168340,709240609
0,10,0,0,10,20,2,0,583095850,2276559136,358875181,2194253302,2574585669,2269739380,516669776,201729845
0,12,0,0,10,18,2,0,583095850,2276559136,358875181,2194253302,2574585669,2269739380,516684125,2286298893
0,28,0,0,10,22,2,0,583095850,2276559136,358875272,46769631,427102060,122255709,2664168241,3133548326
0,32,0,0,10,36,2,0,583095850,2276559136,358875181,2194253302,2574585669,2269739380,516669613,2269521714
6,9,0,5,4,12,2,0,1326218145,922009780,432361472,46071809,,,,
2,19,5,0,8,79,2,0,88530624,51412159,671788078,684359680,2863300608,42,2863315536,339689472
6,9,2,5,4,88,2,0,1326218145,922009780,432361472,46071809,,,,
2,12,5,0,8,70,2,0,88530624,51411070,537570350,684359680,2863300608,21,1431652785,3644801024
2,26,5,0,8,76,2,0,88530624,51411966,3893013550,684359680,2863300608,42,2863300711,4181671936
6,22,0,4,4,16,2,0,1326240507,880066756,700575744,46071809,,,,
6,7,0,12,4,17,2,0,1326240507,880066756,700575744,46071809,,,,
6,10,0,0,4,14,2,0,1326240507,880066755,700801024,46071809,,,,
6,22,2,4,4,90,2,0,1326240507,880066756,700575744,46071809,,,,
2,33,5,0,8,77,2,0,88530624,51412095,134917166,684359680,2863300608,42,2863309131,897531904
2,21,5,0,8,78,2,0,88530624,51380288,403352622,684359680,2863300608,42,2863306492,3602857984
6,21,0,11,4,13,2,0,1326240507,880066756,700575744,46071809,,,,
6,21,2,11,4,89,2,0,1326240507,880066756,700575744,46071809,,,,
2,29,5,0,8,73,2,0,88530624,51412383,1879747630,684359680,2863300608,42,2863301037,1455374336
5,3,0,0,10,1,2,0,583051905,2276557263,359154135,536870954,2147483689,2147483689,2147483770,2588274400
5,7,0,0,10,2,2,0,583051905,2276557263,359154135,536870954,2147483689,2147483689,2147499430,2588274400
1,128,0,0,9,21,2,94,3322601471,4259315199,3757965279,4294828031,4280286208,2684332987,3148060603,2288830528
1,129,0,0,9,0,2,250,3322716156,6290943,4294836191,4261404668,0,536845241,4223375787,2446860224
1,137,0,0,9,23,2,250,3322699772,2096639,3221356511,4261404668,0,536845241,4223375787,2233982784
2,19,1,0,8,56,2,0,117440511,4278190081,303584905,3796025344,2727247872,42,2863293623,3703521280
2,29,1,0,8,37,2,0,117440511,4278190081,303584905,3796025344,2727260402,1587648874,2863296311,2307637248
2,26,1,0,8,38,2,0,117440511,4278190081,303584905,3796025344,2727254856,1640214506,2863296821,3125526528
2,12,1,0,8,40,2,0,117440511,4278190081,303584905,3796025344,2727248727,4036742954,2863285538,3011461120
2,21,1,0,8,50,2,0,117440511,4278190081,303584905,3796025344,2727260406,3698620778,2863292114,4144742400
2,33,1,0,8,51,2,0,117440511,4278190081,303584905,3796025344,2727247872,42,2863293623,3700146176
1,128,0,0,9,21,2,94,1393418237,4292869631,4294311903,4261404671,4286578686,3758078905,2075891111,3064400192
1,129,0,0,9,0,2,250,1393074173,4292869631,3757965279,4261404668,2097151,4294949819,3149636515,694679424
1,137,0,0,9,23,2,250,1393057789,4292869631,3757965279,4261404668,2097151,3221470139,3149636515,737183104
5,2,0,0,10,48,2,250,583051905,129073475,359154135,536870954,2147483689,2147483689,2147483938,2588274400
2,33,5,0,8,77,2,0,163093259,939828737,3625451648,467025920,2954379264,42,2863303963,2508144640
6,9,2,5,4,88,2,0,1427916623,104907308,1129967616,46071809,,,,
2,29,5,0,8,73,2,0,164142094,1090823681,3625451648,467025920,2954379264,42,2863301111,2696888320
6,10,0,0,4,14,2,0,1427916080,3908092488,1129893888,46071809,,,,
2,19,5,0,8,79,2,0,158898175,923051265,3625451680,467042304,2417508352,42,2863316845,1568620544
6,22,2,4,4,90,2,0,1427916592,3908092488,1129920512,46071809,,,,
2,12,5,0,8,70,2,0,164142094,1090823681,3625451648,467025920,2954379264,21,1431665289,2470395904
6,21,0,11,4,13,2,0,1427916592,3908092488,1129920512,46071809,,,,
6,21,2,11,4,89,2,0,1427916592,3908092488,1129920512,46071809,,,,
2,26,5,0,8,76,2,0,164142094,1090823681,3625451648,467025920,2954379264,42,2863301111,2696888320
2,21,5,0,8,78,2,0,164142094,1090823681,3625451648,467025920,2954379264,42,2863301111,2696888320
0,23,4,0,10,82,2,67,2338107884,1621426490,848972300,3169132623,3211255820,679926,905979086,1075173119
0,10,4,0,10,83,2,67,2334700012,1621426654,1280772633,2935365822,261472254,2564086,1245717542,1075265535
0,18,4,0,10,84,2,67,2336797164,1621454017,240667112,1348026325,2946621440,1073831939,3762301163,1074558208
0,28,4,0,10,87,2,67,2339418604,1621437383,3924822475,529735765,3498713084,2147745790,1151344420,3759926271
0,25,4,0,10,95,2,67,2338632172,1621442869,1343752616,3443933139,3748675593,2147033090,3286244124,3760379136
0,32,4,0,10,98,2,67,2340467180,1621432014,1510590935,2080055512,17104889,1074225145,2787122229,3760329215
5,3,4,0,10,85,2,67,2332865004,1621257962,908265255,2804098751,1075298316,2681798663,2579508563,4292791808
5,7,4,0,10,86,2,67,2333913580,1621245742,2118631427,148458676,2147491482,2156445653,4192208469,4294539006
5,4,4,0,10,106,2,67,2333127148,1621233978,2570552978,518744216,2716442637,3223674836,534762675,1614209278
1,128,0,0,9,21,2,94,2590439687,3472244495,4278092931,2072508288,0,0,0,762739776
1,129,0,0,9,0,2,250,2584911868,2096639,3757834271,4261404669,4292869631,3758076859,2814098363,2798027456
1,137,0,0,9,23,2,250,2584764412,2096639,3758096351,4261404669,4292869631,3758076859,2814098363,2241245888
3,23,0,0,10,8,2,250,948978037,81272663,182852774,3745178,736747951,826783061,919394060,1070835212
3,32,0,0,10,24,2,250,948978037,81272663,182852774,3745178,736747951,826783061,919394060,1070835212
3,38,0,0,10,10,2,250,948978037,81272663,182852774,3745178,736747951,826783061,919394060,1070835212
3,6,0,0,10,11,2,250,948978037,81272663,182852774,3745178,736747951,826783061,919394060,1070835212
3,39,0,0,10,25,2,250,948978037,81272663,182852774,3745178,736747951,826783061,919394060,1070835212
3,6,2,0,10,65,2,67,948978037,81272663,182852774,3745178,736747951,826783061,919394060,1070835212
3,13,0,0,10,6,2,250,948978037,81272663,182852774,3745178,736747951,826783061,919394060,1070835212
3,16,0,0,10,7,2,250,948978037,81272663,182852774,3745178,736747951,826783061,919394060,1070835212
3,16,2,0,10,66,2,67,948978037,81272663,182852774,3745178,736747951,826783061,919394060,1070835212
3,13,2,0,10,67,2,67,948978037,81272663,182852774,3745178,736747951,826783061,919394060,1070835212
3,9,0,0,10,9,2,250,948978037,81272663,182852774,3745178,736747951,826783061,919394060,1070835212
3,9,2,0,10,64,2,67,948978037,81272663,182852774,3745178,736747951,826783061,919394060,1070835212
2,33,1,0,8,51,2,0,163093472,335525119,4164682032,876609536,2448048128,42,2863288179,3783327744
2,19,1,0,8,56,2,0,158898131,3959403775,4164682032,876609536,2448048128,42,2863289374,1967079424
2,29,1,0,8,37,2,0,164142307,469742847,4164682032,876609536,2448054658,65996330,2863285663,1023475712
2,26,1,0,8,38,2,0,164142307,469742847,4164682032,876609536,2448062273,2213589226,2863295877,3120627712
2,12,1,0,8,40,2,0,164142307,469742847,4164682032,876609536,2448051457,2213393450,2863290842,1472151552
2,21,1,0,8,50,2,0,164142307,469742847,4164682032,876609536,2448054660,3286724586,2863285067,3032547328
1,128,0,0,9,21,2,94,3328577647,3875684347,4135550848,2139618240,1006502063,4144013376,1075855870,3248301760
1,129,0,0,9,0,2,250,3328467208,67633408,2147483648,1024,0,0,0,968381952
1,137,0,0,9,23,2,250,3328467208,67633408,2147483648,512,0,0,0,827985024
2,19,5,0,8,79,2,0,176025519,3802849279,4194304255,2835382272,2978316288,42,2863310821,2059354112
6,9,0,5,4,12,2,0,1593033802,850706336,374548480,46071809,,,,
6,9,2,5,4,88,2,0,1593033802,850706336,374548480,46071809,,,,
2,33,5,0,8,77,2,0,180219823,3804446207,4194304255,2835382272,2978316288,42,2863306902,1719615488
6,22,0,4,4,16,2,0,1593035684,951369648,676575232,46071809,,,,
6,7,0,12,4,17,2,0,1593035684,951369648,676575232,46071809,,,,
6,10,0,0,4,14,2,0,1593035684,951369648,676575232,46071809,,,,
6,22,2,4,4,90,2,0,1593035684,951369648,676575232,46071809,,,,
6,7,2,12,4,100,2,0,1593035684,951369648,676575232,46071809,,,,
6,21,0,11,4,13,2,0,1593035684,951369648,676575232,46071809,,,,
6,21,2,11,4,89,2,0,1593035684,951369648,676575232,46071809,,,,
2,12,5,0,8,70,2,0,181268399,3804844031,4194304255,2835382272,2978316288,21,1431659691,2512338944
2,29,5,0,8,73,2,0,181268399,3804844031,4194304255,2835382272,2978316288,42,2863308757,2789163008
2,26,5,0,8,76,2,0,181268399,3804844031,4194304255,2835382272,2978316288,42,2863308757,2789163008
2,21,5,0,8,78,2,0,181268399,3804844031,4194304255,2835382272,2978316288,42,2863308757,2789163008
1,128,0,0,9,21,2,94,1409025280,1427774044,3357350236,3708296025,1557977177,3645380766,1209126993,4237060416
1,129,0,0,9,0,2,250,1399998732,81997888,134217728,1338248064,0,0,0,233005760
1,137,0,0,9,23,2,250,1399933196,81993792,167739392,1338248064,0,0,0,747581632
2,33,1,0,8,51,2,0,179870063,3792010238,2550092031,2835382272,2978316288,42,2863289648,2009776128
2,19,1,0,8,56,2,0,175675759,3823975934,2550092031,2835382272,2978316288,42,2863286284,3602857984
2,29,1,0,8,37,2,0,180918639,3792407550,2550092031,2835382272,2978324168,262833386,2863292271,1590345728
2,26,1,0,8,38,2,0,180918639,3792407550,2550092031,2835382272,2978326164,881903722,2863298297,2013970432
2,12,1,0,8,40,2,0,180918639,3792407550,2550092031,2835382272,2978319092,808879338,2863291419,1090469888
2,21,1,0,8,50,2,0,180918639,3792407550,2550092031,2835382272,2978324170,3862972522,2863290342,1430962176
0,23,0,0,10,4,2,0,583095850,2276567624,771580499,179797894,2288650736,1034174592,1073259103,44804211
0,25,0,0,10,3,2,0,583095850,2276567624,109096760,227506974,2519572689,2158330243,477616859,73836640
0,18,0,0,10,19,2,0,583095850,2276567624,708906635,203573788,368280456,16334999,980045167,22587483
0,10,0,0,10,20,2,0,583095850,2276567624,205354516,170865638,2863216270,3183575369,2680059947,49162343
0,12,0,0,10,18,2,0,583095850,2276567624,138476388,211254174,2401986508,13189405,2723046466,2225481793
0,28,0,0,10,22,2,0,583095850,2276567624,989829002,2355822784,139278199,1068630050,2382011669,2207213635
0,32,0,0,10,36,2,0,583095850,2276567624,125720140,189097676,612280176,1050444082,2687328116,72542322
6,9,0,5,4,12,2,0,1696900970,1533074760,541906944,46071809,,,,
2,19,5,0,8,79,2,0,9786709,1431655765,1431655765,1431846912,2622685184,42,2863300981,3892264960
6,9,2,5,4,88,2,205,1696900970,1533074760,541906944,46071809,,,,
2,12,5,0,8,70,2,205,9786709,1431655765,1431655765,1431846912,2622685184,21,1431665163,3565109248
2,26,5,0,8,76,2,205,9786709,1431655765,1431655765,1431846912,2622685184,42,2863300981,3892264960
6,10,0,0,4,14,2,0,1696900940,1035001184,541863936,46071809,,,,
6,22,2,4,4,90,2,205,1696900940,1035001184,541863936,46071809,,,,
6,7,2,12,4,100,2,205,1696900940,1035001184,541863936,46071809,,,,
2,33,5,0,8,77,2,205,9786709,1431655765,1431655765,1431846912,2622685184,42,2863300981,3892264960
2,21,5,0,8,78,2,205,9786709,1431655765,1431655765,1431846912,2622685184,42,2863300981,3892264960
6,21,0,11,4,13,2,0,1696900940,1035001184,541863936,46071809,,,,
6,21,2,11,4,89,2,205,1696900940,1035001184,541863936,46071809,,,,
2,29,5,0,8,73,2,205,9786709,1431655765,1431655765,1431846912,2622685184,42,2863300981,3892264960
5,3,0,0,10,1,2,0,583051905,2276565671,440513681,2263808378,2928897151,24070542,2605500567,989655686
5,7,0,0,10,2,2,0,583051905,2276565671,443907731,509,2654425050,3123429383,93123461,3207525005
1,129,0,0,9,0,2,250,3322781692,6290943,4294836191,4261404668,0,536845241,4223375787,2695806848
1,128,0,0,9,21,2,94,3322470399,4255120895,3757965279,4294811647,4276091904,2684332987,3148060603,2182561408
1,137,0,0,9,23,2,250,3322765308,2096639,3221356511,4261404668,0,536845241,4223375787,3025239808
2,19,1,0,8,56,2,0,9786709,1431655765,1431655765,1431846912,2622701568,42,2863299852,427769856
2,29,1,0,8,37,2,0,304566959,1258006012,1141135649,1057062912,2910088515,3994773418,2863298532,881573888
2,26,1,0,8,38,2,0,304565965,3107629931,4242274513,772538368,3085775235,3698569898,2863294872,516669440
2,12,1,0,8,40,2,0,9786709,1431655765,1431655765,1431846912,2622716675,4168385642,2863295248,511655936
2,21,1,0,8,50,2,0,315774631,1291482215,2584660866,2877849600,2663902531,3979349610,2863297830,2412494848
2,33,1,0,8,51,2,0,304550685,4095632206,2652762348,885850112,2204942336,42,2863286473,1733017600
1,128,0,0,9,21,2,94,1393483773,4292869631,4294049759,4261404671,4290771967,1610595257,2075891111,2663654336
1,129,0,0,9,0,2,250,1393139709,4292869631,3757965279,4261404668,2097151,4294949819,3149636519,692254080
1,137,0,0,9,23,2,250,1393123325,4292869631,3757965279,4261404668,2096128,244667,3149636519,483565056
5,2,0,0,10,48,2,250,583051905,2276565671,440581939,106056569,2792011505,2180581830,2269622947,140423833
2,33,5,0,8,77,2,41,9786709,1431655765,1431655765,1431846912,2622717952,42,2863308377,3745464320
6,9,0,5,4,12,2,0,1856056543,2901721023,375808000,46071809,,,,
6,9,2,5,4,88,2,41,1856056543,2901721023,375808000,46071809,,,,
2,29,5,0,8,73,2,41,9786709,1431655765,1431655765,1431846912,2622717952,42,2863308377,3745464320
6,10,0,0,4,14,2,0,1856044089,2985607119,677879808,46071809,,,,
6,22,0,4,4,16,2,0,1856044089,2985607119,677879808,46071809,,,,
6,7,0,12,4,17,2,0,1856044089,2985607119,677879808,46071809,,,,
2,19,5,0,8,79,2,41,9786709,1431655765,1431655765,1431846912,2622717952,42,2863308377,3745464320
6,22,2,4,4,90,2,41,1856044089,2985607119,677879808,46071809,,,,
6,7,2,12,4,100,2,41,1856044089,2985607119,677879808,46071809,,,,
2,12,5,0,8,70,2,41,9786709,1431655765,1431655765,1431846912,2622717952,21,1431659815,3971956736
6,21,0,11,4,13,2,0,1856044089,2985607119,677879808,46071809,,,,
6,21,2,11,4,89,2,41,1856044089,2985607119,677879808,46071809,,,,
2,26,5,0,8,76,2,41,9786709,1431655765,1431655765,1431846912,2622717952,42,2863308377,3745464320
2,21,5,0,8,78,2,41,9786709,1431655765,1431655765,1431846912,2622717952,42,2863308377,3745464320
1,128,0,0,9,21,2,94,2600207616,2421393429,425220936,337320280,1557743642,1507564508,2571108352,124227136
1,129,0,0,9,0,2,250,2584780796,2096639,3757834271,4261404669,4292869631,3758076859,2814098363,2780363904
1,137,0,0,9,23,2,250,2584829948,2096639,3758096351,4261404669,4292869631,3758076859,2814098363,3034583680
3,23,0,0,10,8,2,250,948982138,82844834,0,0,0,0,0,32782
3,32,0,0,10,24,2,250,948982138,82844834,0,0,0,0,0,32782
3,38,0,0,10,10,2,250,948982138,82844834,0,0,0,0,0,32782
3,6,0,0,10,11,2,250,948982138,82844834,0,0,0,0,0,65284
3,39,0,0,10,25,2,250,948982138,82844834,0,0,0,0,0,32782
3,6,2,0,10,65,2,67,948982138,82844834,0,0,0,0,0,65284
3,13,0,0,10,6,2,250,948982138,82844834,0,0,0,0,0,65284
3,16,0,0,10,7,2,250,948982138,82844834,0,0,0,0,0,65284
3,16,2,0,10,66,2,67,948982138,82844834,0,0,0,0,0,65284
3,13,2,0,10,67,2,67,948982138,82844834,0,0,0,0,0,65284
3,9,0,0,10,9,2,250,948982138,82844834,0,0,0,0,0,65284
3,9,2,0,10,64,2,67,948982138,82844834,0,0,0,0,0,65284
2,33,1,0,8,51,2,0,346954677,1781598972,18006281,3047653376,3157262336,42,2863294310,2730557440
2,19,1,0,8,56,2,0,9786709,1431655765,1431655765,1431846912,2622734336,42,2863292960,566181888
2,29,1,0,8,37,2,0,345537029,2736699096,437676754,2809036800,2493205154,3297210986,2863284415,2072051712
2,26,1,0,8,38,2,0,345009767,3736690844,3047023159,4099211264,2898015505,315011690,2863296168,1832976384
2,12,1,0,8,40,2,0,9786709,1431655765,1431655765,1431846912,2622739297,2860724842,2863299580,3728687104
2,21,1,0,8,50,2,0,346383065,3959146272,2476057855,1709129728,3079342774,2026205802,2863298927,994115584
1,128,0,0,9,21,2,94,3338404096,1094247,3909091360,3222536192,0,0,0,260824448
1,129,0,0,9,0,2,250,3328493776,392704,0,1024,0,0,0,145816320
1,137,0,0,9,23,2,250,3328493776,392704,0,512,0,0,0,5415296
2,19,5,0,8,79,2,0,9786709,1431655765,1431655765,1431846912,2622750720,42,2863306825,4030676992
6,9,0,5,4,12,2,0,1965838954,1446043228,348211200,46071809,,,,
6,9,2,5,4,88,2,0,1965838954,1446043228,348211200,46071809,,,,
2,33,5,0,8,77,2,0,9786709,1431655765,1431655765,1431846912,2622750720,42,2863306825,4030676992
6,22,0,4,4,16,2,0,1965839208,2097208964,347723776,46071809,,,,
6,7,0,12,4,17,2,0,1965839208,2097208964,347723776,46071809,,,,
6,10,0,0,4,14,2,0,1965839208,2097208964,347723776,46071809,,,,
6,22,2,4,4,90,2,0,1965839208,2097208964,347723776,46071809,,,,
6,7,2,12,4,100,2,0,1965839208,2097208964,347723776,46071809,,,,
6,21,0,11,4,13,2,0,1965839208,2097208964,347723776,46071809,,,,
6,21,2,11,4,89,2,0,1965839208,2097208964,347723776,46071809,,,,
2,12,5,0,8,70,2,0,9786709,1431655765,1431655765,1431846912,2622750720,21,1431659319,3284090880
2,29,5,0,8,73,2,0,9786709,1431655765,1431655765,1431846912,2622750720,42,2863306825,4030676992
2,26,5,0,8,76,2,0,9786709,1431655765,1431655765,1431846912,2622750720,42,2863306825,4030676992
2,21,5,0,8,78,2,0,9786709,1431655765,1431655765,1431846912,2622750720,42,2863306825,4030676992
1,128,0,0,9,21,2,94,1399210055,3573743479,3934158594,4278703023,1845575863,4026556448,500,3267883392
1,129,0,0,9,0,2,250,1399990534,2195796039,4261478271,3488872576,0,0,0,363050624
1,137,0,0,9,23,2,250,1399924998,2195796039,4261478271,3488872606,2227376544,537003265,4028107516,1105222784
2,33,1,0,8,51,2,0,271518581,4000375006,4168805402,2550136832,2510290944,42,2863292014,571129856
2,19,1,0,8,56,2,0,9786709,1431655765,1431655765,1431846912,2622767104,42,2863293488,247414784
2,29,1,0,8,37,2,0,282539016,195038515,4021715070,3623714816,2657101713,1031740970,2863294868,4077568000
2,26,1,0,8,38,2,0,269975667,1380830686,3780717065,1208074240,2766166193,1505887018,2863287445,990560256
2,12,1,0,8,40,2,0,9786709,1431655765,1431655765,1431846912,2622780801,2138975658,2863284631,1283407872
2,21,1,0,8,50,2,0,271087359,2209681801,2149307813,3153362944,2397054908,1008750058,2863287260,3544891392
1,128,0,0,9,21,2,94,2584789027,4292869631,4291559348,2750259197,4292869631,3757939642,398196735,4173301760
1,129,0,0,9,0,2,250,2586326537,2227700016,1682818360,5979312,0,0,0,51902912
1,137,0,0,9,23,2,250,2591112457,3324198976,67765216,806746240,0,0,0,910222016
0,23,0,0,10,4,2,0,583095850,2276576056,524436,487571029,2148239883,213686482,2302141251,758565803
0,25,0,0,10,3,2,0,583095850,2276576056,1073520775,446576939,1182121,2832016163,114068371,228946249
0,18,0,0,10,19,2,0,583095850,2276576056,276037,2692557631,18922,2823827389,2322309775,863978503
0,10,0,0,10,20,2,0,583095850,2276576056,2818243,790439904,1100349,2578351007,150825053,3203231461
0,28,0,0,10,22,2,0,583095850,2276576056,349675,602636631,2532,186637182,2277262742,2486381670
0,32,0,0,10,36,2,0,583095850,2276576056,478050,2804153395,1073121772,394029977,2265017151,114077734
6,9,0,5,4,12,2,0,2140883074,2146746315,169043968,46071809,,,,
2,19,5,0,8,79,2,0,9786709,1431655765,1431655765,1431846912,2622783488,42,2863302501,3372171264
6,9,2,5,4,88,2,0,2140883074,2146746315,169043968,46071809,,,,
2,12,5,0,8,70,2,0,9786709,1431655765,1431655765,1431846912,2622783488,21,1431665691,4219420672
2,27,5,0,8,71,2,0,9786709,1431655765,1431655765,1431846912,2622783488,42,2863302501,3372171264
6,22,0,4,4,16,2,0,2140796111,2255798244,672305152,46071809,,,,
6,10,0,0,4,14,2,0,2140796111,2255798244,672305152,46071809,,,,
2,29,5,0,8,73,2,0,9786709,1431655765,1431655765,1431846912,2622783488,42,2863302501,3372171264
2,26,5,0,8,76,2,0,9786709,1431655765,1431655765,1431846912,2622783488,42,2863302501,3372171264
6,21,0,11,4,13,2,0,2140796111,2255798244,672305152,46071809,,,,
2,33,5,0,8,77,2,0,9786709,1431655765,1431655765,1431846912,2622783488,42,2863302501,3372171264
6,21,2,11,4,89,2,0,2140796111,2255798244,672305152,46071809,,,,
2,21,5,0,8,78,2,0,9786709,1431655765,1431655765,1431846912,2622783488,42,2863302501,3372171264
5,3,0,0,10,1,2,0,583051905,2276574167,1067759469,3038582781,2151368448,665326462,2374217771,106915096
5,7,0,0,10,2,2,0,583051905,2276574167,8953739,390013907,1050312764,50911563,26590574,2466316392
5,2,0,0,10,48,2,0,583051905,2276574167,1072883098,2939279841,3214935844,340660603,906211273,2554530845
1,128,0,0,9,21,2,94,3322535935,4259315199,3757965279,4294828031,4280286208,2684332987,3148060603,3127121472
1,129,0,0,9,0,2,250,3322847228,6290943,4294836191,4261404668,0,536845241,4223375787,2460377472
1,137,0,0,9,23,2,250,3322830844,2096639,3221356511,4261404668,0,536845241,4223375787,2254020864
2,19,1,0,8,56,2,0,9786709,1431655765,1431655765,1431846912,2622799872,42,2863299356,914309120
2,29,1,0,8,37,2,0,9786709,1431655765,1431655765,1431846912,2622812652,3359887786,2863290413,1712046080
2,26,1,0,8,38,2,0,9786709,1431655765,1431655765,1431846912,2622807020,3351508970,2863297811,80461824
2,12,1,0,8,40,2,0,9786709,1431655765,1431655765,1431846912,2622809181,46397802,2863295787,2990489600
2,21,1,0,8,50,2,0,9786709,1431655765,1431655765,1431846912,2622812671,2181296938,2863288716,2689318912
2,33,1,0,8,51,2,0,9786709,1431655765,1431655765,1431846912,2622799872,42,2863299356,910934016
1,128,0,0,9,21,2,94,1393352701,4292869631,4294311903,4261404671,4286578687,536853433,2075891111,2583323456
1,129,0,0,9,0,2,250,1393205245,4292869631,3757965279,4261404668,2096128,1073724347,3149636519,743256576
1,137,0,0,9,23,2,250,1393188861,4292869631,3757965279,4261404668,2096128,244667,3149636519,786055168
2,33,5,0,8,77,2,0,9786709,1431655765,1431655765,1431846912,2622816256,42,2863310353,2176794624
6,9,0,5,4,12,2,0,135591996,1576825112,1612621824,46071810,,,,
6,9,2,5,4,88,2,0,135591996,1576825112,1612621824,46071810,,,,
2,27,5,0,8,71,2,0,9786709,1431655765,1431655765,1431846912,2622816256,42,2863310353,2176794624
2,29,5,0,8,73,2,0,9786709,1431655765,1431655765,1431846912,2622816256,42,2863310353,2176794624
6,10,0,0,4,14,2,0,135593077,564963825,1732476928,46071810,,,,
6,22,0,4,4,16,2,0,135591995,1660455530,1548156928,46071810,,,,
6,7,0,12,4,17,2,0,135593353,3470819529,375896064,46071810,,,,
6,22,2,4,4,90,2,0,135591995,1660455530,1548156928,46071810,,,,
2,19,5,0,8,79,2,0,9786709,1431655765,1431655765,1431846912,2622816256,42,2863310353,2176794624
6,21,0,11,4,13,2,0,135593000,2694054302,1495492608,46071810,,,,
2,12,5,0,8,70,2,0,9786709,1431655765,1431655765,1431846912,2622816256,21,1431657839,2990489600
2,26,5,0,8,76,2,0,9786709,1431655765,1431655765,1431846912,2622816256,42,2863310353,2176794624
2,21,5,0,8,78,2,0,9786709,1431655765,1431655765,1431846912,2622816256,42,2863310353,2176794624
0,23,4,0,10,82,2,67,2338185708,1883202930,2492705007,3174401,3994025091,134078447,385875457,1040120834
0,18,4,0,10,84,2,67,2336874988,1883989362,2507666021,2153224193,3994025602,3489431520,385875457,1040120834
0,28,4,0,10,87,2,67,2339496428,1886743922,2505668948,1038337,3960470019,939319273,385875457,1040120834
0,25,4,0,10,95,2,67,2338709996,1887922418,2491014368,4293838848,202366973,1945862166,385875457,1040120834
0,32,4,0,10,98,2,67,2340545004,1885957490,2511898221,8542208,34601854,4230283575,385875457,1040120834
5,3,4,0,10,85,2,67,2332951020,1889694722,2315210545,4294723584,796274457,3725772072,2348573696,1616507920
5,7,4,0,10,86,2,67,2333999596,1889694722,2315255503,4294957056,796274457,3725772072,2348573696,1616507920
5,2,4,0,10,99,2,67,2332688876,1889694722,2315254611,2147457024,796274457,3725772072,2348573696,1616507920
5,4,4,0,10,106,2,67,2333213164,1889694722,2315232465,4294821888,796274457,3725772072,2348573696,1616507920
1,129,0,0,9,0,2,250,2584846332,2096639,3757834271,4261404669,4292869631,3758076859,2814098363,2496552128
1,128,0,0,9,21,2,94,2591251687,1792516224,1282675031,3614680246,2445961528,599194744,3759656710,3169102464
1,137,0,0,9,23,2,250,2584895484,2096639,3758096351,4261404669,4292869631,3758076859,2814098363,2263403648
3,23,0,0,10,8,2,250,948965747,84414581,135540119,755954455,791287207,969478346,238165962,134241023
3,32,0,0,10,24,2,250,948965747,84414581,135540119,758939571,120198599,969478346,238165962,134234612
3,38,0,0,10,10,2,250,948965747,84414581,135540119,755154980,740955511,969478346,238165962,134222069
3,6,0,0,10,11,2,0,948965747,84410480,135540119,755322659,808064439,969478346,238165962,134231283
3,39,0,0,10,25,2,0,948965747,84414581,135540119,755310895,304747863,969478346,238165962,134250490
3,6,2,0,10,65,2,67,948965747,84410480,135540119,755322659,808064439,969478346,238165962,134231283
3,13,0,0,10,6,2,0,948965747,84410480,135540119,758771897,455742727,969478346,238165962,134247668
3,16,0,0,10,7,2,0,948965747,84410480,135540119,759058614,808064439,969478346,238165962,134235122
3,16,2,0,10,66,2,67,948965747,84410480,135540119,759058614,808064439,969478346,238165962,134235122
3,13,2,0,10,67,2,67,948965747,84410480,135540119,758771897,455742727,969478346,238165962,134247668
3,9,0,0,10,9,2,0,948965747,84410480,135540119,755245091,657069399,969478346,238165962,134250490
3,9,2,0,10,64,2,67,948965747,84410480,135540119,755245091,657069399,969478346,238165962,134250490
2,33,1,0,8,51,2,0,9786709,1431655765,1431655765,1431846912,2622832640,42,2863290984,2130771968
2,19,1,0,8,56,2,0,9786709,1431655765,1431655765,1431846912,2622832640,42,2863290984,2134851584
2,29,1,0,8,37,2,0,9786709,1431655765,1431655765,1431846912,2622839660,1301715370,2863290878,4064346112
2,26,1,0,8,38,2,0,9786709,1431655765,1431655765,1431846912,2622838022,2490301354,2863296287,1933639680
2,27,1,0,8,39,2,0,9786709,1431655765,1431655765,1431846912,2622836434,1869856106,2863297570,2197880832
2,21,1,0,8,50,2,0,9786709,1431655765,1431655765,1431846912,2622839628,627758122,2863295851,478216192
1,128,0,0,9,21,2,94,3338405120,2670469,702545952,4194304,0,0,0,69589952
1,129,0,0,9,0,2,250,3329375497,3324203072,67797984,940832896,0,0,0,456017536
1,137,0,0,9,23,2,250,3328490943,4092855807,2147483648,512,0,0,0,453380480
6,9,0,5,4,12,2,0,278201396,1537479075,3847940096,46071810,,,,
6,9,2,5,4,88,2,0,278201396,1537479075,3847940096,46071810,,,,
2,19,5,0,8,79,2,0,33950987,3490941412,540119006,1725005824,2229747712,42,2863312887,1501511680
2,27,5,0,8,71,2,0,34038367,4294101455,34684675,3207462912,3161735168,42,2863316868,1585397760
2,29,5,0,8,73,2,0,34032891,4041902532,2774783516,550879232,2220376064,42,2863304309,1786724352
2,26,5,0,8,76,2,0,34043832,1294191131,1937026214,2698723328,3199025152,42,2863316406,1623146496
6,10,0,0,4,14,2,0,278200482,690246634,3837767680,46071810,,,,
6,22,0,4,4,16,2,0,278200453,1725699363,3888541696,46071810,,,,
6,7,0,12,4,17,2,0,278201426,1961364168,1800556544,46071810,,,,
6,22,2,4,4,90,2,0,278200453,1725699363,3888541696,46071810,,,,
6,7,2,12,4,100,2,0,278201426,1961364168,1800556544,46071810,,,,
2,33,5,0,8,77,2,0,34027454,725944876,4152224309,3608412160,3194568704,42,2863311620,2277457920
6,21,0,11,4,13,2,0,278201545,3604764181,862380032,46071810,,,,
6,21,2,11,4,89,2,0,278201545,3604764181,862380032,46071810,,,,
2,12,5,0,8,70,2,0,34043838,1702578724,3773004493,3903029248,3207282688,21,1431652972,377438208
2,21,5,0,8,78,2,0,34038368,386681295,351109408,3592634368,3163504640,42,2863304072,3598663680
1,128,0,0,9,21,2,94,1409025280,1427774044,3357350236,3708296025,1557977177,3645380766,1209126993,4237060416
1,129,0,0,9,0,2,250,1399111103,4092855807,2147483648,1024,0,0,0,439907072
1,137,0,0,9,23,2,250,1399927044,3267477568,100762207,4025745408,0,0,0,687895808
2,33,1,0,8,51,2,0,17237518,3313126362,3289795,2852438016,2479144960,42,2863298347,51036160
2,19,1,0,8,56,2,0,17171942,3480825417,301231,2852438016,3081355264,42,2863299500,431964160
2,29,1,0,8,37,2,0,17253912,3810207125,3084005,2852438016,2730216452,4090354282,2863291716,1686814720
2,26,1,0,8,38,2,0,17253912,3719686053,3310306,2852438016,2506015048,1942870634,2863284654,3674914816
2,27,1,0,8,39,2,0,17253912,177976141,2036564,2852438016,2949316546,869128810,2863294630,3003826176
2,21,1,0,8,50,2,0,17253912,3785081110,751344,2852438016,2871118856,1942870634,2863289946,704512
1,128,0,0,9,21,2,94,2584854564,2096639,4291297268,2884591613,4292869631,3757939642,398196735,3262795072
1,129,0,0,9,0,2,250,2585551871,4294967295,4294967295,4294967295,4294967295,4294967295,4294967295,4080998528
1,137,0,0,9,23,2,250,2586275903,3211304623,186793181,3220695343,3620204412,56623104,252544,189492480
0,23,0,0,10,4,2,0,583095850,2276584572,374984108,239137459,1062371373,2822992167,546818614,2341422237
0,25,0,0,10,3,2,0,583095850,2276584572,374984681,2474701407,1062273073,2822992090,2694182480,193995553
0,18,0,0,10,19,2,0,583095850,2276584572,374984108,239137459,1062371373,2822992167,546818614,2341422237
0,10,0,0,10,20,2,0,583095850,2276584572,374984681,2474701407,1062273073,2822992090,2694182480,193995553
0,28,0,0,10,22,2,0,583095850,2276584572,374984108,239137459,1062371373,2822992167,546818614,2341422237
0,32,0,0,10,36,2,0,583095850,2276584572,374984026,2386621082,3209854980,675508494,2694302284,193938612
6,9,0,5,4,12,2,0,469873083,2590786666,2816137216,46071810,,,,
6,9,2,5,4,88,2,0,469873083,2590786666,2816137216,46071810,,,,
2,19,5,0,8,79,2,0,67506944,50341655,2551417525,2147647488,2629844992,42,2863303768,3057598464
2,33,5,0,8,77,2,0,67576319,3506441496,939526980,402636800,2944417792,42,2863315223,2415869952
2,21,5,0,8,78,2,0,67589631,4244630040,1677346816,2684338176,2520793088,42,2863311613,733954048
6,22,0,4,4,16,2,0,469841321,2710063131,2699046912,46071810,,,,
6,7,0,12,4,17,2,0,469807156,2956744315,410353664,46071810,,,,
6,10,0,0,4,14,2,0,503525773,131607323,415832064,46071810,,,,
6,22,2,4,4,90,2,0,469841321,2710063131,2699046912,46071810,,,,
6,7,2,12,4,100,2,0,469807156,2956744315,410353664,46071810,,,,
2,29,5,0,8,73,2,0,67591424,100658712,1677643758,2952773632,2189443072,42,2863307173,4236197888
6,21,0,11,4,13,2,0,503461261,3945294686,3708483584,46071810,,,,
6,21,2,11,4,89,2,0,503461261,3945294686,3708483584,46071810,,,,
2,26,5,0,8,76,2,0,67590911,4194290968,1610674999,1342210048,3208658944,42,2863300846,2218737664
5,3,0,0,10,1,2,0,583051905,2276582547,1040662563,1048399310,3175055800,0,0,26236336
5,7,0,0,10,2,2,0,583051905,2276582547,1040662563,1048399310,3175055800,0,0,26236336
1,128,0,0,9,21,2,94,3322601471,4255120895,3757965279,4294811647,4276091904,2684332987,3148060603,2171158720
1,129,0,0,9,0,2,250,3322716156,6290943,4294836191,4261404668,0,536845241,4223375787,2446860224
1,137,0,0,9,23,2,250,3322699772,2096639,3221356511,4261404668,0,536845241,4223375787,2233982784
2,19,1,0,8,56,2,0,50741233,2760352830,2365865413,1618870272,2530918400,42,2863285149,2038382592
2,29,1,0,8,37,2,0,50823153,1334329214,1350853317,389922816,2413480945,3947795946,2863298986,3318464512
2,26,1,0,8,38,2,0,50823152,998756032,2487239626,2822799360,3143302513,3947795946,2863291043,3100360704
2,27,1,0,8,39,2,0,50823153,1980268993,1774509188,2567028736,2581252849,3947795946,2863285913,2504769536
2,21,1,0,8,50,2,0,50823153,1560846849,969202756,2181136384,2245708785,3947795946,2863298286,3490430976
2,33,1,0,8,51,2,0,50806768,2949082624,872454090,1493188608,2660941824,42,2863299722,3008086016
1,128,0,0,9,21,2,94,1393418237,4292869631,4294049759,4261404671,4290771967,536853433,2075891111,2475916992
1,129,0,0,9,0,2,250,1393074173,4292869631,3757965279,4261404668,2096128,1073724347,3149636519,791891008
1,137,0,0,9,23,2,250,1393057789,4292869631,3757965279,4261404668,2096128,244667,3149636519,765738560
2,33,5,0,8,77,2,0,117440511,4278190081,303584905,3796025344,2729738240,42,2863313012,3212787712
2,29,5,0,8,73,2,0,117440511,4278190081,303584905,3796025344,2729738240,42,2863313012,3212787712
6,9,0,5,4,12,2,0,613827956,5386,1764659200,46071810,,,,
6,9,2,5,4,88,2,0,613827956,5386,1764659200,46071810,,,,
2,19,5,0,8,79,2,0,117440511,4278190081,303584905,3796025344,2729738240,42,2863313012,3212787712
6,10,0,0,4,14,2,0,550608683,5386,1766500352,46071810,,,,
6,22,0,4,4,16,2,0,607157636,778,1792012288,46071810,,,,
6,7,0,12,4,17,2,0,607898946,266,1760495616,46071810,,,,
6,7,2,12,4,100,2,0,607898946,266,1760495616,46071810,,,,
6,21,0,11,4,13,2,0,545433921,4874,1789585408,46071810,,,,
6,21,2,11,4,89,2,0,545433921,4874,1789585408,46071810,,,,
2,27,5,0,8,71,2,0,117440511,4278190081,303584905,3796025344,2729738240,42,2863313012,3212787712
2,26,5,0,8,76,2,0,117440511,4278190081,303584905,3796025344,2729738240,42,2863313012,3212787712
2,21,5,0,8,78,2,0,117440511,4278190081,303584905,3796025344,2729738240,42,2863313012,3212787712
1,128,0,0,9,21,2,94,2600207616,2421393429,425220936,337320280,1557743642,1507564508,2571108352,124227136
1,129,0,0,9,0,2,250,2584911868,2096639,3757834271,4261404669,4292869631,3758076859,2814098363,2798027456
1,137,0,0,9,23,2,250,2584764412,2096639,3758096351,4261404669,4292869631,3758076859,2814098363,2241245888
3,23,0,0,10,8,2,250,948969841,86032259,150955401,801686412,108265609,519306997,61030469,898105183
3,32,0,0,10,24,2,250,948969841,86017927,32936175,888041144,643825776,597503822,66953378,930478701
3,38,0,0,10,10,2,250,948969841,85990530,64801646,1019408063,854852982,275586961,26624147,729669781
3,6,0,0,10,11,2,250,948969841,86000257,771466330,918560049,439356157,287846027,74301349,977009498
3,39,0,0,10,25,2,250,948969841,85998987,821721405,136473406,326633257,578305997,75792307,1001585302
3,6,2,0,10,65,2,67,948969841,86000257,771466330,918560049,439356157,287846027,74301349,977009498
3,13,0,0,10,6,2,250,948969841,85989518,48265299,187589845,935070647,755083042,34218055,658039606
3,16,0,0,10,7,2,250,948969841,85999246,1073417971,371268231,283644611,642525066,76562397,971438655
3,16,2,0,10,66,2,67,948969841,85999246,1073417971,371268231,283644611,642525066,76562397,971438655
3,13,2,0,10,67,2,67,948969841,85989518,48265299,187589845,935070647,755083042,34218055,658039606
3,9,0,0,10,9,2,250,948969841,86000257,217837411,894725845,1044651677,80126725,74031014,964950858
3,9,2,0,10,64,2,67,948969841,86000257,217837411,894725845,1044651677,80126725,74031014,964950858
2,29,1,0,8,37,2,0,88530624,51412383,1879747630,728399872,2863310575,3809093418,2863288758,3946905600
2,26,1,0,8,38,2,0,88530624,51411966,3893013550,728399872,2863302895,3809093418,2863296168,1174470656
2,27,1,0,8,39,2,0,88530624,51380288,403352622,728399872,2863303087,3809093418,2863297372,1354825728
2,21,1,0,8,50,2,0,88530624,51380288,403352622,728399872,2863310575,3809093418,2863285991,1799421952
2,33,1,0,8,51,2,0,88530624,51412095,134917166,728399872,2863300608,42,2863300252,2629894144
2,19,1,0,8,56,2,0,88530624,51412159,671788078,728399872,2863300608,42,2863293831,3183427584
1,128,0,0,9,21,2,94,3329454268,3629781127,3052305577,1065898307,1075843080,67108864,0,1012046720
1,129,0,0,9,0,2,250,3329372420,3267477568,100762207,4025745408,0,0,0,315919104
1,137,0,0,9,23,2,250,3328839771,2728202728,3414547456,0,0,0,32,174435328
2,19,5,0,8,79,2,0,9786709,1431655765,1431655765,1431846912,2622947328,42,2863315762,1551843328
6,9,0,5,4,12,2,0,714702848,270336,2099200,46071810,,,,
2,33,5,0,8,77,2,0,9786709,1431655765,1431655765,1431846912,2622947328,42,2863315762,1551843328
6,9,2,5,4,88,2,0,714702848,270336,2099200,46071810,,,,
2,29,5,0,8,73,2,0,9786709,1431655765,1431655765,1431846912,2622947328,42,2863315762,1551843328
2,26,5,0,8,76,2,0,9786709,1431655765,1431655765,1431846912,2622947328,42,2863315762,1551843328
2,21,5,0,8,78,2,0,9786709,1431655765,1431655765,1431846912,2622947328,42,2863315762,1551843328
6,10,0,0,4,14,2,0,714768384,204800,1388544,46071810,,,,
6,7,2,12,4,100,2,0,714768384,139264,1052672,46071810,,,,
6,21,0,11,4,13,2,0,714768384,139264,2099200,46071810,,,,
2,27,5,0,8,71,2,0,9786709,1431655765,1431655765,1431846912,2622947328,42,2863315762,1551843328
6,21,2,11,4,89,2,0,714768384,139264,2099200,46071810,,,,
1,128,0,0,9,21,2,94,1399252831,3841826691,4261445249,4245153664,0,0,0,1071997824
1,129,0,0,9,0,2,250,1399439487,3788378224,1333959699,3776383228,1707277844,1752646554,449912544,1067150976
1,137,0,0,9,23,2,250,1409024000,0,0,0,0,0,0,25179840
2,29,1,0,8,37,2,0,9786709,1431655765,1431655765,1431846912,2622974103,1371291882,2863292761,3813326848
2,26,1,0,8,38,2,0,9786709,1431655765,1431655765,1431846912,2622977239,1371291882,2863300479,2966077440
2,27,1,0,8,39,2,0,9786709,1431655765,1431655765,1431846912,2622968727,1371291882,2863300070,3830104064
2,33,1,0,8,51,2,0,9786709,1431655765,1431655765,1431846912,2622963712,42,2863286091,2731196416
1,128,0,0,9,21,2,94,2584920099,4292869631,4291559348,3086032893,4292869631,3757939642,398196735,4007315968
1,129,0,0,9,0,2,250,2600206336,0,0,0,0,0,0,478639936
1,137,0,0,9,23,2,250,2600206336,0,0,0,0,0,0,478639936
0,23,0,0,10,4,2,0,583095850,2276592912,279069524,239308492,1062404108,675492261,3041326437,3065707210
0,18,0,0,10,19,2,0,583095850,2276592912,279069524,239308492,1062404108,675492261,3041326437,3065707210
6,9,0,5,4,12,2,0,892370497,3565201668,414107648,46071810,,,,
6,9,2,5,4,88,2,0,892370497,3565201668,414107648,46071810,,,,
2,26,5,0,8,76,2,0,9786709,1431655765,1431655765,1431846912,2622980096,42,2863309854,1690255360
2,29,5,0,8,73,2,0,9786709,1431655765,1431655765,1431846912,2622980096,42,2863309854,1690255360
6,16,0,6,4,15,2,0,892370527,4053838108,414597120,46071810,,,,
2,27,5,0,8,71,2,0,9786709,1431655765,1431655765,1431846912,2622980096,42,2863309854,1690255360
2,33,5,0,8,77,2,0,9786709,1431655765,1431655765,1431846912,2622980096,42,2863309854,1690255360
2,21,5,0,8,78,2,0,9786709,1431655765,1431655765,1431846912,2622980096,42,2863309854,1690255360
5,3,0,0,10,1,2,0,583051905,2276591103,1061926447,41945705,2363678686,2147483689,2147483689,2173719961
5,7,0,0,10,2,2,0,583051905,2276591103,1061926447,41945705,2363678686,2147483689,2147483689,2173719961
1,129,0,0,9,0,2,250,3322781692,6290943,4294836191,4261404668,0,536845241,4223375787,2695806848
1,137,0,0,9,23,2,250,3322765308,2096639,3221356511,4261404668,0,536845241,4223375787,3025239808
2,21,1,0,8,50,2,0,271087359,2209681801,2149307813,3153362944,2397046605,2671771690,2863288485,3897278464
2,29,1,0,8,37,2,0,282539016,195038515,4021715070,3623714816,2657093453,2671771690,2863286051,852213760
2,26,1,0,8,38,2,0,269975667,1380830686,3780717065,1208074240,2766166221,2671771690,2863287319,2051784704
2,27,1,0,8,39,2,0,271654591,3249860489,2148538045,1542635520,2159009869,2671771690,2863298056,1338753024
1,129,0,0,9,0,2,250,1393139709,4292869631,3757965279,4261404668,2096128,1073724347,3149636519,507898880
1,137,0,0,9,23,2,250,1393123325,4292869631,3757965279,4261404668,2096128,244667,3149636519,483565056
6,9,0,5,4,12,2,0,986263873,3237265279,264511488,46071810,,,,
6,9,2,5,4,88,2,0,986263873,3237265279,264511488,46071810,,,,
6,16,0,6,4,15,2,0,986400923,3350511501,566300672,46071810,,,,
2,29,5,0,8,73,2,0,17253912,3810207125,3084005,2852438016,2730213376,42,2863309175,3338616832
2,26,5,0,8,76,2,0,17253912,3719686053,3310306,2852438016,2506014720,42,2863305146,922697728
2,21,5,0,8,78,2,0,17253912,3785081110,751344,2852438016,2871115776,42,2863309202,2352955392
2,27,5,0,8,71,2,67,17253912,177976141,2036564,2852438016,2949300224,42,2863313312,3049209856
0,23,4,0,10,82,2,67,2338197996,2151638386,2492705007,3174401,4288544512,38215689,1446792073,0
0,18,4,0,10,84,2,67,2336887276,2152424818,2507666021,2153224193,4288544512,38215689,1446792073,0
5,7,4,0,10,86,2,67,2334020076,2158130178,2315255503,4294957056,2506444995,3670671339,733199261,2152177291
5,4,4,0,10,106,2,67,2333233644,2158130178,2315232465,4294821888,2506444995,3670671339,733199261,2152177291
1,129,0,0,9,0,2,250,2584780796,2096639,3757834271,4261404669,4292869631,3758076859,2814098363,2780363904
1,137,0,0,9,23,2,250,2584829948,2096639,3758096351,4261404669,4292869631,3758076859,2814098363,3034583680
3,23,0,0,10,8,2,250,948973950,87649750,676131818,352714900,28310793,703987586,970939044,232092216
3,38,0,0,10,10,2,250,948973950,87649750,676532144,201785371,234880975,355860532,113171286,8129582
3,6,0,0,10,11,2,250,948973950,87649750,676146925,969736390,42467119,403963718,832634226,731456432
3,39,0,0,10,25,2,250,948973950,87649750,676233964,345407498,40894271,436600916,29443650,725251113
3,6,2,0,10,65,2,67,948973950,87649750,676146925,969736390,42467119,403963718,832634226,731456432
3,13,0,0,10,6,2,250,948973950,87649750,676675005,537231512,161480543,410517311,457119332,545459654
3,16,0,0,10,7,2,250,948973950,87649750,676230121,535003196,65535999,437256047,786493654,731468977
3,16,2,0,10,66,2,67,948973950,87649750,676230121,535003196,65535999,437256047,786493654,731468977
3,9,0,0,10,9,2,250,948973950,87649750,676175337,138542923,994574303,397934367,302040486,735471408
2,29,1,0,8,37,2,0,34032891,4041902532,2774783516,550879232,2220384435,579428906,2863292973,159449088
2,26,1,0,8,38,2,0,34043832,1294191131,1937026214,2698723328,3199033476,58919722,2863289461,776011776
2,27,1,0,8,39,2,0,34038367,4294101455,34684675,3207462912,3161743522,3947895274,2863293001,956366848
2,21,1,0,8,50,2,0,34038368,386681295,351109408,3592634368,3163512999,1601430122,2863293817,339804160
6,9,0,5,4,12,2,0,1161575466,3195584,968079360,46071810,,,,
6,9,2,5,4,88,2,0,1161575466,3195584,968079360,46071810,,,,
2,26,5,0,8,76,2,0,50823152,998756032,2487239626,2822799360,3143286784,42,2863312748,1199521792
2,21,5,0,8,78,2,0,50823153,1560846849,969202756,2181136384,2245705728,42,2863308310,1275019264
2,19,5,0,8,79,2,0,50741233,2760352830,2365865413,1618870272,2530918400,42,2863300795,83836928
2,27,5,0,8,71,2,0,50823153,1980268993,1774509188,2567028736,2581250048,42,2863306828,3695132672
1,129,0,0,9,0,2,250,1400005891,3252764736,167641312,535954560,0,0,0,862492096
1,137,0,0,9,23,2,250,1399940355,3252764736,167641312,535954560,0,0,0,23088064
2,29,1,0,8,37,2,0,67591424,100658712,1677643758,2952773632,2189443072,722122666,2863289945,3721052160
2,26,1,0,8,38,2,0,67590911,4194290968,1610674999,1342210048,3208659312,1902556778,2863286556,3192569856
2,27,1,0,8,39,2,0,67590912,184546072,1677287715,3221176320,2281718202,3496644074,2863299460,3813326848
2,21,1,0,8,50,2,0,67589631,4244630040,1677346816,2684338176,2520793118,1369867242,2863298456,2601172992
1,129,0,0,9,0,2,250,2590642267,2727154152,3414547456,0,0,0,96,63887040
1,137,0,0,9,23,2,250,2600206336,0,0,0,0,0,0,478639936
0,23,0,0,10,4,2,0,583095850,2276600300,358875355,46769631,427102060,122255709,2664168340,767960895
0,25,0,0,10,3,2,0,583095850,2276600300,358875181,2194253302,2574585669,2269739380,516670229,2256938770
0,18,0,0,10,19,2,0,583095850,2276600300,358875272,46769631,427102060,122255709,2664168340,709240609
6,9,0,5,4,12,2,0,1324796366,1530183721,340854784,46071810,,,,
6,9,2,5,4,88,2,0,1324796366,1530183721,340854784,46071810,,,,
2,26,5,0,8,76,2,0,88530624,51411966,3893013550,747274240,2863300608,42,2863307190,3762241536
6,7,2,12,4,100,2,0,1324845352,1551155253,542375936,46071810,,,,
2,27,5,0,8,71,2,0,88530624,51380288,403352622,747274240,2863300608,42,2863304493,3485417472
6,21,0,11,4,13,2,0,1324845352,1551155253,542375936,46071810,,,,
6,21,2,11,4,89,2,0,1324845352,1551155253,542375936,46071810,,,,
5,7,0,0,10,2,2,0,583051905,2276598019,359154135,536870954,2147483689,2147483689,2147499430,2588274400
1,129,0,0,9,0,2,250,3322847228,6290943,4294836191,4261404668,0,536845241,4223375787,2460377472
1,137,0,0,9,23,2,250,3322830844,2096639,3221356511,4261404668,0,536845241,4223375787,2254020864
2,29,1,0,8,37,2,0,117440511,4278190081,303584905,3796025344,2731182166,2251959722,2863291796,2257305600
2,26,1,0,8,38,2,0,117440511,4278190081,303584905,3796025344,2731186452,4237161130,2863299545,2920005632
2,27,1,0,8,39,2,0,117440511,4278190081,303584905,3796025344,2731180864,3544143914,2863290482,738967552
2,21,1,0,8,50,2,0,117440511,4278190081,303584905,3796025344,2731182207,2009809066,2863297982,822853632
1,129,0,0,9,0,2,250,1393205245,4292869631,3757965279,4261404668,2096128,1073724347,3149636519,743256576
1,137,0,0,9,23,2,250,1393188861,4292869631,3757965279,4261404668,2096128,244667,3149636519,786055168
6,9,0,5,4,12,2,0,1430258188,3227566948,1212669952,46071810,,,,
6,9,2,5,4,88,2,0,1430258188,3227566948,1212669952,46071810,,,,
2,26,5,0,8,76,2,0,130587700,16798471,2956521340,4279156736,2813673472,42,2863316803,3502194688
2,27,5,0,8,71,2,0,130587700,16798471,2956521340,4279156736,2813673472,42,2863316803,3502194688
2,29,5,0,8,73,2,0,130587700,16798471,2956521340,4279156736,2813673472,42,2863316803,3502194688
1,129,0,0,9,0,2,250,2584846332,2096639,3757834271,4261404669,4292869631,3758076859,2814098363,2496552128
1,137,0,0,9,23,2,250,2584895484,2096639,3758096351,4261404669,4292869631,3758076859,2814098363,2263403648
3,23,0,0,10,8,2,250,948978037,89138079,183100560,3978647,43772281,15761992,951113541,1071538233
3,38,0,0,10,10,2,250,948978037,89138079,183100560,3978647,43772281,15761992,951113541,1071538233
3,6,0,0,10,11,2,250,948978037,89138079,183100560,3978647,43772281,15761992,951113541,1071538233
3,39,0,0,10,25,2,250,948978037,89138079,183100560,3978647,43772281,15761992,951113541,1071538233
3,6,2,0,10,65,2,67,948978037,89138079,183100560,3978647,43772281,15761992,951113541,1071538233
3,16,0,0,10,7,2,250,948978037,89138079,183100560,3978647,43772281,15761992,951113541,1071538233
3,16,2,0,10,66,2,67,948978037,89138079,183100560,3978647,43772281,15761992,951113541,1071538233
3,9,0,0,10,9,2,250,948978037,89138079,183100560,3978647,43772281,15761992,951113541,1071538233
2,26,1,0,8,38,2,0,130587772,29375345,3621438656,2132574208,2726646344,1139987754,2863299481,205586432
2,27,1,0,8,39,2,0,130587772,29375345,3621438656,2132574208,2726644994,65510634,2863294016,2067857408
1,129,0,0,9,0,2,250,3338403840,0,0,0,0,0,0,140252864
1,137,0,0,9,23,2,250,3338403840,0,0,0,0,0,0,140252864
6,9,0,5,4,12,2,0,1586346600,1328857004,409032704,46071810,,,,
6,9,2,5,4,88,2,0,1586346600,1328857004,409032704,46071810,,,,
2,26,5,0,8,76,2,0,147848864,2730,2863311530,2863300608,2863300608,42,2863313866,507461632
2,27,5,0,8,71,2,0,147848864,2730,2863311530,2863300608,2863300608,42,2863313866,507461632
6,7,0,12,4,17,2,0,1586405826,1421131707,677851136,46071810,,,,
6,16,0,6,4,15,2,0,1586405826,1421131707,677851136,46071810,,,,
6,21,0,11,4,13,2,0,1586405826,1421131707,677851136,46071810,,,,
2,12,5,0,8,70,2,0,147848864,2730,2863311530,2863300608,2863300608,21,1431652532,767508480
2,29,5,0,8,73,2,0,147848864,2730,2863311530,2863300608,2863300608,42,2863313866,507461632
2,21,5,0,8,78,2,0,147848864,2730,2863311530,2863300608,2863300608,42,2863313866,507461632
1,129,0,0,9,0,2,250,1409024000,0,0,0,0,0,0,25179840
1,137,0,0,9,23,2,250,1397267712,0,4261413119,3221258224,4193280,536608775,4286579711,2618775040
2,26,1,0,8,38,2,0,147848431,4286581418,2863311530,2863300608,2863316920,1654867626,2863295707,1149943808
2,27,1,0,8,39,2,0,147848431,4286581418,2863311530,2863300608,2863303407,1243334378,2863292130,2198519808
1,129,0,0,9,0,2,250,2590641503,3872336369,457660977,3245181424,1168248630,4179347676,1004639968,72349568
1,137,0,0,9,23,2,250,2600206336,0,0,0,0,0,0,478639936
0,23,0,0,10,4,2,0,583095850,2276608636,771580499,179797894,2288650736,1034174592,1073259103,44804211
0,18,0,0,10,19,2,0,583095850,2276608636,708906635,203573788,368280456,16334999,980045167,22587483
0,12,0,0,10,18,2,0,583095850,2276608636,138476388,211254174,2401986508,13189405,2723046466,2225481793
6,9,0,5,4,12,2,7,1699518112,4229970408,1047437312,46071810,,,,
6,9,2,5,4,88,2,0,1699518112,4229970408,1047437312,46071810,,,,
6,16,0,6,4,15,2,7,1699518143,437270980,1043472384,46071810,,,,
6,16,2,6,4,91,2,0,1699518143,437270980,1043472384,46071810,,,,
2,26,5,0,8,76,2,0,9786709,1431655765,1431655765,1431846912,2623176704,42,2863314205,3883876352
2,27,5,0,8,71,2,0,9786709,1431655765,1431655765,1431846912,2623176704,42,2863314205,3883876352
5,3,0,0,10,1,2,7,583051905,2276606611,440513681,2263808378,2928897151,24070542,2605500567,989655686
5,7,0,0,10,2,2,7,583051905,2276606611,443907731,509,2654425050,3123429383,93123461,3207525005
5,2,0,0,10,48,2,7,583051905,2276606611,440581939,106056569,2792011505,2180581830,2269622947,140423833
2,12,5,0,8,70,2,67,9786709,1431655765,1431655765,1431846912,2623176704,21,1431653987,3573497856
1,129,0,0,9,0,2,250,3322716156,6290943,4294836191,4261404668,0,536845241,4223375787,2446860224
1,137,0,0,9,23,2,250,3322699772,2096639,3221356511,4261404668,0,536845241,4223375787,2233982784
2,29,1,0,8,37,2,0,296766683,1722167074,1183916338,807469056,2444150931,4081847274,2863291238,2789982208
2,26,1,0,8,38,2,0,290940930,1445950388,386546391,4121493504,2297597459,3332648298,2863288535,1661714432
2,12,1,0,8,40,2,0,9786709,1431655765,1431655765,1431846912,2623204691,3387203050,2863298690,3724492800
2,21,1,0,8,50,2,0,301680083,1755528805,3732284202,1427898368,2620508307,3599941098,2863292046,801882112
1,129,0,0,9,0,2,250,1393074173,4292869631,3757965279,4261404668,2096128,1073724347,3149636519,791891008
1,137,0,0,9,23,2,250,1393057789,4292869631,3757965279,4261404668,2096128,244667,3149636519,765738560
6,9,0,5,4,12,2,0,1871276748,1647624159,132567040,46071810,,,,
6,9,2,5,4,88,2,0,1871276748,1647624159,132567040,46071810,,,,
2,26,5,0,8,76,2,0,9786709,1431655765,1431655765,1431846912,2623209472,42,2863305833,2923380736
6,6,0,3,4,30,2,0,1871319590,1651818453,2313248768,46071810,,,,
6,16,0,6,4,15,2,0,1871319590,1651818453,2313248768,46071810,,,,
6,16,2,6,4,91,2,0,1871319590,1651818453,2313248768,46071810,,,,
6,21,0,11,4,13,2,0,1871319590,1651818453,2313248768,46071810,,,,
2,12,5,0,8,70,2,0,9786709,1431655765,1431655765,1431846912,2623209472,21,1431662359,2646556672
2,27,5,0,8,71,2,0,9786709,1431655765,1431655765,1431846912,2623209472,42,2863305833,2923380736
2,29,5,0,8,73,2,0,9786709,1431655765,1431655765,1431846912,2623209472,42,2863305833,2923380736
0,23,4,0,10,82,2,67,2338103788,2435499071,2024079554,4181721616,1386856447,2747217612,4271904767,2194814685
5,7,4,0,10,86,2,67,2333909484,2435498146,1688371199,3951034368,0,30605,3556245681,2658391344
0,12,4,0,10,94,2,67,2335220204,2435499125,1957003262,1428160498,1932240895,3630053538,753411145,3157325786
5,4,4,0,10,106,2,67,2333123052,2435498146,1621229613,2757754000,290185216,1989798668,3891868199,2930967035
1,129,0,0,9,0,2,250,2584911868,2096639,3757834271,4261404669,4292869631,3758076859,2814098363,2798027456
1,137,0,0,9,23,2,250,2584764412,2096639,3758096351,4261404669,4292869631,3758076859,2814098363,2241245888
3,23,0,0,10,8,2,250,948982138,90710026,739642346,23113937,369821053,548427881,184626465,402653216
3,38,0,0,10,10,2,250,948982138,90710026,739642346,23113937,369821053,548427881,184626465,402653216
3,6,0,0,10,11,2,250,948982138,90710026,739642346,23113937,369821053,548427881,184626465,447392500
3,39,0,0,10,25,2,250,948982138,90710026,739642346,23113937,369821053,548427881,184626465,402653216
3,6,2,0,10,65,2,67,948982138,90710026,739642346,23113937,369821053,548427881,184626465,447392500
3,16,0,0,10,7,2,32,948982138,90710026,739642346,23113937,369821053,548427881,184626465,447392500
3,16,2,0,10,66,2,67,948982138,90710026,739642346,23113937,369821053,548427881,184626465,447392500
3,9,0,0,10,9,2,32,948982138,90710026,739642346,23113937,369821053,548427881,184626465,447392500
3,9,2,0,10,64,2,67,948982138,90710026,739642346,23113937,369821053,548427881,184626465,447392500
2,29,1,0,8,37,2,0,329869051,3635478434,2100735081,889438208,3142926710,2324186090,2863293267,2923495424
2,26,1,0,8,38,2,0,328944032,4051124650,1775844151,2979184640,2838082694,2785526762,2863296923,2273378304
2,12,1,0,8,40,2,0,9786709,1431655765,1431655765,1431846912,2623228573,3221406698,2863285242,4106174464
2,21,1,0,8,50,2,0,333730458,2858084637,3174724005,3246456832,2554921328,2135032810,2863300475,3703635968
1,129,0,0,9,0,2,250,3338403840,0,0,0,0,0,0,140252864
1,137,0,0,9,23,2,250,3338403840,0,0,0,0,0,0,140252864
6,9,0,5,4,12,2,0,1968231047,2272295564,1003010048,46071810,,,,
6,9,2,5,4,88,2,0,1968231047,2272295564,1003010048,46071810,,,,
2,12,5,0,8,70,2,0,9786709,1431655765,1431655765,1431846912,2623242240,21,1431662651,2776580096
6,6,0,3,4,30,2,0,1968230565,2761980520,1006211072,46071810,,,,
2,29,5,0,8,73,2,0,9786709,1431655765,1431655765,1431846912,2623242240,42,2863303493,2533310464
6,16,0,6,4,15,2,0,1968231077,2761980520,1006139392,46071810,,,,
6,16,2,6,4,91,2,0,1968231077,2761980520,1006139392,46071810,,,,
2,26,5,0,8,76,2,0,9786709,1431655765,1431655765,1431846912,2623242240,42,2863303493,2533310464
6,21,0,11,4,13,2,0,1968231077,2761980520,1006139392,46071810,,,,
2,33,5,0,8,77,2,0,9786709,1431655765,1431655765,1431846912,2623242240,42,2863303493,2533310464
2,21,5,0,8,78,2,0,9786709,1431655765,1431655765,1431846912,2623242240,42,2863303493,2533310464
1,129,0,0,9,0,2,250,1399440447,3255702008,3947289136,3243641008,1099046160,3901195324,1038225120,340875136
1,137,0,0,9,23,2,250,1409024000,0,0,0,0,0,0,25179840
2,29,1,0,8,37,2,0,282539080,195038515,4021584076,1878884352,2657097098,3075319530,2863298540,3393896448
2,26,1,0,8,38,2,0,269975667,1414385118,3780717142,3691102208,2767208224,3195666858,2863288072,3033186304
2,21,1,0,8,50,2,0,271087487,2176127369,2149307891,1341423616,2393904543,4227075370,2863298632,822788096
1,129,0,0,9,0,2,250,2600206336,0,0,0,0,0,0,478639936
1,137,0,0,9,23,2,250,2584215551,4294705152,0,0,512,0,0,1743463168
0,23,0,0,10,4,2,0,583095850,2276617204,524436,487571029,2148239883,213686482,2302141251,758565803
0,25,0,0,10,3,2,0,583095850,2276617204,1073520775,446576939,1182121,2832016163,114068371,228946249
0,24,0,0,10,5,2,0,583095850,2276617204,1071125809,2513387901,2147584447,74666322,2270841686,2376789380
0,18,0,0,10,19,2,0,583095850,2276617204,276037,2692557631,18922,2823827389,2322309775,863978503
0,12,0,0,10,18,2,0,583095850,2276617204,1073029532,192332710,2147977705,2271457849,2260275024,1034943610
6,9,0,5,4,12,2,0,2017870684,3241459489,160743424,46071810,,,,
6,9,2,5,4,88,2,0,2017870684,3241459489,160743424,46071810,,,,
2,33,5,0,8,77,2,0,9786709,1431655765,1431655765,1431846912,2623275008,42,2863304021,3120513024
6,6,0,3,4,30,2,0,2017929910,3342122775,2241058816,46071810,,,,
6,16,0,6,4,15,2,0,2017929910,3342122775,2241058816,46071810,,,,
6,16,2,6,4,91,2,0,2017929910,3342122775,2241058816,46071810,,,,
2,29,5,0,8,73,2,0,9786709,1431655765,1431655765,1431846912,2623275008,42,2863304021,3120513024
6,21,0,11,4,13,2,0,2017929910,3342122775,2241058816,46071810,,,,
2,26,5,0,8,76,2,0,9786709,1431655765,1431655765,1431846912,2623275008,42,2863304021,3120513024
2,21,5,0,8,78,2,0,9786709,1431655765,1431655765,1431846912,2623275008,42,2863304021,3120513024
5,7,0,0,10,2,2,0,583051905,2276614939,8953739,390013907,1050312764,50911563,26590574,2466316392
1,129,0,0,9,0,2,250,3322781692,6290943,4294836191,4261404668,0,536845241,4223375787,2695806848
1,137,0,0,9,23,2,250,3322765308,2096639,3221356511,4261404668,0,536845241,4223375787,3025239808
2,29,1,0,8,37,2,0,9786709,1431655765,1431655765,1431846912,2623293105,3346175338,2863286785,3494625280
2,26,1,0,8,38,2,0,9786709,1431655765,1431655765,1431846912,2623306360,2259848874,2863294475,999014400
1,129,0,0,9,0,2,250,1393139709,4292869631,3757965279,4261404668,2096128,1073724347,3149636519,507898880
1,137,0,0,9,23,2,250,1393123325,4292869631,3757965279,4261404668,2096128,244667,3149636519,483565056
6,9,0,5,4,12,2,0,135594044,1576825112,1612535808,46071811,,,,
6,9,2,5,4,88,2,0,135594044,1576825112,1612535808,46071811,,,,
6,6,0,3,4,30,2,0,135595343,342372102,676456448,46071811,,,,
2,33,5,0,8,77,2,0,9786709,1431655765,1431655765,1431846912,2623307776,42,2863305337,2168406016
6,16,0,6,4,15,2,0,135594216,1234202520,2851958784,46071811,,,,
6,7,0,12,4,17,2,0,135595401,3470819529,375670784,46071811,,,,
6,16,2,6,4,91,2,0,135594216,1234202520,2851958784,46071811,,,,
2,29,5,0,8,73,2,0,9786709,1431655765,1431655765,1431846912,2623307776,42,2863305337,2168406016
2,26,5,0,8,76,2,0,9786709,1431655765,1431655765,1431846912,2623307776,42,2863305337,2168406016
6,21,2,11,4,89,2,0,135595048,2694054302,1495308288,46071811,,,,
1,129,0,0,9,0,2,250,2584780796,2096639,3757834271,4261404669,4292869631,3758076859,2814098363,2780363904
1,137,0,0,9,23,2,250,2584829948,2096639,3758096351,4261404669,4292869631,3758076859,2814098363,3034583680
3,23,0,0,10,8,2,250,948965747,92278805,135540119,755954455,791287207,969478346,238165962,134241023
3,38,0,0,10,10,2,250,948965747,92278805,135540119,755154980,740955511,969478346,238165962,134222069
3,6,0,0,10,11,2,250,948965747,92274704,135540119,755322659,808064439,969478346,238165962,134231283
3,39,0,0,10,25,2,250,948965747,92278805,135540119,755310895,304747863,969478346,238165962,134250490
3,6,2,0,10,65,2,67,948965747,92274704,135540119,755322659,808064439,969478346,238165962,134231283
3,16,0,0,10,7,2,250,948965747,92274704,135540119,759058614,808064439,969478346,238165962,134235122
3,16,2,0,10,66,2,67,948965747,92274704,135540119,759058614,808064439,969478346,238165962,134235122
3,9,0,0,10,9,2,250,948965747,92274704,135540119,755245091,657069399,969478346,238165962,134250490
3,9,2,0,10,64,2,67,948965747,92274704,135540119,755245091,657069399,969478346,238165962,134250490
2,26,1,0,8,38,2,0,9786709,1431655765,1431655765,1431846912,2623327943,2839758954,2863291138,3250651136
2,19,1,0,8,56,2,0,9786709,1431655765,1431655765,1431846912,2623324160,42,2863296000,2143240192
2,29,1,0,8,37,2,0,9786709,1431655765,1431655765,1431846912,2623326027,1270986794,2863284678,1719730176
1,129,0,0,9,0,2,250,3328487663,4294836991,0,1024,0,0,0,497105472
1,137,0,0,9,23,2,250,3328487663,4294836991,0,512,0,0,0,356737216
2,33,5,0,8,77,2,0,34027454,725944876,4152224309,3608412160,3194568704,42,2863311620,2277457920
6,9,0,5,4,12,2,0,278201396,1537479075,3847940096,46071811,,,,
6,9,2,5,4,88,2,0,278201396,1537479075,3847940096,46071811,,,,
2,26,5,0,8,76,2,0,34043832,1294191131,1937026214,2698723328,3199025152,42,2863316406,1623146496
2,21,5,0,8,78,2,0,34038368,386681295,351109408,3592634368,3163504640,42,2863304072,3598663680
6,6,0,3,4,30,2,0,278201386,889718389,3712688128,46071811,,,,
2,29,5,0,8,73,2,0,34032891,4041902532,2774783516,550879232,2220376064,42,2863304309,1786724352
6,10,0,0,4,14,2,0,278200482,690246634,3837767680,46071811,,,,
6,16,0,6,4,15,2,0,278201592,1945109585,3160928256,46071811,,,,
6,16,2,6,4,91,2,0,278201592,1945109585,3160928256,46071811,,,,
6,21,0,11,4,13,2,0,278201545,3604764181,862380032,46071811,,,,
2,19,5,0,8,79,2,0,33950987,3490941412,540119006,1725005824,2229747712,42,2863312887,1501511680
1,129,0,0,9,0,2,250,1409024000,0,0,0,0,0,0,25179840
1,137,0,0,9,23,2,250,1399441533,2207980112,2860816414,3238430708,868364066,4045097080,1084347680,159479552
2,33,1,0,8,51,2,0,17237518,3313126362,3289795,2852438016,2479144960,42,2863298347,51036160
2,19,1,0,8,56,2,0,17171942,3480825417,301231,2852438016,3081355264,42,2863299500,431964160
2,29,1,0,8,37,2,0,17253912,3810207125,3084005,2852438016,2730216386,3286227114,2863292682,1032503296
2,26,1,0,8,38,2,0,17253912,3719686053,3310306,2852438016,2506031044,3286227114,2863292926,2953494528
2,21,1,0,8,50,2,0,17253912,3785081110,751344,2852438016,2871118791,3286227114,2863298334,3066740736
1,129,0,0,9,0,2,250,2600206336,0,0,0,0,0,0,478639936
1,137,0,0,9,23,2,250,2590622773,3249410552,4152826418,3511585140,1201777934,4034626524,1088560800,967408768
0,23,0,0,10,4,2,0,583095850,2276625412,378913481,2390609749,3209560113,2822975072,534492202,2261593556
0,24,0,0,10,5,2,0,583095850,2276625412,378913481,2390609749,3209560113,2822975072,534492141,2261593479
0,12,0,0,10,18,2,0,583095850,2276625412,378913481,2390609749,3209560113,2822975072,534492141,2261593479
2,29,5,0,8,73,2,0,67591424,100658712,1677643758,2952773632,2189443072,42,2863307173,4236197888
2,33,5,0,8,77,2,0,67576319,3506441496,939526980,402636800,2944417792,42,2863315223,2415869952
6,9,0,5,4,12,2,0,469873083,2590786666,2816137216,46071811,,,,
6,9,2,5,4,88,2,0,469873083,2590786666,2816137216,46071811,,,,
6,6,0,3,4,30,2,0,503395581,3376714435,3097210880,46071811,,,,
2,19,5,0,8,79,2,0,67506944,50341655,2551417525,2147647488,2629844992,42,2863303768,3057598464
6,7,0,12,4,17,2,0,469807156,2956744315,410353664,46071811,,,,
6,16,0,6,4,15,2,0,469807351,1456247541,1245718528,46071811,,,,
6,16,2,6,4,91,2,0,469807351,1456247541,1245718528,46071811,,,,
2,26,5,0,8,76,2,0,67590911,4194290968,1610674999,1342210048,3208658944,42,2863300846,2218737664
2,21,5,0,8,78,2,0,67589631,4244630040,1677346816,2684338176,2520793088,42,2863311613,733954048
5,7,0,0,10,2,2,0,583051905,2276623595,1020614069,3187938329,3203929123,1056440340,0,0
5,2,0,0,10,48,2,0,583051905,2276623595,1020614069,3187938329,3203929123,1056440340,0,0
1,129,0,0,9,0,2,250,3322847228,6290943,4294836191,4261404668,0,536845241,4223375787,2460377472
1,137,0,0,9,23,2,250,3322830844,2096639,3221356511,4261404668,0,536845241,4223375787,2254020864
2,33,1,0,8,51,2,0,50806768,2949082624,872454090,1493188608,2660941824,42,2863299722,3008086016
2,19,1,0,8,56,2,0,50741233,2760352830,2365865413,1618870272,2530918400,42,2863285149,2038382592
2,29,1,0,8,37,2,0,50823153,1334329214,1350853317,389922816,2413480653,614244970,2863285607,441171968
2,26,1,0,8,38,2,0,50823152,998756032,2487239626,2822799360,3143289549,614244970,2863299417,51101696
2,21,1,0,8,50,2,0,50823153,1560846849,969202756,2181136384,2245708493,614244970,2863286819,260816896
1,129,0,0,9,0,2,250,1393205245,4292869631,3757965279,4261404668,2096128,1073724347,3149636519,743256576
1,137,0,0,9,23,2,250,1393188861,4292869631,3757965279,4261404668,2096128,244667,3149636519,786055168
6,9,0,5,4,12,2,0,613827956,5386,1764659200,46071811,,,,
6,9,2,5,4,88,2,0,613827956,5386,1764659200,46071811,,,,
2,26,5,0,8,76,2,0,117440511,4278190081,303584905,3796025344,2733670400,42,2863300708,163528704
6,16,0,6,4,15,2,0,605390916,4874,1778974720,46071811,,,,
6,7,0,12,4,17,2,0,607898946,266,1760495616,46071811,,,,
2,33,5,0,8,77,2,0,117440511,4278190081,303584905,3796025344,2733670400,42,2863300708,163528704
6,16,2,6,4,91,2,0,605390916,4874,1778974720,46071811,,,,
2,21,5,0,8,78,2,0,117440511,4278190081,303584905,3796025344,2733670400,42,2863300708,163528704
2,19,5,0,8,79,2,0,117440511,4278190081,303584905,3796025344,2733670400,42,2863300708,163528704
6,21,0,11,4,13,2,0,545433921,4874,1789585408,46071811,,,,
2,29,5,0,8,73,2,0,117440511,4278190081,303584905,3796025344,2733670400,42,2863300708,163528704
0,23,4,0,10,82,2,67,2338107884,2695168314,848972300,3169132623,3211255820,679926,905979086,1075173119
0,12,4,0,10,94,2,67,2335224300,2695185175,12224967,1676861497,795484167,1073119235,3821017835,2686732544
0,24,4,0,10,96,2,67,2338370028,2695178795,3010414980,1932107635,3491127300,2682642430,956309004,3223039999
5,7,4,0,10,86,2,67,2333913580,2694987566,2118631427,148458676,2147491482,2156445653,4192208469,4294539006
1,129,0,0,9,0,2,250,2584846332,2096639,3757834271,4261404669,4292869631,3758076859,2814098363,2496552128
1,137,0,0,9,23,2,250,2584895484,2096639,3758096351,4261404669,4292869631,3758076859,2814098363,2263403648
3,23,0,0,10,8,2,250,948969841,93896515,150955401,801686412,108265609,519306997,61030469,898105183
3,38,0,0,10,10,2,250,948969841,93854786,64801646,1019408063,854852982,275586961,26624147,729669781
3,6,0,0,10,11,2,250,948969841,93864513,771466330,918560049,439356157,287846027,74301349,977009498
3,39,0,0,10,25,2,250,948969841,93863243,821721405,136473406,326633257,578305997,75792307,1001585302
3,6,2,0,10,65,2,67,948969841,93864513,771466330,918560049,439356157,287846027,74301349,977009498
3,13,0,0,10,6,2,250,948969841,93853774,48265299,187589845,935070647,755083042,34218055,658039606
3,16,0,0,10,7,2,250,948969841,93863502,1073417971,371268231,283644611,642525066,76562397,971438655
3,16,2,0,10,66,2,67,948969841,93863502,1073417971,371268231,283644611,642525066,76562397,971438655
3,13,2,0,10,67,2,67,948969841,93853774,48265299,187589845,935070647,755083042,34218055,658039606
3,9,0,0,10,9,2,250,948969841,93864513,217837411,894725845,1044651677,80126725,74031014,964950858
3,9,2,0,10,64,2,67,948969841,93864513,217837411,894725845,1044651677,80126725,74031014,964950858
2,19,1,0,8,56,2,0,88530624,51412159,671788078,791314432,2863300608,42,2863299670,2763997184
2,29,1,0,8,37,2,0,88530624,51412383,1879747630,791314432,2863313246,3552034154,2863288137,4148232192
2,26,1,0,8,38,2,0,88530624,51411966,3893013550,791314432,2863303070,3552034154,2863288205,335609856
2,21,1,0,8,50,2,0,88530624,51380288,403352622,791314432,2863313246,3552034154,2863290392,2000748544
2,33,1,0,8,51,2,0,88530624,51412095,134917166,791314432,2863300608,42,2863294285,2244018176
1,129,0,0,9,0,2,250,3338403840,0,0,0,0,0,0,140252864
1,137,0,0,9,23,2,250,3338403840,0,0,0,0,0,0,140252864
2,33,5,0,8,77,2,0,9786709,1431655765,1431655765,1431846912,2623438848,42,2863304538,1560231936
6,9,0,5,4,12,2,0,714702848,270336,2099200,46071811,,,,
6,9,2,5,4,88,2,0,714702848,270336,2099200,46071811,,,,
6,10,0,0,4,14,2,0,714768384,204800,1388544,46071811,,,,
6,16,0,6,4,15,2,0,714768384,270336,1050624,46071811,,,,
6,7,0,12,4,17,2,0,714768384,139264,1052672,46071811,,,,
6,6,0,3,4,30,2,0,714768384,139264,1052672,46071811,,,,
2,26,5,0,8,76,2,0,9786709,1431655765,1431655765,1431846912,2623438848,42,2863304538,1560231936
6,7,2,12,4,100,2,0,714768384,139264,1052672,46071811,,,,
2,19,5,0,8,79,2,0,9786709,1431655765,1431655765,1431846912,2623438848,42,2863304538,1560231936
6,16,2,6,4,91,2,0,714768384,270336,1050624,46071811,,,,
6,21,0,11,4,13,2,0,714768384,139264,2099200,46071811,,,,
2,29,5,0,8,73,2,0,9786709,1431655765,1431655765,1431846912,2623438848,42,2863304538,1560231936
2,21,5,0,8,78,2,0,9786709,1431655765,1431655765,1431846912,2623438848,42,2863304538,1560231936
2,12,5,0,8,70,2,67,9786709,1431655765,1431655765,1431846912,2623438848,21,1431663652,1870610432
1,129,0,0,9,0,2,250,1409024000,0,0,0,0,0,0,25179840
1,137,0,0,9,23,2,250,1409024000,0,0,0,0,0,0,25179840
2,33,1,0,8,51,2,0,9786709,1431655765,1431655765,1431846912,2623455232,42,2863297315,2722807808
2,19,1,0,8,56,2,0,9786709,1431655765,1431655765,1431846912,2623455232,42,2863297315,2726248448
2,29,1,0,8,37,2,0,9786709,1431655765,1431655765,1431846912,2623456769,1880432298,2863290672,2810888192
2,26,1,0,8,38,2,0,9786709,1431655765,1431655765,1431846912,2623460225,1880432298,2863292493,1258995712
2,21,1,0,8,50,2,0,9786709,1431655765,1431655765,1431846912,2623456769,1880432298,2863290672,2810888192
1,129,0,0,9,0,2,250,2586056767,4294822706,1005400776,1610909823,4064278323,4263378944,11904,324271040
1,137,0,0,9,23,2,250,2600206336,0,0,0,0,0,0,478639936
0,23,0,0,10,4,2,0,583095850,2276633996,281868389,2387088324,1062649883,675499218,2163403252,210573610
0,25,0,0,10,3,2,0,583095850,2276633996,281868264,327685145,3210068017,2822982602,2163287709,2358022957
0,24,0,0,10,5,2,0,583095850,2276633996,281868389,2387088279,1062649883,675499218,2163403175,210573610
0,18,0,0,10,19,2,0,583095850,2276633996,281868389,2387088324,1062649883,675499218,2163403252,210573610
0,10,0,0,10,20,2,0,583095850,2276633996,281868264,327685145,3210068017,2822982602,2163287709,2358022957
0,12,0,0,10,18,2,0,583095850,2276633996,281868389,2387088279,1062649883,675499218,2163403175,210573610
6,9,0,5,4,12,2,0,895222378,2240844632,265637888,46071811,,,,
2,19,5,0,8,79,2,0,9786709,1431655765,1431655765,1431846912,2623471616,42,2863312430,364855296
6,9,2,5,4,88,2,0,895222378,2240844632,265637888,46071811,,,,
6,6,0,3,4,30,2,0,895222408,2730529592,263055360,46071811,,,,
6,7,0,12,4,17,2,0,895222408,2730529592,263055360,46071811,,,,
6,16,0,6,4,15,2,0,895222408,2730529592,263055360,46071811,,,,
6,7,2,12,4,100,2,0,895222408,2730529592,263055360,46071811,,,,
6,16,2,6,4,91,2,0,895222408,2730529592,263055360,46071811,,,,
2,12,5,0,8,70,2,0,9786709,1431655765,1431655765,1431846912,2623471616,21,1431655760,641679360
6,21,0,11,4,13,2,0,895222408,2730529592,263055360,46071811,,,,
2,29,5,0,8,73,2,0,9786709,1431655765,1431655765,1431846912,2623471616,42,2863312430,364855296
2,26,5,0,8,76,2,0,9786709,1431655765,1431655765,1431846912,2623471616,42,2863312430,364855296
2,33,5,0,8,77,2,0,9786709,1431655765,1431655765,1431846912,2623471616,42,2863312430,364855296
2,21,5,0,8,78,2,0,9786709,1431655765,1431655765,1431846912,2623471616,42,2863312430,364855296
5,7,0,0,10,2,2,0,583051905,2276631907,838880508,356522634,2149221429,2998600538,3144802623,644618338
5,2,0,0,10,48,2,0,583051905,2276631907,838880508,356522634,2149221429,2998600538,3144802623,644618338
1,129,0,0,9,0,2,250,3322716156,6290943,4294836191,4261404668,0,536845241,4223375787,2446860224
1,137,0,0,9,23,2,250,3322699772,2096639,3221356511,4261404668,0,536845241,4223375787,2233982784
2,33,1,0,8,51,2,0,271518517,3966820574,4168805480,805306368,2509242368,42,2863284494,441171968
2,19,1,0,8,56,2,0,9786709,1431655765,1431655765,1431846912,2623488000,42,2863288919,3946790912
2,29,1,0,8,37,2,0,282539080,195038515,4021584076,1878884352,2657096805,763363370,2863289503,1774960640
2,26,1,0,8,38,2,0,269975667,1414385118,3780717142,3691102208,2767200357,763363370,2863292064,1795932160
2,12,1,0,8,40,2,0,9786709,1431655765,1431655765,1431846912,2623489893,763363370,2863297675,1572814848
2,21,1,0,8,50,2,0,271087487,2176127369,2149307891,1341423616,2393904229,763363370,2863298885,2911617024
0,32,0,0,10,36,2,0,583095850,129150291,281868389,2387088279,1062649883,675499218,2163403175,210573610
1,129,0,0,9,0,2,250,1393074173,4292869631,3757965279,4261404668,2096128,244667,3149636519,556140992
1,137,0,0,9,23,2,250,1393057789,4292869631,3757965279,4261404668,2096128,244667,3149636519,765738560
6,9,0,5,4,12,2,0,1058798584,1412742913,100970496,46071811,,,,
6,9,2,5,4,88,2,0,1058798584,1412742913,100970496,46071811,,,,
2,26,5,0,8,76,2,0,17253912,3719686053,3310306,2852438016,2506014720,42,2863305146,922697728
2,19,5,0,8,79,2,0,17171942,3480825417,301231,2852438016,3081355264,42,2863315082,1681866752
6,6,0,3,4,30,2,0,1058863954,1521794807,2248312832,46071811,,,,
6,10,0,0,4,14,2,0,1058863954,1521794807,2248312832,46071811,,,,
6,16,0,6,4,15,2,0,1058863954,1521794807,2248312832,46071811,,,,
6,7,0,12,4,17,2,0,1058863954,1521794807,2248312832,46071811,,,,
6,7,2,12,4,100,2,0,1058863954,1521794807,2248312832,46071811,,,,
6,16,2,6,4,91,2,0,1058863954,1521794807,2248312832,46071811,,,,
2,29,5,0,8,73,2,0,17253912,3810207125,3084005,2852438016,2730213376,42,2863309175,3338616832
2,33,5,0,8,77,2,0,17237518,3313126362,3289795,2852438016,2479144960,42,2863313933,2126462976
2,21,5,0,8,78,2,0,17253912,3785081110,751344,2852438016,2871115776,42,2863309202,2352955392
2,12,5,0,8,70,2,67,17253912,1688641081,1735199,2852438016,2495528960,21,1431652600,2826911744
1,129,0,0,9,0,2,250,2584911868,2096639,3757834271,4261404669,4292869631,3758076859,2814098363,2798027456
1,137,0,0,9,23,2,250,2584764412,2096639,3757834271,4261404669,4292869631,3758076859,2814098363,2839202560
3,23,0,0,10,8,2,250,948973950,95514038,676131818,352714900,28310793,703987586,970939044,232092216
3,32,0,0,10,24,2,250,948973950,95514038,676347323,923041651,975175065,900726703,924893369,590173105
3,38,0,0,10,10,2,250,948973950,95514038,676532144,201785371,234880975,355860532,113171286,8129582
3,6,0,0,10,11,2,250,948973950,95514038,676146925,969736390,42467119,403963718,832634226,731456432
3,39,0,0,10,25,2,0,948973950,95514038,676233964,345407498,40894271,436600916,29443650,725251113
3,6,2,0,10,65,2,67,948973950,95514038,676146925,969736390,42467119,403963718,832634226,731456432
3,13,0,0,10,6,2,0,948973950,95514038,676675005,537231512,161480543,410517311,457119332,545459654
3,16,0,0,10,7,2,0,948973950,95514038,676230121,535003196,65535999,437256047,786493654,731468977
3,16,2,0,10,66,2,67,948973950,95514038,676230121,535003196,65535999,437256047,786493654,731468977
3,13,2,0,10,67,2,67,948973950,95514038,676675005,537231512,161480543,410517311,457119332,545459654
3,9,0,0,10,9,2,0,948973950,95514038,676175337,138542923,994574303,397934367,302040486,735471408
3,9,2,0,10,64,2,67,948973950,95514038,676175337,138542923,994574303,397934367,302040486,735471408
2,19,1,0,8,56,2,0,33950987,3490941412,540119006,1725005824,2229747712,42,2863295697,620707840
2,29,1,0,8,37,2,0,34032891,4041902532,2774783516,550879232,2220384409,1334962474,2863286660,1551958016
2,26,1,0,8,38,2,0,34043832,1294191131,1937026214,2698723328,3199033509,1714956010,2863287524,3892379648
2,12,1,0,8,40,2,0,34043838,1702578724,3773004493,3903029248,3207291015,511455338,2863285489,3783213056
2,21,1,0,8,50,2,0,34038368,386681295,351109408,3592634368,3163513013,2070875050,2863298930,3678470144
2,33,1,0,8,51,2,0,34027454,725944876,4152224309,3608412160,3194568704,42,2863294498,4194369536
1,129,0,0,9,0,2,250,3328501592,0,0,1024,0,0,0,910598912
1,137,0,0,9,23,2,250,3328501592,0,0,512,0,0,0,1050999168
2,33,5,0,8,77,2,0,50806768,2949082624,872454090,1493188608,2660941824,42,2863316908,3472834560
6,9,0,5,4,12,2,0,1164189770,836796000,438771712,46071811,,,,
6,9,2,5,4,88,2,0,1164189770,836796000,438771712,46071811,,,,
2,12,5,0,8,70,2,0,50823152,3204938304,1187024138,1770012672,2740633600,21,1431655052,2726248448
2,26,5,0,8,76,2,0,50823152,998756032,2487239626,2822799360,3143286784,42,2863312748,1199521792
6,7,0,12,4,17,2,0,1164189288,1348501056,435818496,46071811,,,,
6,7,2,12,4,100,2,0,1164189288,1348501056,435818496,46071811,,,,
2,21,5,0,8,78,2,0,50823153,1560846849,969202756,2181136384,2245705728,42,2863308310,1275019264
2,19,5,0,8,79,2,0,50741233,2760352830,2365865413,1618870272,2530918400,42,2863300795,83836928
6,21,2,11,4,89,2,0,1164189800,1348501056,436201472,46071811,,,,
2,29,5,0,8,73,2,0,50823153,1334329214,1350853317,389922816,2413477888,42,2863305042,1581203456
1,129,0,0,9,0,2,250,1409024000,0,0,0,0,0,0,25179840
1,137,0,0,9,23,2,250,1409024000,0,0,0,0,0,0,25179840
2,33,1,0,8,51,2,0,67576319,3506441496,939526980,402636800,2944417792,42,2863299121,4064985088
2,19,1,0,8,56,2,0,67506944,50341655,2551417525,2147647488,2629844992,42,2863288190,3418308608
2,29,1,0,8,37,2,0,67591424,100658712,1677643758,2952773632,2189443198,1724579370,2863298799,3238707200
2,26,1,0,8,38,2,0,67590911,4194290968,1610674999,1342210048,3208659355,896983978,2863295123,2164965376
2,12,1,0,8,40,2,0,67587327,3808434200,1677718549,3489644544,2717925419,2230773290,2863293835,1295990784
2,21,1,0,8,50,2,0,67589631,4244630040,1677346816,2684338176,2520793154,3252875242,2863288995,680181760
1,129,0,0,9,0,2,250,2584215551,4294705152,0,0,131072,0,0,3130139072
1,137,0,0,9,23,2,250,2585547775,4294967295,4294967295,4294967295,4294967295,4294967295,4294967295,3235252736
0,25,0,0,10,3,2,0,583095850,2276641160,358875181,2194253302,2574585669,2269739380,516670229,2256938770
0,18,0,0,10,19,2,0,583095850,2276641160,358875272,46769631,427102060,122255709,2664168340,709240609
0,10,0,0,10,20,2,0,583095850,2276641160,358875181,2194253302,2574585669,2269739380,516669776,201729845
0,12,0,0,10,18,2,0,583095850,2276641160,358875181,2194253302,2574585669,2269739380,516684125,2286298893
0,28,0,0,10,22,2,0,583095850,2276641160,358875272,46769631,427102060,122255709,2664168241,3133548326
2,19,5,0,8,79,2,0,88530624,51412159,671788078,810188800,2863300608,42,2863304907,335495168
2,29,5,0,8,73,2,0,88530624,51412383,1879747630,810188800,2863300608,42,2863311670,1367293952
6,9,0,5,4,12,2,0,1301752995,3849633769,133545984,46071811,,,,
6,9,2,5,4,88,2,0,1301752995,3849633769,133545984,46071811,,,,
2,33,5,0,8,77,2,0,88530624,51412095,134917166,810188800,2863300608,42,2863303632,851394560
6,7,0,12,4,17,2,0,1301728253,3837050846,2314520576,46071811,,,,
6,22,2,4,4,90,2,0,1301728253,3837050846,2314520576,46071811,,,,
6,7,2,12,4,100,2,0,1301728253,3837050846,2314520576,46071811,,,,
2,12,5,0,8,70,2,0,88530624,51411070,537570350,810188800,2863300608,21,1431659306,3741270016
6,21,0,11,4,13,2,0,1301728253,3837050846,2314520576,46071811,,,,
6,21,2,11,4,89,2,0,1301728253,3837050846,2314520576,46071811,,,,
2,26,5,0,8,76,2,0,88530624,51411966,3893013550,810188800,2863300608,42,2863311612,4278140928
2,21,5,0,8,78,2,0,88530624,51380288,403352622,810188800,2863300608,42,2863316071,3514777600
5,3,0,0,10,1,2,0,583051905,2276639079,359154135,536870954,2147483689,2147483689,2147483770,2588274400
5,7,0,0,10,2,2,0,583051905,2276639079,359154135,536870954,2147483689,2147483689,2147499430,2588274400
5,2,0,0,10,48,2,0,583051905,2276639079,359154135,536870954,2147483689,2147483689,2147483938,2588274400
1,129,0,0,9,0,2,250,3322781692,6290943,4294836191,4261404668,0,536845241,4223375783,2462672768
1,128,0,0,9,21,2,250,3322470399,4255120895,3757965279,4294828031,4280286208,3758074811,3148060603,2801930240
1,137,0,0,9,23,2,250,3322765308,2096639,3221356511,4261404668,0,536845241,4223375787,3025239808
2,33,1,0,8,51,2,0,117440511,4278190081,303584905,3796025344,2735112192,42,2863287385,3133915136
2,19,1,0,8,56,2,0,117440511,4278190081,303584905,3796025344,2735112192,42,2863287385,3137290240
2,29,1,0,8,37,2,0,117440511,4278190081,303584905,3796025344,2735124212,1267759850,2863298770,2324414464
2,26,1,0,8,38,2,0,117440511,4278190081,303584905,3796025344,2735113085,473151722,2863300052,3217801216
2,12,1,0,8,40,2,0,117440511,4278190081,303584905,3796025344,2735114321,4076533098,2863290189,2264875008
2,21,1,0,8,50,2,0,117440511,4278190081,303584905,3796025344,2735124223,1030450218,2863287371,294371328
0,32,0,0,10,36,2,0,583095850,2276641160,358875181,2194253302,2574585669,2269739380,516669613,2269521714
1,129,0,0,9,0,2,250,1393139709,4292869631,3757965279,4261404668,2096128,244667,3149636519,273721728
1,128,0,0,9,21,2,250,1393483773,4292869631,4294311903,4261404671,4286577662,3758078905,2075891111,2204778496
1,137,0,0,9,23,2,250,1393123325,4292869631,3757965279,4261404668,2096128,244667,3149636519,483565056
6,9,0,5,4,12,2,0,1432888288,3633347020,312336384,46071811,,,,
6,9,2,5,4,88,2,0,1432888288,3633347020,312336384,46071811,,,,
2,26,5,0,8,76,2,0,164142165,1431655765,1428029584,830668800,2283536384,42,2863300819,4135534592
2,19,5,0,8,79,2,0,158898005,1431655765,1428029568,830652416,2686189568,42,2863307342,3883876352
2,29,5,0,8,73,2,0,164142165,1431655765,1428029584,830668800,2283536384,42,2863300819,4135534592
2,33,5,0,8,77,2,0,163093333,1431655765,1428029584,830668800,2149318656,42,2863316628,2818523136
6,7,0,12,4,17,2,0,1432887372,1414560156,316153856,46071811,,,,
6,7,2,12,4,100,2,0,1432887372,1414560156,316153856,46071811,,,,
6,21,0,11,4,13,2,0,1432887884,1414560156,316262400,46071811,,,,
2,21,5,0,8,78,2,0,164142165,1431655765,1428029584,830668800,2283536384,42,2863300819,4135534592
0,10,4,0,10,83,2,67,2334777836,2962155762,2507088998,4291549184,84931199,3224207739,385875457,1040120834
0,18,4,0,10,84,2,67,2336874988,2957731186,2507666021,2153224193,3994025602,3489431520,385875457,1040120834
0,12,4,0,10,94,2,67,2335302124,2960485746,2506236495,2147006465,3843027971,3422552064,385875457,1040120834
0,25,4,0,10,95,2,67,2338709996,2961664242,2491014368,4293838848,202366973,1945862166,385875457,1040120834
0,32,4,0,10,98,2,67,2340545004,2959699314,2511898221,8542208,34601854,4230283575,385875457,1040120834
5,7,4,0,10,86,2,67,2333995500,2963436546,2315255503,4294957056,2506444842,2863309177,1272317696,13108743
5,2,4,0,10,99,2,67,2332684780,2963436546,2315254611,2147457024,2506444842,2863309177,1272317696,13108743
1,129,0,0,9,0,2,250,2584780796,2096639,3757834271,4261404669,4292869631,3758076859,2814098363,2780363904
1,128,0,0,9,21,2,250,2591263360,1075843080,0,71,1075843080,67108864,0,578414272
1,137,0,0,9,23,2,250,2584829948,2096639,3757834271,4261404669,4292869631,3758076859,2814098363,2555145024
3,23,0,0,10,8,2,250,948978037,97003411,182938283,5237381,417865268,599920808,219207637,1071015938
3,32,0,0,10,24,2,250,948978037,97003411,182938283,5237381,417865268,599920808,219207637,1071015938
3,6,0,0,10,11,2,250,948978037,97003411,182938283,5237381,417865268,599920808,219207637,1071015938
3,39,0,0,10,25,2,250,948978037,97003411,182938283,5237381,417865268,599920808,219207637,1071015938
3,6,2,0,10,65,2,67,948978037,97003411,182938283,5237381,417865268,599920808,219207637,1071015938
3,13,0,0,10,6,2,32,948978037,97003411,182938283,5237381,417865268,599920808,219207637,1071015938
3,16,0,0,10,7,2,32,948978037,97003411,182938283,5237381,417865268,599920808,219207637,1071015938
3,16,2,0,10,66,2,67,948978037,97003411,182938283,5237381,417865268,599920808,219207637,1071015938
3,13,2,0,10,67,2,67,948978037,97003411,182938283,5237381,417865268,599920808,219207637,1071015938
3,9,0,0,10,9,2,32,948978037,97003411,182938283,5237381,417865268,599920808,219207637,1071015938
3,9,2,0,10,64,2,67,948978037,97003411,182938283,5237381,417865268,599920808,219207637,1071015938
2,19,1,0,8,56,2,0,158898005,1431655765,1430388848,860995584,2149335040,42,2863295298,1635729408
2,29,1,0,8,37,2,0,164142165,1431655765,1430388864,860979200,2786884418,65662314,2863299910,1472266240
2,26,1,0,8,38,2,0,164142165,1431655765,1430388864,860979200,2786872577,2214491626,2863289703,109117440
2,21,1,0,8,50,2,0,164142165,1431655765,1430388864,860979200,2786884420,3287068458,2863297518,4253089792
2,33,1,0,8,51,2,0,163093333,1431655765,1430388864,860979200,2921086976,42,2863290274,1321271296
1,129,0,0,9,0,2,250,3328469712,1072563966,2686320255,2153776128,0,0,0,983781312
1,128,0,0,9,21,2,250,3338404096,1094247,3909091360,3222536192,0,0,0,260824448
1,137,0,0,9,23,2,250,3328469712,1072563966,2686320255,2153775616,0,0,0,843126080
2,33,5,0,8,77,2,0,180219791,3793290751,637530367,2835382272,2978316288,42,2863307740,3770630144
6,9,0,5,4,12,2,0,1502875710,3883188129,266721280,46071811,,,,
6,9,2,5,4,88,2,0,1502875710,3883188129,266721280,46071811,,,,
2,21,5,0,8,78,2,0,181268367,3793686527,637530367,2835382272,2978316288,42,2863306988,582959104
2,19,5,0,8,79,2,0,176025487,3758155775,637530367,2835382272,2978316288,42,2863307893,2969518080
6,7,0,12,4,17,2,0,1503243403,3937714062,2313506816,46071811,,,,
6,7,2,12,4,100,2,0,1503243403,3937714062,2313506816,46071811,,,,
6,10,0,0,4,14,2,0,1503241355,3937714062,2313201664,46071811,,,,
2,29,5,0,8,73,2,0,181268367,3793686527,637530367,2835382272,2978316288,42,2863306988,582959104
2,26,5,0,8,76,2,0,181268367,3793686527,637530367,2835382272,2978316288,42,2863306988,582959104
1,129,0,0,9,0,2,250,1409024000,0,0,0,0,0,0,25179840
1,128,0,0,9,21,2,250,1409024256,1427199189,135483732,3570422225,1073741824,0,0,754811776
1,137,0,0,9,23,2,250,1409024000,0,0,0,0,0,0,25179840
2,33,1,0,8,51,2,0,180219807,3817534464,100663551,2835382272,2978316288,42,2863288701,2475343872
2,19,1,0,8,56,2,0,176025503,3815941120,100663551,2835382272,2978316288,42,2863291089,4261363712
2,29,1,0,8,37,2,0,181268383,3817933824,100663551,2835382272,2978332068,1944339690,2863293658,353026048
2,26,1,0,8,38,2,0,181268383,3817933824,100663551,2835382272,2978319078,127141994,2863299986,3293233152
2,21,1,0,8,50,2,0,181268383,3817933824,100663551,2835382272,2978332039,5703786,2863300263,2777333760
1,129,0,0,9,0,2,250,2590623867,2207979856,2860815907,2971535540,901918497,1897089080,1084347616,330106624
1,128,0,0,9,21,2,250,2584789028,2096639,4291821557,66920445,4292869631,3757939642,398196735,4199994560
1,137,0,0,9,23,2,250,2586326537,2227700016,1682818360,5979312,0,0,0,51902912
0,25,0,0,10,3,2,0,583095850,2276649696,109096760,227506974,2519572689,2158330243,477616859,73836640
0,18,0,0,10,19,2,0,583095850,2276649696,708906635,203573788,368280456,16334999,980045167,22587483
0,10,0,0,10,20,2,0,583095850,2276649696,205354516,170865638,2863216270,3183575369,2680059947,49162343
0,12,0,0,10,18,2,0,583095850,2276649696,138476388,211254174,2401986508,13189405,2723046466,2225481793
6,9,0,5,4,12,2,0,1702105342,522216460,293597184,46071811,,,,
6,9,2,5,4,88,2,0,1702105342,522216460,293597184,46071811,,,,
2,33,5,0,8,77,2,0,9786709,1431655765,1431655765,1431846912,2623668224,42,2863309047,473907200
2,21,5,0,8,78,2,0,9786709,1431655765,1431655765,1431846912,2623668224,42,2863309047,473907200
6,22,0,4,4,16,2,0,1702105571,3265291240,291721216,46071811,,,,
6,7,2,12,4,100,2,0,1702105059,3265291240,291551232,46071811,,,,
6,10,0,0,4,14,2,0,1702105059,3265291240,291551232,46071811,,,,
2,26,5,0,8,76,2,0,9786709,1431655765,1431655765,1431846912,2623668224,42,2863309047,473907200
6,21,0,11,4,13,2,0,1702105571,3265291240,291721216,46071811,,,,
2,19,5,0,8,79,2,0,9786709,1431655765,1431655765,1431846912,2623668224,42,2863309047,473907200
2,29,5,0,8,73,2,0,9786709,1431655765,1431655765,1431846912,2623668224,42,2863309047,473907200
5,3,0,0,10,1,2,0,583051905,2276647439,440513681,2263808378,2928897151,24070542,2605500567,989655686
5,7,0,0,10,2,2,0,583051905,2276647439,443907731,509,2654425050,3123429383,93123461,3207525005
1,129,0,0,9,0,2,250,3322847228,6290943,4294836191,4261404668,0,536845241,4223375783,2697050496
1,128,0,0,9,21,2,250,3322535935,4259315199,3757965279,4294811647,4276091904,2684332987,3148060603,2687417280
1,137,0,0,9,23,2,250,3322830844,2096639,3221356511,4261404668,0,536845241,4223375787,2254020864
2,33,1,0,8,51,2,0,304550685,4095632206,2652762348,885850112,2204942336,42,2863286473,1733017600
2,19,1,0,8,56,2,0,9786709,1431655765,1431655765,1431846912,2623684608,42,2863291534,3804184576
2,26,1,0,8,38,2,0,304565965,3107629931,4242274513,772538368,3085777667,3446007146,2863293529,2504769536
2,21,1,0,8,50,2,0,315774631,1291482215,2584660866,2877849600,2663898819,3340349290,2863294200,1800126464
1,129,0,0,9,0,2,250,1393205245,4292869631,3757965279,4261404668,2096128,244667,3149636519,576223104
1,128,0,0,9,21,2,250,1393352701,4292869631,4294049759,4261404671,4290771967,536853433,2075891111,2732973696
1,137,0,0,9,23,2,250,1393188861,4292869631,3757965279,4261404668,2096128,244667,3149636519,786055168
6,9,0,5,4,12,2,0,1863829740,3904159739,328476672,46071811,,,,
6,9,2,5,4,88,2,0,1863829740,3904159739,328476672,46071811,,,,
2,26,5,0,8,76,2,0,9786709,1431655765,1431655765,1431846912,2623700992,42,2863316955,620707840
2,33,5,0,8,77,2,0,9786709,1431655765,1431655765,1431846912,2623700992,42,2863316955,620707840
6,22,2,4,4,90,2,0,1864138822,3904159726,93671424,46071811,,,,
6,7,2,12,4,100,2,0,1864138822,3904159726,93671424,46071811,,,,
2,21,5,0,8,78,2,0,9786709,1431655765,1431655765,1431846912,2623700992,42,2863316955,620707840
2,19,5,0,8,79,2,0,9786709,1431655765,1431655765,1431846912,2623700992,42,2863316955,620707840
6,21,0,11,4,13,2,0,1864138822,3904159726,93671424,46071811,,,,
1,129,0,0,9,0,2,250,2584846332,2096639,3757834271,4261404669,4292869631,3758076859,2814098363,2496552128
1,128,0,0,9,21,2,250,2586326537,2227700016,1682818360,14533808,0,0,0,268826560
1,137,0,0,9,23,2,250,2584895484,2096639,3757834271,4261404669,4292869631,3758076859,2814098363,2856629568
3,23,0,0,10,8,2,0,948982138,98575462,0,0,0,0,0,0
3,32,0,0,10,24,2,0,948982138,98575462,0,0,0,0,0,0
3,6,0,0,10,11,2,0,948982138,98575462,0,0,0,0,0,1398123
3,39,0,0,10,25,2,0,948982138,98575462,0,0,0,0,0,0
3,6,2,0,10,65,2,67,948982138,98575462,0,0,0,0,0,1398123
3,13,0,0,10,6,2,0,948982138,98575462,0,0,0,0,0,1398123
3,16,0,0,10,7,2,32,948982138,98575462,0,0,0,0,0,1398123
3,16,2,0,10,66,2,67,948982138,98575462,0,0,0,0,0,1398123
3,13,2,0,10,67,2,67,948982138,98575462,0,0,0,0,0,1398123
3,9,0,0,10,9,2,32,948982138,98575462,0,0,0,0,0,1398123
3,9,2,0,10,64,2,67,948982138,98575462,0,0,0,0,0,1398123
2,19,1,0,8,56,2,0,9786709,1431655765,1431655765,1431846912,2623717376,42,2863285154,3665772544
2,26,1,0,8,38,2,0,345009767,3736690844,3047023159,4099211264,2898006868,1355199210,2863289672,2751528960
2,33,1,0,8,51,2,0,346954677,1781598972,18006281,3047653376,3157262336,42,2863294310,2730557440
1,129,0,0,9,0,2,250,3329388673,6312064,32736,268173568,0,0,0,517726592
1,128,0,0,9,21,2,250,3329435872,1930625159,237666170,1069906456,309136432,2151685064,1040967931,2022289728
1,137,0,0,9,23,2,250,3329323137,6312064,32736,268173568,0,0,0,752041856
2,33,5,0,8,77,2,0,9786709,1431655765,1431655765,1431846912,2623733760,42,2863308463,1841250304
6,9,0,5,4,12,2,0,1971069153,721450936,330971136,46071811,,,,
6,9,2,5,4,88,2,0,1971069153,721450936,330971136,46071811,,,,
2,19,5,0,8,79,2,0,9786709,1431655765,1431655765,1431846912,2623733760,42,2863308463,1841250304
2,26,5,0,8,76,2,0,9786709,1431655765,1431655765,1431846912,2623733760,42,2863308463,1841250304
6,10,0,0,4,14,2,0,1971069183,1228961684,326289408,46071811,,,,
6,7,2,12,4,100,2,0,1971069183,1228961684,326289408,46071811,,,,
6,21,0,11,4,13,2,0,1971069183,1228961684,326289408,46071811,,,,
6,21,2,11,4,89,2,0,1971069183,1228961684,326289408,46071811,,,,
1,129,0,0,9,0,2,250,1399457889,582554192,2332228641,4113012920,2779008028,1489143188,664866400,891197248
1,128,0,0,9,21,2,250,1409025280,2670469,702545952,4194304,0,0,0,234486720
1,137,0,0,9,23,2,250,1399439479,3798864240,1602452508,3771140348,1908608532,4035150842,551601952,989078208
2,33,1,0,8,51,2,0,271518389,3933266142,4168805557,3355443200,2506096640,42,2863290033,97173504
2,19,1,0,8,56,2,0,9786709,1431655765,1431655765,1431846912,2623750144,42,2863293142,2470395904
2,26,1,0,8,38,2,0,269975795,1414385118,3780717220,1946271744,2770351520,422659754,2863286714,1275772928
2,12,1,0,8,40,2,0,9786709,1431655765,1431655765,1431846912,2623755653,617066282,2863292714,2193571840
2,21,1,0,8,50,2,0,271087551,2209681801,2149307968,3891560448,2392866315,1401139754,2863289004,4035624960
1,129,0,0,9,0,2,250,2586326537,2227700016,1682818360,5979312,0,0,0,51902912
1,128,0,0,9,21,2,250,2584854563,4292869631,4292083637,268361725,4292869631,3757939642,398196735,4004753600
1,137,0,0,9,23,2,250,2600206336,0,0,0,0,0,0,478639936
0,25,0,0,10,3,2,0,583095850,2276657940,1073520775,446576939,1182121,2832016163,114068371,228946249
0,18,0,0,10,19,2,0,583095850,2276657940,276037,2692557631,18922,2823827389,2322309775,863978503
0,10,0,0,10,20,2,0,583095850,2276657940,2818243,790439904,1100349,2578351007,150825053,3203231461
6,9,0,5,4,12,2,0,2119086473,4277452774,201736192,46071811,,,,
2,19,5,0,8,79,2,0,9786709,1431655765,1431655765,1431846912,2623766528,42,2863300995,1434402816
6,9,2,5,4,88,2,0,2119086473,4277452774,201736192,46071811,,,,
2,33,5,0,8,77,2,0,9786709,1431655765,1431655765,1431846912,2623766528,42,2863300995,1434402816
6,10,0,0,4,14,2,0,2119151843,4285841376,101023744,46071811,,,,
2,26,5,0,8,76,2,0,9786709,1431655765,1431655765,1431846912,2623766528,42,2863300995,1434402816
6,21,2,11,4,89,2,0,2119151843,4285841376,101023744,46071811,,,,
2,12,5,0,8,70,2,0,9786709,1431655765,1431655765,1431846912,2623766528,21,1431665405,1728004096
5,3,0,0,10,1,2,0,583051905,2276656123,1067759469,3038582781,2151368448,665326462,2374217771,106915096
5,7,0,0,10,2,2,0,583051905,2276656123,8953739,390013907,1050312764,50911563,26590574,2466316392
1,129,0,0,9,0,2,250,3322716156,6290943,4294836191,4261404668,0,536845241,4223375783,2747254720
1,128,0,0,9,21,2,250,3322601471,4255120895,3757965279,4294828031,4280286208,2684332987,3148060603,2602822976
1,137,0,0,9,23,2,250,3322699772,2096639,3221356511,4261404668,0,536845241,4223375787,2233982784
2,33,1,0,8,51,2,0,9786709,1431655765,1431655765,1431846912,2623782912,42,2863300090,2882256896
2,19,1,0,8,56,2,0,9786709,1431655765,1431655765,1431846912,2623782912,42,2863300090,2885632000
2,26,1,0,8,38,2,0,9786709,1431655765,1431655765,1431846912,2623792216,1204026794,2863288380,4052467712
2,12,1,0,8,40,2,0,9786709,1431655765,1431655765,1431846912,2623784604,46397354,2863288941,3267313664
2,21,1,0,8,50,2,0,9786709,1431655765,1431655765,1431846912,2623799118,1107558378,2863286117,34324480
1,129,0,0,9,0,2,250,1393074173,4292869631,3757965279,4261404668,2096128,244667,3149636519,556140992
1,128,0,0,9,21,2,250,1393418237,4292869631,4294311903,4261404671,4286577662,3758078905,2075891111,2976030208
1,137,0,0,9,23,2,250,1393057789,4292869631,3757965279,4261404668,2096128,244667,3149636519,765738560
6,9,0,5,4,12,2,0,135596092,1576825112,1612226560,46071812,,,,
2,26,5,0,8,76,2,0,9786709,1431655765,1431655765,1431846912,2623799296,42,2863302547,2055159808
6,9,2,5,4,88,2,0,135596092,1576825112,1612226560,46071812,,,,
2,12,5,0,8,70,2,0,9786709,1431655765,1431655765,1431846912,2623799296,21,1431665901,1241464832
6,7,0,12,4,17,2,0,135597449,3470819529,375500800,46071812,,,,
2,33,5,0,8,77,2,0,9786709,1431655765,1431655765,1431846912,2623799296,42,2863302547,2055159808
6,10,0,0,4,14,2,0,135597173,564963825,1732610048,46071812,,,,
2,19,5,0,8,79,2,0,9786709,1431655765,1431655765,1431846912,2623799296,42,2863302547,2055159808
6,21,0,11,4,13,2,32,135597096,2694054302,1495621632,46071812,,,,
6,21,2,11,4,89,2,0,135597096,2694054302,1495621632,46071812,,,,
0,10,4,0,10,83,2,67,2334790124,3230591218,2507088998,4291549185,4282908368,38387721,1446792073,1210992655
0,25,4,0,10,95,2,67,2338722284,3230099698,2491014368,4293838849,4282646224,38387721,1446792073,1567416452
5,7,4,0,10,86,2,67,2333917676,3240807074,2140227584,2863311504,75778,2863311365,1431655434,2863310869
1,129,0,0,9,0,2,250,2584911868,2096639,3757834271,4261404669,4292869631,3758076859,2814098363,2798027456
1,128,0,0,9,21,2,250,2600207616,1427774044,3357350236,3708296025,1557977177,3645380766,1209126993,3783993536
1,137,0,0,9,23,2,250,2584764412,2096639,3757834271,4261404669,4292869631,3758076859,2814098363,2839202560
3,23,0,0,10,8,2,250,948965747,100143157,135540119,755954455,791287207,969478346,238165962,134241023
3,32,0,0,10,24,2,250,948965747,100143157,135540119,758939571,120198599,969478346,238165962,134234612
3,6,0,0,10,11,2,250,948965747,100139056,135540119,755322659,808064439,969478346,238165962,134231283
3,39,0,0,10,25,2,250,948965747,100143157,135540119,755310895,304747863,969478346,238165962,134250490
3,6,2,0,10,65,2,67,948965747,100139056,135540119,755322659,808064439,969478346,238165962,134231283
3,13,0,0,10,6,2,0,948965747,100139056,135540119,758771897,455742727,969478346,238165962,134247668
3,16,0,0,10,7,2,0,948965747,100139056,135540119,759058614,808064439,969478346,238165962,134235122
3,16,2,0,10,66,2,67,948965747,100139056,135540119,759058614,808064439,969478346,238165962,134235122
3,9,0,0,10,9,2,0,948965747,100139056,135540119,755245091,657069399,969478346,238165962,134250490
3,9,2,0,10,64,2,67,948965747,100139056,135540119,755245091,657069399,969478346,238165962,134250490
2,19,1,0,8,56,2,0,9786709,1431655765,1431655765,1431846912,2623815680,42,2863299562,2231320576
2,26,1,0,8,38,2,0,9786709,1431655765,1431655765,1431846912,2623822822,1278880042,2863287002,3644915712
2,12,1,0,8,40,2,0,9786709,1431655765,1431655765,1431846912,2623817555,4120798634,2863293463,3716104192
2,33,1,0,8,51,2,0,9786709,1431655765,1431655765,1431846912,2623815680,42,2863299562,2227240960
1,129,0,0,9,0,2,250,3329383692,2242064448,168198687,3083465920,2185293944,603979519,2683042557,3948730240
1,128,0,0,9,21,2,250,3328627103,704913551,3464331907,515968,0,0,0,988587840
1,137,0,0,9,23,2,250,3329318156,2242064448,168165919,3083465920,2185293944,603979519,2683042557,3486264256
2,33,5,0,8,77,2,0,34027454,725944876,4152224309,3608412160,3194568704,42,2863311620,2277457920
2,19,5,0,8,79,2,0,33950987,3490941412,540119006,1725005824,2229747712,42,2863312887,1501511680
6,9,0,5,4,12,2,0,278201396,1537479075,3847940096,46071812,,,,
6,9,2,5,4,88,2,0,278201396,1537479075,3847940096,46071812,,,,
2,21,5,0,8,78,2,0,34038368,386681295,351109408,3592634368,3163504640,42,2863304072,3598663680
6,7,0,12,4,17,2,0,278201426,1961364168,1800556544,46071812,,,,
6,7,2,12,4,100,2,0,278201426,1961364168,1800556544,46071812,,,,
6,10,0,0,4,14,2,0,278200482,690246634,3837767680,46071812,,,,
6,21,0,11,4,13,2,0,278201545,3604764181,862380032,46071812,,,,
6,21,2,11,4,89,2,0,278201545,3604764181,862380032,46071812,,,,
2,26,5,0,8,76,2,0,34043832,1294191131,1937026214,2698723328,3199025152,42,2863316406,1623146496
2,12,5,0,8,70,2,0,34043838,1702578724,3773004493,3903029248,3207282688,21,1431652972,377438208
1,129,0,0,9,0,2,250,1400013060,2179002439,4294836031,3623222144,0,0,0,88044608
1,128,0,0,9,21,2,250,1399197807,3875684347,4135550848,2139618240,1006502063,4144013376,1075855870,3359704768
1,137,0,0,9,23,2,250,1399947524,2179002439,4294836031,3623222170,2193715432,603848832,4027322367,3548523584
2,33,1,0,8,51,2,0,17237518,3313126362,3289795,2852438016,2479144960,42,2863298347,51036160
2,19,1,0,8,56,2,0,17171942,3480825417,301231,2852438016,3081355264,42,2863299500,431964160
2,26,1,0,8,38,2,0,17253912,3719686053,3310306,2852438016,2506029384,1945655082,2863296745,2802499584
2,12,1,0,8,40,2,0,17253912,1688641081,1735199,2852438016,2495531972,4093138730,2863292296,2009022464
2,21,1,0,8,50,2,0,17253912,3785081110,751344,2852438016,2871120712,1945655082,2863293828,680181760
1,129,0,0,9,0,2,250,2585551871,4294967295,4294967295,4294967295,4294967295,4294967295,4294967295,4080998528
1,128,0,0,9,21,2,250,2584920100,2096639,4291821557,335585277,4292869631,3757939642,398196735,3367825024
1,137,0,0,9,23,2,250,2591110405,2195836999,4227924448,404750208,0,0,0,850897088
0,23,0,0,10,4,2,0,583095850,2276666448,383518638,2386686177,3209920570,2822977213,2874761136,145848878
0,18,0,0,10,19,2,0,583095850,2276666448,383518638,2386686177,3209920570,2822977213,2874761136,145848878
0,10,0,0,10,20,2,0,583095850,2276666448,383519376,327282701,3209822235,675493247,727157907,145879398
0,28,0,0,10,22,2,0,583095850,2276666448,383518638,2386686177,3209920570,2822977213,2874761136,145848878
6,9,0,5,4,12,2,0,469873083,2590786666,2816137216,46071812,,,,
2,33,5,0,8,77,2,0,67576319,3506441496,939526980,402636800,2944417792,42,2863315223,2415869952
6,9,2,5,4,88,2,0,469873083,2590786666,2816137216,46071812,,,,
2,19,5,0,8,79,2,0,67506944,50341655,2551417525,2147647488,2629844992,42,2863303768,3057599744
6,7,0,12,4,17,2,0,469807156,2956744315,410353664,46071812,,,,
6,10,0,0,4,14,2,0,503525773,131607323,415832064,46071812,,,,
6,7,2,12,4,100,2,0,469807156,2956744315,410353664,46071812,,,,
2,12,5,0,8,70,2,0,67587327,3808434200,1677718549,3489644544,2717925376,21,1431659132,1577009152
6,21,0,11,4,13,2,0,503461261,3945294686,3708483584,46071812,,,,
2,26,5,0,8,76,2,0,67590911,4194290968,1610674999,1342210048,3208658944,42,2863300846,2218737664
6,21,2,11,4,89,2,0,503461261,3945294686,3708483584,46071812,,,,
2,21,5,0,8,78,2,0,67589631,4244630040,1677346816,2684338176,2520793088,42,2863311613,733954048
5,3,0,0,10,1,2,0,583051905,2276664511,1040662563,1048399310,3175055800,0,0,26236336
5,7,0,0,10,2,2,0,583051905,2276664511,1040662563,1048399310,3175055800,0,0,26236336
1,129,0,0,9,0,2,250,3322781692,2096639,4294836191,4261404668,0,536845241,4223375783,2173059712
1,128,0,0,9,21,2,250,3322470399,4259315199,3757965279,4294811647,4276091904,2684332987,3148060603,2438470528
1,137,0,0,9,23,2,250,3322765308,2096639,3221356511,4261404668,0,536845241,4223375783,2251728640
2,33,1,0,8,51,2,0,50806768,2949082624,872454090,1493188608,2660941824,42,2863299722,3008086016
2,19,1,0,8,56,2,0,50741233,2760352830,2365865413,1618870272,2530918400,42,2863285149,2038382592
2,26,1,0,8,38,2,0,50823152,998756032,2487239626,2822799360,3143300806,2818255082,2863285598,936099840
2,12,1,0,8,40,2,0,50823152,3204938304,1187024138,1770012672,2740636358,2818255082,2863300363,2562330624
2,21,1,0,8,50,2,0,50823153,1560846849,969202756,2181136384,2245716550,2818255082,2863287382,1783349248
1,129,0,0,9,0,2,250,1393139709,4292869631,3757965279,4261404668,2096128,244667,3149636519,273721728
1,128,0,0,9,21,2,250,1393483773,4292869631,4294049759,4261404671,4290771967,536853433,2075891111,2711331008
1,137,0,0,9,23,2,250,1393123325,4292869631,3757965279,4261404668,2096128,244667,3149636519,483565056
2,19,5,0,8,79,2,0,117440511,4278190081,303584905,3796025344,2737602560,42,2863313570,1254047744
6,9,0,5,4,12,2,0,613827956,5386,1764659200,46071812,,,,
2,26,5,0,8,76,2,0,117440511,4278190081,303584905,3796025344,2737602560,42,2863313570,1254047744
6,9,2,5,4,88,2,0,613827956,5386,1764659200,46071812,,,,
2,33,5,0,8,77,2,0,117440511,4278190081,303584905,3796025344,2737602560,42,2863313570,1254047744
6,10,0,0,4,14,2,0,550608683,5386,1766500352,46071812,,,,
6,22,0,4,4,16,2,0,607157636,778,1792012288,46071812,,,,
6,7,0,12,4,17,2,0,607898946,266,1760495616,46071812,,,,
6,22,2,4,4,90,2,0,607157636,778,1792012288,46071812,,,,
6,7,2,12,4,100,2,0,607898946,266,1760495616,46071812,,,,
6,21,0,11,4,13,2,0,545433921,4874,1789585408,46071812,,,,
6,21,2,11,4,89,2,0,545433921,4874,1789585408,46071812,,,,
1,129,0,0,9,0,2,250,2584780796,2096639,3757834271,4261404669,4292869631,3758076859,2814098363,2780363904
1,128,0,0,9,21,2,250,2591252775,1810309185,1208617693,4033467454,1456715136,1135016061,83116064,2277078464
1,137,0,0,9,23,2,250,2584829948,2096639,3757834271,4261404669,4292869631,3758076859,2814098363,2555145024
3,23,0,0,10,8,2,250,948969841,101761011,150955401,801686412,108265609,519306997,61030469,898105183
3,32,0,0,10,24,2,250,948969841,101746679,32936175,888041144,643825776,597503822,66953378,930478701
3,38,0,0,10,10,2,250,948969841,101719282,64801646,1019408063,854852982,275586961,26624147,729669781
3,6,0,0,10,11,2,250,948969841,101729009,771466330,918560049,439356157,287846027,74301349,977009498
3,39,0,0,10,25,2,250,948969841,101727739,821721405,136473406,326633257,578305997,75792307,1001585302
3,6,2,0,10,65,2,67,948969841,101729009,771466330,918560049,439356157,287846027,74301349,977009498
3,16,0,0,10,7,2,250,948969841,101727998,1073417971,371268231,283644611,642525066,76562397,971438655
3,16,2,0,10,66,2,67,948969841,101727998,1073417971,371268231,283644611,642525066,76562397,971438655
3,9,0,0,10,9,2,0,948969841,101729009,217837411,894725845,1044651677,80126725,74031014,964950858
3,9,2,0,10,64,2,67,948969841,101729009,217837411,894725845,1044651677,80126725,74031014,964950858
2,19,1,0,8,56,2,0,88530624,51412159,671788078,854228992,2863300608,42,2863288562,3581886464
2,26,1,0,8,38,2,0,88530624,51411966,3893013550,854228992,2863311657,434639146,2863291884,3359703040
2,33,1,0,8,51,2,0,88530624,51412095,134917166,854228992,2863300608,42,2863287273,4093706240
1,129,0,0,9,0,2,250,3329373445,2195836999,4227924448,404750208,0,0,0,342103872
1,128,0,0,9,21,2,250,3322413055,4294705152,0,0,802816,0,0,3548027712
1,137,0,0,9,23,2,250,3328492167,4160879871,1073741824,512,0,0,0,510285312
2,33,5,0,8,77,2,0,9786709,1431655765,1431655765,1431846912,2623930368,42,2863307440,2814328832
6,9,0,5,4,12,2,0,714702848,270336,2099200,46071812,,,,
6,9,2,5,4,88,2,0,714702848,270336,2099200,46071812,,,,
2,26,5,0,8,76,2,0,9786709,1431655765,1431655765,1431846912,2623930368,42,2863307440,2814328832
6,10,0,0,4,14,2,0,714768384,204800,1388544,46071812,,,,
6,22,0,4,4,16,2,0,714768384,139264,2099200,46071812,,,,
6,7,0,12,4,17,2,0,714768384,139264,1052672,46071812,,,,
2,19,5,0,8,79,2,0,9786709,1431655765,1431655765,1431846912,2623930368,42,2863307440,2814328832
6,22,2,4,4,90,2,0,714768384,139264,2099200,46071812,,,,
2,12,5,0,8,70,2,0,9786709,1431655765,1431655765,1431846912,2623930368,21,1431658958,2487173120
6,21,0,11,4,13,2,0,714768384,139264,2099200,46071812,,,,
6,21,2,11,4,89,2,0,714768384,139264,2099200,46071812,,,,
1,129,0,0,9,0,2,250,1397268224,0,4261413119,3221258224,4193280,536608775,4286579711,2253948800
1,128,0,0,9,21,2,250,1399218447,3942981660,184549759,2148000694,2280882271,4277731488,1082171896,3616360832
1,137,0,0,9,23,2,250,1399937284,3250634823,4194303936,538049408,0,0,0,150680768
2,33,1,0,8,51,2,0,9786709,1431655765,1431655765,1431846912,2623946752,42,2863294153,1493876736
2,19,1,0,8,56,2,0,9786709,1431655765,1431655765,1431846912,2623946752,42,2863294153,1497317376
2,26,1,0,8,38,2,0,9786709,1431655765,1431655765,1431846912,2623952768,363286378,2863290924,1875558400
2,12,1,0,8,40,2,0,9786709,1431655765,1431655765,1431846912,2623948288,363286378,2863298752,3036626944
2,21,1,0,8,50,2,0,9786709,1431655765,1431655765,1431846912,2623953664,363286378,2863295881,3725246464
1,129,0,0,9,0,2,250,2600206336,0,0,0,0,0,0,478639936
1,128,0,0,9,21,2,250,2584789027,4292869631,4292083637,604135421,4292869631,3757939642,398196735,3875102400
1,137,0,0,9,23,2,250,2586276928,1063820954,3810671771,3220704207,3618631556,56688640,252544,438403712
0,23,0,0,10,4,2,0,583095850,2276674848,285696752,239358905,3210117180,675508800,199126416,566489351
0,18,0,0,10,19,2,0,583095850,2276674848,285696752,239358905,3210117180,675508800,199126416,566489351
0,28,0,0,10,22,2,0,583095850,2276674848,285696752,239358905,3210117180,675508800,199126416,566489351
0,32,0,0,10,36,2,0,583095850,2276674848,285696752,239358905,3210117180,675508800,199126374,2713973038
2,19,5,0,8,79,2,0,9786709,1431655765,1431655765,1431846912,2623963136,42,2863302044,2675916800
6,9,0,5,4,12,2,0,897849026,2356191308,430948352,46071812,,,,
2,33,5,0,8,77,2,0,9786709,1431655765,1431655765,1431846912,2623963136,42,2863302044,2675916800
6,9,2,5,4,88,2,0,897849026,2356191308,430948352,46071812,,,,
6,22,0,4,4,16,2,0,897849056,2863702056,427737088,46071812,,,,
6,10,0,0,4,14,2,0,897848544,2863702056,427763712,46071812,,,,
6,22,2,4,4,90,2,0,897849056,2863702056,427737088,46071812,,,,
6,21,0,11,4,13,2,0,897849056,2863702056,427737088,46071812,,,,
6,21,2,11,4,89,2,0,897849056,2863702056,427737088,46071812,,,,
2,12,5,0,8,70,2,0,9786709,1431655765,1431655765,1431846912,2623963136,21,1431666402,2902409216
2,26,5,0,8,76,2,0,9786709,1431655765,1431655765,1431846912,2623963136,42,2863302044,2675916800
5,3,0,0,10,1,2,0,583051905,2276672975,1058026149,2312713926,2568830071,859731320,349890918,2794539485
5,7,0,0,10,2,2,0,583051905,2276672975,1058026414,2192644560,68275909,2822230177,2459640241,3131852717
1,129,0,0,9,0,2,250,3322847228,2096639,4294836191,4261404668,0,536845241,4223375783,3012467840
1,128,0,0,9,21,2,250,3322535935,4255120895,3757965279,4294828031,4280286208,3758074811,3148060603,2524229696
1,137,0,0,9,23,2,250,3322830844,2096639,3221356511,4261404668,0,536845241,4223375783,3023993088
2,19,1,0,8,56,2,0,9786709,1431655765,1431655765,1431846912,2623979520,42,2863299045,1644118016
2,26,1,0,8,38,2,0,269975795,1414385118,3780717220,1946271744,2770347556,494927914,2863297783,424394752
2,33,1,0,8,51,2,0,271518389,3933266142,4168805557,3355443200,2506096640,42,2863290033,97239040
1,129,0,0,9,0,2,250,1393205245,4292869631,3757965279,4261404668,2096128,244667,3149636519,576223104
1,128,0,0,9,21,2,250,1393352701,4292869631,4294311903,4261404671,4286577662,3758078905,2075891111,2148810304
1,137,0,0,9,23,2,250,1393188861,4292869631,3757965279,4261404668,2096128,244667,3149636519,786055168
6,9,0,5,4,12,2,0,1066306090,3795107791,233973760,46071812,,,,
6,9,2,5,4,88,2,0,1066306090,3795107791,233973760,46071812,,,,
2,26,5,0,8,76,2,0,17253912,3719686053,3310306,2852438016,2506014720,42,2863305146,922697728
2,33,5,0,8,77,2,0,17237518,3313126362,3289795,2852438016,2479144960,42,2863313933,2126462976
6,10,0,0,4,14,2,0,1066496388,3816079301,32524288,46071812,,,,
6,22,0,4,4,16,2,0,1066496388,3816079300,32559104,46071812,,,,
6,22,2,4,4,90,2,0,1066496388,3816079300,32559104,46071812,,,,
6,7,2,12,4,100,2,0,1066496388,3816079300,32559104,46071812,,,,
6,21,0,11,4,13,2,0,1066496388,3816079300,32559104,46071812,,,,
2,19,5,0,8,79,2,0,17171942,3480825417,301231,2852438016,3081355264,42,2863315082,1681866752
6,21,2,11,4,89,2,0,1066496388,3816079300,32559104,46071812,,,,
0,23,4,0,10,82,2,67,2338103788,3509240895,2024079554,4181721616,1386856447,2747217612,4271904767,2194814685
0,18,4,0,10,84,2,67,2336793068,3509240907,2024079507,260047495,1392756735,2484197935,3487045452,162147137
0,28,4,0,10,87,2,67,2339414508,3509240949,1956970728,3560963929,320661504,405768097,2407530943,1420056853
5,3,4,0,10,85,2,67,2332860908,3509239970,1621230038,2923434759,1909975038,2214484882,820589428,2964521067
5,7,4,0,10,86,2,67,2333909484,3509239970,1688371199,3951034368,0,30605,3556245681,2658391344
1,129,0,0,9,0,2,250,2584846332,2096639,3757834271,4261404669,4292869631,3758076859,2814098363,2496552128
1,128,0,0,9,21,2,250,2591230109,3854889088,1977941727,4036223104,0,0,0,342759360
1,137,0,0,9,23,2,250,2584895484,2096639,3757834271,4261404669,4292869631,3758076859,2814098363,2856629568
3,23,0,0,10,8,2,250,948973950,103378278,676131818,352714900,28310793,703987586,970939044,232092216
3,38,0,0,10,10,2,250,948973950,103378278,676532144,201785371,234880975,355860532,113171286,8129582
3,6,0,0,10,11,2,250,948973950,103378278,676146925,969736390,42467119,403963718,832634226,731456432
3,39,0,0,10,25,2,250,948973950,103378278,676233964,345407498,40894271,436600916,29443650,725251113
3,6,2,0,10,65,2,67,948973950,103378278,676146925,969736390,42467119,403963718,832634226,731456432
3,16,0,0,10,7,2,250,948973950,103378278,676230121,535003196,65535999,437256047,786493654,731468977
3,16,2,0,10,66,2,67,948973950,103378278,676230121,535003196,65535999,437256047,786493654,731468977
3,9,0,0,10,9,2,250,948973950,103378278,676175337,138542923,994574303,397934367,302040486,735471408
3,9,2,0,10,64,2,67,948973950,103378278,676175337,138542923,994574303,397934367,302040486,735471408
2,33,1,0,8,51,2,0,34027454,725944876,4152224309,3608412160,3194568704,42,2863294498,4194369536
2,19,1,0,8,56,2,0,33950987,3490941412,540119006,1725005824,2229747712,42,2863295697,620707840
2,26,1,0,8,38,2,0,34043832,1294191131,1937026214,2698723328,3199033513,3921233002,2863296070,188809216
1,129,0,0,9,0,2,250,3326380321,3017853556,33558564,1071423403,2151677952,0,32,991512576
1,128,0,0,9,21,2,250,3328637191,3472244495,4278092931,2072508288,0,0,0,967646656
1,137,0,0,9,23,2,250,3328823367,2184056319,4291730536,3537211944,1965230358,1352828054,567279648,326250240
2,33,5,0,8,77,2,0,50806768,2949082624,872454090,1493188608,2660941824,42,2863316908,3472834560
6,9,0,5,4,12,2,0,1166835624,1935721240,637716480,46071812,,,,
6,9,2,5,4,88,2,0,1166835624,1935721240,637716480,46071812,,,,
2,26,5,0,8,76,2,0,50823152,998756032,2487239626,2822799360,3143286784,42,2863312748,1199521792
6,22,0,4,4,16,2,0,1166835594,1437647648,637452288,46071812,,,,
6,22,2,4,4,90,2,0,1166835594,1437647648,637452288,46071812,,,,
6,10,0,0,4,14,2,0,1166835082,1437647648,637478912,46071812,,,,
6,21,0,11,4,13,2,0,1166835594,1437647648,637452288,46071812,,,,
6,21,2,11,4,89,2,0,1166835594,1437647648,637452288,46071812,,,,
1,129,0,0,9,0,2,250,1399112327,4160879871,1073741824,1024,0,0,0,525610112
1,128,0,0,9,21,2,250,1409025280,2421393429,425220936,337320280,1557743642,1507564508,2571108352,442552256
1,137,0,0,9,23,2,250,1409024000,0,0,0,0,0,0,25179840
2,33,1,0,8,51,2,0,67576319,3506441496,939526980,402636800,2944417792,42,2863299121,4064985088
2,26,1,0,8,38,2,0,67590911,4194290968,1610674999,1342210048,3208659413,196290794,2863287227,659210240
1,129,0,0,9,0,2,250,2591185156,3250634823,4194303936,538049408,0,0,0,670346048
1,128,0,0,9,21,2,250,2584854564,2096639,4291821557,738467837,4292869631,3757939642,398196735,4146943296
1,137,0,0,9,23,2,250,2600206336,0,0,0,0,0,0,478639936
0,23,0,0,10,4,2,0,583095850,2276682204,358875355,46769631,427102060,122255709,2664168340,767960895
0,25,0,0,10,3,2,0,583095850,2276682204,358875181,2194253302,2574585669,2269739380,516670229,2256938770
0,18,0,0,10,19,2,0,583095850,2276682204,358875272,46769631,427102060,122255709,2664168340,709240609
2,33,5,0,8,77,2,0,88530624,51412095,134917166,873103360,2863300608,42,2863305217,733954048
6,9,0,5,4,12,2,0,1331845793,297058266,2521163776,46071812,,,,
6,9,2,5,4,88,2,0,1331845793,297058266,2521163776,46071812,,,,
6,22,0,4,4,16,2,0,1331749371,305446876,2487554048,46071812,,,,
6,10,0,0,4,14,2,0,1331749371,305446876,2487554048,46071812,,,,
6,21,0,11,4,13,2,0,1331749371,305446876,2487554048,46071812,,,,
2,26,5,0,8,76,2,0,88530624,51411966,3893013550,873103360,2863300608,42,2863313709,3892264960
6,21,2,11,4,89,2,0,1331749371,305446876,2487554048,46071812,,,,
5,3,0,0,10,1,2,0,583051905,2276679987,359154135,536870954,2147483689,2147483689,2147483770,2588274400
5,7,0,0,10,2,2,0,583051905,2276679987,359154135,536870954,2147483689,2147483689,2147499430,2588274400
1,129,0,0,9,0,2,250,3322716156,2096639,4294836191,4261404668,0,536845241,4223375783,2968576704
1,128,0,0,9,21,2,250,3322601471,4259315199,3757965279,4294811647,4276091904,3758074811,3148060603,2910447296
1,137,0,0,9,23,2,250,3322699772,2096639,3221356511,4261404668,0,536845241,4223375783,3074426688
2,33,1,0,8,51,2,0,117440511,4278190081,303584905,3796025344,2739044352,42,2863299657,202096640
2,26,1,0,8,38,2,0,117440511,4278190081,303584905,3796025344,2739056884,3423976298,2863285441,2659958784
1,129,0,0,9,0,2,250,1393074173,4292869631,3757965279,4261404668,2096128,244667,3149636519,556140992
1,128,0,0,9,21,2,250,1393418237,4292869631,4294049759,4261404671,4290771967,536853433,2075891111,2475916992
1,137,0,0,9,23,2,250,1393057789,4292869631,3757965279,4261404668,2096128,244667,3149636519,765738560
6,9,0,5,4,12,2,0,1435793858,2850085888,646184960,46071812,,,,
6,9,2,5,4,88,2,0,1435793858,2850085888,646184960,46071812,,,,
2,26,5,0,8,76,2,0,130587712,41956903,3823092909,2132721664,2160410624,42,2863304343,167723008
2,33,5,0,8,77,2,0,129538880,41956903,3823092909,2132705280,2420457472,42,2863309401,616513536
6,10,0,0,4,14,2,0,1435793828,2345720840,648046592,46071812,,,,
6,22,0,4,4,16,2,0,1435793828,2345720840,648046592,46071812,,,,
6,22,2,4,4,90,2,0,1435793828,2345720840,648046592,46071812,,,,
6,21,0,11,4,13,2,0,1435793828,2345720840,648046592,46071812,,,,
6,21,2,11,4,89,2,0,1435793828,2345720840,648046592,46071812,,,,
1,129,0,0,9,0,2,250,2584911868,2096639,3757834271,4261404669,4292869631,3758076859,2814098363,2798027456
1,128,0,0,9,21,2,250,2600206592,1094247,3909091360,3222536192,0,0,0,458275840
1,137,0,0,9,23,2,250,2584764412,2096639,3757834271,4261404669,4292869631,3758076859,2814098363,2839202560
3,23,0,0,10,8,2,250,948978037,104868644,183357594,1071575863,735867917,583320847,969987989,1070835471
3,38,0,0,10,10,2,250,948978037,104868644,183357594,1071575863,735867917,583320847,969987989,1070835471
3,6,0,0,10,11,2,250,948978037,104868644,183357594,1071575863,735867917,583320847,969987989,1070835471
3,39,0,0,10,25,2,250,948978037,104868644,183357594,1071575863,735867917,583320847,969987989,1070835471
3,6,2,0,10,65,2,67,948978037,104868644,183357594,1071575863,735867917,583320847,969987989,1070835471
3,13,0,0,10,6,2,250,948978037,104868644,183357594,1071575863,735867917,583320847,969987989,1070835471
3,16,0,0,10,7,2,250,948978037,104868644,183357594,1071575863,735867917,583320847,969987989,1070835471
3,9,0,0,10,9,2,250,948978037,104868644,183357594,1071575863,735867917,583320847,969987989,1070835471
3,9,2,0,10,64,2,67,948978037,104868644,183357594,1071575863,735867917,583320847,969987989,1070835471
2,33,1,0,8,51,2,0,129538952,16798288,3157815154,4279599104,2606055424,42,2863289021,2302738432
1,129,0,0,9,0,2,250,3328473616,201327105,0,1024,0,0,0,66630400
1,128,0,0,9,21,2,250,3329444139,3547377728,1916503750,4156570688,1790347752,1140058747,1548470474,1189853568
1,137,0,0,9,23,2,250,3328473616,134218497,1073741824,512,0,0,0,11293888
2,26,1,0,8,38,2,0,130587784,16798288,3090706290,4279615488,2347063688,1138008042,2863294620,3498115072
2,21,1,0,8,50,2,0,130587784,16798288,3090706290,4279615488,2347066824,1138124650,2863291413,2164326400
2,33,5,0,8,77,2,0,146800063,4286581418,2863311530,2863300608,2863300608,42,2863303528,2436841472
6,9,0,5,4,12,2,0,1559546673,1182056450,2513653760,46071812,,,,
6,9,2,5,4,88,2,0,1559546673,1182056450,2513653760,46071812,,,,
2,26,5,0,8,76,2,0,147848639,4286581418,2863311530,2863300608,2863300608,42,2863305238,1426014208
6,10,0,0,4,14,2,0,1559585419,1169473540,2479923200,46071812,,,,
6,22,0,4,4,16,2,0,1559585419,1169473540,2479923200,46071812,,,,
6,22,2,4,4,90,2,0,1559585419,1169473540,2479923200,46071812,,,,
6,21,0,11,4,13,2,0,1559585419,1169473540,2479923200,46071812,,,,
2,21,5,0,8,78,2,0,147848639,4286581418,2863311530,2863300608,2863300608,42,2863305238,1426014208
6,21,2,11,4,89,2,0,1559585419,1169473540,2479923200,46071812,,,,
1,129,0,0,9,0,2,250,1409024000,0,0,0,0,0,0,25179840
1,128,0,0,9,21,2,250,1409024256,1427199189,135483732,3570422225,1073741824,0,0,754811776
1,137,0,0,9,23,2,250,1399939339,2271379520,235274751,3221483392,0,0,0,1040979136
2,33,1,0,8,51,2,0,146798863,4286581418,2863311530,2863300608,2863300608,42,2863288416,4266311680
2,26,1,0,8,38,2,0,147847439,4286581418,2863311530,2863300608,2863308525,3666216618,2863285851,4249534464
2,21,1,0,8,50,2,0,147847439,4286581418,2863311530,2863300608,2863300763,2943993194,2863291914,2148188160
1,129,0,0,9,0,2,250,2590638459,3888002673,2068436542,2444004260,1361193488,1618451710,1274251104,407605824
1,128,0,0,9,21,2,250,2584920099,4292869631,4292083637,872783869,4292869631,3757939642,398196735,3300933760
1,137,0,0,9,23,2,250,2588182817,3017853556,33558564,1071423403,2151677952,0,32,801253760
0,23,0,0,10,4,2,0,583095850,2276690432,771580499,179797894,2288650736,1034174592,1073259103,44804211
0,25,0,0,10,3,2,0,583095850,2276690432,109096760,227506974,2519572689,2158330243,477616859,73836640
0,18,0,0,10,19,2,0,583095850,2276690432,708906635,203573788,368280456,16334999,980045167,22587483
0,10,0,0,10,20,2,0,583095850,2276690432,205354516,170865638,2863216270,3183575369,2680059947,49162343
0,28,0,0,10,22,2,0,583095850,2276690432,989829002,2355822784,139278199,1068630050,2382011669,2207213635
6,9,0,5,4,12,2,0,1637351903,1554022068,661401600,46071812,,,,
2,33,5,0,8,77,2,0,9786709,1431655765,1431655765,1431846912,2624159744,42,2863303100,3246342144
6,9,2,5,4,88,2,0,1637351903,1554022068,661401600,46071812,,,,
6,22,0,4,4,16,2,0,1704725441,1066434236,661952512,46071812,,,,
6,10,0,0,4,14,2,0,1637351873,1066434236,661964800,46071812,,,,
6,22,2,4,4,90,2,0,1704725441,1066434236,661952512,46071812,,,,
6,21,0,11,4,13,2,0,1704725441,1066434236,661952512,46071812,,,,
2,26,5,0,8,76,2,0,9786709,1431655765,1431655765,1431846912,2624159744,42,2863303100,3246342144
6,21,2,11,4,89,2,0,1704725441,1066434236,661952512,46071812,,,,
2,21,5,0,8,78,2,0,9786709,1431655765,1431655765,1431846912,2624159744,42,2863303100,3246342144
2,19,5,0,8,79,2,0,9786709,1431655765,1431655765,1431846912,2624159744,42,2863303100,3246342144
5,3,0,0,10,1,2,0,583051905,2276688623,440513681,2263808378,2928897151,24070542,2605500567,989655686
5,7,0,0,10,2,2,0,583051905,2276688623,443907731,509,2654425050,3123429383,93123461,3207525005
1,129,0,0,9,0,2,250,3322781692,2096639,4294836191,4261404668,0,536845241,4223375783,2173059712
1,128,0,0,9,21,2,250,3322470399,4259315199,3757965279,4294828031,4280286208,2684332987,3148060603,2333259264
1,137,0,0,9,23,2,250,3322765308,2096639,3221356511,4261404668,0,536845241,4223375783,2251728640
2,33,1,0,8,51,2,0,296368746,1138739123,2946187490,2855141376,2608201728,42,2863297711,1410056192
2,19,1,0,8,56,2,0,9786709,1431655765,1431655765,1431846912,2624176128,42,2863297989,1073692672
2,26,1,0,8,38,2,0,290940930,1445950388,386546391,4121493504,2297605459,3354113834,2863297536,3704340480
2,21,1,0,8,50,2,0,301680083,1755528805,3732284202,1427898368,2620519699,4186852522,2863299031,2974531584
1,129,0,0,9,0,2,250,1393139709,4292869631,3757965279,4261404668,2096128,244667,3149636519,273721728
1,128,0,0,9,21,2,250,1393483773,4292869631,4294311903,4261404671,4286577662,3758078905,2075891111,2204778496
1,137,0,0,9,23,2,250,1393123325,4292869631,3757965279,4261404668,2096128,244667,3149636519,483565056
6,9,0,5,4,12,2,0,1879045071,640991136,2452903936,46071812,,,,
6,9,2,5,4,88,2,0,1879045071,640991136,2452903936,46071812,,,,
2,26,5,0,8,76,2,0,9786709,1431655765,1431655765,1431846912,2624192512,42,2863314411,1442791424
2,33,5,0,8,77,2,0,9786709,1431655765,1431655765,1431846912,2624192512,42,2863314411,1442791424
2,21,5,0,8,78,2,0,9786709,1431655765,1431655765,1431846912,2624192512,42,2863314411,1442791424
6,10,0,0,4,14,2,0,1878995753,682934177,2419408896,46071812,,,,
6,22,0,4,4,16,2,0,1878995753,682934177,2419408896,46071812,,,,
6,22,2,4,4,90,2,0,1878995753,682934177,2419408896,46071812,,,,
6,21,0,11,4,13,2,0,1878995753,682934177,2419408896,46071812,,,,
6,21,2,11,4,89,2,0,1878995753,682934177,2419408896,46071812,,,,
2,12,5,0,8,70,2,0,9786709,1431655765,1431655765,1431846912,2624192512,21,1431654037,1719615488
0,23,4,0,10,82,2,67,2338107884,3768910138,848972300,3169132623,3211255820,679926,905979086,1075173119
0,18,4,0,10,84,2,67,2336797164,3768937665,240667112,1348026325,2946621440,1073831939,3762301163,1074558208
0,28,4,0,10,87,2,67,2339418604,3768921031,3924822475,529735765,3498713084,2147745790,1151344420,3759926271
0,25,4,0,10,95,2,67,2338632172,3768926517,1343752616,3443933139,3748675593,2147033090,3286244124,3760379136
5,3,4,0,10,85,2,67,2332865004,3768741610,908265255,2804098751,1075298316,2681798663,2579508563,4292791808
5,7,4,0,10,86,2,67,2333913580,3768729390,2118631427,148458676,2147491482,2156445653,4192208469,4294539006
5,4,4,0,10,106,2,67,2333127148,3768717626,2570552978,518744216,2716442637,3223674836,534762675,1614209278
1,129,0,0,9,0,2,250,2584780796,2096639,3757834271,4261404669,4292869631,3758076859,2814098363,2780363904
1,128,0,0,9,21,2,250,2590392391,3506618251,3917414401,4278719407,1845592247,4026556448,2089476,3353631360
1,137,0,0,9,23,2,250,2584829948,2096639,3757834271,4261404669,4292869631,3758076859,2814098363,2555145024
3,23,0,0,10,8,2,250,948982138,106440817,67386850,0,1048383,1070864391,0,0
3,32,0,0,10,24,2,250,948982138,106440817,67386850,0,1048383,1070864391,0,0
3,38,0,0,10,10,2,0,948982138,106440817,67386850,0,1048383,1070864391,0,0
3,6,0,0,10,11,2,0,948982138,106440817,67386850,0,1048383,1070864644,357913931,357913931
3,39,0,0,10,25,2,0,948982138,106440817,67386850,0,1048383,1070864391,0,0
3,6,2,0,10,65,2,67,948982138,106440817,67386850,0,1048383,1070864644,357913931,357913931
3,13,0,0,10,6,2,0,948982138,106440817,67386850,0,1048383,1070864644,357913931,357913931
3,16,0,0,10,7,2,0,948982138,106440817,67386850,0,1048383,1070864644,357913931,357913931
3,16,2,0,10,66,2,0,948982138,106440817,67386850,0,1048383,1070864644,357913931,357913931
3,13,2,0,10,67,2,0,948982138,106440817,67386850,0,1048383,1070864644,357913931,357913931
3,9,0,0,10,9,2,0,948982138,106440817,67386850,0,1048383,1070864644,357913931,357913931
3,9,2,0,10,64,2,0,948982138,106440817,67386850,0,1048383,1070864644,357913931,357913931
2,19,1,0,8,56,2,0,9786709,1431655765,1431655765,1431846912,2624208896,42,2863286674,2877243392
2,26,1,0,8,38,2,0,328944032,4051124650,1775844151,2979184640,2838071969,4282893290,2863294888,4072734720
2,12,1,0,8,40,2,0,9786709,1431655765,1431655765,1431846912,2624220741,2760033258,2863293980,1862221824
2,21,1,0,8,50,2,0,333730458,2858084637,3174724005,3246456832,2554934950,3292660714,2863290239,440467456
2,33,1,0,8,51,2,0,324870839,3634997123,1460186257,222199808,2551037952,42,2863300173,1157693440
1,129,0,0,9,0,2,250,3329384715,2271379520,235274751,3221483392,0,0,0,98101952
1,128,0,0,9,21,2,250,3338405120,2670469,702545952,4194304,0,0,0,69589952
1,137,0,0,9,23,2,250,3328480591,3623750910,3221225472,512,0,0,0,570613440
2,33,5,0,8,77,2,0,9786709,1431655765,1431655765,1431846912,2624225280,42,2863311559,1832861696
6,9,0,5,4,12,2,0,1973421053,37789600,647680000,46071812,,,,
6,9,2,5,4,88,2,0,1973421053,37789600,647680000,46071812,,,,
2,19,5,0,8,79,2,0,9786709,1431655765,1431655765,1431846912,2624225280,42,2863311559,1832861696
2,26,5,0,8,76,2,0,9786709,1431655765,1431655765,1431846912,2624225280,42,2863311559,1832861696
6,22,0,4,4,16,2,0,1973421022,3859849128,648232960,46071812,,,,
6,7,0,12,4,17,2,0,1973420510,3859849128,648194048,46071812,,,,
6,10,0,0,4,14,2,0,1973420510,3858800552,648538112,46071812,,,,
6,22,2,4,4,90,2,0,1973421022,3859849128,648232960,46071812,,,,
2,7,5,0,8,75,2,0,9786709,1431655765,1431655765,1431846912,2624225280,42,2863311559,1832861696
6,21,0,11,4,13,2,0,1973421022,3859849128,648232960,46071812,,,,
2,21,5,0,8,78,2,0,9786709,1431655765,1431655765,1431846912,2624225280,42,2863311559,1832861696
2,12,5,0,8,70,2,0,9786709,1431655765,1431655765,1431846912,2624225280,21,1431654841,1589592064
1,129,0,0,9,0,2,250,1399100751,3623620094,3221225472,1024,0,0,0,661522240
1,128,0,0,9,21,2,250,1399423017,2704082656,788617226,3496411132,700554507,3897999894,229666272,554639232
1,137,0,0,9,23,2,250,1399442529,1115296344,2395224604,3807319480,2812586527,3503719796,681653664,5848384
2,33,1,0,8,51,2,0,271518325,3899711966,4168805635,1610612736,2505048064,42,2863297548,2576007168
2,19,1,0,8,56,2,0,9786709,1431655765,1431655765,1431846912,2624241664,42,2863290046,2478784512
2,29,1,0,8,37,2,0,282539272,195038515,4021584231,2549972992,2658153123,1317663530,2863292662,1049280512
2,26,1,0,8,38,2,0,269975859,1447939550,3780717298,134332416,2772445116,3620097066,2863284424,1586151424
2,12,1,0,8,40,2,0,9786709,1431655765,1431655765,1431846912,2624257564,3167594090,2863286387,1660895232
2,21,1,0,8,50,2,0,271087743,2209681801,2149308046,2146729984,2388669087,3405131242,2863284416,3419062272
1,129,0,0,9,0,2,250,2600206336,0,0,0,0,0,0,478639936
1,128,0,0,9,21,2,250,2584789024,2096639,4291821557,1074225149,4292869631,3757939642,398196735,3742402048
1,137,0,0,9,23,2,250,2584215551,4294705152,0,0,512,0,0,1743463168
0,23,0,0,10,4,2,0,583095850,2276699016,524436,487571029,2148239883,213686482,2302141251,758565803
0,25,0,0,10,3,2,0,583095850,2276699016,1073520775,446576939,1182121,2832016163,114068371,228946249
0,18,0,0,10,19,2,0,583095850,2276699016,276037,2692557631,18922,2823827389,2322309775,863978503
0,10,0,0,10,20,2,0,583095850,2276699016,2818243,790439904,1100349,2578351007,150825053,3203231461
0,28,0,0,10,22,2,0,583095850,2276699016,349675,602636631,2532,186637182,2277262742,2486381670
6,9,0,5,4,12,2,0,2098494573,1656012621,2452013056,46071812,,,,
6,9,2,5,4,88,2,0,2098494573,1656012621,2452013056,46071812,,,,
2,19,5,0,8,79,2,0,9786709,1431655765,1431655765,1431846912,2624258048,42,2863303603,612319232
6,22,0,4,4,16,2,0,2098516935,1786036034,2418538496,46071812,,,,
6,7,0,12,4,17,2,0,2098516935,1786036034,2418538496,46071812,,,,
6,22,2,4,4,90,2,0,2098516935,1786036034,2418538496,46071812,,,,
6,10,0,0,4,14,2,0,2098514887,1781841734,2418405376,46071812,,,,
6,21,0,11,4,13,2,0,2098516935,1786036034,2418538496,46071812,,,,
2,26,5,0,8,76,2,0,9786709,1431655765,1431655765,1431846912,2624258048,42,2863303603,612319232
6,21,2,11,4,89,2,0,2098516935,1786036034,2418538496,46071812,,,,
2,33,5,0,8,77,2,0,9786709,1431655765,1431655765,1431846912,2624258048,42,2863303603,612319232
2,21,5,0,8,78,2,0,9786709,1431655765,1431655765,1431846912,2624258048,42,2863303603,612319232
2,7,5,0,8,75,2,0,9786709,1431655765,1431655765,1431846912,2624258048,42,2863303603,612319232
5,3,0,0,10,1,2,0,583051905,2276696935,1067759469,3038582781,2151368448,665326462,2374217771,106915096
5,7,0,0,10,2,2,0,583051905,2276696935,8953739,390013907,1050312764,50911563,26590574,2466316392
1,129,0,0,9,0,2,250,3322847228,2096639,4294836191,4261404668,0,536845241,4223375783,3012467840
1,128,0,0,9,21,2,250,3322535935,4259315199,3757965279,4294811647,4276091904,2684332987,3148060603,2687417280
1,137,0,0,9,23,2,250,3322830844,2096639,3221356511,4261404668,0,536845241,4223375783,3023993088
2,33,1,0,8,51,2,0,9786709,1431655765,1431655765,1431846912,2624274432,42,2863298506,3670786048
2,19,1,0,8,56,2,0,9786709,1431655765,1431655765,1431846912,2624274432,42,2863298506,3674161152
2,29,1,0,8,37,2,0,9786709,1431655765,1431655765,1431846912,2624281268,3346217450,2863285240,2605432832
2,26,1,0,8,38,2,0,9786709,1431655765,1431655765,1431846912,2624287182,2259878826,2863298312,407617536
2,12,1,0,8,40,2,0,9786709,1431655765,1431655765,1431846912,2624290665,3274909994,2863293184,4294918144
2,21,1,0,8,50,2,0,9786709,1431655765,1431655765,1431846912,2624281219,2238907946,2863296239,2525741056
0,12,0,0,10,18,2,0,583095850,129215319,1073029532,192332710,2147977705,2271457849,2260275024,1034943610
0,32,0,0,10,36,2,0,583095850,2276699016,478050,2804153395,1073121772,394029977,2265017151,114077734
1,129,0,0,9,0,2,250,1393205245,4292869631,3757965279,4261404668,2096128,244667,3149636519,576223104
1,128,0,0,9,21,2,250,1393352701,4292869631,4294049759,4261404671,4290771967,536853433,2075891111,2732973696
1,137,0,0,9,23,2,250,1393188861,4292869631,3757965279,4261404668,2096128,244667,3149636519,786055168
6,9,0,5,4,12,2,0,135598140,1576825112,1612402688,46071813,,,,
6,9,2,5,4,88,2,0,135598140,1576825112,1612402688,46071813,,,,
2,26,5,0,8,76,2,0,9786709,1431655765,1431655765,1431846912,2624290816,42,2863305887,482295808
2,33,5,0,8,77,2,0,9786709,1431655765,1431655765,1431846912,2624290816,42,2863305887,482295808
6,22,0,4,4,16,2,0,135598139,1660455530,1547892736,46071813,,,,
6,22,2,4,4,90,2,0,135598139,1660455530,1547892736,46071813,,,,
6,10,0,0,4,14,2,0,135599221,564963825,1732671488,46071813,,,,
2,21,5,0,8,78,2,0,9786709,1431655765,1431655765,1431846912,2624290816,42,2863305887,482295808
6,21,0,11,4,13,2,0,135599144,2694054302,1495699456,46071813,,,,
2,7,5,0,8,75,2,67,9786709,1431655765,1431655765,1431846912,2624290816,42,2863305887,482295808
1,129,0,0,9,0,2,250,2584846332,2096639,3757834271,4261404669,4292869631,3758076859,2814098363,2496552128
1,128,0,0,9,21,2,250,2600207616,1427774044,3357350236,3708296025,1557977177,3645380766,1209126993,3783993536
1,137,0,0,9,23,2,250,2584895484,2096639,3757834271,4261404669,4292869631,3758076859,2814098363,2856629568
3,23,0,0,10,8,2,250,948965747,108007557,135540119,755954455,791287207,969478346,238165962,134241023
3,32,0,0,10,24,2,250,948965747,108007557,135540119,758939571,120198599,969478346,238165962,134234612
3,38,0,0,10,10,2,250,948965747,108007557,135540119,755154980,740955511,969478346,238165962,134222069
3,6,0,0,10,11,2,250,948965747,108003456,135540119,755322659,808064439,969478346,238165962,134231283
3,39,0,0,10,25,2,250,948965747,108007557,135540119,755310895,304747863,969478346,238165962,134250490
3,6,2,0,10,65,2,67,948965747,108003456,135540119,755322659,808064439,969478346,238165962,134231283
3,13,0,0,10,6,2,32,948965747,108003456,135540119,758771897,455742727,969478346,238165962,134247668
3,16,0,0,10,7,2,32,948965747,108003456,135540119,759058614,808064439,969478346,238165962,134235122
3,16,2,0,10,66,2,67,948965747,108003456,135540119,759058614,808064439,969478346,238165962,134235122
3,9,0,0,10,9,2,32,948965747,108003456,135540119,755245091,657069399,969478346,238165962,134250490
3,9,2,0,10,64,2,67,948965747,108003456,135540119,755245091,657069399,969478346,238165962,134250490
2,19,1,0,8,56,2,0,9786709,1431655765,1431655765,1431846912,2624307200,42,2863294694,3795795968
2,29,1,0,8,37,2,0,9786709,1431655765,1431655765,1431846912,2624308221,1066298154,2863294280,1036058624
2,26,1,0,8,38,2,0,9786709,1431655765,1431655765,1431846912,2624314199,3759785514,2863291636,1581318144
2,12,1,0,8,40,2,0,9786709,1431655765,1431655765,1431846912,2624312707,2831607466,2863289137,117391360
2,21,1,0,8,50,2,0,9786709,1431655765,1431655765,1431846912,2624308199,1981042730,2863292237,1929445376
2,33,1,0,8,51,2,0,9786709,1431655765,1431655765,1431846912,2624307200,42,2863294694,3791716352
1,129,0,0,9,0,2,250,3328467208,67633408,2147483648,1024,0,0,0,968381952
1,128,0,0,9,21,2,250,3338405120,2421393429,425220936,337320280,1557743642,1507564508,2571108352,331149248
1,137,0,0,9,23,2,250,3328467208,67633408,2147483648,512,0,0,0,827985024
2,33,5,0,8,77,2,0,34027454,725944876,4152224309,3608412160,3194568704,42,2863311620,2277457920
6,9,0,5,4,12,2,0,278201396,1537479075,3847940096,46071813,,,,
6,9,2,5,4,88,2,0,278201396,1537479075,3847940096,46071813,,,,
2,12,5,0,8,70,2,0,34043838,1702578724,3773004493,3903029248,3207282688,21,1431652972,377438208
2,19,5,0,8,79,2,0,33950987,3490941412,540119006,1725005824,2229747712,42,2863312887,1501511680
6,10,0,0,4,14,2,0,278200482,690246634,3837767680,46071813,,,,
6,22,0,4,4,16,2,0,278200453,1725699363,3888541696,46071813,,,,
6,7,0,12,4,17,2,0,278201426,1961364168,1800556544,46071813,,,,
6,22,2,4,4,90,2,0,278200453,1725699363,3888541696,46071813,,,,
2,29,5,0,8,73,2,0,34032891,4041902532,2774783516,550879232,2220376064,42,2863304309,1786724352
2,26,5,0,8,76,2,0,34043832,1294191131,1937026214,2698723328,3199025152,42,2863316406,1623146496
6,21,0,11,4,13,2,0,278201545,3604764181,862380032,46071813,,,,
6,21,2,11,4,89,2,0,278201545,3604764181,862380032,46071813,,,,
2,21,5,0,8,78,2,0,34038368,386681295,351109408,3592634368,3163504640,42,2863304072,3598663680
1,129,0,0,9,0,2,250,1399998731,1151533120,167739392,1338510080,0,0,0,1055617280
1,128,0,0,9,21,2,250,1409024256,1094247,3909091360,3222536192,0,0,0,106429824
1,137,0,0,9,23,2,250,1399933195,1151529024,167739392,1338510080,0,0,0,464360448
2,33,1,0,8,51,2,0,17237518,3313126362,3289795,2852438016,2479144960,42,2863298347,51036160
2,19,1,0,8,56,2,0,17171942,3480825417,301231,2852438016,3081355264,42,2863299500,431964160
2,29,1,0,8,37,2,0,17253912,3810207125,3084005,2852438016,2730213826,3285996458,2863297643,13287424
2,26,1,0,8,38,2,0,17253912,3719686053,3310306,2852438016,2506017796,3285996458,2863285180,319471616
2,12,1,0,8,40,2,0,17253912,1688641081,1735199,2852438016,2495533896,1138512810,2863288248,2327789568
2,21,1,0,8,50,2,0,17253912,3785081110,751344,2852438016,2871116231,3285996458,2863293055,2341126144
1,129,0,0,9,0,2,250,2600206336,0,0,0,0,0,0,478639936
1,128,0,0,9,21,2,250,2584854563,4292869631,4292083637,1342775293,4292869631,3757939642,398196735,3425533568
1,137,0,0,9,23,2,250,2600206336,0,0,0,0,0,0,478639936
0,23,0,0,10,4,2,0,583095850,2276707380,385933160,239278467,1062617092,675499932,367078697,2240062369
0,25,0,0,10,3,2,0,583095850,2276707380,385932998,2474842570,3210133554,2822984100,366962272,92589443
0,18,0,0,10,19,2,0,583095850,2276707380,385933160,239278467,1062617092,675499932,367078697,2240062369
0,10,0,0,10,20,2,0,583095850,2276707380,385932998,2474842570,3210133554,2822984100,366962272,92589443
0,32,0,0,10,36,2,0,583095850,2276707380,385933115,239278467,1062617092,675499932,367078612,92578696
2,19,5,0,8,79,2,0,67506944,50341655,2551417525,2147647488,2629844992,42,2863303768,3057598464
6,9,0,5,4,12,2,0,402764219,2590786666,2815991808,46071813,,,,
2,29,5,0,8,73,2,0,67591424,100658712,1677643758,2952773632,2189443072,42,2863307173,4236197888
6,9,2,5,4,88,2,0,402764219,2590786666,2815991808,46071813,,,,
2,33,5,0,8,77,2,0,67576319,3506441496,939526980,402636800,2944417792,42,2863315223,2415869952
6,22,0,4,4,16,2,0,402732457,2710063131,2699184128,46071813,,,,
6,7,0,12,4,17,2,0,402698292,2956744315,410515456,46071813,,,,
6,10,0,0,4,14,2,0,436416909,131607323,415981568,46071813,,,,
6,22,2,4,4,90,2,0,402732457,2710063131,2699184128,46071813,,,,
2,12,5,0,8,70,2,0,67587327,3808434200,1677718549,3489644544,2717925376,21,1431659132,1577009152
6,21,0,11,4,13,2,0,436352397,3945294686,3708321792,46071813,,,,
6,21,2,11,4,89,2,0,436352397,3945294686,3708321792,46071813,,,,
2,26,5,0,8,76,2,0,67590911,4194290968,1610674999,1342210048,3208658944,42,2863300846,2218737664
2,21,5,0,8,78,2,0,67589631,4244630040,1677346816,2684338176,2520793088,42,2863311613,733954048
2,7,5,0,8,75,2,0,67585792,184555800,1677709003,1610596352,2587901952,42,2863310707,1895776256
5,3,0,0,10,1,2,0,583051905,2276705499,1020614069,3187938329,3203929123,1056440340,0,0
5,7,0,0,10,2,2,0,583051905,2276705499,1020614069,3187938329,3203929123,1056440340,0,0
1,129,0,0,9,0,2,250,3322716156,2096639,4294836191,4261404668,0,536845241,4223375783,2968576704
1,128,0,0,9,21,2,250,3322601471,4259315199,3757965279,4294828031,4280286208,2684332987,3148060603,2288830528
1,137,0,0,9,23,2,250,3322699772,2096639,3221356511,4261404668,0,536845241,4223375783,3074426688
2,19,1,0,8,56,2,0,50741233,2760352830,2365865413,1618870272,2530918400,42,2863285149,2038382592
0,12,0,0,10,18,2,0,583095850,2276707380,385933115,239278467,1062617092,675499932,367078612,92578696
2,29,1,0,8,37,2,0,50823153,1334329214,1350853317,389922816,2413489386,2403114346,2863292149,776716288
2,26,1,0,8,38,2,0,50823152,998756032,2487239626,2822799360,3143289834,2403114346,2863292176,2286665728
2,12,1,0,8,40,2,0,50823152,3204938304,1187024138,1770012672,2740644458,2403114346,2863295258,2763997184
2,21,1,0,8,50,2,0,50823153,1560846849,969202756,2181136384,2245717226,2403114346,2863288753,999014400
2,33,1,0,8,51,2,0,50806768,2949082624,872454090,1493188608,2660941824,42,2863299722,3008086016
1,129,0,0,9,0,2,250,1393074173,4292869631,3757965279,4261404668,2096128,244667,3149636519,556140992
1,128,0,0,9,21,2,250,1393418237,4292869631,4294311903,4261404671,4286577662,3758078905,2075891111,2976030208
1,137,0,0,9,23,2,250,1393057789,4292869631,3757965279,4261404668,2096128,244667,3149636519,765738560
6,9,0,5,4,12,2,0,613827956,5386,1764659200,46071813,,,,
6,9,2,5,4,88,2,0,613827956,5386,1764659200,46071813,,,,
2,29,5,0,8,73,2,0,117440511,4278190081,303584905,3796025344,2741534720,42,2863301298,4236197888
2,26,5,0,8,76,2,0,117440511,4278190081,303584905,3796025344,2741534720,42,2863301298,4236197888
2,33,5,0,8,77,2,0,117440511,4278190081,303584905,3796025344,2741534720,42,2863301298,4236197888
6,22,0,4,4,16,2,0,607157636,778,1792012288,46071813,,,,
6,7,0,12,4,17,2,0,607898946,75006218,1760231424,46071813,,,,
6,10,0,0,4,14,2,0,550608683,52008202,1766514688,46071813,,,,
2,21,5,0,8,78,2,0,117440511,4278190081,303584905,3796025344,2741534720,42,2863301298,4236197888
2,19,5,0,8,79,2,0,117440511,4278190081,303584905,3796025344,2741534720,42,2863301298,4236197888
6,21,0,11,4,13,2,0,545433921,10523402,1789911040,46071813,,,,
6,21,2,11,4,89,2,0,545433921,10523402,1789911040,46071813,,,,
2,12,5,0,8,70,2,0,117440511,4278190081,303584905,3796025344,2741534720,21,1431665100,3489611776
2,7,5,0,8,75,2,0,117440511,4278190081,303584905,3796025344,2741534720,42,2863301298,4236197888
0,23,4,0,10,82,2,67,2338185708,4030686578,2492705007,3174401,3994025091,134078447,385875457,1040120834
0,18,4,0,10,84,2,67,2336874988,4031473010,2507666021,2153224193,3994025602,3489431520,385875457,1040120834
0,28,4,0,10,87,2,67,2339496428,4034227570,2505668948,1038337,3960470019,939319273,385875457,1040120834
0,25,4,0,10,95,2,67,2338709996,4035406066,2491014368,4293838848,202366973,1945862166,385875457,1040120834
0,32,4,0,10,98,2,67,2340545004,4033441138,2511898221,8542208,34601854,4230283575,385875457,1040120834
5,3,4,0,10,85,2,67,2332942828,4037178370,2315210545,4294723584,30408831,3892256736,486603253,938802694
5,7,4,0,10,86,2,67,2333991404,4037178370,2315255503,4294957056,4194305,2482954263,486603253,938802694
5,4,4,0,10,106,2,67,2333204972,4037178370,2315232465,4294821889,4235198465,1342513188,486603253,938802694
1,129,0,0,9,0,2,250,2584911868,2096639,3757834271,4261404669,4292869631,3758076859,2814098363,2798027456
1,128,0,0,9,21,2,250,2590435167,3841826691,4261445249,4245153664,0,0,0,585245184
1,137,0,0,9,23,2,250,2584764412,2096639,3757834271,4261404669,4292869631,3758076859,2814098363,2839202560
3,23,0,0,10,8,2,250,948969841,109625331,150955401,801686412,108265609,519306997,61030469,898105183
3,32,0,0,10,24,2,250,948969841,109610999,32936175,888041144,643825776,597503822,66953378,930478701
3,38,0,0,10,10,2,250,948969841,109583602,64801646,1019408063,854852982,275586961,26624147,729669781
3,6,0,0,10,11,2,250,948969841,109593329,771466330,918560049,439356157,287846027,74301349,977009498
3,39,0,0,10,25,2,250,948969841,109592059,821721405,136473406,326633257,578305997,75792307,1001585302
3,6,2,0,10,65,2,67,948969841,109593329,771466330,918560049,439356157,287846027,74301349,977009498
3,13,0,0,10,6,2,250,948969841,109582590,48265299,187589845,935070647,755083042,34218055,658039606
3,16,0,0,10,7,2,250,948969841,109592318,1073417971,371268231,283644611,642525066,76562397,971438655
3,16,2,0,10,66,2,67,948969841,109592318,1073417971,371268231,283644611,642525066,76562397,971438655
3,9,0,0,10,9,2,250,948969841,109593329,217837411,894725845,1044651677,80126725,74031014,964950858
3,9,2,0,10,64,2,67,948969841,109593329,217837411,894725845,1044651677,80126725,74031014,964950858
2,19,1,0,8,56,2,0,88530624,51412159,671788078,917143552,2863300608,42,2863286563,3430891520
2,29,1,0,8,37,2,0,88530624,51412383,1879747630,917143552,2863307196,705666794,2863297748,2566979584
2,26,1,0,8,38,2,0,88530624,51411966,3893013550,917143552,2863310588,705666794,2863288178,3988848640
2,12,1,0,8,40,2,0,88530624,51411070,537570350,917143552,2863305724,705666794,2863284254,977223680
2,21,1,0,8,50,2,0,88530624,51380288,403352622,917143552,2863307196,705666794,2863293317,419495936
2,33,1,0,8,51,2,0,88530624,51412095,134917166,917143552,2863300608,42,2863288888,3976265728
1,129,0,0,9,0,2,250,3328493776,67501568,0,1024,0,0,0,414913344
1,128,0,0,9,21,2,250,3338404096,1427199189,135483732,3570422225,1073741824,0,0,622961536
1,137,0,0,9,23,2,250,3328493776,67501568,0,512,0,0,0,274287040
2,33,5,0,8,77,2,0,9786709,1431655765,1431655765,1431846912,2624421888,42,2863313915,2063548416
6,9,0,5,4,12,2,0,714702848,270336,2099200,46071813,,,,
6,9,2,5,4,88,2,0,714702848,270336,2099200,46071813,,,,
2,12,5,0,8,70,2,0,9786709,1431655765,1431655765,1431846912,2624421888,21,1431652485,1233076224
2,19,5,0,8,79,2,0,9786709,1431655765,1431655765,1431846912,2624421888,42,2863313915,2063548416
6,10,0,0,4,14,2,0,714768384,204800,1388544,46071813,,,,
6,22,0,4,4,16,2,0,714768384,139264,2099200,46071813,,,,
6,7,0,12,4,17,2,0,714768384,139264,1052672,46071813,,,,
6,22,2,4,4,90,2,0,714768384,139264,2099200,46071813,,,,
2,29,5,0,8,73,2,0,9786709,1431655765,1431655765,1431846912,2624421888,42,2863313915,2063548416
6,21,0,11,4,13,2,0,714768384,139264,2099200,46071813,,,,
2,26,5,0,8,76,2,0,9786709,1431655765,1431655765,1431846912,2624421888,42,2863313915,2063548416
2,21,5,0,8,78,2,0,9786709,1431655765,1431655765,1431846912,2624421888,42,2863313915,2063548416
2,7,5,0,8,75,2,0,9786709,1431655765,1431655765,1431846912,2624421888,42,2863313915,2063548416
1,129,0,0,9,0,2,250,1399990534,2195800135,4261445535,3488872448,0,0,0,93426240
1,128,0,0,9,21,2,250,1409025280,2670469,702545952,4194304,0,0,0,234486720
1,137,0,0,9,23,2,250,1399924998,2195796039,4261445535,3488872478,2227376544,536937665,4028107516,2676910976
2,33,1,0,8,51,2,0,9786709,1431655765,1431655765,1431846912,2624438272,42,2863288194,2219491328
2,19,1,0,8,56,2,0,9786709,1431655765,1431655765,1431846912,2624438272,42,2863288194,2222931968
2,29,1,0,8,37,2,0,9786709,1431655765,1431655765,1431846912,2624441034,133294890,2863292569,323665920
2,26,1,0,8,38,2,0,9786709,1431655765,1431655765,1431846912,2624448650,133294890,2863288252,2731196416
2,27,1,0,8,39,2,0,9786709,1431655765,1431655765,1431846912,2624439818,133294890,2863295102,1229635584
2,12,1,0,8,40,2,0,9786709,1431655765,1431655765,1431846912,2624445194,133294890,2863300407,599736320
2,21,1,0,8,50,2,0,9786709,1431655765,1431655765,1431846912,2624441034,133294890,2863292569,323665920
1,129,0,0,9,0,2,250,2586057792,2147339051,1273836197,537163055,4061656883,4263313408,11904,872714816
1,128,0,0,9,21,2,250,2584920096,2096639,4291821557,1477107709,4292869631,3757939642,398196735,3742318912
1,137,0,0,9,23,2,250,2591112457,2250457152,34178016,806746368,0,0,0,531713088
0,23,0,0,10,4,2,0,583095850,2276715964,290151619,239462149,3209953310,2822975173,2153479032,246426100
0,10,0,0,10,20,2,0,583095850,2276715964,290151172,327542629,3209904171,675491519,5877603,246416005
0,25,0,0,10,3,2,0,583095850,2276715964,290151172,327542629,3209904171,675491519,5877603,246416005
0,18,0,0,10,19,2,0,583095850,2276715964,290151619,239462149,3209953310,2822975173,2153479032,246426100
0,28,0,0,10,22,2,0,583095850,2276715964,290151619,239462149,3209953310,2822975173,2153479032,246426100
0,32,0,0,10,36,2,0,583095850,2276715964,290151619,239462136,1062469687,675491564,5995345,2393909725
2,29,5,0,8,73,2,0,9786709,1431655765,1431655765,1431846912,2624454656,42,2863304620,4001316864
6,9,0,5,4,12,2,0,900236074,3429946920,416290816,46071813,,,,
2,33,5,0,8,77,2,0,9786709,1431655765,1431655765,1431846912,2624454656,42,2863304620,4001316864
6,9,2,5,4,88,2,0,900236074,3429946920,416290816,46071813,,,,
2,19,5,0,8,79,2,0,9786709,1431655765,1431655765,1431846912,2624454656,42,2863304620,4001316864
6,22,0,4,4,16,2,0,900236285,2635126320,412430336,46071813,,,,
6,7,0,12,4,17,2,0,900236285,2635126320,412430336,46071813,,,,
6,10,0,0,4,14,2,0,900236285,2635126320,412430336,46071813,,,,
6,22,2,4,4,90,2,0,900236285,2635126320,412430336,46071813,,,,
2,27,5,0,8,68,2,0,9786709,1431655765,1431655765,1431846912,2624454656,42,2863304620,4001316864
6,21,0,11,4,13,2,0,900236285,2635126320,412430336,46071813,,,,
6,21,2,11,4,89,2,0,900236285,2635126320,412430336,46071813,,,,
2,12,5,0,8,70,2,0,9786709,1431655765,1431655765,1431846912,2624454656,21,1431663826,3724492800
2,26,5,0,8,76,2,0,9786709,1431655765,1431655765,1431846912,2624454656,42,2863304620,4001316864
2,21,5,0,8,78,2,0,9786709,1431655765,1431655765,1431846912,2624454656,42,2863304620,4001316864
5,3,0,0,10,1,2,0,583051905,2276713811,808102534,2863311509,2863311509,2863311509,2863311509,2863311509
5,7,0,0,10,2,2,0,583051905,2276713811,808102534,2863311509,2863311509,2863311509,2863311509,2863311509
1,129,0,0,9,0,2,250,3322781692,2096639,4294836191,4261404668,0,536845241,4223375783,2173059712
1,128,0,0,9,21,2,250,3322470399,4263509503,3757965279,4294811647,4276091904,2684332987,3148060603,2968171776
1,137,0,0,9,23,2,250,3322765308,2096639,3221356511,4261404668,0,536845241,4223375783,2251728640
2,19,1,0,8,56,2,0,9786709,1431655765,1431655765,1431846912,2624471040,42,2863297493,285163520
2,29,1,0,8,37,2,0,282539272,195038515,4021584231,2549972992,2658156525,3963617322,2863292059,1493942272
2,26,1,0,8,38,2,0,269975859,1447939550,3780717298,134332416,2772436845,3963617322,2863293864,1602994176
2,27,1,0,8,39,2,0,271654271,3316968841,2148407206,603111424,2165298285,3963617322,2863285873,839630848
2,12,1,0,8,40,2,0,9786709,1431655765,1431655765,1431846912,2624481773,3963617322,2863298704,570376192
2,21,1,0,8,50,2,0,271087743,2209681801,2149308046,2146729984,2388672493,3963617322,2863297563,1372307456
2,33,1,0,8,51,2,0,271518325,3899711966,4168805635,1610612736,2505048064,42,2863297548,2576072704
1,129,0,0,9,0,2,250,1393139709,4292869631,3757965279,4261404668,2096128,244667,3149636519,273721728
1,128,0,0,9,21,2,250,1393483773,4292869631,4294049759,4261404671,4290771967,536853433,2075891111,2711331008
1,137,0,0,9,23,2,250,1393123325,4292869631,3757965279,4261404668,2096128,244667,3149636519,483565056
5,2,0,0,10,48,2,250,583051905,2276713811,808102534,2863311509,2863311509,2863311509,2863311509,2863311509
6,9,0,5,4,12,2,0,1066203152,4025794835,2520971264,46071813,,,,
6,9,2,5,4,88,2,0,1066203152,4025794835,2520971264,46071813,,,,
2,19,5,0,8,79,2,0,17171942,3480825417,301231,2852438016,3081355264,42,2863315082,1681866752
2,29,5,0,8,73,2,0,17253912,3810207125,3084005,2852438016,2730213376,42,2863309175,3338616832
2,26,5,0,8,76,2,0,17253912,3719686053,3310306,2852438016,2506014720,42,2863305146,922697728
6,10,0,0,4,14,2,0,1066083421,3795108119,2454138880,46071813,,,,
6,22,0,4,4,16,2,0,1066083421,3795108119,2454138880,46071813,,,,
6,7,0,12,4,17,2,0,1066083421,3795108119,2454138880,46071813,,,,
2,33,5,0,8,77,2,0,17237518,3313126362,3289795,2852438016,2479144960,42,2863313933,2126462976
6,22,2,4,4,90,2,0,1066083421,3795108119,2454138880,46071813,,,,
2,21,5,0,8,78,2,0,17253912,3785081110,751344,2852438016,2871115776,42,2863309202,2352955392
6,21,0,11,4,13,2,0,1066083421,3795108119,2454138880,46071813,,,,
2,27,5,0,8,68,2,0,17253912,177976141,2036564,2852438016,2949300224,42,2863313312,3049209856
2,12,5,0,8,70,2,0,17253912,1688641081,1735199,2852438016,2495528960,21,1431652600,2826911744
1,129,0,0,9,0,2,250,2584780796,2096639,3757834271,4261404669,4292869631,3758076859,2814098363,2780363904
1,128,0,0,9,21,2,250,2590414159,3841785752,65280,2139619200,0,0,0,954122176
1,137,0,0,9,23,2,250,2584829948,2096639,3757834271,4261404669,4292869631,3758076859,2814098363,2555145024
3,23,0,0,10,8,2,250,948973950,111242502,676131818,352714900,28310793,703987586,970939044,232092216
3,32,0,0,10,24,2,250,948973950,111242502,676347323,923041651,975175065,900726703,924893369,590173105
3,38,0,0,10,10,2,250,948973950,111242502,676532144,201785371,234880975,355860532,113171286,8129582
3,6,0,0,10,11,2,250,948973950,111242502,676146925,969736390,42467119,403963718,832634226,731456432
3,39,0,0,10,25,2,250,948973950,111242502,676233964,345407498,40894271,436600916,29443650,725251113
3,6,2,0,10,65,2,67,948973950,111242502,676146925,969736390,42467119,403963718,832634226,731456432
3,13,0,0,10,6,2,250,948973950,111242502,676675005,537231512,161480543,410517311,457119332,545459654
3,16,0,0,10,7,2,250,948973950,111242502,676230121,535003196,65535999,437256047,786493654,731468977
3,16,2,0,10,66,2,67,948973950,111242502,676230121,535003196,65535999,437256047,786493654,731468977
3,13,2,0,10,67,2,67,948973950,111242502,676675005,537231512,161480543,410517311,457119332,545459654
3,9,0,0,10,9,2,250,948973950,111242502,676175337,138542923,994574303,397934367,302040486,735471408
3,9,2,0,10,64,2,67,948973950,111242502,676175337,138542923,994574303,397934367,302040486,735471408
2,12,1,0,8,40,2,0,34043838,1702578724,3773004493,3903029248,3207291042,1840327722,2863297271,2990489600
2,21,1,0,8,50,2,0,34038368,386681295,351109408,3592634368,3163513000,3258274410,2863298137,3129016320
2,33,1,0,8,51,2,0,34027454,725944876,4152224309,3608412160,3194568704,42,2863294498,4194369536
2,19,1,0,8,56,2,0,33950987,3490941412,540119006,1725005824,2229747712,42,2863295697,620707840
2,29,1,0,8,37,2,0,34032891,4041902532,2774783516,550879232,2220384387,2975506922,2863299542,2139160576
2,26,1,0,8,38,2,0,34043832,1294191131,1937026214,2698723328,3199033508,2346869098,2863295731,65536
2,33,5,0,8,77,2,0,50806768,2949082624,872454090,1493188608,2660941824,42,2863316908,3472834560
2,19,5,0,8,79,2,0,50741233,2760352830,2365865413,1618870272,2530918400,42,2863300795,83836928
6,7,0,12,4,17,2,0,1169437789,3795108119,2454138880,46071813,,,,
6,10,0,0,4,14,2,0,1169437789,3795108119,2454138880,46071813,,,,
2,29,5,0,8,73,2,0,50823153,1334329214,1350853317,389922816,2413477888,42,2863305042,1581203456
2,26,5,0,8,76,2,0,50823152,998756032,2487239626,2822799360,3143286784,42,2863312748,1199521792
2,21,5,0,8,78,2,0,50823153,1560846849,969202756,2181136384,2245705728,42,2863308310,1275019264
2,27,5,0,8,68,2,0,50823153,1980268993,1774509188,2567028736,2581250048,42,2863306828,3695132672
2,12,5,0,8,70,2,0,50823152,3204938304,1187024138,1770012672,2740633600,21,1431655052,2726248448
2,33,1,0,8,51,2,0,67576319,3506441496,939526980,402636800,2944417792,42,2863299121,4064985088
2,19,1,0,8,56,2,0,67506944,50341655,2551417525,2147647488,2629844992,42,2863288190,3418308608
2,29,1,0,8,37,2,0,67591424,100658712,1677643758,2952773632,2189443293,1580419626,2863288704,1816838144
2,26,1,0,8,38,2,0,67590911,4194290968,1610674999,1342210048,3208658999,655577066,2863295837,2039136256
2,27,1,0,8,39,2,0,67590912,184546072,1677287715,3221176320,2281717845,3773779754,2863288581,2571812864
2,12,1,0,8,40,2,0,67587327,3808434200,1677718549,3489644544,2717925518,1475566954,2863294423,4110368768
2,21,1,0,8,50,2,0,67589631,4244630040,1677346816,2684338176,2520793318,371423274,2863284965,466272256
0,23,0,0,10,4,2,0,583095850,2276723100,358875355,46769631,427102060,122255709,2664168340,767960895
0,10,0,0,10,20,2,0,583095850,2276723100,358875181,2194253302,2574585669,2269739380,516669776,201729845
0,18,0,0,10,19,2,0,583095850,2276723100,358875272,46769631,427102060,122255709,2664168340,709240609
2,19,5,0,8,79,2,0,88530624,51412159,671788078,936017920,2863300608,42,2863309092,398409728
2,29,5,0,8,73,2,0,88530624,51412383,1879747630,936017920,2863300608,42,2863307481,1430208512
2,33,5,0,8,77,2,0,88530624,51412095,134917166,936017920,2863300608,42,2863315519,922697728
2,27,5,0,8,68,2,0,88530624,51380288,403352622,936017920,2863300608,42,2863304072,3577692160
2,12,5,0,8,70,2,0,88530624,51411070,537570350,936017920,2863300608,21,1431655109,3669966848
2,26,5,0,8,76,2,0,88530624,51411966,3893013550,936017920,2863300608,42,2863307539,4206837760
2,21,5,0,8,78,2,0,88530624,51380288,403352622,936017920,2863300608,42,2863304072,3577692160
5,3,0,0,10,1,2,0,583051905,2276721011,359154135,536870954,2147483689,2147483689,2147483770,2588274400
5,7,0,0,10,2,2,0,583051905,2276721011,359154135,536870954,2147483689,2147483689,2147499430,2588274400
2,33,1,0,8,51,2,0,117440511,4278190081,303584905,3796025344,2742976512,42,2863287496,1946927104
2,19,1,0,8,56,2,0,117440511,4278190081,303584905,3796025344,2742976512,42,2863287496,1950302208
2,29,1,0,8,37,2,0,117440511,4278190081,303584905,3796025344,2742990223,3543764970,2863293626,3612065792
2,26,1,0,8,38,2,0,117440511,4278190081,303584905,3796025344,2742978627,3369049706,2863284978,2798370816
2,27,1,0,8,39,2,0,117440511,4278190081,303584905,3796025344,2742988516,2744763114,2863294671,2618015744
2,12,1,0,8,40,2,0,117440511,4278190081,303584905,3796025344,2742978352,1049924714,2863290565,377438208
2,21,1,0,8,50,2,0,117440511,4278190081,303584905,3796025344,2742990243,844697322,2863300255,1632354304
1,129,0,0,9,0,2,250,1393205245,4292869631,3757965279,4261404668,2096128,244667,3149636519,576223104
1,128,0,0,9,21,2,250,1393352701,4292869631,4294311903,4261404671,4286577662,3758078905,2075891111,2148810304
1,137,0,0,9,23,2,250,1393188861,4292869631,3757965279,4261404668,2096128,244667,3149636519,786055168
6,9,0,5,4,12,2,0,1438144868,2422269716,36186112,46071813,,,,
6,9,2,5,4,88,2,0,1438144868,2422269716,36186112,46071813,,,,
2,19,5,0,8,79,2,0,158898005,1431655765,1426107050,2863300608,2863300608,42,2863302227,3380559872
2,27,5,0,8,68,2,0,164142165,1431655765,1426107050,2863300608,2863300608,42,2863314252,3992928256
2,29,5,0,8,73,2,0,164142165,1431655765,1426107050,2863300608,2863300608,42,2863314252,3992928256
6,22,0,4,4,16,2,0,1438144838,1891690268,32579584,46071813,,,,
6,7,0,12,4,17,2,32,1438144838,1891690268,32579584,46071813,,,,
6,10,0,0,4,14,2,32,1438144838,1890641692,32798720,46071813,,,,
6,22,2,4,4,90,2,0,1438144838,1891690268,32579584,46071813,,,,
2,26,5,0,8,76,2,0,164142165,1431655765,1426107050,2863300608,2863300608,42,2863314252,3992928256
2,33,5,0,8,77,2,0,163093333,1431655765,1426107050,2863300608,2863300608,42,2863301760,2466201600
6,21,0,11,4,13,2,32,1438144838,1891690268,32579584,46071813,,,,
2,21,5,0,8,78,2,0,164142165,1431655765,1426107050,2863300608,2863300608,42,2863314252,3992928256
6,21,2,11,4,89,2,0,1438144838,1891690268,32579584,46071813,,,,
2,12,5,0,8,70,2,0,164142165,1431655765,1426107050,2863300608,2863300608,21,1431653938,3732881408
0,18,4,0,10,84,2,67,2336887277,4941170,2507666021,2153224193,4288544512,38215689,1446792073,0
5,7,4,0,10,86,2,67,2334118381,10646530,2315255503,4294957056,4194305,2482954263,785910272,691243903
1,129,0,0,9,0,2,250,2584846332,2096639,3757834271,4261404669,4292869631,3758076859,2814098363,2496552128
1,128,0,0,9,21,2,250,2600207616,2421393429,425220936,337320280,1557743642,1507564508,2571108352,124227136
1,137,0,0,9,23,2,250,2584895484,2096639,3757834271,4261404669,4292869631,3758076859,2814098363,2856629568
2,29,1,0,8,37,2,0,164142165,1431655765,1430782096,629833728,2954654978,66312490,2863300044,2277572608
2,26,1,0,8,38,2,0,164142165,1431655765,1430782096,629833728,2954642433,2213759338,2863293953,3695247360
2,27,1,0,8,39,2,0,164142165,1431655765,1430782096,629833728,2954656578,3288230186,2863295708,3003187200
2,12,1,0,8,40,2,0,164142165,1431655765,1430782096,629833728,2954651073,2213893098,2863299466,1715421184
2,21,1,0,8,50,2,0,164142165,1431655765,1430782096,629833728,2954654980,3285340330,2863296411,2818637824
2,33,1,0,8,51,2,0,163093333,1431655765,1430782080,629833728,2753314816,42,2863288171,230752256
2,19,1,0,8,56,2,0,158898005,1431655765,1430782080,629833728,2182889472,42,2863286138,805257216
1,129,0,0,9,0,2,250,3329372420,3267481664,100762207,4025745408,0,0,0,1070208832
1,128,0,0,9,21,2,250,3323753471,4294967295,4294967295,4294967295,4294967295,3221225472,0,1022944192
1,137,0,0,9,23,2,250,3326648576,67092481,4290773247,4026548208,1047552,66846720,402653184,951943552
6,9,0,5,4,12,2,0,1607035206,678740252,2587187200,46071813,,,,
6,9,2,5,4,88,2,0,1607035206,678740252,2587187200,46071813,,,,
2,33,5,0,8,77,2,0,180005546,2863311530,2863311615,2835382272,2978316288,42,2863305636,503267328
2,21,5,0,8,78,2,0,181054122,2863311530,2863311615,2835382272,2978316288,42,2863303386,3628023808
6,10,0,0,4,14,2,0,1605499040,527745308,2553569280,46071813,,,,
6,22,0,4,4,16,2,0,1605519520,527745307,2553729024,46071813,,,,
6,7,0,12,4,17,2,0,1605519520,527745307,2553729024,46071813,,,,
2,19,5,0,8,79,2,0,175811242,2863311530,2863311615,2835382272,2978316288,42,2863302599,3699326976
6,22,2,4,4,90,2,0,1605519520,527745307,2553729024,46071813,,,,
6,21,0,11,4,13,2,0,1605519520,527745307,2553729024,46071813,,,,
6,21,2,11,4,89,2,0,1605519520,527745307,2553729024,46071813,,,,
2,27,5,0,8,68,2,0,181054122,2863311530,2863311615,2835382272,2978316288,42,2863303386,3628023808
2,12,5,0,8,70,2,0,181054122,2863311530,2863311615,2835382272,2978316288,21,1431663012,3955179520
2,29,5,0,8,73,2,0,181054122,2863311530,2863311615,2835382272,2978316288,42,2863303386,3628023808
2,26,5,0,8,76,2,0,181054122,2863311530,2863311615,2835382272,2978316288,42,2863303386,3628023808
1,129,0,0,9,0,2,250,1397269248,67092481,4290773247,4026548208,1047552,66846720,402653184,724463616
1,128,0,0,9,21,2,250,1399424025,2699889520,1938029597,3504703016,727780103,3627745690,182523744,220873472
1,137,0,0,9,23,2,250,1399456977,2772181072,3662017064,2434599024,2380353344,1906264728,1135721760,460862080
